2026-08-24 00:02:53.748 trollstorehelper[26207:133634] trollstorehelper invoked with arguments: (
    install,
    force,
    "/var/mobile/Documents/Juice-Compatibility-ForceQuit-XRGB-v10-20260823.tipa"
)
2026-08-24 00:03:01.573 trollstorehelper[26207:133634] [installApp force = 1]
2026-08-24 00:03:01.634 trollstorehelper[26207:133634] [dumpEntitlements] dumped {
    "com.apple.private.security.no-sandbox" = 1;
    "get-task-allow" = 1;
    "platform-application" = 1;
}
2026-08-24 00:03:01.661 trollstorehelper[26207:133634] About to spawn ldid (/private/var/containers/Bundle/Application/960BEDEA-F4B6-49AD-BE45-914E6E49E771/TrollStore.app/ldid) with args (
    "-S/var/tmp/44CED743-A1CE-413D-8A53-9352448F9073.plist",
    "/private/var/tmp/9CA504FC-A788-46B5-A619-07ACF5630D64/Payload/Juice.app/Juice"
)
2026-08-24 00:03:01.769 trollstorehelper[26207:133634] ldid exited with status 0
2026-08-24 00:03:01.769 trollstorehelper[26207:133634] - ldid error output start -
2026-08-24 00:03:01.769 trollstorehelper[26207:133634] - ldid error output end -
2026-08-24 00:03:01.770 trollstorehelper[26207:133634] About to spawn ldid (/private/var/containers/Bundle/Application/960BEDEA-F4B6-49AD-BE45-914E6E49E771/TrollStore.app/ldid) with args (
    "-s",
    "/var/tmp/9CA504FC-A788-46B5-A619-07ACF5630D64/Payload/Juice.app"
)
2026-08-24 00:03:05.474 trollstorehelper[26207:133634] ldid exited with status 0
2026-08-24 00:03:05.474 trollstorehelper[26207:133634] - ldid error output start -
2026-08-24 00:03:05.474 trollstorehelper[26207:133634] - ldid error output end -
2026-08-24 00:03:05.482 trollstorehelper[26207:133634] /private/var/tmp/9CA504FC-A788-46B5-A619-07ACF5630D64/Payload/Juice.app/Grape-X64/tools/juice-lowva-helper is binary
2026-08-24 00:03:05.485 trollstorehelper[26207:133634] [/private/var/tmp/9CA504FC-A788-46B5-A619-07ACF5630D64/Payload/Juice.app/Grape-X64/tools/juice-lowva-helper] Applying CoreTrust bypass...
2026-08-24 00:03:05.508 trollstorehelper[26207:133634] [/private/var/tmp/9CA504FC-A788-46B5-A619-07ACF5630D64/Payload/Juice.app/Grape-X64/tools/juice-lowva-helper] Applied CoreTrust bypass!
2026-08-24 00:03:05.518 trollstorehelper[26207:133634] /private/var/tmp/9CA504FC-A788-46B5-A619-07ACF5630D64/Payload/Juice.app/Grape-X64/tools/grape-nested-wrapper is binary
2026-08-24 00:03:05.519 trollstorehelper[26207:133634] [/private/var/tmp/9CA504FC-A788-46B5-A619-07ACF5630D64/Payload/Juice.app/Grape-X64/tools/grape-nested-wrapper] Applying CoreTrust bypass...
2026-08-24 00:03:05.523 trollstorehelper[26207:133634] [/private/var/tmp/9CA504FC-A788-46B5-A619-07ACF5630D64/Payload/Juice.app/Grape-X64/tools/grape-nested-wrapper] Applied CoreTrust bypass!
2026-08-24 00:03:05.525 trollstorehelper[26207:133634] /private/var/tmp/9CA504FC-A788-46B5-A619-07ACF5630D64/Payload/Juice.app/Grape-X64/tools/grape-trace-parent is binary
2026-08-24 00:03:05.526 trollstorehelper[26207:133634] [/private/var/tmp/9CA504FC-A788-46B5-A619-07ACF5630D64/Payload/Juice.app/Grape-X64/tools/grape-trace-parent] Applying CoreTrust bypass...
2026-08-24 00:03:05.531 trollstorehelper[26207:133634] [/private/var/tmp/9CA504FC-A788-46B5-A619-07ACF5630D64/Payload/Juice.app/Grape-X64/tools/grape-trace-parent] Applied CoreTrust bypass!
2026-08-24 00:03:05.531 trollstorehelper[26207:133634] /private/var/tmp/9CA504FC-A788-46B5-A619-07ACF5630D64/Payload/Juice.app/Grape-X64/runtime/lib/wine/aarch64-unix/opengl32.so is binary
2026-08-24 00:03:05.540 trollstorehelper[26207:133634] [/private/var/tmp/9CA504FC-A788-46B5-A619-07ACF5630D64/Payload/Juice.app/Grape-X64/runtime/lib/wine/aarch64-unix/opengl32.so] Applying CoreTrust bypass...
2026-08-24 00:03:05.547 trollstorehelper[26207:133634] [/private/var/tmp/9CA504FC-A788-46B5-A619-07ACF5630D64/Payload/Juice.app/Grape-X64/runtime/lib/wine/aarch64-unix/opengl32.so] Applied CoreTrust bypass!
2026-08-24 00:03:05.548 trollstorehelper[26207:133634] /private/var/tmp/9CA504FC-A788-46B5-A619-07ACF5630D64/Payload/Juice.app/Grape-X64/runtime/lib/wine/aarch64-unix/dnsapi.so is binary
2026-08-24 00:03:05.550 trollstorehelper[26207:133634] [/private/var/tmp/9CA504FC-A788-46B5-A619-07ACF5630D64/Payload/Juice.app/Grape-X64/runtime/lib/wine/aarch64-unix/dnsapi.so] Applying CoreTrust bypass...
2026-08-24 00:03:05.554 trollstorehelper[26207:133634] [/private/var/tmp/9CA504FC-A788-46B5-A619-07ACF5630D64/Payload/Juice.app/Grape-X64/runtime/lib/wine/aarch64-unix/dnsapi.so] Applied CoreTrust bypass!
2026-08-24 00:03:05.554 trollstorehelper[26207:133634] /private/var/tmp/9CA504FC-A788-46B5-A619-07ACF5630D64/Payload/Juice.app/Grape-X64/runtime/lib/wine/aarch64-unix/crypt32.so is binary
2026-08-24 00:03:05.554 trollstorehelper[26207:133634] [/private/var/tmp/9CA504FC-A788-46B5-A619-07ACF5630D64/Payload/Juice.app/Grape-X64/runtime/lib/wine/aarch64-unix/crypt32.so] Applying CoreTrust bypass...
2026-08-24 00:03:05.558 trollstorehelper[26207:133634] [/private/var/tmp/9CA504FC-A788-46B5-A619-07ACF5630D64/Payload/Juice.app/Grape-X64/runtime/lib/wine/aarch64-unix/crypt32.so] Applied CoreTrust bypass!
2026-08-24 00:03:05.558 trollstorehelper[26207:133634] /private/var/tmp/9CA504FC-A788-46B5-A619-07ACF5630D64/Payload/Juice.app/Grape-X64/runtime/lib/wine/aarch64-unix/ntdll.so is binary
2026-08-24 00:03:05.560 trollstorehelper[26207:133634] [/private/var/tmp/9CA504FC-A788-46B5-A619-07ACF5630D64/Payload/Juice.app/Grape-X64/runtime/lib/wine/aarch64-unix/ntdll.so] Applying CoreTrust bypass...
Applying App Store code directory...
Adding new signature blob...
Updating TeamID...
TeamID set to T8ALTGMVXN!
Doing initial signing to calculate size...
SHA1 hash: 51f9bca295be9c2e1dee77d093ce0fcf3fc93450
SHA256 hash: 7f9200fd18dc254da292325aac57e29a9bf282da5abe08e394b35bd102341df4
Encoding unsigned superblob...
Updating load commands...
Updating __LINKEDIT segment...
Updating LC_CODE_SIGNATURE load command...
Updating code slot hashes...
Signing binary...
SHA1 hash: 51f9bca295be9c2e1dee77d093ce0fcf3fc93450
SHA256 hash: aab16fb854b155cb0fe33c4057ac957a4d5a1230944781a64d06b6e9e32e186a
Encoding signed superblob...
Writing superblob to MachO...
Applying App Store code directory...
Adding new signature blob...
Updating TeamID...
TeamID set to T8ALTGMVXN!
Doing initial signing to calculate size...
SHA1 hash: 51f9bca295be9c2e1dee77d093ce0fcf3fc93450
SHA256 hash: 3ac5bc21823b907a12664c2ae0019b24f1f4cb997a903bd302ba10b06bca2f38
Encoding unsigned superblob...
Updating load commands...
Updating __LINKEDIT segment...
Updating LC_CODE_SIGNATURE load command...
Updating code slot hashes...
Signing binary...
SHA1 hash: 51f9bca295be9c2e1dee77d093ce0fcf3fc93450
SHA256 hash: f8ff21a1eaf7efba5c9e521e509bb6c9ee5ea5068cb801ae57aaedd3074cfbdd
Encoding signed superblob...
Writing superblob to MachO...
Applying App Store code directory...
Adding new signature blob...
Updating TeamID...
TeamID set to T8ALTGMVXN!
Doing initial signing to calculate size...
SHA1 hash: 51f9bca295be9c2e1dee77d093ce0fcf3fc93450
SHA256 hash: 64c244ea12264e288a49345b5488360dd73d580bf4d1e79774036f371fc2b55d
Encoding unsigned superblob...
Updating load commands...
Updating __LINKEDIT segment...
Updating LC_CODE_SIGNATURE load command...
Updating code slot hashes...
Signing binary...
SHA1 hash: 51f9bca295be9c2e1dee77d093ce0fcf3fc93450
SHA256 hash: 4217a4d7587dc0195cc66364acde2eddf8a8638fc4df52d60406504770d0eae2
Encoding signed superblob...
Writing superblob to MachO...
Applying App Store code directory...
Adding new signature blob...
Updating TeamID...
TeamID set to T8ALTGMVXN!
Doing initial signing to calculate size...
SHA1 hash: 51f9bca295be9c2e1dee77d093ce0fcf3fc93450
SHA256 hash: 7acaa09235adb0573ca9108662eb113a244ee84b74911562aa21e1f5cf285e03
Encoding unsigned superblob...
Updating load commands...
Updating __LINKEDIT segment...
Updating LC_CODE_SIGNATURE load command...
Updating code slot hashes...
Signing binary...
SHA1 hash: 51f9bca295be9c2e1dee77d093ce0fcf3fc93450
SHA256 hash: e92d6f442b59b9bcd8d13b106ee2f183b640f5829b701a250fa384b4988127c3
Encoding signed superblob...
Writing superblob to MachO...
Applying App Store code directory...
Adding new signature blob...
Updating TeamID...
TeamID set to T8ALTGMVXN!
Doing initial signing to calculate size...
SHA1 hash: 51f9bca295be9c2e1dee77d093ce0fcf3fc93450
SHA256 hash: 4ff50f379ff6fd2b3b6757b1498de2cb5145faebfd306d26b5ca57861a9e22fc
Encoding unsigned superblob...
Updating load commands...
Updating __LINKEDIT segment...
Updating LC_CODE_SIGNATURE load command...
Updating code slot hashes...
Signing binary...
SHA1 hash: 51f9bca295be9c2e1dee77d093ce0fcf3fc93450
SHA256 hash: 3ec0e1c9e52700915cf048b28bbd7cb69cc7d118dce8934d1fc1aa19e35d4348
Encoding signed superblob...
Writing superblob to MachO...
Applying App Store code directory...
Adding new signature blob...
Updating TeamID...
TeamID set to T8ALTGMVXN!
Doing initial signing to calculate size...
SHA1 hash: 51f9bca295be9c2e1dee77d093ce0fcf3fc93450
SHA256 hash: cad5f9113104c42b10b14b9fd3c25efe5428d1b3f8f1bbb9369593e51b605338
Encoding unsigned superblob...
Updating load commands...
Updating __LINKEDIT segment...
Updating LC_CODE_SIGNATURE load command...
Updating code slot hashes...
Signing binary...
SHA1 hash: 51f9bca295be9c2e1dee77d093ce0fcf3fc93450
SHA256 hash: d6f2e13cb7f89374c05fefc19dd9fa60aed850f219b1e9b2c4fcd34be2f3846d
Encoding signed superblob...
Writing superblob to MachO...
Applying App Store code directory...
Adding new signature blob...
Updating TeamID...
TeamID set to T8ALTGMVXN!
Doing initial signing to calculate size...
SHA1 hash: 51f9bca295be9c2e1dee77d092026-08-24 00:03:05.564 trollstorehelper[26207:133634] [/private/var/tmp/9CA504FC-A788-46B5-A619-07ACF5630D64/Payload/Juice.app/Grape-X64/runtime/lib/wine/aarch64-unix/ntdll.so] Applied CoreTrust bypass!
2026-08-24 00:03:05.565 trollstorehelper[26207:133634] /private/var/tmp/9CA504FC-A788-46B5-A619-07ACF5630D64/Payload/Juice.app/Grape-X64/runtime/lib/wine/aarch64-unix/ws2_32.so is binary
2026-08-24 00:03:05.565 trollstorehelper[26207:133634] [/private/var/tmp/9CA504FC-A788-46B5-A619-07ACF5630D64/Payload/Juice.app/Grape-X64/runtime/lib/wine/aarch64-unix/ws2_32.so] Applying CoreTrust bypass...
2026-08-24 00:03:05.569 trollstorehelper[26207:133634] [/private/var/tmp/9CA504FC-A788-46B5-A619-07ACF5630D64/Payload/Juice.app/Grape-X64/runtime/lib/wine/aarch64-unix/ws2_32.so] Applied CoreTrust bypass!
2026-08-24 00:03:05.569 trollstorehelper[26207:133634] /private/var/tmp/9CA504FC-A788-46B5-A619-07ACF5630D64/Payload/Juice.app/Grape-X64/runtime/lib/wine/aarch64-unix/wineios.so is binary
2026-08-24 00:03:05.570 trollstorehelper[26207:133634] [/private/var/tmp/9CA504FC-A788-46B5-A619-07ACF5630D64/Payload/Juice.app/Grape-X64/runtime/lib/wine/aarch64-unix/wineios.so] Applying CoreTrust bypass...
2026-08-24 00:03:05.573 trollstorehelper[26207:133634] [/private/var/tmp/9CA504FC-A788-46B5-A619-07ACF5630D64/Payload/Juice.app/Grape-X64/runtime/lib/wine/aarch64-unix/wineios.so] Applied CoreTrust bypass!
2026-08-24 00:03:05.573 trollstorehelper[26207:133634] /private/var/tmp/9CA504FC-A788-46B5-A619-07ACF5630D64/Payload/Juice.app/Grape-X64/runtime/lib/wine/aarch64-unix/win32u.so is binary
2026-08-24 00:03:05.592 trollstorehelper[26207:133634] [/private/var/tmp/9CA504FC-A788-46B5-A619-07ACF5630D64/Payload/Juice.app/Grape-X64/runtime/lib/wine/aarch64-unix/win32u.so] Applying CoreTrust bypass...
2026-08-24 00:03:05.599 trollstorehelper[26207:133634] [/private/var/tmp/9CA504FC-A788-46B5-A619-07ACF5630D64/Payload/Juice.app/Grape-X64/runtime/lib/wine/aarch64-unix/win32u.so] Applied CoreTrust bypass!
2026-08-24 00:03:05.599 trollstorehelper[26207:133634] /private/var/tmp/9CA504FC-A788-46B5-A619-07ACF5630D64/Payload/Juice.app/Grape-X64/runtime/lib/wine/aarch64-unix/dwrite.so is binary
2026-08-24 00:03:05.634 trollstorehelper[26207:133634] [/private/var/tmp/9CA504FC-A788-46B5-A619-07ACF5630D64/Payload/Juice.app/Grape-X64/runtime/lib/wine/aarch64-unix/dwrite.so] Applying CoreTrust bypass...
2026-08-24 00:03:05.638 trollstorehelper[26207:133634] [/private/var/tmp/9CA504FC-A788-46B5-A619-07ACF5630D64/Payload/Juice.app/Grape-X64/runtime/lib/wine/aarch64-unix/dwrite.so] Applied CoreTrust bypass!
2026-08-24 00:03:05.638 trollstorehelper[26207:133634] /private/var/tmp/9CA504FC-A788-46B5-A619-07ACF5630D64/Payload/Juice.app/Grape-X64/runtime/lib/wine/aarch64-unix/secur32.so is binary
2026-08-24 00:03:05.639 trollstorehelper[26207:133634] [/private/var/tmp/9CA504FC-A788-46B5-A619-07ACF5630D64/Payload/Juice.app/Grape-X64/runtime/lib/wine/aarch64-unix/secur32.so] Applying CoreTrust bypass...
2026-08-24 00:03:05.642 trollstorehelper[26207:133634] [/private/var/tmp/9CA504FC-A788-46B5-A619-07ACF5630D64/Payload/Juice.app/Grape-X64/runtime/lib/wine/aarch64-unix/secur32.so] Applied CoreTrust bypass!
2026-08-24 00:03:05.643 trollstorehelper[26207:133634] /private/var/tmp/9CA504FC-A788-46B5-A619-07ACF5630D64/Payload/Juice.app/Grape-X64/runtime/lib/wine/aarch64-unix/mountmgr.so is binary
2026-08-24 00:03:05.643 trollstorehelper[26207:133634] [/private/var/tmp/9CA504FC-A788-46B5-A619-07ACF5630D64/Payload/Juice.app/Grape-X64/runtime/lib/wine/aarch64-unix/mountmgr.so] Applying CoreTrust bypass...
3ce0fcf3fc93450
SHA256 hash: bad13658ae6ba717dfbbaff5b80a7bcb307766e7ceb44a024b75c39dd1a7ea45
Encoding unsigned superblob...
Updating load commands...
Updating __LINKEDIT segment...
Updating LC_CODE_SIGNATURE load command...
Updating code slot hashes...
Signing binary...
SHA1 hash: 51f9bca295be9c2e1dee77d093ce0fcf3fc93450
SHA256 hash: 8a34b306f64f952beada8230763adc6208a59ed081f3f9bafc19dc19629f0216
Encoding signed superblob...
Writing superblob to MachO...
Applying App Store code directory...
Adding new signature blob...
Updating TeamID...
TeamID set to T8ALTGMVXN!
Doing initial signing to calculate size...
SHA1 hash: 51f9bca295be9c2e1dee77d093ce0fcf3fc93450
SHA256 hash: 581cac172ec0d1fdce963b01329109d86297dbbaed61b394e0f088c2041405d0
Encoding unsigned superblob...
Updating load commands...
Updating __LINKEDIT segment...
Updating LC_CODE_SIGNATURE load command...
Updating code slot hashes...
Signing binary...
SHA1 hash: 51f9bca295be9c2e1dee77d093ce0fcf3fc93450
SHA256 hash: 0ed532aae2d5d13e2b8324266f9dd58dbfa73a9513612b887d7858b7edbc40ba
Encoding signed superblob...
Writing superblob to MachO...
Applying App Store code directory...
Adding new signature blob...
Updating TeamID...
TeamID set to T8ALTGMVXN!
Doing initial signing to calculate size...
SHA1 hash: 51f9bca295be9c2e1dee77d093ce0fcf3fc93450
SHA256 hash: 4f70c75f3fc180c692ecb89273bc1525e5d6ea9d96a1585482e8495fc84817a7
Encoding unsigned superblob...
Updating load commands...
Updating __LINKEDIT segment...
Updating LC_CODE_SIGNATURE load command...
Updating code slot hashes...
Signing binary...
SHA1 hash: 51f9bca295be9c2e1dee77d093ce0fcf3fc93450
SHA256 hash: bf12141d59b09cfb0c9e6952aede49497d77159e5c4d2ad324dd71092c399086
Encoding signed superblob...
Writing superblob to MachO...
Applying App Store code directory...
Adding new signature blob...
Updating TeamID...
TeamID set to T8ALTGMVXN!
Doing initial signing to calculate size...
SHA1 hash: 51f9bca295be9c2e1dee77d093ce0fcf3fc93450
SHA256 hash: 8e021b384a09e4ccfea9bdb38df96156f8196f0fc91b10f8e73278723fea1f68
Encoding unsigned superblob...
Updating load commands...
Updating __LINKEDIT segment...
Updating LC_CODE_SIGNATURE load command...
Updating code slot hashes...
Signing binary...
SHA1 hash: 51f9bca295be9c2e1dee77d093ce0fcf3fc93450
SHA256 hash: a6d316a50de628c316313abab29c3d89adb1f4c7cf251ca0d9d05939a6850d03
Encoding signed superblob...
Writing superblob to MachO...
Applying App Store code directory...
Adding new signature blob...
Updating TeamID...
TeamID set to T8ALTGMVXN!
Doing initial signing to calculate size...
SHA1 hash: 51f9bca295be9c2e1dee77d093ce0fcf3fc93450
SHA256 hash: 4c22d1a62ed2ce2202e33f8e4cc44f1c2c6e93da2e60a1f4390ad72770d9c7cd
Encoding unsigned superblob...
Updating load commands...
Updating __LINKEDIT segment...
Updating LC_CODE_SIGNATURE load command...
Updating code slot hashes...
Signing binary...
SHA1 hash: 51f9bca295be9c2e1dee77d093ce0fcf3fc93450
SHA256 hash: ac03a2b1c4372a561a551a37b8c457a054eba4401d33d1c45fe168e463bc5570
Encoding signed superblob...
Writing superblob to MachO...
Applying App Store code directory...
Adding new signature blob...
Updating TeamID...
TeamID set to T8ALTGMVXN!
Doing initial signing to calculate size...
SHA1 hash: 51f9bca295be9c2e1dee77d093ce0fcf3fc93450
SHA256 hash: 59c38252d0626c66dd3127def405e6f3131f69cbcdb371c4adc8944f337c2c54
Encoding unsigned superblob...
Updating load commands...
Updating __LINKEDIT segment...
Updating LC_CODE_SIGNATURE load command...
Updating code slot hashes...
Signing binary...
SHA1 hash: 51f9bca295be9c2e1dee77d093ce0fcf3fc93450
SHA256 hash: c16afb484f67ae588139407aa4c06cad8fe1280740a9a7639950ad2ff6efd51a
Encoding signed superblob...
Writing superblob to MachO...
Applying App Store code directory...
Adding new signature blob...
Updating TeamID...
TeamID set to T8ALTGMVXN!
Doing initial signing to calculate size...
SHA1 hash: 51f9bca295be9c2e1dee77d093ce0fcf3fc93450
SHA256 hash: 62b5dc6bcbc369019ee6e0199dcf39a0852c05daf4bcf4e53e9edffb5f450b32
Encoding unsigned superblob...
Updating load commands...
Updating __LINKEDIT segment...
Updating2026-08-24 00:03:05.647 trollstorehelper[26207:133634] [/private/var/tmp/9CA504FC-A788-46B5-A619-07ACF5630D64/Payload/Juice.app/Grape-X64/runtime/lib/wine/aarch64-unix/mountmgr.so] Applied CoreTrust bypass!
2026-08-24 00:03:05.647 trollstorehelper[26207:133634] /private/var/tmp/9CA504FC-A788-46B5-A619-07ACF5630D64/Payload/Juice.app/Grape-X64/runtime/lib/wine/aarch64-unix/winevulkan.so is binary
2026-08-24 00:03:05.652 trollstorehelper[26207:133634] [/private/var/tmp/9CA504FC-A788-46B5-A619-07ACF5630D64/Payload/Juice.app/Grape-X64/runtime/lib/wine/aarch64-unix/winevulkan.so] Applying CoreTrust bypass...
2026-08-24 00:03:05.656 trollstorehelper[26207:133634] [/private/var/tmp/9CA504FC-A788-46B5-A619-07ACF5630D64/Payload/Juice.app/Grape-X64/runtime/lib/wine/aarch64-unix/winevulkan.so] Applied CoreTrust bypass!
2026-08-24 00:03:05.658 trollstorehelper[26207:133634] /private/var/tmp/9CA504FC-A788-46B5-A619-07ACF5630D64/Payload/Juice.app/Grape-X64/runtime/lib/wine/aarch64-windows/opengl32.so is binary
2026-08-24 00:03:05.668 trollstorehelper[26207:133634] [/private/var/tmp/9CA504FC-A788-46B5-A619-07ACF5630D64/Payload/Juice.app/Grape-X64/runtime/lib/wine/aarch64-windows/opengl32.so] Applying CoreTrust bypass...
2026-08-24 00:03:05.674 trollstorehelper[26207:133634] [/private/var/tmp/9CA504FC-A788-46B5-A619-07ACF5630D64/Payload/Juice.app/Grape-X64/runtime/lib/wine/aarch64-windows/opengl32.so] Applied CoreTrust bypass!
2026-08-24 00:03:05.675 trollstorehelper[26207:133634] /private/var/tmp/9CA504FC-A788-46B5-A619-07ACF5630D64/Payload/Juice.app/Grape-X64/runtime/lib/wine/aarch64-windows/dnsapi.so is binary
2026-08-24 00:03:05.675 trollstorehelper[26207:133634] [/private/var/tmp/9CA504FC-A788-46B5-A619-07ACF5630D64/Payload/Juice.app/Grape-X64/runtime/lib/wine/aarch64-windows/dnsapi.so] Applying CoreTrust bypass...
2026-08-24 00:03:05.678 trollstorehelper[26207:133634] [/private/var/tmp/9CA504FC-A788-46B5-A619-07ACF5630D64/Payload/Juice.app/Grape-X64/runtime/lib/wine/aarch64-windows/dnsapi.so] Applied CoreTrust bypass!
2026-08-24 00:03:05.679 trollstorehelper[26207:133634] /private/var/tmp/9CA504FC-A788-46B5-A619-07ACF5630D64/Payload/Juice.app/Grape-X64/runtime/lib/wine/aarch64-windows/crypt32.so is binary
2026-08-24 00:03:05.679 trollstorehelper[26207:133634] [/private/var/tmp/9CA504FC-A788-46B5-A619-07ACF5630D64/Payload/Juice.app/Grape-X64/runtime/lib/wine/aarch64-windows/crypt32.so] Applying CoreTrust bypass...
2026-08-24 00:03:05.684 trollstorehelper[26207:133634] [/private/var/tmp/9CA504FC-A788-46B5-A619-07ACF5630D64/Payload/Juice.app/Grape-X64/runtime/lib/wine/aarch64-windows/crypt32.so] Applied CoreTrust bypass!
2026-08-24 00:03:05.684 trollstorehelper[26207:133634] /private/var/tmp/9CA504FC-A788-46B5-A619-07ACF5630D64/Payload/Juice.app/Grape-X64/runtime/lib/wine/aarch64-windows/ws2_32.so is binary
2026-08-24 00:03:05.685 trollstorehelper[26207:133634] [/private/var/tmp/9CA504FC-A788-46B5-A619-07ACF5630D64/Payload/Juice.app/Grape-X64/runtime/lib/wine/aarch64-windows/ws2_32.so] Applying CoreTrust bypass...
2026-08-24 00:03:05.689 trollstorehelper[26207:133634] [/private/var/tmp/9CA504FC-A788-46B5-A619-07ACF5630D64/Payload/Juice.app/Grape-X64/runtime/lib/wine/aarch64-windows/ws2_32.so] Applied CoreTrust bypass!
2026-08-24 00:03:05.689 trollstorehelper[26207:133634] /private/var/tmp/9CA504FC-A788-46B5-A619-07ACF5630D64/Payload/Juice.app/Grape-X64/runtime/lib/wine/aarch64-windows/wineios.so is binary
2026-08-24 00:03:05.690 trollstorehelper[26207:133634] [/private/var/tmp/9CA504FC-A788-46B5-A619-07ACF5630D64/Payload/Juice.app/Grape-X64/runtime/lib/wine/aarch64-windows/wineios.so] Applying CoreTrust bypass...
 LC_CODE_SIGNATURE load command...
Updating code slot hashes...
Signing binary...
SHA1 hash: 51f9bca295be9c2e1dee77d093ce0fcf3fc93450
SHA256 hash: cb77e64359a2aebe79ccbf1dbfc9999a0576239f2bc7247556d79b7a12267a73
Encoding signed superblob...
Writing superblob to MachO...
Applying App Store code directory...
Adding new signature blob...
Updating TeamID...
TeamID set to T8ALTGMVXN!
Doing initial signing to calculate size...
SHA1 hash: 51f9bca295be9c2e1dee77d093ce0fcf3fc93450
SHA256 hash: ec8134ac55de8e1273f11e6fb28bcdca69e8c46901aa2bd0c1a0dfdea1757511
Encoding unsigned superblob...
Updating load commands...
Updating __LINKEDIT segment...
Updating LC_CODE_SIGNATURE load command...
Updating code slot hashes...
Signing binary...
SHA1 hash: 51f9bca295be9c2e1dee77d093ce0fcf3fc93450
SHA256 hash: b2be8ceedbbf413c09e7ad2a6f419bdffb8ca36701b1c1ae60dab562f45ae5b6
Encoding signed superblob...
Writing superblob to MachO...
Applying App Store code directory...
Adding new signature blob...
Updating TeamID...
TeamID set to T8ALTGMVXN!
Doing initial signing to calculate size...
SHA1 hash: 51f9bca295be9c2e1dee77d093ce0fcf3fc93450
SHA256 hash: 7acaa09235adb0573ca9108662eb113a244ee84b74911562aa21e1f5cf285e03
Encoding unsigned superblob...
Updating load commands...
Updating __LINKEDIT segment...
Updating LC_CODE_SIGNATURE load command...
Updating code slot hashes...
Signing binary...
SHA1 hash: 51f9bca295be9c2e1dee77d093ce0fcf3fc93450
SHA256 hash: e92d6f442b59b9bcd8d13b106ee2f183b640f5829b701a250fa384b4988127c3
Encoding signed superblob...
Writing superblob to MachO...
Applying App Store code directory...
Adding new signature blob...
Updating TeamID...
TeamID set to T8ALTGMVXN!
Doing initial signing to calculate size...
SHA1 hash: 51f9bca295be9c2e1dee77d093ce0fcf3fc93450
SHA256 hash: 4ff50f379ff6fd2b3b6757b1498de2cb5145faebfd306d26b5ca57861a9e22fc
Encoding unsigned superblob...
Updating load commands...
Updating __LINKEDIT segment...
Updating LC_CODE_SIGNATURE load command...
Updating code slot hashes...
Signing binary...
SHA1 hash: 51f9bca295be9c2e1dee77d093ce0fcf3fc93450
SHA256 hash: 3ec0e1c9e52700915cf048b28bbd7cb69cc7d118dce8934d1fc1aa19e35d4348
Encoding signed superblob...
Writing superblob to MachO...
Applying App Store code directory...
Adding new signature blob...
Updating TeamID...
TeamID set to T8ALTGMVXN!
Doing initial signing to calculate size...
SHA1 hash: 51f9bca295be9c2e1dee77d093ce0fcf3fc93450
SHA256 hash: cad5f9113104c42b10b14b9fd3c25efe5428d1b3f8f1bbb9369593e51b605338
Encoding unsigned superblob...
Updating load commands...
Updating __LINKEDIT segment...
Updating LC_CODE_SIGNATURE load command...
Updating code slot hashes...
Signing binary...
SHA1 hash: 51f9bca295be9c2e1dee77d093ce0fcf3fc93450
SHA256 hash: d6f2e13cb7f89374c05fefc19dd9fa60aed850f219b1e9b2c4fcd34be2f3846d
Encoding signed superblob...
Writing superblob to MachO...
Applying App Store code directory...
Adding new signature blob...
Updating TeamID...
TeamID set to T8ALTGMVXN!
Doing initial signing to calculate size...
SHA1 hash: 51f9bca295be9c2e1dee77d093ce0fcf3fc93450
SHA256 hash: 581cac172ec0d1fdce963b01329109d86297dbbaed61b394e0f088c2041405d0
Encoding unsigned superblob...
Updating load commands...
Updating __LINKEDIT segment...
Updating LC_CODE_SIGNATURE load command...
Updating code slot hashes...
Signing binary...
SHA1 hash: 51f9bca295be9c2e1dee77d093ce0fcf3fc93450
SHA256 hash: 0ed532aae2d5d13e2b8324266f9dd58dbfa73a9513612b887d7858b7edbc40ba
Encoding signed superblob...
Writing superblob to MachO...
Applying App Store code directory...
Adding new signature blob...
Updating TeamID...
TeamID set to T8ALTGMVXN!
Doing initial signing to calculate size...
SHA1 hash: 51f9bca295be9c2e1dee77d093ce0fcf3fc93450
SHA256 hash: 4f70c75f3fc180c692ecb89273bc1525e5d6ea9d96a1585482e8495fc84817a7
Encoding unsigned superblob...
Updating load commands...
Updating __LINKEDIT segment...
Updating LC_CODE_SIGNATURE load command...
Updating code slot hashes...
Signing binary...
SHA1 hash: 51f9bca295be9c2e1dee77d093ce0fcf3fc93450
SHA256 hash: bf12141d59b09cfb0c9e6952aede49497d77159e5c42026-08-24 00:03:05.696 trollstorehelper[26207:133634] [/private/var/tmp/9CA504FC-A788-46B5-A619-07ACF5630D64/Payload/Juice.app/Grape-X64/runtime/lib/wine/aarch64-windows/wineios.so] Applied CoreTrust bypass!
2026-08-24 00:03:05.696 trollstorehelper[26207:133634] /private/var/tmp/9CA504FC-A788-46B5-A619-07ACF5630D64/Payload/Juice.app/Grape-X64/runtime/lib/wine/aarch64-windows/win32u.so is binary
2026-08-24 00:03:05.720 trollstorehelper[26207:133634] [/private/var/tmp/9CA504FC-A788-46B5-A619-07ACF5630D64/Payload/Juice.app/Grape-X64/runtime/lib/wine/aarch64-windows/win32u.so] Applying CoreTrust bypass...
2026-08-24 00:03:05.726 trollstorehelper[26207:133634] [/private/var/tmp/9CA504FC-A788-46B5-A619-07ACF5630D64/Payload/Juice.app/Grape-X64/runtime/lib/wine/aarch64-windows/win32u.so] Applied CoreTrust bypass!
2026-08-24 00:03:05.726 trollstorehelper[26207:133634] /private/var/tmp/9CA504FC-A788-46B5-A619-07ACF5630D64/Payload/Juice.app/Grape-X64/runtime/lib/wine/aarch64-windows/dwrite.so is binary
2026-08-24 00:03:05.731 trollstorehelper[26207:133634] [/private/var/tmp/9CA504FC-A788-46B5-A619-07ACF5630D64/Payload/Juice.app/Grape-X64/runtime/lib/wine/aarch64-windows/dwrite.so] Applying CoreTrust bypass...
2026-08-24 00:03:05.735 trollstorehelper[26207:133634] [/private/var/tmp/9CA504FC-A788-46B5-A619-07ACF5630D64/Payload/Juice.app/Grape-X64/runtime/lib/wine/aarch64-windows/dwrite.so] Applied CoreTrust bypass!
2026-08-24 00:03:05.735 trollstorehelper[26207:133634] /private/var/tmp/9CA504FC-A788-46B5-A619-07ACF5630D64/Payload/Juice.app/Grape-X64/runtime/lib/wine/aarch64-windows/secur32.so is binary
2026-08-24 00:03:05.736 trollstorehelper[26207:133634] [/private/var/tmp/9CA504FC-A788-46B5-A619-07ACF5630D64/Payload/Juice.app/Grape-X64/runtime/lib/wine/aarch64-windows/secur32.so] Applying CoreTrust bypass...
2026-08-24 00:03:05.739 trollstorehelper[26207:133634] [/private/var/tmp/9CA504FC-A788-46B5-A619-07ACF5630D64/Payload/Juice.app/Grape-X64/runtime/lib/wine/aarch64-windows/secur32.so] Applied CoreTrust bypass!
2026-08-24 00:03:05.739 trollstorehelper[26207:133634] /private/var/tmp/9CA504FC-A788-46B5-A619-07ACF5630D64/Payload/Juice.app/Grape-X64/runtime/lib/wine/aarch64-windows/mountmgr.so is binary
2026-08-24 00:03:05.740 trollstorehelper[26207:133634] [/private/var/tmp/9CA504FC-A788-46B5-A619-07ACF5630D64/Payload/Juice.app/Grape-X64/runtime/lib/wine/aarch64-windows/mountmgr.so] Applying CoreTrust bypass...
2026-08-24 00:03:05.743 trollstorehelper[26207:133634] [/private/var/tmp/9CA504FC-A788-46B5-A619-07ACF5630D64/Payload/Juice.app/Grape-X64/runtime/lib/wine/aarch64-windows/mountmgr.so] Applied CoreTrust bypass!
2026-08-24 00:03:05.744 trollstorehelper[26207:133634] /private/var/tmp/9CA504FC-A788-46B5-A619-07ACF5630D64/Payload/Juice.app/Grape-X64/runtime/lib/wine/aarch64-windows/winevulkan.so is binary
2026-08-24 00:03:05.749 trollstorehelper[26207:133634] [/private/var/tmp/9CA504FC-A788-46B5-A619-07ACF5630D64/Payload/Juice.app/Grape-X64/runtime/lib/wine/aarch64-windows/winevulkan.so] Applying CoreTrust bypass...
2026-08-24 00:03:05.753 trollstorehelper[26207:133634] [/private/var/tmp/9CA504FC-A788-46B5-A619-07ACF5630D64/Payload/Juice.app/Grape-X64/runtime/lib/wine/aarch64-windows/winevulkan.so] Applied CoreTrust bypass!
2026-08-24 00:03:05.755 trollstorehelper[26207:133634] /private/var/tmp/9CA504FC-A788-46B5-A619-07ACF5630D64/Payload/Juice.app/Grape-X64/build/wine-ios/server/wineserver is binary
2026-08-24 00:03:05.759 trollstorehelper[26207:133634] [/private/var/tmp/9CA504FC-A788-46B5-A619-07ACF5630D64/Payload/Juice.app/Grape-X64/build/wine-ios/server/wineserver] Applying CoreTrust bypass...
2026-08-24 00:03:05.763 trollstorehelper[26207:133634] [/private/var/tmp/9CA504FC-A788-46B5-A619-07ACF5630D64/Payload/Juice.app/Grape-X64/build/wine-ios/server/wineserver] Applied CoreTrust bypass!
2026-08-24 00:03:05.763 trollstorehelper[26207:133634] /private/var/tmp/9CA504FC-A788-46B5-A619-07ACF5630D64/Payload/Juice.app/Grape-X64/build/wine-ios/loader/wine is binary
2026-08-24 00:03:05.763 trollstorehelper[26207:133634] [/private/var/tmp/9CA504FC-A788-46B5-A619-07ACF5630D64/Payload/Juice.app/Grape-X64/build/wine-ios/loader/wine] Applying CoreTrust bypass...
d2ad324dd71092c399086
Encoding signed superblob...
Writing superblob to MachO...
Applying App Store code directory...
Adding new signature blob...
Updating TeamID...
TeamID set to T8ALTGMVXN!
Doing initial signing to calculate size...
SHA1 hash: 51f9bca295be9c2e1dee77d093ce0fcf3fc93450
SHA256 hash: 8e021b384a09e4ccfea9bdb38df96156f8196f0fc91b10f8e73278723fea1f68
Encoding unsigned superblob...
Updating load commands...
Updating __LINKEDIT segment...
Updating LC_CODE_SIGNATURE load command...
Updating code slot hashes...
Signing binary...
SHA1 hash: 51f9bca295be9c2e1dee77d093ce0fcf3fc93450
SHA256 hash: a6d316a50de628c316313abab29c3d89adb1f4c7cf251ca0d9d05939a6850d03
Encoding signed superblob...
Writing superblob to MachO...
Applying App Store code directory...
Adding new signature blob...
Updating TeamID...
TeamID set to T8ALTGMVXN!
Doing initial signing to calculate size...
SHA1 hash: 51f9bca295be9c2e1dee77d093ce0fcf3fc93450
SHA256 hash: 4c22d1a62ed2ce2202e33f8e4cc44f1c2c6e93da2e60a1f4390ad72770d9c7cd
Encoding unsigned superblob...
Updating load commands...
Updating __LINKEDIT segment...
Updating LC_CODE_SIGNATURE load command...
Updating code slot hashes...
Signing binary...
SHA1 hash: 51f9bca295be9c2e1dee77d093ce0fcf3fc93450
SHA256 hash: ac03a2b1c4372a561a551a37b8c457a054eba4401d33d1c45fe168e463bc5570
Encoding signed superblob...
Writing superblob to MachO...
Applying App Store code directory...
Adding new signature blob...
Updating TeamID...
TeamID set to T8ALTGMVXN!
Doing initial signing to calculate size...
SHA1 hash: 51f9bca295be9c2e1dee77d093ce0fcf3fc93450
SHA256 hash: 59c38252d0626c66dd3127def405e6f3131f69cbcdb371c4adc8944f337c2c54
Encoding unsigned superblob...
Updating load commands...
Updating __LINKEDIT segment...
Updating LC_CODE_SIGNATURE load command...
Updating code slot hashes...
Signing binary...
SHA1 hash: 51f9bca295be9c2e1dee77d093ce0fcf3fc93450
SHA256 hash: c16afb484f67ae588139407aa4c06cad8fe1280740a9a7639950ad2ff6efd51a
Encoding signed superblob...
Writing superblob to MachO...
Applying App Store code directory...
Adding new signature blob...
Updating TeamID...
TeamID set to T8ALTGMVXN!
Doing initial signing to calculate size...
SHA1 hash: 51f9bca295be9c2e1dee77d093ce0fcf3fc93450
SHA256 hash: 62b5dc6bcbc369019ee6e0199dcf39a0852c05daf4bcf4e53e9edffb5f450b32
Encoding unsigned superblob...
Updating load commands...
Updating __LINKEDIT segment...
Updating LC_CODE_SIGNATURE load command...
Updating code slot hashes...
Signing binary...
SHA1 hash: 51f9bca295be9c2e1dee77d093ce0fcf3fc93450
SHA256 hash: cb77e64359a2aebe79ccbf1dbfc9999a0576239f2bc7247556d79b7a12267a73
Encoding signed superblob...
Writing superblob to MachO...
Applying App Store code directory...
Adding new signature blob...
Updating TeamID...
TeamID set to T8ALTGMVXN!
Doing initial signing to calculate size...
SHA1 hash: 51f9bca295be9c2e1dee77d093ce0fcf3fc93450
SHA256 hash: ec8134ac55de8e1273f11e6fb28bcdca69e8c46901aa2bd0c1a0dfdea1757511
Encoding unsigned superblob...
Updating load commands...
Updating __LINKEDIT segment...
Updating LC_CODE_SIGNATURE load command...
Updating code slot hashes...
Signing binary...
SHA1 hash: 51f9bca295be9c2e1dee77d093ce0fcf3fc93450
SHA256 hash: b2be8ceedbbf413c09e7ad2a6f419bdffb8ca36701b1c1ae60dab562f45ae5b6
Encoding signed superblob...
Writing superblob to MachO...
Applying App Store code directory...
Adding new signature blob...
Updating TeamID...
TeamID set to T8ALTGMVXN!
Doing initial signing to calculate size...
SHA1 hash: 51f9bca295be9c2e1dee77d093ce0fcf3fc93450
SHA256 hash: c7c609cd220025c6b16c5b94bd8a4688eeda4071c980df3fa2d6aafc9aea7b7f
Encoding unsigned superblob...
Updating load commands...
Updating __LINKEDIT segment...
Updating LC_CODE_SIGNATURE load command...
Updating code slot hashes...
Signing binary...
SHA1 hash: 51f9bca295be9c2e1dee77d093ce0fcf3fc93450
SHA256 hash: 2ff7accd509824bd227ca947cc1da1aa9d8ea59b53fe491712794d12103efa13
Encoding signed superblob...
Writing superblob to MachO...
Applying App Store code directory...
Adding new signature blob...
Updating TeamID...
TeamID set to T8ALTGMVXN2026-08-24 00:03:05.767 trollstorehelper[26207:133634] [/private/var/tmp/9CA504FC-A788-46B5-A619-07ACF5630D64/Payload/Juice.app/Grape-X64/build/wine-ios/loader/wine] Applied CoreTrust bypass!
2026-08-24 00:03:05.767 trollstorehelper[26207:133634] /private/var/tmp/9CA504FC-A788-46B5-A619-07ACF5630D64/Payload/Juice.app/Grape-X64/build/wine-ios/dlls/opengl32/opengl32.so is binary
2026-08-24 00:03:05.778 trollstorehelper[26207:133634] [/private/var/tmp/9CA504FC-A788-46B5-A619-07ACF5630D64/Payload/Juice.app/Grape-X64/build/wine-ios/dlls/opengl32/opengl32.so] Applying CoreTrust bypass...
2026-08-24 00:03:05.783 trollstorehelper[26207:133634] [/private/var/tmp/9CA504FC-A788-46B5-A619-07ACF5630D64/Payload/Juice.app/Grape-X64/build/wine-ios/dlls/opengl32/opengl32.so] Applied CoreTrust bypass!
2026-08-24 00:03:05.783 trollstorehelper[26207:133634] /private/var/tmp/9CA504FC-A788-46B5-A619-07ACF5630D64/Payload/Juice.app/Grape-X64/build/wine-ios/dlls/wineios.drv/wineios.so is binary
2026-08-24 00:03:05.784 trollstorehelper[26207:133634] [/private/var/tmp/9CA504FC-A788-46B5-A619-07ACF5630D64/Payload/Juice.app/Grape-X64/build/wine-ios/dlls/wineios.drv/wineios.so] Applying CoreTrust bypass...
2026-08-24 00:03:05.788 trollstorehelper[26207:133634] [/private/var/tmp/9CA504FC-A788-46B5-A619-07ACF5630D64/Payload/Juice.app/Grape-X64/build/wine-ios/dlls/wineios.drv/wineios.so] Applied CoreTrust bypass!
2026-08-24 00:03:05.788 trollstorehelper[26207:133634] /private/var/tmp/9CA504FC-A788-46B5-A619-07ACF5630D64/Payload/Juice.app/Grape-X64/build/wine-ios/dlls/ws2_32/ws2_32.so is binary
2026-08-24 00:03:05.788 trollstorehelper[26207:133634] [/private/var/tmp/9CA504FC-A788-46B5-A619-07ACF5630D64/Payload/Juice.app/Grape-X64/build/wine-ios/dlls/ws2_32/ws2_32.so] Applying CoreTrust bypass...
2026-08-24 00:03:05.792 trollstorehelper[26207:133634] [/private/var/tmp/9CA504FC-A788-46B5-A619-07ACF5630D64/Payload/Juice.app/Grape-X64/build/wine-ios/dlls/ws2_32/ws2_32.so] Applied CoreTrust bypass!
2026-08-24 00:03:05.792 trollstorehelper[26207:133634] /private/var/tmp/9CA504FC-A788-46B5-A619-07ACF5630D64/Payload/Juice.app/Grape-X64/build/wine-ios/dlls/ntdll/ntdll.so is binary
2026-08-24 00:03:05.795 trollstorehelper[26207:133634] [/private/var/tmp/9CA504FC-A788-46B5-A619-07ACF5630D64/Payload/Juice.app/Grape-X64/build/wine-ios/dlls/ntdll/ntdll.so] Applying CoreTrust bypass...
2026-08-24 00:03:05.799 trollstorehelper[26207:133634] [/private/var/tmp/9CA504FC-A788-46B5-A619-07ACF5630D64/Payload/Juice.app/Grape-X64/build/wine-ios/dlls/ntdll/ntdll.so] Applied CoreTrust bypass!
2026-08-24 00:03:05.799 trollstorehelper[26207:133634] /private/var/tmp/9CA504FC-A788-46B5-A619-07ACF5630D64/Payload/Juice.app/Grape-X64/build/wine-ios/dlls/dwrite/dwrite.so is binary
2026-08-24 00:03:05.803 trollstorehelper[26207:133634] [/private/var/tmp/9CA504FC-A788-46B5-A619-07ACF5630D64/Payload/Juice.app/Grape-X64/build/wine-ios/dlls/dwrite/dwrite.so] Applying CoreTrust bypass...
2026-08-24 00:03:05.807 trollstorehelper[26207:133634] [/private/var/tmp/9CA504FC-A788-46B5-A619-07ACF5630D64/Payload/Juice.app/Grape-X64/build/wine-ios/dlls/dwrite/dwrite.so] Applied CoreTrust bypass!
2026-08-24 00:03:05.807 trollstorehelper[26207:133634] /private/var/tmp/9CA504FC-A788-46B5-A619-07ACF5630D64/Payload/Juice.app/Grape-X64/build/wine-ios/dlls/winevulkan/winevulkan.so is binary
2026-08-24 00:03:05.812 trollstorehelper[26207:133634] [/private/var/tmp/9CA504FC-A788-46B5-A619-07ACF5630D64/Payload/Juice.app/Grape-X64/build/wine-ios/dlls/winevulkan/winevulkan.so] Applying CoreTrust bypass...
!
Doing initial signing to calculate size...
SHA1 hash: 51f9bca295be9c2e1dee77d093ce0fcf3fc93450
SHA256 hash: 971d00fba24ff237b871d169a162c13a40bae36655c7fa75237488af34f1b90a
Encoding unsigned superblob...
Updating load commands...
Updating __LINKEDIT segment...
Updating LC_CODE_SIGNATURE load command...
Updating code slot hashes...
Signing binary...
SHA1 hash: 51f9bca295be9c2e1dee77d093ce0fcf3fc93450
SHA256 hash: f138d1ed00a9d44ebedf22ffee54023b79ab8450b545fa0e9ede84fb248b1dd7
Encoding signed superblob...
Writing superblob to MachO...
Applying App Store code directory...
Adding new signature blob...
Updating TeamID...
TeamID set to T8ALTGMVXN!
Doing initial signing to calculate size...
SHA1 hash: 51f9bca295be9c2e1dee77d093ce0fcf3fc93450
SHA256 hash: 7acaa09235adb0573ca9108662eb113a244ee84b74911562aa21e1f5cf285e03
Encoding unsigned superblob...
Updating load commands...
Updating __LINKEDIT segment...
Updating LC_CODE_SIGNATURE load command...
Updating code slot hashes...
Signing binary...
SHA1 hash: 51f9bca295be9c2e1dee77d093ce0fcf3fc93450
SHA256 hash: e92d6f442b59b9bcd8d13b106ee2f183b640f5829b701a250fa384b4988127c3
Encoding signed superblob...
Writing superblob to MachO...
Applying App Store code directory...
Adding new signature blob...
Updating TeamID...
TeamID set to T8ALTGMVXN!
Doing initial signing to calculate size...
SHA1 hash: 51f9bca295be9c2e1dee77d093ce0fcf3fc93450
SHA256 hash: 4f70c75f3fc180c692ecb89273bc1525e5d6ea9d96a1585482e8495fc84817a7
Encoding unsigned superblob...
Updating load commands...
Updating __LINKEDIT segment...
Updating LC_CODE_SIGNATURE load command...
Updating code slot hashes...
Signing binary...
SHA1 hash: 51f9bca295be9c2e1dee77d093ce0fcf3fc93450
SHA256 hash: bf12141d59b09cfb0c9e6952aede49497d77159e5c4d2ad324dd71092c399086
Encoding signed superblob...
Writing superblob to MachO...
Applying App Store code directory...
Adding new signature blob...
Updating TeamID...
TeamID set to T8ALTGMVXN!
Doing initial signing to calculate size...
SHA1 hash: 51f9bca295be9c2e1dee77d093ce0fcf3fc93450
SHA256 hash: 581cac172ec0d1fdce963b01329109d86297dbbaed61b394e0f088c2041405d0
Encoding unsigned superblob...
Updating load commands...
Updating __LINKEDIT segment...
Updating LC_CODE_SIGNATURE load command...
Updating code slot hashes...
Signing binary...
SHA1 hash: 51f9bca295be9c2e1dee77d093ce0fcf3fc93450
SHA256 hash: 0ed532aae2d5d13e2b8324266f9dd58dbfa73a9513612b887d7858b7edbc40ba
Encoding signed superblob...
Writing superblob to MachO...
Applying App Store code directory...
Adding new signature blob...
Updating TeamID...
TeamID set to T8ALTGMVXN!
Doing initial signing to calculate size...
SHA1 hash: 51f9bca295be9c2e1dee77d093ce0fcf3fc93450
SHA256 hash: bad13658ae6ba717dfbbaff5b80a7bcb307766e7ceb44a024b75c39dd1a7ea45
Encoding unsigned superblob...
Updating load commands...
Updating __LINKEDIT segment...
Updating LC_CODE_SIGNATURE load command...
Updating code slot hashes...
Signing binary...
SHA1 hash: 51f9bca295be9c2e1dee77d093ce0fcf3fc93450
SHA256 hash: 8a34b306f64f952beada8230763adc6208a59ed081f3f9bafc19dc19629f0216
Encoding signed superblob...
Writing superblob to MachO...
Applying App Store code directory...
Adding new signature blob...
Updating TeamID...
TeamID set to T8ALTGMVXN!
Doing initial signing to calculate size...
SHA1 hash: 51f9bca295be9c2e1dee77d093ce0fcf3fc93450
SHA256 hash: 4c22d1a62ed2ce2202e33f8e4cc44f1c2c6e93da2e60a1f4390ad72770d9c7cd
Encoding unsigned superblob...
Updating load commands...
Updating __LINKEDIT segment...
Updating LC_CODE_SIGNATURE load command...
Updating code slot hashes...
Signing binary...
SHA1 hash: 51f9bca295be9c2e1dee77d093ce0fcf3fc93450
SHA256 hash: ac03a2b1c4372a561a551a37b8c457a054eba4401d33d1c45fe168e463bc5570
Encoding signed superblob...
Writing superblob to MachO...
Applying App Store code directory...
Adding new signature blob...
Updating TeamID...
TeamID set to T8ALTGMVXN!
Doing initial signing to calculate size...
SHA1 hash: 51f9bca295be9c2e1dee77d093ce0fcf3fc93450
SHA256 hash: ec8134ac55de8e1273f11e6fb28bcdca69e8c46901aa2bd0c1a0dfdea1757511
Encoding unsign2026-08-24 00:03:05.816 trollstorehelper[26207:133634] [/private/var/tmp/9CA504FC-A788-46B5-A619-07ACF5630D64/Payload/Juice.app/Grape-X64/build/wine-ios/dlls/winevulkan/winevulkan.so] Applied CoreTrust bypass!
2026-08-24 00:03:05.816 trollstorehelper[26207:133634] /private/var/tmp/9CA504FC-A788-46B5-A619-07ACF5630D64/Payload/Juice.app/Grape-X64/build/wine-ios/dlls/secur32/secur32.so is binary
2026-08-24 00:03:05.817 trollstorehelper[26207:133634] [/private/var/tmp/9CA504FC-A788-46B5-A619-07ACF5630D64/Payload/Juice.app/Grape-X64/build/wine-ios/dlls/secur32/secur32.so] Applying CoreTrust bypass...
2026-08-24 00:03:05.820 trollstorehelper[26207:133634] [/private/var/tmp/9CA504FC-A788-46B5-A619-07ACF5630D64/Payload/Juice.app/Grape-X64/build/wine-ios/dlls/secur32/secur32.so] Applied CoreTrust bypass!
2026-08-24 00:03:05.820 trollstorehelper[26207:133634] /private/var/tmp/9CA504FC-A788-46B5-A619-07ACF5630D64/Payload/Juice.app/Grape-X64/build/wine-ios/dlls/crypt32/crypt32.so is binary
2026-08-24 00:03:05.821 trollstorehelper[26207:133634] [/private/var/tmp/9CA504FC-A788-46B5-A619-07ACF5630D64/Payload/Juice.app/Grape-X64/build/wine-ios/dlls/crypt32/crypt32.so] Applying CoreTrust bypass...
2026-08-24 00:03:05.824 trollstorehelper[26207:133634] [/private/var/tmp/9CA504FC-A788-46B5-A619-07ACF5630D64/Payload/Juice.app/Grape-X64/build/wine-ios/dlls/crypt32/crypt32.so] Applied CoreTrust bypass!
2026-08-24 00:03:05.824 trollstorehelper[26207:133634] /private/var/tmp/9CA504FC-A788-46B5-A619-07ACF5630D64/Payload/Juice.app/Grape-X64/build/wine-ios/dlls/mountmgr.sys/mountmgr.so is binary
2026-08-24 00:03:05.825 trollstorehelper[26207:133634] [/private/var/tmp/9CA504FC-A788-46B5-A619-07ACF5630D64/Payload/Juice.app/Grape-X64/build/wine-ios/dlls/mountmgr.sys/mountmgr.so] Applying CoreTrust bypass...
2026-08-24 00:03:05.828 trollstorehelper[26207:133634] [/private/var/tmp/9CA504FC-A788-46B5-A619-07ACF5630D64/Payload/Juice.app/Grape-X64/build/wine-ios/dlls/mountmgr.sys/mountmgr.so] Applied CoreTrust bypass!
2026-08-24 00:03:05.828 trollstorehelper[26207:133634] /private/var/tmp/9CA504FC-A788-46B5-A619-07ACF5630D64/Payload/Juice.app/Grape-X64/build/wine-ios/dlls/dnsapi/dnsapi.so is binary
2026-08-24 00:03:05.829 trollstorehelper[26207:133634] [/private/var/tmp/9CA504FC-A788-46B5-A619-07ACF5630D64/Payload/Juice.app/Grape-X64/build/wine-ios/dlls/dnsapi/dnsapi.so] Applying CoreTrust bypass...
2026-08-24 00:03:05.832 trollstorehelper[26207:133634] [/private/var/tmp/9CA504FC-A788-46B5-A619-07ACF5630D64/Payload/Juice.app/Grape-X64/build/wine-ios/dlls/dnsapi/dnsapi.so] Applied CoreTrust bypass!
2026-08-24 00:03:05.833 trollstorehelper[26207:133634] /private/var/tmp/9CA504FC-A788-46B5-A619-07ACF5630D64/Payload/Juice.app/Grape-X64/build/wine-ios/dlls/win32u/win32u.so is binary
2026-08-24 00:03:05.850 trollstorehelper[26207:133634] [/private/var/tmp/9CA504FC-A788-46B5-A619-07ACF5630D64/Payload/Juice.app/Grape-X64/build/wine-ios/dlls/win32u/win32u.so] Applying CoreTrust bypass...
2026-08-24 00:03:05.856 trollstorehelper[26207:133634] [/private/var/tmp/9CA504FC-A788-46B5-A619-07ACF5630D64/Payload/Juice.app/Grape-X64/build/wine-ios/dlls/win32u/win32u.so] Applied CoreTrust bypass!
2026-08-24 00:03:05.856 trollstorehelper[26207:133634] /private/var/tmp/9CA504FC-A788-46B5-A619-07ACF5630D64/Payload/Juice.app/Grape/tools/juice-lowva-helper is binary
2026-08-24 00:03:05.857 trollstorehelper[26207:133634] [/private/var/tmp/9CA504FC-A788-46B5-A619-07ACF5630D64/Payload/Juice.app/Grape/tools/juice-lowva-helper] Applying CoreTrust bypass...
ed superblob...
Updating load commands...
Updating __LINKEDIT segment...
Updating LC_CODE_SIGNATURE load command...
Updating code slot hashes...
Signing binary...
SHA1 hash: 51f9bca295be9c2e1dee77d093ce0fcf3fc93450
SHA256 hash: b2be8ceedbbf413c09e7ad2a6f419bdffb8ca36701b1c1ae60dab562f45ae5b6
Encoding signed superblob...
Writing superblob to MachO...
Applying App Store code directory...
Adding new signature blob...
Updating TeamID...
TeamID set to T8ALTGMVXN!
Doing initial signing to calculate size...
SHA1 hash: 51f9bca295be9c2e1dee77d093ce0fcf3fc93450
SHA256 hash: 59c38252d0626c66dd3127def405e6f3131f69cbcdb371c4adc8944f337c2c54
Encoding unsigned superblob...
Updating load commands...
Updating __LINKEDIT segment...
Updating LC_CODE_SIGNATURE load command...
Updating code slot hashes...
Signing binary...
SHA1 hash: 51f9bca295be9c2e1dee77d093ce0fcf3fc93450
SHA256 hash: c16afb484f67ae588139407aa4c06cad8fe1280740a9a7639950ad2ff6efd51a
Encoding signed superblob...
Writing superblob to MachO...
Applying App Store code directory...
Adding new signature blob...
Updating TeamID...
TeamID set to T8ALTGMVXN!
Doing initial signing to calculate size...
SHA1 hash: 51f9bca295be9c2e1dee77d093ce0fcf3fc93450
SHA256 hash: cad5f9113104c42b10b14b9fd3c25efe5428d1b3f8f1bbb9369593e51b605338
Encoding unsigned superblob...
Updating load commands...
Updating __LINKEDIT segment...
Updating LC_CODE_SIGNATURE load command...
Updating code slot hashes...
Signing binary...
SHA1 hash: 51f9bca295be9c2e1dee77d093ce0fcf3fc93450
SHA256 hash: d6f2e13cb7f89374c05fefc19dd9fa60aed850f219b1e9b2c4fcd34be2f3846d
Encoding signed superblob...
Writing superblob to MachO...
Applying App Store code directory...
Adding new signature blob...
Updating TeamID...
TeamID set to T8ALTGMVXN!
Doing initial signing to calculate size...
SHA1 hash: 51f9bca295be9c2e1dee77d093ce0fcf3fc93450
SHA256 hash: 62b5dc6bcbc369019ee6e0199dcf39a0852c05daf4bcf4e53e9edffb5f450b32
Encoding unsigned superblob...
Updating load commands...
Updating __LINKEDIT segment...
Updating LC_CODE_SIGNATURE load command...
Updating code slot hashes...
Signing binary...
SHA1 hash: 51f9bca295be9c2e1dee77d093ce0fcf3fc93450
SHA256 hash: cb77e64359a2aebe79ccbf1dbfc9999a0576239f2bc7247556d79b7a12267a73
Encoding signed superblob...
Writing superblob to MachO...
Applying App Store code directory...
Adding new signature blob...
Updating TeamID...
TeamID set to T8ALTGMVXN!
Doing initial signing to calculate size...
SHA1 hash: 51f9bca295be9c2e1dee77d093ce0fcf3fc93450
SHA256 hash: 4ff50f379ff6fd2b3b6757b1498de2cb5145faebfd306d26b5ca57861a9e22fc
Encoding unsigned superblob...
Updating load commands...
Updating __LINKEDIT segment...
Updating LC_CODE_SIGNATURE load command...
Updating code slot hashes...
Signing binary...
SHA1 hash: 51f9bca295be9c2e1dee77d093ce0fcf3fc93450
SHA256 hash: 3ec0e1c9e52700915cf048b28bbd7cb69cc7d118dce8934d1fc1aa19e35d4348
Encoding signed superblob...
Writing superblob to MachO...
Applying App Store code directory...
Adding new signature blob...
Updating TeamID...
TeamID set to T8ALTGMVXN!
Doing initial signing to calculate size...
SHA1 hash: 51f9bca295be9c2e1dee77d093ce0fcf3fc93450
SHA256 hash: 8e021b384a09e4ccfea9bdb38df96156f8196f0fc91b10f8e73278723fea1f68
Encoding unsigned superblob...
Updating load commands...
Updating __LINKEDIT segment...
Updating LC_CODE_SIGNATURE load command...
Updating code slot hashes...
Signing binary...
SHA1 hash: 51f9bca295be9c2e1dee77d093ce0fcf3fc93450
SHA256 hash: a6d316a50de628c316313abab29c3d89adb1f4c7cf251ca0d9d05939a6850d03
Encoding signed superblob...
Writing superblob to MachO...
Applying App Store code directory...
Adding new signature blob...
Updating TeamID...
TeamID set to T8ALTGMVXN!
Doing initial signing to calculate size...
SHA1 hash: 51f9bca295be9c2e1dee77d093ce0fcf3fc93450
SHA256 hash: 7f9200fd18dc254da292325aac57e29a9bf282da5abe08e394b35bd102341df4
Encoding unsigned superblob...
Updating load commands...
Updating __LINKEDIT segment...
Updating LC_CODE_SIGNATURE load command...
Updating code slot hashes...
Signing binary...
SHA1 hash: 51f9bca295be9c2e2026-08-24 00:03:05.860 trollstorehelper[26207:133634] [/private/var/tmp/9CA504FC-A788-46B5-A619-07ACF5630D64/Payload/Juice.app/Grape/tools/juice-lowva-helper] Applied CoreTrust bypass!
2026-08-24 00:03:05.860 trollstorehelper[26207:133634] /private/var/tmp/9CA504FC-A788-46B5-A619-07ACF5630D64/Payload/Juice.app/Grape/tools/grape-nested-wrapper is binary
2026-08-24 00:03:05.861 trollstorehelper[26207:133634] [/private/var/tmp/9CA504FC-A788-46B5-A619-07ACF5630D64/Payload/Juice.app/Grape/tools/grape-nested-wrapper] Applying CoreTrust bypass...
2026-08-24 00:03:05.864 trollstorehelper[26207:133634] [/private/var/tmp/9CA504FC-A788-46B5-A619-07ACF5630D64/Payload/Juice.app/Grape/tools/grape-nested-wrapper] Applied CoreTrust bypass!
2026-08-24 00:03:05.864 trollstorehelper[26207:133634] /private/var/tmp/9CA504FC-A788-46B5-A619-07ACF5630D64/Payload/Juice.app/Grape/tools/grape-trace-parent is binary
2026-08-24 00:03:05.864 trollstorehelper[26207:133634] [/private/var/tmp/9CA504FC-A788-46B5-A619-07ACF5630D64/Payload/Juice.app/Grape/tools/grape-trace-parent] Applying CoreTrust bypass...
2026-08-24 00:03:05.868 trollstorehelper[26207:133634] [/private/var/tmp/9CA504FC-A788-46B5-A619-07ACF5630D64/Payload/Juice.app/Grape/tools/grape-trace-parent] Applied CoreTrust bypass!
2026-08-24 00:03:05.868 trollstorehelper[26207:133634] /private/var/tmp/9CA504FC-A788-46B5-A619-07ACF5630D64/Payload/Juice.app/Grape/runtime/lib/wine/aarch64-unix/opengl32.so is binary
2026-08-24 00:03:05.875 trollstorehelper[26207:133634] [/private/var/tmp/9CA504FC-A788-46B5-A619-07ACF5630D64/Payload/Juice.app/Grape/runtime/lib/wine/aarch64-unix/opengl32.so] Applying CoreTrust bypass...
2026-08-24 00:03:05.885 trollstorehelper[26207:133634] [/private/var/tmp/9CA504FC-A788-46B5-A619-07ACF5630D64/Payload/Juice.app/Grape/runtime/lib/wine/aarch64-unix/opengl32.so] Applied CoreTrust bypass!
2026-08-24 00:03:05.885 trollstorehelper[26207:133634] /private/var/tmp/9CA504FC-A788-46B5-A619-07ACF5630D64/Payload/Juice.app/Grape/runtime/lib/wine/aarch64-unix/dnsapi.so is binary
2026-08-24 00:03:05.886 trollstorehelper[26207:133634] [/private/var/tmp/9CA504FC-A788-46B5-A619-07ACF5630D64/Payload/Juice.app/Grape/runtime/lib/wine/aarch64-unix/dnsapi.so] Applying CoreTrust bypass...
2026-08-24 00:03:05.889 trollstorehelper[26207:133634] [/private/var/tmp/9CA504FC-A788-46B5-A619-07ACF5630D64/Payload/Juice.app/Grape/runtime/lib/wine/aarch64-unix/dnsapi.so] Applied CoreTrust bypass!
2026-08-24 00:03:05.889 trollstorehelper[26207:133634] /private/var/tmp/9CA504FC-A788-46B5-A619-07ACF5630D64/Payload/Juice.app/Grape/runtime/lib/wine/aarch64-unix/crypt32.so is binary
2026-08-24 00:03:05.890 trollstorehelper[26207:133634] [/private/var/tmp/9CA504FC-A788-46B5-A619-07ACF5630D64/Payload/Juice.app/Grape/runtime/lib/wine/aarch64-unix/crypt32.so] Applying CoreTrust bypass...
2026-08-24 00:03:05.893 trollstorehelper[26207:133634] [/private/var/tmp/9CA504FC-A788-46B5-A619-07ACF5630D64/Payload/Juice.app/Grape/runtime/lib/wine/aarch64-unix/crypt32.so] Applied CoreTrust bypass!
2026-08-24 00:03:05.893 trollstorehelper[26207:133634] /private/var/tmp/9CA504FC-A788-46B5-A619-07ACF5630D64/Payload/Juice.app/Grape/runtime/lib/wine/aarch64-unix/ntdll.so is binary
2026-08-24 00:03:05.896 trollstorehelper[26207:133634] [/private/var/tmp/9CA504FC-A788-46B5-A619-07ACF5630D64/Payload/Juice.app/Grape/runtime/lib/wine/aarch64-unix/ntdll.so] Applying CoreTrust bypass...
2026-08-24 00:03:05.900 trollstorehelper[26207:133634] [/private/var/tmp/9CA504FC-A788-46B5-A619-07ACF5630D64/Payload/Juice.app/Grape/runtime/lib/wine/aarch64-unix/ntdll.so] Applied CoreTrust bypass!
2026-08-24 00:03:05.900 trollstorehelper[26207:133634] /private/var/tmp/9CA504FC-A788-46B5-A619-07ACF5630D64/Payload/Juice.app/Grape/runtime/lib/wine/aarch64-unix/ws2_32.so is binary
2026-08-24 00:03:05.901 trollstorehelper[26207:133634] [/private/var/tmp/9CA504FC-A788-46B5-A619-07ACF5630D64/Payload/Juice.app/Grape/runtime/lib/wine/aarch64-unix/ws2_32.so] Applying CoreTrust bypass...
1dee77d093ce0fcf3fc93450
SHA256 hash: aab16fb854b155cb0fe33c4057ac957a4d5a1230944781a64d06b6e9e32e186a
Encoding signed superblob...
Writing superblob to MachO...
Applying App Store code directory...
Adding new signature blob...
Updating TeamID...
TeamID set to T8ALTGMVXN!
Doing initial signing to calculate size...
SHA1 hash: 51f9bca295be9c2e1dee77d093ce0fcf3fc93450
SHA256 hash: 3ac5bc21823b907a12664c2ae0019b24f1f4cb997a903bd302ba10b06bca2f38
Encoding unsigned superblob...
Updating load commands...
Updating __LINKEDIT segment...
Updating LC_CODE_SIGNATURE load command...
Updating code slot hashes...
Signing binary...
SHA1 hash: 51f9bca295be9c2e1dee77d093ce0fcf3fc93450
SHA256 hash: f8ff21a1eaf7efba5c9e521e509bb6c9ee5ea5068cb801ae57aaedd3074cfbdd
Encoding signed superblob...
Writing superblob to MachO...
Applying App Store code directory...
Adding new signature blob...
Updating TeamID...
TeamID set to T8ALTGMVXN!
Doing initial signing to calculate size...
SHA1 hash: 51f9bca295be9c2e1dee77d093ce0fcf3fc93450
SHA256 hash: 64c244ea12264e288a49345b5488360dd73d580bf4d1e79774036f371fc2b55d
Encoding unsigned superblob...
Updating load commands...
Updating __LINKEDIT segment...
Updating LC_CODE_SIGNATURE load command...
Updating code slot hashes...
Signing binary...
SHA1 hash: 51f9bca295be9c2e1dee77d093ce0fcf3fc93450
SHA256 hash: 4217a4d7587dc0195cc66364acde2eddf8a8638fc4df52d60406504770d0eae2
Encoding signed superblob...
Writing superblob to MachO...
Applying App Store code directory...
Adding new signature blob...
Updating TeamID...
TeamID set to T8ALTGMVXN!
Doing initial signing to calculate size...
SHA1 hash: 51f9bca295be9c2e1dee77d093ce0fcf3fc93450
SHA256 hash: 7acaa09235adb0573ca9108662eb113a244ee84b74911562aa21e1f5cf285e03
Encoding unsigned superblob...
Updating load commands...
Updating __LINKEDIT segment...
Updating LC_CODE_SIGNATURE load command...
Updating code slot hashes...
Signing binary...
SHA1 hash: 51f9bca295be9c2e1dee77d093ce0fcf3fc93450
SHA256 hash: e92d6f442b59b9bcd8d13b106ee2f183b640f5829b701a250fa384b4988127c3
Encoding signed superblob...
Writing superblob to MachO...
Applying App Store code directory...
Adding new signature blob...
Updating TeamID...
TeamID set to T8ALTGMVXN!
Doing initial signing to calculate size...
SHA1 hash: 51f9bca295be9c2e1dee77d093ce0fcf3fc93450
SHA256 hash: 4ff50f379ff6fd2b3b6757b1498de2cb5145faebfd306d26b5ca57861a9e22fc
Encoding unsigned superblob...
Updating load commands...
Updating __LINKEDIT segment...
Updating LC_CODE_SIGNATURE load command...
Updating code slot hashes...
Signing binary...
SHA1 hash: 51f9bca295be9c2e1dee77d093ce0fcf3fc93450
SHA256 hash: 3ec0e1c9e52700915cf048b28bbd7cb69cc7d118dce8934d1fc1aa19e35d4348
Encoding signed superblob...
Writing superblob to MachO...
Applying App Store code directory...
Adding new signature blob...
Updating TeamID...
TeamID set to T8ALTGMVXN!
Doing initial signing to calculate size...
SHA1 hash: 51f9bca295be9c2e1dee77d093ce0fcf3fc93450
SHA256 hash: cad5f9113104c42b10b14b9fd3c25efe5428d1b3f8f1bbb9369593e51b605338
Encoding unsigned superblob...
Updating load commands...
Updating __LINKEDIT segment...
Updating LC_CODE_SIGNATURE load command...
Updating code slot hashes...
Signing binary...
SHA1 hash: 51f9bca295be9c2e1dee77d093ce0fcf3fc93450
SHA256 hash: d6f2e13cb7f89374c05fefc19dd9fa60aed850f219b1e9b2c4fcd34be2f3846d
Encoding signed superblob...
Writing superblob to MachO...
Applying App Store code directory...
Adding new signature blob...
Updating TeamID...
TeamID set to T8ALTGMVXN!
Doing initial signing to calculate size...
SHA1 hash: 51f9bca295be9c2e1dee77d093ce0fcf3fc93450
SHA256 hash: bad13658ae6ba717dfbbaff5b80a7bcb307766e7ceb44a024b75c39dd1a7ea45
Encoding unsigned superblob...
Updating load commands...
Updating __LINKEDIT segment...
Updating LC_CODE_SIGNATURE load command...
Updating code slot hashes...
Signing binary...
SHA1 hash: 51f9bca295be9c2e1dee77d093ce0fcf3fc93450
SHA256 hash: 8a34b306f64f952beada8230763adc6208a59ed081f3f9bafc19dc19629f0216
Encoding signed superblob...
Writing superblob to MachO...
Applying App Store code dire2026-08-24 00:03:05.904 trollstorehelper[26207:133634] [/private/var/tmp/9CA504FC-A788-46B5-A619-07ACF5630D64/Payload/Juice.app/Grape/runtime/lib/wine/aarch64-unix/ws2_32.so] Applied CoreTrust bypass!
2026-08-24 00:03:05.904 trollstorehelper[26207:133634] /private/var/tmp/9CA504FC-A788-46B5-A619-07ACF5630D64/Payload/Juice.app/Grape/runtime/lib/wine/aarch64-unix/wineios.so is binary
2026-08-24 00:03:05.906 trollstorehelper[26207:133634] [/private/var/tmp/9CA504FC-A788-46B5-A619-07ACF5630D64/Payload/Juice.app/Grape/runtime/lib/wine/aarch64-unix/wineios.so] Applying CoreTrust bypass...
2026-08-24 00:03:05.910 trollstorehelper[26207:133634] [/private/var/tmp/9CA504FC-A788-46B5-A619-07ACF5630D64/Payload/Juice.app/Grape/runtime/lib/wine/aarch64-unix/wineios.so] Applied CoreTrust bypass!
2026-08-24 00:03:05.910 trollstorehelper[26207:133634] /private/var/tmp/9CA504FC-A788-46B5-A619-07ACF5630D64/Payload/Juice.app/Grape/runtime/lib/wine/aarch64-unix/win32u.so is binary
2026-08-24 00:03:05.979 trollstorehelper[26207:133634] [/private/var/tmp/9CA504FC-A788-46B5-A619-07ACF5630D64/Payload/Juice.app/Grape/runtime/lib/wine/aarch64-unix/win32u.so] Applying CoreTrust bypass...
2026-08-24 00:03:06.107 trollstorehelper[26207:133634] [/private/var/tmp/9CA504FC-A788-46B5-A619-07ACF5630D64/Payload/Juice.app/Grape/runtime/lib/wine/aarch64-unix/win32u.so] Applied CoreTrust bypass!
2026-08-24 00:03:06.108 trollstorehelper[26207:133634] /private/var/tmp/9CA504FC-A788-46B5-A619-07ACF5630D64/Payload/Juice.app/Grape/runtime/lib/wine/aarch64-unix/dwrite.so is binary
2026-08-24 00:03:06.117 trollstorehelper[26207:133634] [/private/var/tmp/9CA504FC-A788-46B5-A619-07ACF5630D64/Payload/Juice.app/Grape/runtime/lib/wine/aarch64-unix/dwrite.so] Applying CoreTrust bypass...
2026-08-24 00:03:06.129 trollstorehelper[26207:133634] [/private/var/tmp/9CA504FC-A788-46B5-A619-07ACF5630D64/Payload/Juice.app/Grape/runtime/lib/wine/aarch64-unix/dwrite.so] Applied CoreTrust bypass!
2026-08-24 00:03:06.130 trollstorehelper[26207:133634] /private/var/tmp/9CA504FC-A788-46B5-A619-07ACF5630D64/Payload/Juice.app/Grape/runtime/lib/wine/aarch64-unix/secur32.so is binary
2026-08-24 00:03:06.131 trollstorehelper[26207:133634] [/private/var/tmp/9CA504FC-A788-46B5-A619-07ACF5630D64/Payload/Juice.app/Grape/runtime/lib/wine/aarch64-unix/secur32.so] Applying CoreTrust bypass...
2026-08-24 00:03:06.138 trollstorehelper[26207:133634] [/private/var/tmp/9CA504FC-A788-46B5-A619-07ACF5630D64/Payload/Juice.app/Grape/runtime/lib/wine/aarch64-unix/secur32.so] Applied CoreTrust bypass!
2026-08-24 00:03:06.138 trollstorehelper[26207:133634] /private/var/tmp/9CA504FC-A788-46B5-A619-07ACF5630D64/Payload/Juice.app/Grape/runtime/lib/wine/aarch64-unix/mountmgr.so is binary
2026-08-24 00:03:06.139 trollstorehelper[26207:133634] [/private/var/tmp/9CA504FC-A788-46B5-A619-07ACF5630D64/Payload/Juice.app/Grape/runtime/lib/wine/aarch64-unix/mountmgr.so] Applying CoreTrust bypass...
2026-08-24 00:03:06.146 trollstorehelper[26207:133634] [/private/var/tmp/9CA504FC-A788-46B5-A619-07ACF5630D64/Payload/Juice.app/Grape/runtime/lib/wine/aarch64-unix/mountmgr.so] Applied CoreTrust bypass!
2026-08-24 00:03:06.146 trollstorehelper[26207:133634] /private/var/tmp/9CA504FC-A788-46B5-A619-07ACF5630D64/Payload/Juice.app/Grape/runtime/lib/wine/aarch64-unix/winevulkan.so is binary
2026-08-24 00:03:06.148 trollstorehelper[26207:133634] [/private/var/tmp/9CA504FC-A788-46B5-A619-07ACF5630D64/Payload/Juice.app/Grape/runtime/lib/wine/aarch64-unix/winevulkan.so] Applying CoreTrust bypass...
ctory...
Adding new signature blob...
Updating TeamID...
TeamID set to T8ALTGMVXN!
Doing initial signing to calculate size...
SHA1 hash: 51f9bca295be9c2e1dee77d093ce0fcf3fc93450
SHA256 hash: 581cac172ec0d1fdce963b01329109d86297dbbaed61b394e0f088c2041405d0
Encoding unsigned superblob...
Updating load commands...
Updating __LINKEDIT segment...
Updating LC_CODE_SIGNATURE load command...
Updating code slot hashes...
Signing binary...
SHA1 hash: 51f9bca295be9c2e1dee77d093ce0fcf3fc93450
SHA256 hash: 0ed532aae2d5d13e2b8324266f9dd58dbfa73a9513612b887d7858b7edbc40ba
Encoding signed superblob...
Writing superblob to MachO...
Applying App Store code directory...
Adding new signature blob...
Updating TeamID...
TeamID set to T8ALTGMVXN!
Doing initial signing to calculate size...
SHA1 hash: 51f9bca295be9c2e1dee77d093ce0fcf3fc93450
SHA256 hash: 4f70c75f3fc180c692ecb89273bc1525e5d6ea9d96a1585482e8495fc84817a7
Encoding unsigned superblob...
Updating load commands...
Updating __LINKEDIT segment...
Updating LC_CODE_SIGNATURE load command...
Updating code slot hashes...
Signing binary...
SHA1 hash: 51f9bca295be9c2e1dee77d093ce0fcf3fc93450
SHA256 hash: bf12141d59b09cfb0c9e6952aede49497d77159e5c4d2ad324dd71092c399086
Encoding signed superblob...
Writing superblob to MachO...
Applying App Store code directory...
Adding new signature blob...
Updating TeamID...
TeamID set to T8ALTGMVXN!
Doing initial signing to calculate size...
SHA1 hash: 51f9bca295be9c2e1dee77d093ce0fcf3fc93450
SHA256 hash: 8e021b384a09e4ccfea9bdb38df96156f8196f0fc91b10f8e73278723fea1f68
Encoding unsigned superblob...
Updating load commands...
Updating __LINKEDIT segment...
Updating LC_CODE_SIGNATURE load command...
Updating code slot hashes...
Signing binary...
SHA1 hash: 51f9bca295be9c2e1dee77d093ce0fcf3fc93450
SHA256 hash: a6d316a50de628c316313abab29c3d89adb1f4c7cf251ca0d9d05939a6850d03
Encoding signed superblob...
Writing superblob to MachO...
Applying App Store code directory...
Adding new signature blob...
Updating TeamID...
TeamID set to T8ALTGMVXN!
Doing initial signing to calculate size...
SHA1 hash: 51f9bca295be9c2e1dee77d093ce0fcf3fc93450
SHA256 hash: 4c22d1a62ed2ce2202e33f8e4cc44f1c2c6e93da2e60a1f4390ad72770d9c7cd
Encoding unsigned superblob...
Updating load commands...
Updating __LINKEDIT segment...
Updating LC_CODE_SIGNATURE load command...
Updating code slot hashes...
Signing binary...
SHA1 hash: 51f9bca295be9c2e1dee77d093ce0fcf3fc93450
SHA256 hash: ac03a2b1c4372a561a551a37b8c457a054eba4401d33d1c45fe168e463bc5570
Encoding signed superblob...
Writing superblob to MachO...
Applying App Store code directory...
Adding new signature blob...
Updating TeamID...
TeamID set to T8ALTGMVXN!
Doing initial signing to calculate size...
SHA1 hash: 51f9bca295be9c2e1dee77d093ce0fcf3fc93450
SHA256 hash: 59c38252d0626c66dd3127def405e6f3131f69cbcdb371c4adc8944f337c2c54
Encoding unsigned superblob...
Updating load commands...
Updating __LINKEDIT segment...
Updating LC_CODE_SIGNATURE load command...
Updating code slot hashes...
Signing binary...
SHA1 hash: 51f9bca295be9c2e1dee77d093ce0fcf3fc93450
SHA256 hash: c16afb484f67ae588139407aa4c06cad8fe1280740a9a7639950ad2ff6efd51a
Encoding signed superblob...
Writing superblob to MachO...
Applying App Store code directory...
Adding new signature blob...
Updating TeamID...
TeamID set to T8ALTGMVXN!
Doing initial signing to calculate size...
SHA1 hash: 51f9bca295be9c2e1dee77d093ce0fcf3fc93450
SHA256 hash: 62b5dc6bcbc369019ee6e0199dcf39a0852c05daf4bcf4e53e9edffb5f450b32
Encoding unsigned superblob...
Updating load commands...
Updating __LINKEDIT segment...
Updating LC_CODE_SIGNATURE load command...
Updating code slot hashes...
Signing binary...
SHA1 hash: 51f9bca295be9c2e1dee77d093ce0fcf3fc93450
SHA256 hash: cb77e64359a2aebe79ccbf1dbfc9999a0576239f2bc7247556d79b7a12267a73
Encoding signed superblob...
Writing superblob to MachO...
Applying App Store code directory...
Adding new signature blob...
Updating TeamID...
TeamID set to T8ALTGMVXN!
Doing initial signing to calculate size...
SHA1 hash: 51f9bca295be9c2e1dee77d093ce0fcf3fc93450
SHA256 hash:2026-08-24 00:03:06.157 trollstorehelper[26207:133634] [/private/var/tmp/9CA504FC-A788-46B5-A619-07ACF5630D64/Payload/Juice.app/Grape/runtime/lib/wine/aarch64-unix/winevulkan.so] Applied CoreTrust bypass!
2026-08-24 00:03:06.158 trollstorehelper[26207:133634] /private/var/tmp/9CA504FC-A788-46B5-A619-07ACF5630D64/Payload/Juice.app/Grape/runtime/lib/wine/aarch64-windows/opengl32.so is binary
2026-08-24 00:03:06.161 trollstorehelper[26207:133634] [/private/var/tmp/9CA504FC-A788-46B5-A619-07ACF5630D64/Payload/Juice.app/Grape/runtime/lib/wine/aarch64-windows/opengl32.so] Applying CoreTrust bypass...
2026-08-24 00:03:06.171 trollstorehelper[26207:133634] [/private/var/tmp/9CA504FC-A788-46B5-A619-07ACF5630D64/Payload/Juice.app/Grape/runtime/lib/wine/aarch64-windows/opengl32.so] Applied CoreTrust bypass!
2026-08-24 00:03:06.172 trollstorehelper[26207:133634] /private/var/tmp/9CA504FC-A788-46B5-A619-07ACF5630D64/Payload/Juice.app/Grape/runtime/lib/wine/aarch64-windows/dnsapi.so is binary
2026-08-24 00:03:06.172 trollstorehelper[26207:133634] [/private/var/tmp/9CA504FC-A788-46B5-A619-07ACF5630D64/Payload/Juice.app/Grape/runtime/lib/wine/aarch64-windows/dnsapi.so] Applying CoreTrust bypass...
2026-08-24 00:03:06.177 trollstorehelper[26207:133634] [/private/var/tmp/9CA504FC-A788-46B5-A619-07ACF5630D64/Payload/Juice.app/Grape/runtime/lib/wine/aarch64-windows/dnsapi.so] Applied CoreTrust bypass!
2026-08-24 00:03:06.177 trollstorehelper[26207:133634] /private/var/tmp/9CA504FC-A788-46B5-A619-07ACF5630D64/Payload/Juice.app/Grape/runtime/lib/wine/aarch64-windows/crypt32.so is binary
2026-08-24 00:03:06.178 trollstorehelper[26207:133634] [/private/var/tmp/9CA504FC-A788-46B5-A619-07ACF5630D64/Payload/Juice.app/Grape/runtime/lib/wine/aarch64-windows/crypt32.so] Applying CoreTrust bypass...
2026-08-24 00:03:06.183 trollstorehelper[26207:133634] [/private/var/tmp/9CA504FC-A788-46B5-A619-07ACF5630D64/Payload/Juice.app/Grape/runtime/lib/wine/aarch64-windows/crypt32.so] Applied CoreTrust bypass!
2026-08-24 00:03:06.183 trollstorehelper[26207:133634] /private/var/tmp/9CA504FC-A788-46B5-A619-07ACF5630D64/Payload/Juice.app/Grape/runtime/lib/wine/aarch64-windows/ws2_32.so is binary
2026-08-24 00:03:06.184 trollstorehelper[26207:133634] [/private/var/tmp/9CA504FC-A788-46B5-A619-07ACF5630D64/Payload/Juice.app/Grape/runtime/lib/wine/aarch64-windows/ws2_32.so] Applying CoreTrust bypass...
2026-08-24 00:03:06.189 trollstorehelper[26207:133634] [/private/var/tmp/9CA504FC-A788-46B5-A619-07ACF5630D64/Payload/Juice.app/Grape/runtime/lib/wine/aarch64-windows/ws2_32.so] Applied CoreTrust bypass!
2026-08-24 00:03:06.190 trollstorehelper[26207:133634] /private/var/tmp/9CA504FC-A788-46B5-A619-07ACF5630D64/Payload/Juice.app/Grape/runtime/lib/wine/aarch64-windows/wineios.so is binary
2026-08-24 00:03:06.190 trollstorehelper[26207:133634] [/private/var/tmp/9CA504FC-A788-46B5-A619-07ACF5630D64/Payload/Juice.app/Grape/runtime/lib/wine/aarch64-windows/wineios.so] Applying CoreTrust bypass...
2026-08-24 00:03:06.195 trollstorehelper[26207:133634] [/private/var/tmp/9CA504FC-A788-46B5-A619-07ACF5630D64/Payload/Juice.app/Grape/runtime/lib/wine/aarch64-windows/wineios.so] Applied CoreTrust bypass!
2026-08-24 00:03:06.196 trollstorehelper[26207:133634] /private/var/tmp/9CA504FC-A788-46B5-A619-07ACF5630D64/Payload/Juice.app/Grape/runtime/lib/wine/aarch64-windows/win32u.so is binary
2026-08-24 00:03:06.200 trollstorehelper[26207:133634] [/private/var/tmp/9CA504FC-A788-46B5-A619-07ACF5630D64/Payload/Juice.app/Grape/runtime/lib/wine/aarch64-windows/win32u.so] Applying CoreTrust bypass...
 ec8134ac55de8e1273f11e6fb28bcdca69e8c46901aa2bd0c1a0dfdea1757511
Encoding unsigned superblob...
Updating load commands...
Updating __LINKEDIT segment...
Updating LC_CODE_SIGNATURE load command...
Updating code slot hashes...
Signing binary...
SHA1 hash: 51f9bca295be9c2e1dee77d093ce0fcf3fc93450
SHA256 hash: b2be8ceedbbf413c09e7ad2a6f419bdffb8ca36701b1c1ae60dab562f45ae5b6
Encoding signed superblob...
Writing superblob to MachO...
Applying App Store code directory...
Adding new signature blob...
Updating TeamID...
TeamID set to T8ALTGMVXN!
Doing initial signing to calculate size...
SHA1 hash: 51f9bca295be9c2e1dee77d093ce0fcf3fc93450
SHA256 hash: 7acaa09235adb0573ca9108662eb113a244ee84b74911562aa21e1f5cf285e03
Encoding unsigned superblob...
Updating load commands...
Updating __LINKEDIT segment...
Updating LC_CODE_SIGNATURE load command...
Updating code slot hashes...
Signing binary...
SHA1 hash: 51f9bca295be9c2e1dee77d093ce0fcf3fc93450
SHA256 hash: e92d6f442b59b9bcd8d13b106ee2f183b640f5829b701a250fa384b4988127c3
Encoding signed superblob...
Writing superblob to MachO...
Applying App Store code directory...
Adding new signature blob...
Updating TeamID...
TeamID set to T8ALTGMVXN!
Doing initial signing to calculate size...
SHA1 hash: 51f9bca295be9c2e1dee77d093ce0fcf3fc93450
SHA256 hash: 4ff50f379ff6fd2b3b6757b1498de2cb5145faebfd306d26b5ca57861a9e22fc
Encoding unsigned superblob...
Updating load commands...
Updating __LINKEDIT segment...
Updating LC_CODE_SIGNATURE load command...
Updating code slot hashes...
Signing binary...
SHA1 hash: 51f9bca295be9c2e1dee77d093ce0fcf3fc93450
SHA256 hash: 3ec0e1c9e52700915cf048b28bbd7cb69cc7d118dce8934d1fc1aa19e35d4348
Encoding signed superblob...
Writing superblob to MachO...
Applying App Store code directory...
Adding new signature blob...
Updating TeamID...
TeamID set to T8ALTGMVXN!
Doing initial signing to calculate size...
SHA1 hash: 51f9bca295be9c2e1dee77d093ce0fcf3fc93450
SHA256 hash: cad5f9113104c42b10b14b9fd3c25efe5428d1b3f8f1bbb9369593e51b605338
Encoding unsigned superblob...
Updating load commands...
Updating __LINKEDIT segment...
Updating LC_CODE_SIGNATURE load command...
Updating code slot hashes...
Signing binary...
SHA1 hash: 51f9bca295be9c2e1dee77d093ce0fcf3fc93450
SHA256 hash: d6f2e13cb7f89374c05fefc19dd9fa60aed850f219b1e9b2c4fcd34be2f3846d
Encoding signed superblob...
Writing superblob to MachO...
Applying App Store code directory...
Adding new signature blob...
Updating TeamID...
TeamID set to T8ALTGMVXN!
Doing initial signing to calculate size...
SHA1 hash: 51f9bca295be9c2e1dee77d093ce0fcf3fc93450
SHA256 hash: 581cac172ec0d1fdce963b01329109d86297dbbaed61b394e0f088c2041405d0
Encoding unsigned superblob...
Updating load commands...
Updating __LINKEDIT segment...
Updating LC_CODE_SIGNATURE load command...
Updating code slot hashes...
Signing binary...
SHA1 hash: 51f9bca295be9c2e1dee77d093ce0fcf3fc93450
SHA256 hash: 0ed532aae2d5d13e2b8324266f9dd58dbfa73a9513612b887d7858b7edbc40ba
Encoding signed superblob...
Writing superblob to MachO...
Applying App Store code directory...
Adding new signature blob...
Updating TeamID...
TeamID set to T8ALTGMVXN!
Doing initial signing to calculate size...
SHA1 hash: 51f9bca295be9c2e1dee77d093ce0fcf3fc93450
SHA256 hash: 4f70c75f3fc180c692ecb89273bc1525e5d6ea9d96a1585482e8495fc84817a7
Encoding unsigned superblob...
Updating load commands...
Updating __LINKEDIT segment...
Updating LC_CODE_SIGNATURE load command...
Updating code slot hashes...
Signing binary...
SHA1 hash: 51f9bca295be9c2e1dee77d093ce0fcf3fc93450
SHA256 hash: bf12141d59b09cfb0c9e6952aede49497d77159e5c4d2ad324dd71092c399086
Encoding signed superblob...
Writing superblob to MachO...
Applying App Store code directory...
Adding new signature blob...
Updating TeamID...
TeamID set to T8ALTGMVXN!
Doing initial signing to calculate size...
SHA1 hash: 51f9bca295be9c2e1dee77d093ce0fcf3fc93450
SHA256 hash: 8e021b384a09e4ccfea9bdb38df96156f8196f0fc91b10f8e73278723fea1f68
Encoding unsigned superblob...
Updating load commands...
Updating __LINKEDIT segment...
Updating LC_CODE_SIGNATURE load comm2026-08-24 00:03:06.210 trollstorehelper[26207:133634] [/private/var/tmp/9CA504FC-A788-46B5-A619-07ACF5630D64/Payload/Juice.app/Grape/runtime/lib/wine/aarch64-windows/win32u.so] Applied CoreTrust bypass!
2026-08-24 00:03:06.211 trollstorehelper[26207:133634] /private/var/tmp/9CA504FC-A788-46B5-A619-07ACF5630D64/Payload/Juice.app/Grape/runtime/lib/wine/aarch64-windows/dwrite.so is binary
2026-08-24 00:03:06.216 trollstorehelper[26207:133634] [/private/var/tmp/9CA504FC-A788-46B5-A619-07ACF5630D64/Payload/Juice.app/Grape/runtime/lib/wine/aarch64-windows/dwrite.so] Applying CoreTrust bypass...
2026-08-24 00:03:06.220 trollstorehelper[26207:133634] [/private/var/tmp/9CA504FC-A788-46B5-A619-07ACF5630D64/Payload/Juice.app/Grape/runtime/lib/wine/aarch64-windows/dwrite.so] Applied CoreTrust bypass!
2026-08-24 00:03:06.220 trollstorehelper[26207:133634] /private/var/tmp/9CA504FC-A788-46B5-A619-07ACF5630D64/Payload/Juice.app/Grape/runtime/lib/wine/aarch64-windows/secur32.so is binary
2026-08-24 00:03:06.222 trollstorehelper[26207:133634] [/private/var/tmp/9CA504FC-A788-46B5-A619-07ACF5630D64/Payload/Juice.app/Grape/runtime/lib/wine/aarch64-windows/secur32.so] Applying CoreTrust bypass...
2026-08-24 00:03:06.226 trollstorehelper[26207:133634] [/private/var/tmp/9CA504FC-A788-46B5-A619-07ACF5630D64/Payload/Juice.app/Grape/runtime/lib/wine/aarch64-windows/secur32.so] Applied CoreTrust bypass!
2026-08-24 00:03:06.226 trollstorehelper[26207:133634] /private/var/tmp/9CA504FC-A788-46B5-A619-07ACF5630D64/Payload/Juice.app/Grape/runtime/lib/wine/aarch64-windows/mountmgr.so is binary
2026-08-24 00:03:06.227 trollstorehelper[26207:133634] [/private/var/tmp/9CA504FC-A788-46B5-A619-07ACF5630D64/Payload/Juice.app/Grape/runtime/lib/wine/aarch64-windows/mountmgr.so] Applying CoreTrust bypass...
2026-08-24 00:03:06.231 trollstorehelper[26207:133634] [/private/var/tmp/9CA504FC-A788-46B5-A619-07ACF5630D64/Payload/Juice.app/Grape/runtime/lib/wine/aarch64-windows/mountmgr.so] Applied CoreTrust bypass!
2026-08-24 00:03:06.231 trollstorehelper[26207:133634] /private/var/tmp/9CA504FC-A788-46B5-A619-07ACF5630D64/Payload/Juice.app/Grape/runtime/lib/wine/aarch64-windows/winevulkan.so is binary
2026-08-24 00:03:06.233 trollstorehelper[26207:133634] [/private/var/tmp/9CA504FC-A788-46B5-A619-07ACF5630D64/Payload/Juice.app/Grape/runtime/lib/wine/aarch64-windows/winevulkan.so] Applying CoreTrust bypass...
2026-08-24 00:03:06.237 trollstorehelper[26207:133634] [/private/var/tmp/9CA504FC-A788-46B5-A619-07ACF5630D64/Payload/Juice.app/Grape/runtime/lib/wine/aarch64-windows/winevulkan.so] Applied CoreTrust bypass!
2026-08-24 00:03:06.239 trollstorehelper[26207:133634] /private/var/tmp/9CA504FC-A788-46B5-A619-07ACF5630D64/Payload/Juice.app/Grape/build/wine-ios/server/wineserver is binary
2026-08-24 00:03:06.242 trollstorehelper[26207:133634] [/private/var/tmp/9CA504FC-A788-46B5-A619-07ACF5630D64/Payload/Juice.app/Grape/build/wine-ios/server/wineserver] Applying CoreTrust bypass...
2026-08-24 00:03:06.246 trollstorehelper[26207:133634] [/private/var/tmp/9CA504FC-A788-46B5-A619-07ACF5630D64/Payload/Juice.app/Grape/build/wine-ios/server/wineserver] Applied CoreTrust bypass!
2026-08-24 00:03:06.246 trollstorehelper[26207:133634] /private/var/tmp/9CA504FC-A788-46B5-A619-07ACF5630D64/Payload/Juice.app/Grape/build/wine-ios/loader/wine is binary
2026-08-24 00:03:06.246 trollstorehelper[26207:133634] [/private/var/tmp/9CA504FC-A788-46B5-A619-07ACF5630D64/Payload/Juice.app/Grape/build/wine-ios/loader/wine] Applying CoreTrust bypass...
and...
Updating code slot hashes...
Signing binary...
SHA1 hash: 51f9bca295be9c2e1dee77d093ce0fcf3fc93450
SHA256 hash: a6d316a50de628c316313abab29c3d89adb1f4c7cf251ca0d9d05939a6850d03
Encoding signed superblob...
Writing superblob to MachO...
Applying App Store code directory...
Adding new signature blob...
Updating TeamID...
TeamID set to T8ALTGMVXN!
Doing initial signing to calculate size...
SHA1 hash: 51f9bca295be9c2e1dee77d093ce0fcf3fc93450
SHA256 hash: 4c22d1a62ed2ce2202e33f8e4cc44f1c2c6e93da2e60a1f4390ad72770d9c7cd
Encoding unsigned superblob...
Updating load commands...
Updating __LINKEDIT segment...
Updating LC_CODE_SIGNATURE load command...
Updating code slot hashes...
Signing binary...
SHA1 hash: 51f9bca295be9c2e1dee77d093ce0fcf3fc93450
SHA256 hash: ac03a2b1c4372a561a551a37b8c457a054eba4401d33d1c45fe168e463bc5570
Encoding signed superblob...
Writing superblob to MachO...
Applying App Store code directory...
Adding new signature blob...
Updating TeamID...
TeamID set to T8ALTGMVXN!
Doing initial signing to calculate size...
SHA1 hash: 51f9bca295be9c2e1dee77d093ce0fcf3fc93450
SHA256 hash: 59c38252d0626c66dd3127def405e6f3131f69cbcdb371c4adc8944f337c2c54
Encoding unsigned superblob...
Updating load commands...
Updating __LINKEDIT segment...
Updating LC_CODE_SIGNATURE load command...
Updating code slot hashes...
Signing binary...
SHA1 hash: 51f9bca295be9c2e1dee77d093ce0fcf3fc93450
SHA256 hash: c16afb484f67ae588139407aa4c06cad8fe1280740a9a7639950ad2ff6efd51a
Encoding signed superblob...
Writing superblob to MachO...
Applying App Store code directory...
Adding new signature blob...
Updating TeamID...
TeamID set to T8ALTGMVXN!
Doing initial signing to calculate size...
SHA1 hash: 51f9bca295be9c2e1dee77d093ce0fcf3fc93450
SHA256 hash: 62b5dc6bcbc369019ee6e0199dcf39a0852c05daf4bcf4e53e9edffb5f450b32
Encoding unsigned superblob...
Updating load commands...
Updating __LINKEDIT segment...
Updating LC_CODE_SIGNATURE load command...
Updating code slot hashes...
Signing binary...
SHA1 hash: 51f9bca295be9c2e1dee77d093ce0fcf3fc93450
SHA256 hash: cb77e64359a2aebe79ccbf1dbfc9999a0576239f2bc7247556d79b7a12267a73
Encoding signed superblob...
Writing superblob to MachO...
Applying App Store code directory...
Adding new signature blob...
Updating TeamID...
TeamID set to T8ALTGMVXN!
Doing initial signing to calculate size...
SHA1 hash: 51f9bca295be9c2e1dee77d093ce0fcf3fc93450
SHA256 hash: ec8134ac55de8e1273f11e6fb28bcdca69e8c46901aa2bd0c1a0dfdea1757511
Encoding unsigned superblob...
Updating load commands...
Updating __LINKEDIT segment...
Updating LC_CODE_SIGNATURE load command...
Updating code slot hashes...
Signing binary...
SHA1 hash: 51f9bca295be9c2e1dee77d093ce0fcf3fc93450
SHA256 hash: b2be8ceedbbf413c09e7ad2a6f419bdffb8ca36701b1c1ae60dab562f45ae5b6
Encoding signed superblob...
Writing superblob to MachO...
Applying App Store code directory...
Adding new signature blob...
Updating TeamID...
TeamID set to T8ALTGMVXN!
Doing initial signing to calculate size...
SHA1 hash: 51f9bca295be9c2e1dee77d093ce0fcf3fc93450
SHA256 hash: c7c609cd220025c6b16c5b94bd8a4688eeda4071c980df3fa2d6aafc9aea7b7f
Encoding unsigned superblob...
Updating load commands...
Updating __LINKEDIT segment...
Updating LC_CODE_SIGNATURE load command...
Updating code slot hashes...
Signing binary...
SHA1 hash: 51f9bca295be9c2e1dee77d093ce0fcf3fc93450
SHA256 hash: 2ff7accd509824bd227ca947cc1da1aa9d8ea59b53fe491712794d12103efa13
Encoding signed superblob...
Writing superblob to MachO...
Applying App Store code directory...
Adding new signature blob...
Updating TeamID...
TeamID set to T8ALTGMVXN!
Doing initial signing to calculate size...
SHA1 hash: 51f9bca295be9c2e1dee77d093ce0fcf3fc93450
SHA256 hash: 4479d3f5dce4759cb431aaab7ae22e71bc8a3abcb3754466b286bab784f97462
Encoding unsigned superblob...
Updating load commands...
Updating __LINKEDIT segment...
Updating LC_CODE_SIGNATURE load command...
Updating code slot hashes...
Signing binary...
SHA1 hash: 51f9bca295be9c2e1dee77d093ce0fcf3fc93450
SHA256 hash: 44a0bbea9464f6382751b90d70480c22f1ee105a8b8d7e1235af9a8033b74dae
Encodi2026-08-24 00:03:06.250 trollstorehelper[26207:133634] [/private/var/tmp/9CA504FC-A788-46B5-A619-07ACF5630D64/Payload/Juice.app/Grape/build/wine-ios/loader/wine] Applied CoreTrust bypass!
2026-08-24 00:03:06.250 trollstorehelper[26207:133634] /private/var/tmp/9CA504FC-A788-46B5-A619-07ACF5630D64/Payload/Juice.app/Grape/build/wine-ios/dlls/opengl32/opengl32.so is binary
2026-08-24 00:03:06.254 trollstorehelper[26207:133634] [/private/var/tmp/9CA504FC-A788-46B5-A619-07ACF5630D64/Payload/Juice.app/Grape/build/wine-ios/dlls/opengl32/opengl32.so] Applying CoreTrust bypass...
2026-08-24 00:03:06.259 trollstorehelper[26207:133634] [/private/var/tmp/9CA504FC-A788-46B5-A619-07ACF5630D64/Payload/Juice.app/Grape/build/wine-ios/dlls/opengl32/opengl32.so] Applied CoreTrust bypass!
2026-08-24 00:03:06.259 trollstorehelper[26207:133634] /private/var/tmp/9CA504FC-A788-46B5-A619-07ACF5630D64/Payload/Juice.app/Grape/build/wine-ios/dlls/wineios.drv/wineios.so is binary
2026-08-24 00:03:06.260 trollstorehelper[26207:133634] [/private/var/tmp/9CA504FC-A788-46B5-A619-07ACF5630D64/Payload/Juice.app/Grape/build/wine-ios/dlls/wineios.drv/wineios.so] Applying CoreTrust bypass...
2026-08-24 00:03:06.263 trollstorehelper[26207:133634] [/private/var/tmp/9CA504FC-A788-46B5-A619-07ACF5630D64/Payload/Juice.app/Grape/build/wine-ios/dlls/wineios.drv/wineios.so] Applied CoreTrust bypass!
2026-08-24 00:03:06.263 trollstorehelper[26207:133634] /private/var/tmp/9CA504FC-A788-46B5-A619-07ACF5630D64/Payload/Juice.app/Grape/build/wine-ios/dlls/ws2_32/ws2_32.so is binary
2026-08-24 00:03:06.264 trollstorehelper[26207:133634] [/private/var/tmp/9CA504FC-A788-46B5-A619-07ACF5630D64/Payload/Juice.app/Grape/build/wine-ios/dlls/ws2_32/ws2_32.so] Applying CoreTrust bypass...
2026-08-24 00:03:06.267 trollstorehelper[26207:133634] [/private/var/tmp/9CA504FC-A788-46B5-A619-07ACF5630D64/Payload/Juice.app/Grape/build/wine-ios/dlls/ws2_32/ws2_32.so] Applied CoreTrust bypass!
2026-08-24 00:03:06.267 trollstorehelper[26207:133634] /private/var/tmp/9CA504FC-A788-46B5-A619-07ACF5630D64/Payload/Juice.app/Grape/build/wine-ios/dlls/ntdll/ntdll.so is binary
2026-08-24 00:03:06.268 trollstorehelper[26207:133634] [/private/var/tmp/9CA504FC-A788-46B5-A619-07ACF5630D64/Payload/Juice.app/Grape/build/wine-ios/dlls/ntdll/ntdll.so] Applying CoreTrust bypass...
2026-08-24 00:03:06.272 trollstorehelper[26207:133634] [/private/var/tmp/9CA504FC-A788-46B5-A619-07ACF5630D64/Payload/Juice.app/Grape/build/wine-ios/dlls/ntdll/ntdll.so] Applied CoreTrust bypass!
2026-08-24 00:03:06.272 trollstorehelper[26207:133634] /private/var/tmp/9CA504FC-A788-46B5-A619-07ACF5630D64/Payload/Juice.app/Grape/build/wine-ios/dlls/dwrite/dwrite.so is binary
2026-08-24 00:03:06.274 trollstorehelper[26207:133634] [/private/var/tmp/9CA504FC-A788-46B5-A619-07ACF5630D64/Payload/Juice.app/Grape/build/wine-ios/dlls/dwrite/dwrite.so] Applying CoreTrust bypass...
2026-08-24 00:03:06.278 trollstorehelper[26207:133634] [/private/var/tmp/9CA504FC-A788-46B5-A619-07ACF5630D64/Payload/Juice.app/Grape/build/wine-ios/dlls/dwrite/dwrite.so] Applied CoreTrust bypass!
2026-08-24 00:03:06.278 trollstorehelper[26207:133634] /private/var/tmp/9CA504FC-A788-46B5-A619-07ACF5630D64/Payload/Juice.app/Grape/build/wine-ios/dlls/winevulkan/winevulkan.so is binary
2026-08-24 00:03:06.280 trollstorehelper[26207:133634] [/private/var/tmp/9CA504FC-A788-46B5-A619-07ACF5630D64/Payload/Juice.app/Grape/build/wine-ios/dlls/winevulkan/winevulkan.so] Applying CoreTrust bypass...
2026-08-24 00:03:06.284 trollstorehelper[26207:133634] [/private/var/tmp/9CA504FC-A788-46B5-A619-07ACF5630D64/Payload/Juice.app/Grape/build/wine-ios/dlls/winevulkan/winevulkan.so] Applied CoreTrust bypass!
2026-08-24 00:03:06.284 trollstorehelper[26207:133634] /private/var/tmp/9CA504FC-A788-46B5-A619-07ACF5630D64/Payload/Juice.app/Grape/build/wine-ios/dlls/secur32/secur32.so is binary
2026-08-24 00:03:06.285 trollstorehelper[26207:133634] [/private/var/tmp/9CA504FC-A788-46B5-A619-07ACF5630D64/Payload/Juice.app/Grape/build/wine-ios/dlls/secur32/secur32.so] Applying CoreTrust bypass...
ng signed superblob...
Writing superblob to MachO...
Applying App Store code directory...
Adding new signature blob...
Updating TeamID...
TeamID set to T8ALTGMVXN!
Doing initial signing to calculate size...
SHA1 hash: 51f9bca295be9c2e1dee77d093ce0fcf3fc93450
SHA256 hash: 7acaa09235adb0573ca9108662eb113a244ee84b74911562aa21e1f5cf285e03
Encoding unsigned superblob...
Updating load commands...
Updating __LINKEDIT segment...
Updating LC_CODE_SIGNATURE load command...
Updating code slot hashes...
Signing binary...
SHA1 hash: 51f9bca295be9c2e1dee77d093ce0fcf3fc93450
SHA256 hash: e92d6f442b59b9bcd8d13b106ee2f183b640f5829b701a250fa384b4988127c3
Encoding signed superblob...
Writing superblob to MachO...
Applying App Store code directory...
Adding new signature blob...
Updating TeamID...
TeamID set to T8ALTGMVXN!
Doing initial signing to calculate size...
SHA1 hash: 51f9bca295be9c2e1dee77d093ce0fcf3fc93450
SHA256 hash: 4f70c75f3fc180c692ecb89273bc1525e5d6ea9d96a1585482e8495fc84817a7
Encoding unsigned superblob...
Updating load commands...
Updating __LINKEDIT segment...
Updating LC_CODE_SIGNATURE load command...
Updating code slot hashes...
Signing binary...
SHA1 hash: 51f9bca295be9c2e1dee77d093ce0fcf3fc93450
SHA256 hash: bf12141d59b09cfb0c9e6952aede49497d77159e5c4d2ad324dd71092c399086
Encoding signed superblob...
Writing superblob to MachO...
Applying App Store code directory...
Adding new signature blob...
Updating TeamID...
TeamID set to T8ALTGMVXN!
Doing initial signing to calculate size...
SHA1 hash: 51f9bca295be9c2e1dee77d093ce0fcf3fc93450
SHA256 hash: 581cac172ec0d1fdce963b01329109d86297dbbaed61b394e0f088c2041405d0
Encoding unsigned superblob...
Updating load commands...
Updating __LINKEDIT segment...
Updating LC_CODE_SIGNATURE load command...
Updating code slot hashes...
Signing binary...
SHA1 hash: 51f9bca295be9c2e1dee77d093ce0fcf3fc93450
SHA256 hash: 0ed532aae2d5d13e2b8324266f9dd58dbfa73a9513612b887d7858b7edbc40ba
Encoding signed superblob...
Writing superblob to MachO...
Applying App Store code directory...
Adding new signature blob...
Updating TeamID...
TeamID set to T8ALTGMVXN!
Doing initial signing to calculate size...
SHA1 hash: 51f9bca295be9c2e1dee77d093ce0fcf3fc93450
SHA256 hash: bad13658ae6ba717dfbbaff5b80a7bcb307766e7ceb44a024b75c39dd1a7ea45
Encoding unsigned superblob...
Updating load commands...
Updating __LINKEDIT segment...
Updating LC_CODE_SIGNATURE load command...
Updating code slot hashes...
Signing binary...
SHA1 hash: 51f9bca295be9c2e1dee77d093ce0fcf3fc93450
SHA256 hash: 8a34b306f64f952beada8230763adc6208a59ed081f3f9bafc19dc19629f0216
Encoding signed superblob...
Writing superblob to MachO...
Applying App Store code directory...
Adding new signature blob...
Updating TeamID...
TeamID set to T8ALTGMVXN!
Doing initial signing to calculate size...
SHA1 hash: 51f9bca295be9c2e1dee77d093ce0fcf3fc93450
SHA256 hash: 4c22d1a62ed2ce2202e33f8e4cc44f1c2c6e93da2e60a1f4390ad72770d9c7cd
Encoding unsigned superblob...
Updating load commands...
Updating __LINKEDIT segment...
Updating LC_CODE_SIGNATURE load command...
Updating code slot hashes...
Signing binary...
SHA1 hash: 51f9bca295be9c2e1dee77d093ce0fcf3fc93450
SHA256 hash: ac03a2b1c4372a561a551a37b8c457a054eba4401d33d1c45fe168e463bc5570
Encoding signed superblob...
Writing superblob to MachO...
Applying App Store code directory...
Adding new signature blob...
Updating TeamID...
TeamID set to T8ALTGMVXN!
Doing initial signing to calculate size...
SHA1 hash: 51f9bca295be9c2e1dee77d093ce0fcf3fc93450
SHA256 hash: ec8134ac55de8e1273f11e6fb28bcdca69e8c46901aa2bd0c1a0dfdea1757511
Encoding unsigned superblob...
Updating load commands...
Updating __LINKEDIT segment...
Updating LC_CODE_SIGNATURE load command...
Updating code slot hashes...
Signing binary...
SHA1 hash: 51f9bca295be9c2e1dee77d093ce0fcf3fc93450
SHA256 hash: b2be8ceedbbf413c09e7ad2a6f419bdffb8ca36701b1c1ae60dab562f45ae5b6
Encoding signed superblob...
Writing superblob to MachO...
Applying App Store code directory...
Adding new signature blob...
Updating TeamID...
TeamID set to T8ALTGMVXN!
Doing initial signing to c2026-08-24 00:03:06.288 trollstorehelper[26207:133634] [/private/var/tmp/9CA504FC-A788-46B5-A619-07ACF5630D64/Payload/Juice.app/Grape/build/wine-ios/dlls/secur32/secur32.so] Applied CoreTrust bypass!
2026-08-24 00:03:06.288 trollstorehelper[26207:133634] /private/var/tmp/9CA504FC-A788-46B5-A619-07ACF5630D64/Payload/Juice.app/Grape/build/wine-ios/dlls/crypt32/crypt32.so is binary
2026-08-24 00:03:06.289 trollstorehelper[26207:133634] [/private/var/tmp/9CA504FC-A788-46B5-A619-07ACF5630D64/Payload/Juice.app/Grape/build/wine-ios/dlls/crypt32/crypt32.so] Applying CoreTrust bypass...
2026-08-24 00:03:06.292 trollstorehelper[26207:133634] [/private/var/tmp/9CA504FC-A788-46B5-A619-07ACF5630D64/Payload/Juice.app/Grape/build/wine-ios/dlls/crypt32/crypt32.so] Applied CoreTrust bypass!
2026-08-24 00:03:06.292 trollstorehelper[26207:133634] /private/var/tmp/9CA504FC-A788-46B5-A619-07ACF5630D64/Payload/Juice.app/Grape/build/wine-ios/dlls/mountmgr.sys/mountmgr.so is binary
2026-08-24 00:03:06.293 trollstorehelper[26207:133634] [/private/var/tmp/9CA504FC-A788-46B5-A619-07ACF5630D64/Payload/Juice.app/Grape/build/wine-ios/dlls/mountmgr.sys/mountmgr.so] Applying CoreTrust bypass...
2026-08-24 00:03:06.296 trollstorehelper[26207:133634] [/private/var/tmp/9CA504FC-A788-46B5-A619-07ACF5630D64/Payload/Juice.app/Grape/build/wine-ios/dlls/mountmgr.sys/mountmgr.so] Applied CoreTrust bypass!
2026-08-24 00:03:06.297 trollstorehelper[26207:133634] /private/var/tmp/9CA504FC-A788-46B5-A619-07ACF5630D64/Payload/Juice.app/Grape/build/wine-ios/dlls/dnsapi/dnsapi.so is binary
2026-08-24 00:03:06.297 trollstorehelper[26207:133634] [/private/var/tmp/9CA504FC-A788-46B5-A619-07ACF5630D64/Payload/Juice.app/Grape/build/wine-ios/dlls/dnsapi/dnsapi.so] Applying CoreTrust bypass...
2026-08-24 00:03:06.301 trollstorehelper[26207:133634] [/private/var/tmp/9CA504FC-A788-46B5-A619-07ACF5630D64/Payload/Juice.app/Grape/build/wine-ios/dlls/dnsapi/dnsapi.so] Applied CoreTrust bypass!
2026-08-24 00:03:06.301 trollstorehelper[26207:133634] /private/var/tmp/9CA504FC-A788-46B5-A619-07ACF5630D64/Payload/Juice.app/Grape/build/wine-ios/dlls/win32u/win32u.so is binary
2026-08-24 00:03:06.306 trollstorehelper[26207:133634] [/private/var/tmp/9CA504FC-A788-46B5-A619-07ACF5630D64/Payload/Juice.app/Grape/build/wine-ios/dlls/win32u/win32u.so] Applying CoreTrust bypass...
2026-08-24 00:03:06.312 trollstorehelper[26207:133634] [/private/var/tmp/9CA504FC-A788-46B5-A619-07ACF5630D64/Payload/Juice.app/Grape/build/wine-ios/dlls/win32u/win32u.so] Applied CoreTrust bypass!
2026-08-24 00:03:06.313 trollstorehelper[26207:133634] /private/var/tmp/9CA504FC-A788-46B5-A619-07ACF5630D64/Payload/Juice.app/Libraries/libp11-kit.0.dylib is binary
2026-08-24 00:03:06.315 trollstorehelper[26207:133634] [/private/var/tmp/9CA504FC-A788-46B5-A619-07ACF5630D64/Payload/Juice.app/Libraries/libp11-kit.0.dylib] Applying CoreTrust bypass...
2026-08-24 00:03:06.320 trollstorehelper[26207:133634] [/private/var/tmp/9CA504FC-A788-46B5-A619-07ACF5630D64/Payload/Juice.app/Libraries/libp11-kit.0.dylib] Applied CoreTrust bypass!
2026-08-24 00:03:06.320 trollstorehelper[26207:133634] /private/var/tmp/9CA504FC-A788-46B5-A619-07ACF5630D64/Payload/Juice.app/Libraries/libiosexec.1.dylib is binary
2026-08-24 00:03:06.321 trollstorehelper[26207:133634] [/private/var/tmp/9CA504FC-A788-46B5-A619-07ACF5630D64/Payload/Juice.app/Libraries/libiosexec.1.dylib] Applying CoreTrust bypass...
alculate size...
SHA1 hash: 51f9bca295be9c2e1dee77d093ce0fcf3fc93450
SHA256 hash: 59c38252d0626c66dd3127def405e6f3131f69cbcdb371c4adc8944f337c2c54
Encoding unsigned superblob...
Updating load commands...
Updating __LINKEDIT segment...
Updating LC_CODE_SIGNATURE load command...
Updating code slot hashes...
Signing binary...
SHA1 hash: 51f9bca295be9c2e1dee77d093ce0fcf3fc93450
SHA256 hash: c16afb484f67ae588139407aa4c06cad8fe1280740a9a7639950ad2ff6efd51a
Encoding signed superblob...
Writing superblob to MachO...
Applying App Store code directory...
Adding new signature blob...
Updating TeamID...
TeamID set to T8ALTGMVXN!
Doing initial signing to calculate size...
SHA1 hash: 51f9bca295be9c2e1dee77d093ce0fcf3fc93450
SHA256 hash: cad5f9113104c42b10b14b9fd3c25efe5428d1b3f8f1bbb9369593e51b605338
Encoding unsigned superblob...
Updating load commands...
Updating __LINKEDIT segment...
Updating LC_CODE_SIGNATURE load command...
Updating code slot hashes...
Signing binary...
SHA1 hash: 51f9bca295be9c2e1dee77d093ce0fcf3fc93450
SHA256 hash: d6f2e13cb7f89374c05fefc19dd9fa60aed850f219b1e9b2c4fcd34be2f3846d
Encoding signed superblob...
Writing superblob to MachO...
Applying App Store code directory...
Adding new signature blob...
Updating TeamID...
TeamID set to T8ALTGMVXN!
Doing initial signing to calculate size...
SHA1 hash: 51f9bca295be9c2e1dee77d093ce0fcf3fc93450
SHA256 hash: 62b5dc6bcbc369019ee6e0199dcf39a0852c05daf4bcf4e53e9edffb5f450b32
Encoding unsigned superblob...
Updating load commands...
Updating __LINKEDIT segment...
Updating LC_CODE_SIGNATURE load command...
Updating code slot hashes...
Signing binary...
SHA1 hash: 51f9bca295be9c2e1dee77d093ce0fcf3fc93450
SHA256 hash: cb77e64359a2aebe79ccbf1dbfc9999a0576239f2bc7247556d79b7a12267a73
Encoding signed superblob...
Writing superblob to MachO...
Applying App Store code directory...
Adding new signature blob...
Updating TeamID...
TeamID set to T8ALTGMVXN!
Doing initial signing to calculate size...
SHA1 hash: 51f9bca295be9c2e1dee77d093ce0fcf3fc93450
SHA256 hash: 4ff50f379ff6fd2b3b6757b1498de2cb5145faebfd306d26b5ca57861a9e22fc
Encoding unsigned superblob...
Updating load commands...
Updating __LINKEDIT segment...
Updating LC_CODE_SIGNATURE load command...
Updating code slot hashes...
Signing binary...
SHA1 hash: 51f9bca295be9c2e1dee77d093ce0fcf3fc93450
SHA256 hash: 3ec0e1c9e52700915cf048b28bbd7cb69cc7d118dce8934d1fc1aa19e35d4348
Encoding signed superblob...
Writing superblob to MachO...
Applying App Store code directory...
Adding new signature blob...
Updating TeamID...
TeamID set to T8ALTGMVXN!
Doing initial signing to calculate size...
SHA1 hash: 51f9bca295be9c2e1dee77d093ce0fcf3fc93450
SHA256 hash: 8e021b384a09e4ccfea9bdb38df96156f8196f0fc91b10f8e73278723fea1f68
Encoding unsigned superblob...
Updating load commands...
Updating __LINKEDIT segment...
Updating LC_CODE_SIGNATURE load command...
Updating code slot hashes...
Signing binary...
SHA1 hash: 51f9bca295be9c2e1dee77d093ce0fcf3fc93450
SHA256 hash: a6d316a50de628c316313abab29c3d89adb1f4c7cf251ca0d9d05939a6850d03
Encoding signed superblob...
Writing superblob to MachO...
Applying App Store code directory...
Adding new signature blob...
Updating TeamID...
TeamID set to T8ALTGMVXN!
Doing initial signing to calculate size...
SHA1 hash: 51f9bca295be9c2e1dee77d093ce0fcf3fc93450
SHA256 hash: 88190baba7d2cb6a1953524fc411ae2d39198cfa15ba05361c8e49caebcfb550
Encoding unsigned superblob...
Updating load commands...
Updating __LINKEDIT segment...
Updating LC_CODE_SIGNATURE load command...
Updating code slot hashes...
Signing binary...
SHA1 hash: 51f9bca295be9c2e1dee77d093ce0fcf3fc93450
SHA256 hash: 9c4d33d353f77e558f85285e98cf1ab26312b9ab69a23003c2bd274e6879737c
Encoding signed superblob...
Writing superblob to MachO...
Applying App Store code directory...
Adding new signature blob...
Updating TeamID...
TeamID set to T8ALTGMVXN!
Doing initial signing to calculate size...
SHA1 hash: 51f9bca295be9c2e1dee77d093ce0fcf3fc93450
SHA256 hash: 52b32ba806b393be201c75b9ad6287877f7213447ba93e64d92549c8ffac67eb
Encoding unsigned superblob...
Updating loa2026-08-24 00:03:06.325 trollstorehelper[26207:133634] [/private/var/tmp/9CA504FC-A788-46B5-A619-07ACF5630D64/Payload/Juice.app/Libraries/libiosexec.1.dylib] Applied CoreTrust bypass!
2026-08-24 00:03:06.325 trollstorehelper[26207:133634] /private/var/tmp/9CA504FC-A788-46B5-A619-07ACF5630D64/Payload/Juice.app/Libraries/libffi.8.dylib is binary
2026-08-24 00:03:06.326 trollstorehelper[26207:133634] [/private/var/tmp/9CA504FC-A788-46B5-A619-07ACF5630D64/Payload/Juice.app/Libraries/libffi.8.dylib] Applying CoreTrust bypass...
2026-08-24 00:03:06.329 trollstorehelper[26207:133634] [/private/var/tmp/9CA504FC-A788-46B5-A619-07ACF5630D64/Payload/Juice.app/Libraries/libffi.8.dylib] Applied CoreTrust bypass!
2026-08-24 00:03:06.329 trollstorehelper[26207:133634] /private/var/tmp/9CA504FC-A788-46B5-A619-07ACF5630D64/Payload/Juice.app/Libraries/libbrotlidec.1.dylib is binary
2026-08-24 00:03:06.330 trollstorehelper[26207:133634] [/private/var/tmp/9CA504FC-A788-46B5-A619-07ACF5630D64/Payload/Juice.app/Libraries/libbrotlidec.1.dylib] Applying CoreTrust bypass...
2026-08-24 00:03:06.333 trollstorehelper[26207:133634] [/private/var/tmp/9CA504FC-A788-46B5-A619-07ACF5630D64/Payload/Juice.app/Libraries/libbrotlidec.1.dylib] Applied CoreTrust bypass!
2026-08-24 00:03:06.333 trollstorehelper[26207:133634] /private/var/tmp/9CA504FC-A788-46B5-A619-07ACF5630D64/Payload/Juice.app/Libraries/libgnutls.30.dylib is binary
2026-08-24 00:03:06.345 trollstorehelper[26207:133634] [/private/var/tmp/9CA504FC-A788-46B5-A619-07ACF5630D64/Payload/Juice.app/Libraries/libgnutls.30.dylib] Applying CoreTrust bypass...
2026-08-24 00:03:06.350 trollstorehelper[26207:133634] [/private/var/tmp/9CA504FC-A788-46B5-A619-07ACF5630D64/Payload/Juice.app/Libraries/libgnutls.30.dylib] Applied CoreTrust bypass!
2026-08-24 00:03:06.350 trollstorehelper[26207:133634] /private/var/tmp/9CA504FC-A788-46B5-A619-07ACF5630D64/Payload/Juice.app/Libraries/libbrotlicommon.1.dylib is binary
2026-08-24 00:03:06.351 trollstorehelper[26207:133634] [/private/var/tmp/9CA504FC-A788-46B5-A619-07ACF5630D64/Payload/Juice.app/Libraries/libbrotlicommon.1.dylib] Applying CoreTrust bypass...
2026-08-24 00:03:06.354 trollstorehelper[26207:133634] [/private/var/tmp/9CA504FC-A788-46B5-A619-07ACF5630D64/Payload/Juice.app/Libraries/libbrotlicommon.1.dylib] Applied CoreTrust bypass!
2026-08-24 00:03:06.355 trollstorehelper[26207:133634] /private/var/tmp/9CA504FC-A788-46B5-A619-07ACF5630D64/Payload/Juice.app/Libraries/libtasn1.6.dylib is binary
2026-08-24 00:03:06.355 trollstorehelper[26207:133634] [/private/var/tmp/9CA504FC-A788-46B5-A619-07ACF5630D64/Payload/Juice.app/Libraries/libtasn1.6.dylib] Applying CoreTrust bypass...
2026-08-24 00:03:06.359 trollstorehelper[26207:133634] [/private/var/tmp/9CA504FC-A788-46B5-A619-07ACF5630D64/Payload/Juice.app/Libraries/libtasn1.6.dylib] Applied CoreTrust bypass!
2026-08-24 00:03:06.359 trollstorehelper[26207:133634] /private/var/tmp/9CA504FC-A788-46B5-A619-07ACF5630D64/Payload/Juice.app/Libraries/libidn2.0.dylib is binary
2026-08-24 00:03:06.360 trollstorehelper[26207:133634] [/private/var/tmp/9CA504FC-A788-46B5-A619-07ACF5630D64/Payload/Juice.app/Libraries/libidn2.0.dylib] Applying CoreTrust bypass...
d commands...
Updating __LINKEDIT segment...
Updating LC_CODE_SIGNATURE load command...
Updating code slot hashes...
Signing binary...
SHA1 hash: 51f9bca295be9c2e1dee77d093ce0fcf3fc93450
SHA256 hash: 4cd27c188dde32987132093a9a0520ac6f9ce92d9f252dc3676503d94a9717b3
Encoding signed superblob...
Writing superblob to MachO...
Applying App Store code directory...
Adding new signature blob...
Updating TeamID...
TeamID set to T8ALTGMVXN!
Doing initial signing to calculate size...
SHA1 hash: 51f9bca295be9c2e1dee77d093ce0fcf3fc93450
SHA256 hash: cc0e379ef5f42f16b014982388058f4ed5cefd194f6436c471f647c10c29dd4f
Encoding unsigned superblob...
Updating load commands...
Updating __LINKEDIT segment...
Updating LC_CODE_SIGNATURE load command...
Updating code slot hashes...
Signing binary...
SHA1 hash: 51f9bca295be9c2e1dee77d093ce0fcf3fc93450
SHA256 hash: 4a50dfcdf0210a0c05a42bf0d3e624b944cefc31e26e312e7ae49e608db1c707
Encoding signed superblob...
Writing superblob to MachO...
Applying App Store code directory...
Adding new signature blob...
Updating TeamID...
TeamID set to T8ALTGMVXN!
Doing initial signing to calculate size...
SHA1 hash: 51f9bca295be9c2e1dee77d093ce0fcf3fc93450
SHA256 hash: f2f5b7a28d78c630d0b678b819b660df89e72d4eff63a62b187f5940c86574e3
Encoding unsigned superblob...
Updating load commands...
Updating __LINKEDIT segment...
Updating LC_CODE_SIGNATURE load command...
Updating code slot hashes...
Signing binary...
SHA1 hash: 51f9bca295be9c2e1dee77d093ce0fcf3fc93450
SHA256 hash: beced81cbbb3ed8cad06dc7f7bf36b9198c53433b8c9f0356c1a2e027f551db4
Encoding signed superblob...
Writing superblob to MachO...
Applying App Store code directory...
Adding new signature blob...
Updating TeamID...
TeamID set to T8ALTGMVXN!
Doing initial signing to calculate size...
SHA1 hash: 51f9bca295be9c2e1dee77d093ce0fcf3fc93450
SHA256 hash: de120f61ca819e072adf01473208a38a735a7af144aa8aa2a795e6c8df6d15e5
Encoding unsigned superblob...
Updating load commands...
Updating __LINKEDIT segment...
Updating LC_CODE_SIGNATURE load command...
Updating code slot hashes...
Signing binary...
SHA1 hash: 51f9bca295be9c2e1dee77d093ce0fcf3fc93450
SHA256 hash: 416bac1f5afe3f292caf6bf2828329ff584b46537f7a84b528c0c1dbaac8987d
Encoding signed superblob...
Writing superblob to MachO...
Applying App Store code directory...
Adding new signature blob...
Updating TeamID...
TeamID set to T8ALTGMVXN!
Doing initial signing to calculate size...
SHA1 hash: 51f9bca295be9c2e1dee77d093ce0fcf3fc93450
SHA256 hash: f0ac674e6507801a434b5cfc6bae499546016d43a2c806334c0502f1a4f6c0e6
Encoding unsigned superblob...
Updating load commands...
Updating __LINKEDIT segment...
Updating LC_CODE_SIGNATURE load command...
Updating code slot hashes...
Signing binary...
SHA1 hash: 51f9bca295be9c2e1dee77d093ce0fcf3fc93450
SHA256 hash: 46fd72d62998e83bc0715288db9d47ef5933e6bc34afb4a928a9ea2acb68e8e0
Encoding signed superblob...
Writing superblob to MachO...
Applying App Store code directory...
Adding new signature blob...
Updating TeamID...
TeamID set to T8ALTGMVXN!
Doing initial signing to calculate size...
SHA1 hash: 51f9bca295be9c2e1dee77d093ce0fcf3fc93450
SHA256 hash: 661dd4ba3d77c2858e60db90e0499d0b0308301278afcff58ac01c811a3ba307
Encoding unsigned superblob...
Updating load commands...
Updating __LINKEDIT segment...
Updating LC_CODE_SIGNATURE load command...
Updating code slot hashes...
Signing binary...
SHA1 hash: 51f9bca295be9c2e1dee77d093ce0fcf3fc93450
SHA256 hash: 01787223fa5d2ad2a39a9349f0a2d661fd6dc0081f75f0ab74cae4926799ee0c
Encoding signed superblob...
Writing superblob to MachO...
Applying App Store code directory...
Adding new signature blob...
Updating TeamID...
TeamID set to T8ALTGMVXN!
Doing initial signing to calculate size...
SHA1 hash: 51f9bca295be9c2e1dee77d093ce0fcf3fc93450
SHA256 hash: ebf5ebb76c84914b1db6cab4ad19829618d2488b06eb3986983d78622a45370a
Encoding unsigned superblob...
Updating load commands...
Updating __LINKEDIT segment...
Updating LC_CODE_SIGNATURE load command...
Updating code slot hashes...
Signing binary...
SHA1 hash: 51f9bca295be9c2e1dee77d093ce0fcf3fc93450
SHA2026-08-24 00:03:06.363 trollstorehelper[26207:133634] [/private/var/tmp/9CA504FC-A788-46B5-A619-07ACF5630D64/Payload/Juice.app/Libraries/libidn2.0.dylib] Applied CoreTrust bypass!
2026-08-24 00:03:06.364 trollstorehelper[26207:133634] /private/var/tmp/9CA504FC-A788-46B5-A619-07ACF5630D64/Payload/Juice.app/Libraries/j1 is binary
2026-08-24 00:03:06.364 trollstorehelper[26207:133634] [/private/var/tmp/9CA504FC-A788-46B5-A619-07ACF5630D64/Payload/Juice.app/Libraries/j1] Applying CoreTrust bypass...
2026-08-24 00:03:06.368 trollstorehelper[26207:133634] [/private/var/tmp/9CA504FC-A788-46B5-A619-07ACF5630D64/Payload/Juice.app/Libraries/j1] Applied CoreTrust bypass!
2026-08-24 00:03:06.368 trollstorehelper[26207:133634] /private/var/tmp/9CA504FC-A788-46B5-A619-07ACF5630D64/Payload/Juice.app/Libraries/j6 is binary
2026-08-24 00:03:06.369 trollstorehelper[26207:133634] [/private/var/tmp/9CA504FC-A788-46B5-A619-07ACF5630D64/Payload/Juice.app/Libraries/j6] Applying CoreTrust bypass...
2026-08-24 00:03:06.372 trollstorehelper[26207:133634] [/private/var/tmp/9CA504FC-A788-46B5-A619-07ACF5630D64/Payload/Juice.app/Libraries/j6] Applied CoreTrust bypass!
2026-08-24 00:03:06.372 trollstorehelper[26207:133634] /private/var/tmp/9CA504FC-A788-46B5-A619-07ACF5630D64/Payload/Juice.app/Libraries/libbrotlienc.1.dylib is binary
2026-08-24 00:03:06.374 trollstorehelper[26207:133634] [/private/var/tmp/9CA504FC-A788-46B5-A619-07ACF5630D64/Payload/Juice.app/Libraries/libbrotlienc.1.dylib] Applying CoreTrust bypass...
2026-08-24 00:03:06.378 trollstorehelper[26207:133634] [/private/var/tmp/9CA504FC-A788-46B5-A619-07ACF5630D64/Payload/Juice.app/Libraries/libbrotlienc.1.dylib] Applied CoreTrust bypass!
2026-08-24 00:03:06.378 trollstorehelper[26207:133634] /private/var/tmp/9CA504FC-A788-46B5-A619-07ACF5630D64/Payload/Juice.app/Libraries/liblz4.1.9.4.dylib is binary
2026-08-24 00:03:06.379 trollstorehelper[26207:133634] [/private/var/tmp/9CA504FC-A788-46B5-A619-07ACF5630D64/Payload/Juice.app/Libraries/liblz4.1.9.4.dylib] Applying CoreTrust bypass...
2026-08-24 00:03:06.383 trollstorehelper[26207:133634] [/private/var/tmp/9CA504FC-A788-46B5-A619-07ACF5630D64/Payload/Juice.app/Libraries/liblz4.1.9.4.dylib] Applied CoreTrust bypass!
2026-08-24 00:03:06.383 trollstorehelper[26207:133634] /private/var/tmp/9CA504FC-A788-46B5-A619-07ACF5630D64/Payload/Juice.app/Libraries/j0 is binary
2026-08-24 00:03:06.384 trollstorehelper[26207:133634] [/private/var/tmp/9CA504FC-A788-46B5-A619-07ACF5630D64/Payload/Juice.app/Libraries/j0] Applying CoreTrust bypass...
2026-08-24 00:03:06.387 trollstorehelper[26207:133634] [/private/var/tmp/9CA504FC-A788-46B5-A619-07ACF5630D64/Payload/Juice.app/Libraries/j0] Applied CoreTrust bypass!
2026-08-24 00:03:06.388 trollstorehelper[26207:133634] /private/var/tmp/9CA504FC-A788-46B5-A619-07ACF5630D64/Payload/Juice.app/Libraries/libbrotlidec.1.1.0.dylib is binary
2026-08-24 00:03:06.388 trollstorehelper[26207:133634] [/private/var/tmp/9CA504FC-A788-46B5-A619-07ACF5630D64/Payload/Juice.app/Libraries/libbrotlidec.1.1.0.dylib] Applying CoreTrust bypass...
2026-08-24 00:03:06.392 trollstorehelper[26207:133634] [/private/var/tmp/9CA504FC-A788-46B5-A619-07ACF5630D64/Payload/Juice.app/Libraries/libbrotlidec.1.1.0.dylib] Applied CoreTrust bypass!
2026-08-24 00:03:06.392 trollstorehelper[26207:133634] /private/var/tmp/9CA504FC-A788-46B5-A619-07ACF5630D64/Payload/Juice.app/Libraries/libbrotlicommon.1.1.0.dylib is binary
2026-08-24 00:03:06.393 trollstorehelper[26207:133634] [/private/var/tmp/9CA504FC-A788-46B5-A619-07ACF5630D64/Payload/Juice.app/Libraries/libbrotlicommon.1.1.0.dylib] Applying CoreTrust bypass...
256 hash: f474cac7e64bf2be69f55948f216955414d716615506a6c0f77bada9fddc1e14
Encoding signed superblob...
Writing superblob to MachO...
Applying App Store code directory...
Adding new signature blob...
Updating TeamID...
TeamID set to T8ALTGMVXN!
Doing initial signing to calculate size...
SHA1 hash: 51f9bca295be9c2e1dee77d093ce0fcf3fc93450
SHA256 hash: 78078dc6b6eb8027c1197c85c2abbbe3c65acc171e09e9b5d00df77521a5b2b6
Encoding unsigned superblob...
Updating load commands...
Updating __LINKEDIT segment...
Updating LC_CODE_SIGNATURE load command...
Updating code slot hashes...
Signing binary...
SHA1 hash: 51f9bca295be9c2e1dee77d093ce0fcf3fc93450
SHA256 hash: 3c6a51d1629d770f35f4fd0a89aae629fd02cf0c558aad30dc89db97c46f4182
Encoding signed superblob...
Writing superblob to MachO...
Applying App Store code directory...
Adding new signature blob...
Updating TeamID...
TeamID set to T8ALTGMVXN!
Doing initial signing to calculate size...
SHA1 hash: 51f9bca295be9c2e1dee77d093ce0fcf3fc93450
SHA256 hash: cc0e379ef5f42f16b014982388058f4ed5cefd194f6436c471f647c10c29dd4f
Encoding unsigned superblob...
Updating load commands...
Updating __LINKEDIT segment...
Updating LC_CODE_SIGNATURE load command...
Updating code slot hashes...
Signing binary...
SHA1 hash: 51f9bca295be9c2e1dee77d093ce0fcf3fc93450
SHA256 hash: 4a50dfcdf0210a0c05a42bf0d3e624b944cefc31e26e312e7ae49e608db1c707
Encoding signed superblob...
Writing superblob to MachO...
Applying App Store code directory...
Adding new signature blob...
Updating TeamID...
TeamID set to T8ALTGMVXN!
Doing initial signing to calculate size...
SHA1 hash: 51f9bca295be9c2e1dee77d093ce0fcf3fc93450
SHA256 hash: 857e11589dc18a8b200c709c7fe2a7805af3230ee0d0139a5d9e2cd72c8ba576
Encoding unsigned superblob...
Updating load commands...
Updating __LINKEDIT segment...
Updating LC_CODE_SIGNATURE load command...
Updating code slot hashes...
Signing binary...
SHA1 hash: 51f9bca295be9c2e1dee77d093ce0fcf3fc93450
SHA256 hash: 0d2c85dd6b175274f00888c1f41aecf967514b8fa32af70fef302bcfdb1ff7e4
Encoding signed superblob...
Writing superblob to MachO...
Applying App Store code directory...
Adding new signature blob...
Updating TeamID...
TeamID set to T8ALTGMVXN!
Doing initial signing to calculate size...
SHA1 hash: 51f9bca295be9c2e1dee77d093ce0fcf3fc93450
SHA256 hash: baceac94f69d3e63b7f0aa478d54947b8cd212bad0badf6f4c376b12ff86fb1c
Encoding unsigned superblob...
Updating load commands...
Updating __LINKEDIT segment...
Updating LC_CODE_SIGNATURE load command...
Updating code slot hashes...
Signing binary...
SHA1 hash: 51f9bca295be9c2e1dee77d093ce0fcf3fc93450
SHA256 hash: 76ead4db8a7509649a0415fe97aa0a1f6b55e50d23f7746f9138776f6df6d8a3
Encoding signed superblob...
Writing superblob to MachO...
Applying App Store code directory...
Adding new signature blob...
Updating TeamID...
TeamID set to T8ALTGMVXN!
Doing initial signing to calculate size...
SHA1 hash: 51f9bca295be9c2e1dee77d093ce0fcf3fc93450
SHA256 hash: f0ac674e6507801a434b5cfc6bae499546016d43a2c806334c0502f1a4f6c0e6
Encoding unsigned superblob...
Updating load commands...
Updating __LINKEDIT segment...
Updating LC_CODE_SIGNATURE load command...
Updating code slot hashes...
Signing binary...
SHA1 hash: 51f9bca295be9c2e1dee77d093ce0fcf3fc93450
SHA256 hash: 46fd72d62998e83bc0715288db9d47ef5933e6bc34afb4a928a9ea2acb68e8e0
Encoding signed superblob...
Writing superblob to MachO...
Applying App Store code directory...
Adding new signature blob...
Updating TeamID...
TeamID set to T8ALTGMVXN!
Doing initial signing to calculate size...
SHA1 hash: 51f9bca295be9c2e1dee77d093ce0fcf3fc93450
SHA256 hash: f2f5b7a28d78c630d0b678b819b660df89e72d4eff63a62b187f5940c86574e3
Encoding unsigned superblob...
Updating load commands...
Updating __LINKEDIT segment...
Updating LC_CODE_SIGNATURE load command...
Updating code slot hashes...
Signing binary...
SHA1 hash: 51f9bca295be9c2e1dee77d093ce0fcf3fc93450
SHA256 hash: beced81cbbb3ed8cad06dc7f7bf36b9198c53433b8c9f0356c1a2e027f551db4
Encoding signed superblob...
Writing superblob to MachO...
Applying App Store code directory...
Adding new signatur2026-08-24 00:03:06.396 trollstorehelper[26207:133634] [/private/var/tmp/9CA504FC-A788-46B5-A619-07ACF5630D64/Payload/Juice.app/Libraries/libbrotlicommon.1.1.0.dylib] Applied CoreTrust bypass!
2026-08-24 00:03:06.396 trollstorehelper[26207:133634] /private/var/tmp/9CA504FC-A788-46B5-A619-07ACF5630D64/Payload/Juice.app/Libraries/libgnutls.dylib is binary
2026-08-24 00:03:06.399 trollstorehelper[26207:133634] [/private/var/tmp/9CA504FC-A788-46B5-A619-07ACF5630D64/Payload/Juice.app/Libraries/libgnutls.dylib] Applying CoreTrust bypass...
2026-08-24 00:03:06.405 trollstorehelper[26207:133634] [/private/var/tmp/9CA504FC-A788-46B5-A619-07ACF5630D64/Payload/Juice.app/Libraries/libgnutls.dylib] Applied CoreTrust bypass!
2026-08-24 00:03:06.405 trollstorehelper[26207:133634] /private/var/tmp/9CA504FC-A788-46B5-A619-07ACF5630D64/Payload/Juice.app/Libraries/libhogweed.6.dylib is binary
2026-08-24 00:03:06.407 trollstorehelper[26207:133634] [/private/var/tmp/9CA504FC-A788-46B5-A619-07ACF5630D64/Payload/Juice.app/Libraries/libhogweed.6.dylib] Applying CoreTrust bypass...
2026-08-24 00:03:06.410 trollstorehelper[26207:133634] [/private/var/tmp/9CA504FC-A788-46B5-A619-07ACF5630D64/Payload/Juice.app/Libraries/libhogweed.6.dylib] Applied CoreTrust bypass!
2026-08-24 00:03:06.411 trollstorehelper[26207:133634] /private/var/tmp/9CA504FC-A788-46B5-A619-07ACF5630D64/Payload/Juice.app/Libraries/libintl.8.dylib is binary
2026-08-24 00:03:06.412 trollstorehelper[26207:133634] [/private/var/tmp/9CA504FC-A788-46B5-A619-07ACF5630D64/Payload/Juice.app/Libraries/libintl.8.dylib] Applying CoreTrust bypass...
2026-08-24 00:03:06.415 trollstorehelper[26207:133634] [/private/var/tmp/9CA504FC-A788-46B5-A619-07ACF5630D64/Payload/Juice.app/Libraries/libintl.8.dylib] Applied CoreTrust bypass!
2026-08-24 00:03:06.416 trollstorehelper[26207:133634] /private/var/tmp/9CA504FC-A788-46B5-A619-07ACF5630D64/Payload/Juice.app/Libraries/libnettle.8.dylib is binary
2026-08-24 00:03:06.417 trollstorehelper[26207:133634] [/private/var/tmp/9CA504FC-A788-46B5-A619-07ACF5630D64/Payload/Juice.app/Libraries/libnettle.8.dylib] Applying CoreTrust bypass...
2026-08-24 00:03:06.421 trollstorehelper[26207:133634] [/private/var/tmp/9CA504FC-A788-46B5-A619-07ACF5630D64/Payload/Juice.app/Libraries/libnettle.8.dylib] Applied CoreTrust bypass!
2026-08-24 00:03:06.421 trollstorehelper[26207:133634] /private/var/tmp/9CA504FC-A788-46B5-A619-07ACF5630D64/Payload/Juice.app/Libraries/libhogweed.6.8.dylib is binary
2026-08-24 00:03:06.422 trollstorehelper[26207:133634] [/private/var/tmp/9CA504FC-A788-46B5-A619-07ACF5630D64/Payload/Juice.app/Libraries/libhogweed.6.8.dylib] Applying CoreTrust bypass...
2026-08-24 00:03:06.425 trollstorehelper[26207:133634] [/private/var/tmp/9CA504FC-A788-46B5-A619-07ACF5630D64/Payload/Juice.app/Libraries/libhogweed.6.8.dylib] Applied CoreTrust bypass!
2026-08-24 00:03:06.426 trollstorehelper[26207:133634] /private/var/tmp/9CA504FC-A788-46B5-A619-07ACF5630D64/Payload/Juice.app/Libraries/libnettle.8.8.dylib is binary
2026-08-24 00:03:06.427 trollstorehelper[26207:133634] [/private/var/tmp/9CA504FC-A788-46B5-A619-07ACF5630D64/Payload/Juice.app/Libraries/libnettle.8.8.dylib] Applying CoreTrust bypass...
e blob...
Updating TeamID...
TeamID set to T8ALTGMVXN!
Doing initial signing to calculate size...
SHA1 hash: 51f9bca295be9c2e1dee77d093ce0fcf3fc93450
SHA256 hash: f0ac674e6507801a434b5cfc6bae499546016d43a2c806334c0502f1a4f6c0e6
Encoding unsigned superblob...
Updating load commands...
Updating __LINKEDIT segment...
Updating LC_CODE_SIGNATURE load command...
Updating code slot hashes...
Signing binary...
SHA1 hash: 51f9bca295be9c2e1dee77d093ce0fcf3fc93450
SHA256 hash: 46fd72d62998e83bc0715288db9d47ef5933e6bc34afb4a928a9ea2acb68e8e0
Encoding signed superblob...
Writing superblob to MachO...
Applying App Store code directory...
Adding new signature blob...
Updating TeamID...
TeamID set to T8ALTGMVXN!
Doing initial signing to calculate size...
SHA1 hash: 51f9bca295be9c2e1dee77d093ce0fcf3fc93450
SHA256 hash: de120f61ca819e072adf01473208a38a735a7af144aa8aa2a795e6c8df6d15e5
Encoding unsigned superblob...
Updating load commands...
Updating __LINKEDIT segment...
Updating LC_CODE_SIGNATURE load command...
Updating code slot hashes...
Signing binary...
SHA1 hash: 51f9bca295be9c2e1dee77d093ce0fcf3fc93450
SHA256 hash: 416bac1f5afe3f292caf6bf2828329ff584b46537f7a84b528c0c1dbaac8987d
Encoding signed superblob...
Writing superblob to MachO...
Applying App Store code directory...
Adding new signature blob...
Updating TeamID...
TeamID set to T8ALTGMVXN!
Doing initial signing to calculate size...
SHA1 hash: 51f9bca295be9c2e1dee77d093ce0fcf3fc93450
SHA256 hash: fc2ccee78d16330a5ca0e4996a40d7b0137b0263452080faba6eb5c366e84353
Encoding unsigned superblob...
Updating load commands...
Updating __LINKEDIT segment...
Updating LC_CODE_SIGNATURE load command...
Updating code slot hashes...
Signing binary...
SHA1 hash: 51f9bca295be9c2e1dee77d093ce0fcf3fc93450
SHA256 hash: b94e1e596309a34963a39a9af967fc8965584c893210f35f0bd6a5e92c07909c
Encoding signed superblob...
Writing superblob to MachO...
Applying App Store code directory...
Adding new signature blob...
Updating TeamID...
TeamID set to T8ALTGMVXN!
Doing initial signing to calculate size...
SHA1 hash: 51f9bca295be9c2e1dee77d093ce0fcf3fc93450
SHA256 hash: 78078dc6b6eb8027c1197c85c2abbbe3c65acc171e09e9b5d00df77521a5b2b6
Encoding unsigned superblob...
Updating load commands...
Updating __LINKEDIT segment...
Updating LC_CODE_SIGNATURE load command...
Updating code slot hashes...
Signing binary...
SHA1 hash: 51f9bca295be9c2e1dee77d093ce0fcf3fc93450
SHA256 hash: 3c6a51d1629d770f35f4fd0a89aae629fd02cf0c558aad30dc89db97c46f4182
Encoding signed superblob...
Writing superblob to MachO...
Applying App Store code directory...
Adding new signature blob...
Updating TeamID...
TeamID set to T8ALTGMVXN!
Doing initial signing to calculate size...
SHA1 hash: 51f9bca295be9c2e1dee77d093ce0fcf3fc93450
SHA256 hash: f705323d93abecb1d192f2e8c5b86b3e1f566f3d5f228952f5e2a07d05923ea9
Encoding unsigned superblob...
Updating load commands...
Updating __LINKEDIT segment...
Updating LC_CODE_SIGNATURE load command...
Updating code slot hashes...
Signing binary...
SHA1 hash: 51f9bca295be9c2e1dee77d093ce0fcf3fc93450
SHA256 hash: 72f899fe3189025f4ff32aca5583dde5f03503dc7ccc914c7401489c747e7a79
Encoding signed superblob...
Writing superblob to MachO...
Applying App Store code directory...
Adding new signature blob...
Updating TeamID...
TeamID set to T8ALTGMVXN!
Doing initial signing to calculate size...
SHA1 hash: 51f9bca295be9c2e1dee77d093ce0fcf3fc93450
SHA256 hash: fc2ccee78d16330a5ca0e4996a40d7b0137b0263452080faba6eb5c366e84353
Encoding unsigned superblob...
Updating load commands...
Updating __LINKEDIT segment...
Updating LC_CODE_SIGNATURE load command...
Updating code slot hashes...
Signing binary...
SHA1 hash: 51f9bca295be9c2e1dee77d093ce0fcf3fc93450
SHA256 hash: b94e1e596309a34963a39a9af967fc8965584c893210f35f0bd6a5e92c07909c
Encoding signed superblob...
Writing superblob to MachO...
Applying App Store code directory...
Adding new signature blob...
Updating TeamID...
TeamID set to T8ALTGMVXN!
Doing initial signing to calculate size...
SHA1 hash: 51f9bca295be9c2e1dee77d093ce0fcf3fc93450
SHA256 hash: f705323d93abecb1d192f2e8c5b2026-08-24 00:03:06.430 trollstorehelper[26207:133634] [/private/var/tmp/9CA504FC-A788-46B5-A619-07ACF5630D64/Payload/Juice.app/Libraries/libnettle.8.8.dylib] Applied CoreTrust bypass!
2026-08-24 00:03:06.430 trollstorehelper[26207:133634] /private/var/tmp/9CA504FC-A788-46B5-A619-07ACF5630D64/Payload/Juice.app/Libraries/liblz4.1.dylib is binary
2026-08-24 00:03:06.432 trollstorehelper[26207:133634] [/private/var/tmp/9CA504FC-A788-46B5-A619-07ACF5630D64/Payload/Juice.app/Libraries/liblz4.1.dylib] Applying CoreTrust bypass...
2026-08-24 00:03:06.435 trollstorehelper[26207:133634] [/private/var/tmp/9CA504FC-A788-46B5-A619-07ACF5630D64/Payload/Juice.app/Libraries/liblz4.1.dylib] Applied CoreTrust bypass!
2026-08-24 00:03:06.435 trollstorehelper[26207:133634] /private/var/tmp/9CA504FC-A788-46B5-A619-07ACF5630D64/Payload/Juice.app/Libraries/liblzma.5.dylib is binary
2026-08-24 00:03:06.437 trollstorehelper[26207:133634] [/private/var/tmp/9CA504FC-A788-46B5-A619-07ACF5630D64/Payload/Juice.app/Libraries/liblzma.5.dylib] Applying CoreTrust bypass...
2026-08-24 00:03:06.441 trollstorehelper[26207:133634] [/private/var/tmp/9CA504FC-A788-46B5-A619-07ACF5630D64/Payload/Juice.app/Libraries/liblzma.5.dylib] Applied CoreTrust bypass!
2026-08-24 00:03:06.441 trollstorehelper[26207:133634] /private/var/tmp/9CA504FC-A788-46B5-A619-07ACF5630D64/Payload/Juice.app/Libraries/libzstd.1.dylib is binary
2026-08-24 00:03:06.443 trollstorehelper[26207:133634] [/private/var/tmp/9CA504FC-A788-46B5-A619-07ACF5630D64/Payload/Juice.app/Libraries/libzstd.1.dylib] Applying CoreTrust bypass...
2026-08-24 00:03:06.447 trollstorehelper[26207:133634] [/private/var/tmp/9CA504FC-A788-46B5-A619-07ACF5630D64/Payload/Juice.app/Libraries/libzstd.1.dylib] Applied CoreTrust bypass!
2026-08-24 00:03:06.447 trollstorehelper[26207:133634] /private/var/tmp/9CA504FC-A788-46B5-A619-07ACF5630D64/Payload/Juice.app/Libraries/j5 is binary
2026-08-24 00:03:06.448 trollstorehelper[26207:133634] [/private/var/tmp/9CA504FC-A788-46B5-A619-07ACF5630D64/Payload/Juice.app/Libraries/j5] Applying CoreTrust bypass...
2026-08-24 00:03:06.452 trollstorehelper[26207:133634] [/private/var/tmp/9CA504FC-A788-46B5-A619-07ACF5630D64/Payload/Juice.app/Libraries/j5] Applied CoreTrust bypass!
2026-08-24 00:03:06.452 trollstorehelper[26207:133634] /private/var/tmp/9CA504FC-A788-46B5-A619-07ACF5630D64/Payload/Juice.app/Libraries/j2 is binary
2026-08-24 00:03:06.453 trollstorehelper[26207:133634] [/private/var/tmp/9CA504FC-A788-46B5-A619-07ACF5630D64/Payload/Juice.app/Libraries/j2] Applying CoreTrust bypass...
2026-08-24 00:03:06.457 trollstorehelper[26207:133634] [/private/var/tmp/9CA504FC-A788-46B5-A619-07ACF5630D64/Payload/Juice.app/Libraries/j2] Applied CoreTrust bypass!
2026-08-24 00:03:06.457 trollstorehelper[26207:133634] /private/var/tmp/9CA504FC-A788-46B5-A619-07ACF5630D64/Payload/Juice.app/Libraries/libunistring.5.dylib is binary
2026-08-24 00:03:06.460 trollstorehelper[26207:133634] [/private/var/tmp/9CA504FC-A788-46B5-A619-07ACF5630D64/Payload/Juice.app/Libraries/libunistring.5.dylib] Applying CoreTrust bypass...
86b3e1f566f3d5f228952f5e2a07d05923ea9
Encoding unsigned superblob...
Updating load commands...
Updating __LINKEDIT segment...
Updating LC_CODE_SIGNATURE load command...
Updating code slot hashes...
Signing binary...
SHA1 hash: 51f9bca295be9c2e1dee77d093ce0fcf3fc93450
SHA256 hash: 72f899fe3189025f4ff32aca5583dde5f03503dc7ccc914c7401489c747e7a79
Encoding signed superblob...
Writing superblob to MachO...
Applying App Store code directory...
Adding new signature blob...
Updating TeamID...
TeamID set to T8ALTGMVXN!
Doing initial signing to calculate size...
SHA1 hash: 51f9bca295be9c2e1dee77d093ce0fcf3fc93450
SHA256 hash: baceac94f69d3e63b7f0aa478d54947b8cd212bad0badf6f4c376b12ff86fb1c
Encoding unsigned superblob...
Updating load commands...
Updating __LINKEDIT segment...
Updating LC_CODE_SIGNATURE load command...
Updating code slot hashes...
Signing binary...
SHA1 hash: 51f9bca295be9c2e1dee77d093ce0fcf3fc93450
SHA256 hash: 76ead4db8a7509649a0415fe97aa0a1f6b55e50d23f7746f9138776f6df6d8a3
Encoding signed superblob...
Writing superblob to MachO...
Applying App Store code directory...
Adding new signature blob...
Updating TeamID...
TeamID set to T8ALTGMVXN!
Doing initial signing to calculate size...
SHA1 hash: 51f9bca295be9c2e1dee77d093ce0fcf3fc93450
SHA256 hash: 08d2a30e0a4970f5e6befd940171e0a115ea354313dab026f37c5e60061ae107
Encoding unsigned superblob...
Updating load commands...
Updating __LINKEDIT segment...
Updating LC_CODE_SIGNATURE load command...
Updating code slot hashes...
Signing binary...
SHA1 hash: 51f9bca295be9c2e1dee77d093ce0fcf3fc93450
SHA256 hash: 622f045ae6952f9d3b6d8d684c2041da9bb2b1b085cdd01a273213f7921f393d
Encoding signed superblob...
Writing superblob to MachO...
Applying App Store code directory...
Adding new signature blob...
Updating TeamID...
TeamID set to T8ALTGMVXN!
Doing initial signing to calculate size...
SHA1 hash: 51f9bca295be9c2e1dee77d093ce0fcf3fc93450
SHA256 hash: 1a161e7727936c7db114a8dfbffe8b3acb5f0f91ead888f233ea0a020c41d22a
Encoding unsigned superblob...
Updating load commands...
Updating __LINKEDIT segment...
Updating LC_CODE_SIGNATURE load command...
Updating code slot hashes...
Signing binary...
SHA1 hash: 51f9bca295be9c2e1dee77d093ce0fcf3fc93450
SHA256 hash: 6b7cafc643c66a872906e5a5c63fb21cc84986f0ecad296515b8809453b7f9e7
Encoding signed superblob...
Writing superblob to MachO...
Applying App Store code directory...
Adding new signature blob...
Updating TeamID...
TeamID set to T8ALTGMVXN!
Doing initial signing to calculate size...
SHA1 hash: 51f9bca295be9c2e1dee77d093ce0fcf3fc93450
SHA256 hash: 9e2e8286b5d17ba637288223431489cdebcc3541bbe792cd3677fe1aa16776bd
Encoding unsigned superblob...
Updating load commands...
Updating __LINKEDIT segment...
Updating LC_CODE_SIGNATURE load command...
Updating code slot hashes...
Signing binary...
SHA1 hash: 51f9bca295be9c2e1dee77d093ce0fcf3fc93450
SHA256 hash: 483b5efd7475bee2af5995536e47f40209a18016b28a334119c7cbecc9b77585
Encoding signed superblob...
Writing superblob to MachO...
Applying App Store code directory...
Adding new signature blob...
Updating TeamID...
TeamID set to T8ALTGMVXN!
Doing initial signing to calculate size...
SHA1 hash: 51f9bca295be9c2e1dee77d093ce0fcf3fc93450
SHA256 hash: ebf5ebb76c84914b1db6cab4ad19829618d2488b06eb3986983d78622a45370a
Encoding unsigned superblob...
Updating load commands...
Updating __LINKEDIT segment...
Updating LC_CODE_SIGNATURE load command...
Updating code slot hashes...
Signing binary...
SHA1 hash: 51f9bca295be9c2e1dee77d093ce0fcf3fc93450
SHA256 hash: f474cac7e64bf2be69f55948f216955414d716615506a6c0f77bada9fddc1e14
Encoding signed superblob...
Writing superblob to MachO...
Applying App Store code directory...
Adding new signature blob...
Updating TeamID...
TeamID set to T8ALTGMVXN!
Doing initial signing to calculate size...
SHA1 hash: 51f9bca295be9c2e1dee77d093ce0fcf3fc93450
SHA256 hash: 8ef1d0dbb3f159ecbe34f8a009d4fbde65a584b6fa93fd373ef5c6bf9cffa5dd
Encoding unsigned superblob...
Updating load commands...
Updating __LINKEDIT segment...
Updating LC_CODE_SIGNATURE load command...
Updating code slot ha2026-08-24 00:03:06.465 trollstorehelper[26207:133634] [/private/var/tmp/9CA504FC-A788-46B5-A619-07ACF5630D64/Payload/Juice.app/Libraries/libunistring.5.dylib] Applied CoreTrust bypass!
2026-08-24 00:03:06.465 trollstorehelper[26207:133634] /private/var/tmp/9CA504FC-A788-46B5-A619-07ACF5630D64/Payload/Juice.app/Libraries/libbrotlienc.1.1.0.dylib is binary
2026-08-24 00:03:06.468 trollstorehelper[26207:133634] [/private/var/tmp/9CA504FC-A788-46B5-A619-07ACF5630D64/Payload/Juice.app/Libraries/libbrotlienc.1.1.0.dylib] Applying CoreTrust bypass...
2026-08-24 00:03:06.472 trollstorehelper[26207:133634] [/private/var/tmp/9CA504FC-A788-46B5-A619-07ACF5630D64/Payload/Juice.app/Libraries/libbrotlienc.1.1.0.dylib] Applied CoreTrust bypass!
2026-08-24 00:03:06.472 trollstorehelper[26207:133634] /private/var/tmp/9CA504FC-A788-46B5-A619-07ACF5630D64/Payload/Juice.app/Libraries/j3 is binary
2026-08-24 00:03:06.484 trollstorehelper[26207:133634] [/private/var/tmp/9CA504FC-A788-46B5-A619-07ACF5630D64/Payload/Juice.app/Libraries/j3] Applying CoreTrust bypass...
2026-08-24 00:03:06.489 trollstorehelper[26207:133634] [/private/var/tmp/9CA504FC-A788-46B5-A619-07ACF5630D64/Payload/Juice.app/Libraries/j3] Applied CoreTrust bypass!
2026-08-24 00:03:06.489 trollstorehelper[26207:133634] /private/var/tmp/9CA504FC-A788-46B5-A619-07ACF5630D64/Payload/Juice.app/Libraries/j4 is binary
2026-08-24 00:03:06.491 trollstorehelper[26207:133634] [/private/var/tmp/9CA504FC-A788-46B5-A619-07ACF5630D64/Payload/Juice.app/Libraries/j4] Applying CoreTrust bypass...
2026-08-24 00:03:06.494 trollstorehelper[26207:133634] [/private/var/tmp/9CA504FC-A788-46B5-A619-07ACF5630D64/Payload/Juice.app/Libraries/j4] Applied CoreTrust bypass!
2026-08-24 00:03:06.494 trollstorehelper[26207:133634] /private/var/tmp/9CA504FC-A788-46B5-A619-07ACF5630D64/Payload/Juice.app/Libraries/libzstd.1.5.5.dylib is binary
2026-08-24 00:03:06.495 trollstorehelper[26207:133634] [/private/var/tmp/9CA504FC-A788-46B5-A619-07ACF5630D64/Payload/Juice.app/Libraries/libzstd.1.5.5.dylib] Applying CoreTrust bypass...
2026-08-24 00:03:06.499 trollstorehelper[26207:133634] [/private/var/tmp/9CA504FC-A788-46B5-A619-07ACF5630D64/Payload/Juice.app/Libraries/libzstd.1.5.5.dylib] Applied CoreTrust bypass!
2026-08-24 00:03:06.499 trollstorehelper[26207:133634] /private/var/tmp/9CA504FC-A788-46B5-A619-07ACF5630D64/Payload/Juice.app/Libraries/libgmp.10.dylib is binary
2026-08-24 00:03:06.546 trollstorehelper[26207:133634] [/private/var/tmp/9CA504FC-A788-46B5-A619-07ACF5630D64/Payload/Juice.app/Libraries/libgmp.10.dylib] Applying CoreTrust bypass...
2026-08-24 00:03:06.551 trollstorehelper[26207:133634] [/private/var/tmp/9CA504FC-A788-46B5-A619-07ACF5630D64/Payload/Juice.app/Libraries/libgmp.10.dylib] Applied CoreTrust bypass!
2026-08-24 00:03:06.552 trollstorehelper[26207:133634] /private/var/tmp/9CA504FC-A788-46B5-A619-07ACF5630D64/Payload/Juice.app/Frameworks/MoltenVK.framework/MoltenVK is binary
2026-08-24 00:03:06.564 trollstorehelper[26207:133634] [/private/var/tmp/9CA504FC-A788-46B5-A619-07ACF5630D64/Payload/Juice.app/Frameworks/MoltenVK.framework/MoltenVK] Applying CoreTrust bypass...
shes...
Signing binary...
SHA1 hash: 51f9bca295be9c2e1dee77d093ce0fcf3fc93450
SHA256 hash: a0f97aa9c0c1687f31f2a6eaa285037ff8918d8a7d6bc456eaf97232c7a12e68
Encoding signed superblob...
Writing superblob to MachO...
Applying App Store code directory...
Adding new signature blob...
Updating TeamID...
TeamID set to T8ALTGMVXN!
Doing initial signing to calculate size...
SHA1 hash: 51f9bca295be9c2e1dee77d093ce0fcf3fc93450
SHA256 hash: 857e11589dc18a8b200c709c7fe2a7805af3230ee0d0139a5d9e2cd72c8ba576
Encoding unsigned superblob...
Updating load commands...
Updating __LINKEDIT segment...
Updating LC_CODE_SIGNATURE load command...
Updating code slot hashes...
Signing binary...
SHA1 hash: 51f9bca295be9c2e1dee77d093ce0fcf3fc93450
SHA256 hash: 0d2c85dd6b175274f00888c1f41aecf967514b8fa32af70fef302bcfdb1ff7e4
Encoding signed superblob...
Writing superblob to MachO...
Applying App Store code directory...
Adding new signature blob...
Updating TeamID...
TeamID set to T8ALTGMVXN!
Doing initial signing to calculate size...
SHA1 hash: 51f9bca295be9c2e1dee77d093ce0fcf3fc93450
SHA256 hash: 8ef1d0dbb3f159ecbe34f8a009d4fbde65a584b6fa93fd373ef5c6bf9cffa5dd
Encoding unsigned superblob...
Updating load commands...
Updating __LINKEDIT segment...
Updating LC_CODE_SIGNATURE load command...
Updating code slot hashes...
Signing binary...
SHA1 hash: 51f9bca295be9c2e1dee77d093ce0fcf3fc93450
SHA256 hash: a0f97aa9c0c1687f31f2a6eaa285037ff8918d8a7d6bc456eaf97232c7a12e68
Encoding signed superblob...
Writing superblob to MachO...
Applying App Store code directory...
Adding new signature blob...
Updating TeamID...
TeamID set to T8ALTGMVXN!
Doing initial signing to calculate size...
SHA1 hash: 51f9bca295be9c2e1dee77d093ce0fcf3fc93450
SHA256 hash: 661dd4ba3d77c2858e60db90e0499d0b0308301278afcff58ac01c811a3ba307
Encoding unsigned superblob...
Updating load commands...
Updating __LINKEDIT segment...
Updating LC_CODE_SIGNATURE load command...
Updating code slot hashes...
Signing binary...
SHA1 hash: 51f9bca295be9c2e1dee77d093ce0fcf3fc93450
SHA256 hash: 01787223fa5d2ad2a39a9349f0a2d661fd6dc0081f75f0ab74cae4926799ee0c
Encoding signed superblob...
Writing superblob to MachO...
Applying App Store code directory...
Adding new signature blob...
Updating TeamID...
TeamID set to T8ALTGMVXN!
Doing initial signing to calculate size...
SHA1 hash: 51f9bca295be9c2e1dee77d093ce0fcf3fc93450
SHA256 hash: 1a161e7727936c7db114a8dfbffe8b3acb5f0f91ead888f233ea0a020c41d22a
Encoding unsigned superblob...
Updating load commands...
Updating __LINKEDIT segment...
Updating LC_CODE_SIGNATURE load command...
Updating code slot hashes...
Signing binary...
SHA1 hash: 51f9bca295be9c2e1dee77d093ce0fcf3fc93450
SHA256 hash: 6b7cafc643c66a872906e5a5c63fb21cc84986f0ecad296515b8809453b7f9e7
Encoding signed superblob...
Writing superblob to MachO...
Applying App Store code directory...
Adding new signature blob...
Updating TeamID...
TeamID set to T8ALTGMVXN!
Doing initial signing to calculate size...
SHA1 hash: 51f9bca295be9c2e1dee77d093ce0fcf3fc93450
SHA256 hash: 9e2e8286b5d17ba637288223431489cdebcc3541bbe792cd3677fe1aa16776bd
Encoding unsigned superblob...
Updating load commands...
Updating __LINKEDIT segment...
Updating LC_CODE_SIGNATURE load command...
Updating code slot hashes...
Signing binary...
SHA1 hash: 51f9bca295be9c2e1dee77d093ce0fcf3fc93450
SHA256 hash: 483b5efd7475bee2af5995536e47f40209a18016b28a334119c7cbecc9b77585
Encoding signed superblob...
Writing superblob to MachO...
Applying App Store code directory...
Adding new signature blob...
Updating TeamID...
TeamID set to T8ALTGMVXN!
Doing initial signing to calculate size...
SHA1 hash: 51f9bca295be9c2e1dee77d093ce0fcf3fc93450
SHA256 hash: a21e32fcd9b87dcd75e79946cda82fd050b34421a6e7e207635396c35d41a7d6
Encoding unsigned superblob...
Updating load commands...
Updating __LINKEDIT segment...
Updating LC_CODE_SIGNATURE load command...
Updating code slot hashes...
Signing binary...
SHA1 hash: 51f9bca295be9c2e1dee77d093ce0fcf3fc93450
SHA256 hash: c5f509bfecfd0e272733eee4ea91e89a2d31fa7b50b3fcaf8e9058fee83482ad
Encoding signed superblob...
Writi2026-08-24 00:03:06.572 trollstorehelper[26207:133634] [/private/var/tmp/9CA504FC-A788-46B5-A619-07ACF5630D64/Payload/Juice.app/Frameworks/MoltenVK.framework/MoltenVK] Applied CoreTrust bypass!
2026-08-24 00:03:06.573 trollstorehelper[26207:133634] /private/var/tmp/9CA504FC-A788-46B5-A619-07ACF5630D64/Payload/Juice.app/Juice is binary
2026-08-24 00:03:06.574 trollstorehelper[26207:133634] [/private/var/tmp/9CA504FC-A788-46B5-A619-07ACF5630D64/Payload/Juice.app/Juice] Applying CoreTrust bypass...
2026-08-24 00:03:06.578 trollstorehelper[26207:133634] [/private/var/tmp/9CA504FC-A788-46B5-A619-07ACF5630D64/Payload/Juice.app/Juice] Applied CoreTrust bypass!
2026-08-24 00:03:06.580 trollstorehelper[26207:133634] [installApp] doing custom installation using MCMAppContainer
2026-08-24 00:03:06.586 trollstorehelper[26207:133634] [installApp] created app container: <MCMAppContainer (1) ID: com.exocore.Juice UUID: 9F03354C-B216-46B8-8AF4-1A14015BC016 URL: file:///private/var/containers/Bundle/Application/8EEEA98D-8BB2-4E70-AE1A-F61F537AB8E7/ isTemp: 0 info: {
    "com.apple.MobileInstallation.ContentProtectionClass" = 0;
} persona: (null)>
2026-08-24 00:03:06.586 trollstorehelper[26207:133634] [installApp] new app path: /private/var/containers/Bundle/Application/8EEEA98D-8BB2-4E70-AE1A-F61F537AB8E7/Juice.app
2026-08-24 00:03:06.831 trollstorehelper[26207:133634] [dumpEntitlements] dumped {
    "com.apple.private.security.no-sandbox" = 1;
    "get-task-allow" = 1;
    "platform-application" = 1;
}
2026-08-24 00:03:06.942 trollstorehelper[26207:133634] [getDeveloperModeState] got reply {
    armed = 0;
    status = 1;
    success = 1;
}
2026-08-24 00:03:07.009 trollstorehelper[26207:133634] trollstorehelper returning 0
ng superblob to MachO...
Applying App Store code directory...
Adding new signature blob...
Updating TeamID...
TeamID set to T8ALTGMVXN!
Doing initial signing to calculate size...
SHA1 hash: 51f9bca295be9c2e1dee77d093ce0fcf3fc93450
SHA256 hash: 65e9254796898596c50e92d270ae1cdf8e3592212553cb48893d60dd6be96c91
Encoding unsigned superblob...
Updating load commands...
Updating __LINKEDIT segment...
Updating LC_CODE_SIGNATURE load command...
Updating code slot hashes...
Signing binary...
SHA1 hash: 51f9bca295be9c2e1dee77d093ce0fcf3fc93450
SHA256 hash: 657c4f3dde416a853aeb6dcc9e3e88c957db2c6b8de2c7d26f6483f4ca761087
Encoding signed superblob...
Writing superblob to MachO...
