JUICE_HEADLESS_TEST_BEGIN
EXTERNAL_INPUT_READY keyboard=hardware gamecontroller=xinput-v1 state=/var/mobile/Containers/Data/Application/6CD6FC49-1128-4095-B5F8-3AF694016683/Documents/JuiceData/controller-v1.bin
DISPLAY_SOCKET path=/var/mobile/Containers/Data/Application/6CD6FC49-1128-4095-B5F8-3AF694016683/Documents/j.sock bind=0 listen=0 errno=2
CONTROL_V1_SOCKET path=/var/mobile/Containers/Data/Application/6CD6FC49-1128-4095-B5F8-3AF694016683/Documents/jc1.sock bind=0 listen=0 errno=2
EXPERIMENTAL_STATE multi_window=1 x86_64=1
HOST_METAL_DEVICE available=0 name=none
GUI_READY
EXPERIMENTAL_X86_64 enabled=1
AUTO_LAUNCH_CUSTOM path=/var/mobile/Containers/Data/Application/6CD6FC49-1128-4095-B5F8-3AF694016683/Documents/JuiceData/SmokeTests/graphics-x86_64/juice-d3d12-smoke.exe machine=0x8664
PE_ARCH_DETECTED machine=0x8664 arch=x86_64 runtime=Grape-X64 path=/var/mobile/Containers/Data/Application/6CD6FC49-1128-4095-B5F8-3AF694016683/Documents/JuiceData/SmokeTests/graphics-x86_64/juice-d3d12-smoke.exe
PREFIX_HEALTH_OK marker=valid registry=valid prefix=/var/mobile/Containers/Data/Application/6CD6FC49-1128-4095-B5F8-3AF694016683/Documents/JuiceData/GrapePrefix-x86_64
RUNTIME_SELECTED runtime=Grape-X64 prefix=/var/mobile/Containers/Data/Application/6CD6FC49-1128-4095-B5F8-3AF694016683/Documents/JuiceData/GrapePrefix-x86_64
PREFIX_RUNTIME_LINKS count=93 system32=/var/mobile/Containers/Data/Application/6CD6FC49-1128-4095-B5F8-3AF694016683/Documents/JuiceData/GrapePrefix-x86_64/drive_c/windows/system32
PREFIX_APISET_READY path=/var/mobile/Containers/Data/Application/6CD6FC49-1128-4095-B5F8-3AF694016683/Documents/JuiceData/GrapePrefix-x86_64/drive_c/windows/system32/apisetschema.dll existing=1
Wine server: 0 pid=4127

GUI launch /var/mobile/Containers/Data/Application/6CD6FC49-1128-4095-B5F8-3AF694016683/Documents/JuiceData/SmokeTests/graphics-x86_64/juice-d3d12-smoke.exe: 0 pid=4128
[JuiceWine parent] bundle libraries path=/private/var/containers/Bundle/Application/F3BC928B-CF6E-41E9-AA5B-114329A364D0/Juice.app/Libraries:/var/jb/usr/lib
[JuiceWine parent] launching /private/var/containers/Bundle/Application/F3BC928B-CF6E-41E9-AA5B-114329A364D0/Juice.app/Grape-X64/build/wine-ios/loader/wine
[JuiceWine parent] child PID=4129
[JuiceWine] iOS low-VA release start=0x10000 end=0x100000000 status=0 OK
[JuiceLowVA] MAP_FIXED failed count=1 start=0x10000 size=0x67ff0000 prot=0 errno=12
[JuiceLowVA] MAP_FIXED failed count=2 start=0x10000 size=0x33ff0000 prot=0 errno=12
[JuiceLowVA] MAP_FIXED failed count=3 start=0x10000 size=0x19ff0000 prot=0 errno=12
[JuiceLowVA] MAP_FIXED failed count=4 start=0x10000 size=0xcff0000 prot=0 errno=12
[JuiceLowVA] MAP_FIXED failed count=5 start=0x10000 size=0x67f0000 prot=0 errno=12
[JuiceLowVA] MAP_FIXED failed count=6 start=0x10000 size=0x33f0000 prot=0 errno=12
[JuiceLowVA] MAP_FIXED failed count=7 start=0x10000 size=0x19f0000 prot=0 errno=12
[JuiceLowVA] MAP_FIXED failed count=8 start=0x10000 size=0xcf0000 prot=0 errno=12
[JuiceLowVA] MAP_FIXED failed count=9 start=0x10000 size=0x670000 prot=0 errno=12
[JuiceLowVA] MAP_FIXED failed count=10 start=0x10000 size=0x330000 prot=0 errno=12
[JuiceLowVA] MAP_FIXED failed count=11 start=0x10000 size=0x190000 prot=0 errno=12
[JuiceLowVA] MAP_FIXED failed count=12 start=0x10000 size=0xc0000 prot=0 errno=12
[JuiceLowVA] MAP_FIXED failed count=13 start=0x10000 size=0x60000 prot=0 errno=12
[JuiceLowVA] MAP_FIXED failed count=14 start=0x10000 size=0x30000 prot=0 errno=12
[JuiceLowVA] MAP_FIXED failed count=15 start=0x10000 size=0x10000 prot=0 errno=12
[JuiceLowVA] MAP_FIXED failed count=16 start=0x20000 size=0x20000 prot=0 errno=12
[JuiceLowVA] MAP_FIXED failed count=17 start=0x20000 size=0x10000 prot=0 errno=12
[JuiceLowVA] MAP_FIXED failed count=18 start=0x30000 size=0x10000 prot=0 errno=12
[JuiceLowVA] MAP_FIXED failed count=19 start=0x40000 size=0x30000 prot=0 errno=12
[JuiceLowVA] MAP_FIXED failed count=20 start=0x40000 size=0x10000 prot=0 errno=12
[JuiceLowVA] MAP_FIXED failed count=21 start=0x50000 size=0x20000 prot=0 errno=12
[JuiceLowVA] MAP_FIXED failed count=22 start=0x50000 size=0x10000 prot=0 errno=12
[JuiceLowVA] MAP_FIXED failed count=23 start=0x60000 size=0x10000 prot=0 errno=12
[JuiceLowVA] MAP_FIXED failed count=24 start=0x70000 size=0x60000 prot=0 errno=12
[JuiceLowVA] MAP_FIXED failed count=25 start=0x70000 size=0x30000 prot=0 errno=12
[JuiceLowVA] MAP_FIXED failed count=26 start=0x70000 size=0x10000 prot=0 errno=12
[JuiceLowVA] MAP_FIXED failed count=27 start=0x80000 size=0x20000 prot=0 errno=12
[JuiceLowVA] MAP_FIXED failed count=28 start=0x80000 size=0x10000 prot=0 errno=12
[JuiceLowVA] MAP_FIXED failed count=29 start=0x90000 size=0x10000 prot=0 errno=12
[JuiceLowVA] MAP_FIXED failed count=30 start=0xa0000 size=0x30000 prot=0 errno=12
[JuiceLowVA] MAP_FIXED failed count=31 start=0xa0000 size=0x10000 prot=0 errno=12
[JuiceLowVA] MAP_FIXED failed count=32 start=0xb0000 size=0x20000 prot=0 errno=12
[JuiceLowVA] suppressing repeated MAP_FIXED failures; sampling every 256 probes
[JuiceLowVA] MAP_FIXED failed count=256 start=0x7b0000 size=0x10000 prot=0 errno=12
[JuiceLowVA] MAP_FIXED failed count=512 start=0xfc0000 size=0x10000 prot=0 errno=12
[JuiceLowVA] MAP_FIXED failed count=768 start=0x17c0000 size=0x10000 prot=0 errno=12
[JuiceLowVA] MAP_FIXED failed count=1024 start=0x1fc0000 size=0x20000 prot=0 errno=12
[JuiceLowVA] MAP_FIXED failed count=1280 start=0x27c0000 size=0x10000 prot=0 errno=12
[JuiceLowVA] MAP_FIXED failed count=1536 start=0x2fd0000 size=0x20000 prot=0 errno=12
[JuiceLowVA] MAP_FIXED failed count=1792 start=0x37b0000 size=0x10000 prot=0 errno=12
[JuiceLowVA] MAP_FIXED failed count=2048 start=0x3fc0000 size=0x10000 prot=0 errno=12
[JuiceLowVA] MAP_FIXED failed count=2304 start=0x47c0000 size=0x20000 prot=0 errno=12
[JuiceLowVA] MAP_FIXED failed count=2560 start=0x4fb0000 size=0x10000 prot=0 errno=12
[JuiceLowVA] MAP_FIXED failed count=2816 start=0x57c0000 size=0x30000 prot=0 errno=12
[JuiceLowVA] MAP_FIXED failed count=3072 start=0x5fe0000 size=0x1a0000 prot=0 errno=12
[JuiceLowVA] MAP_FIXED failed count=3328 start=0x67e0000 size=0x10000 prot=0 errno=12
[JuiceLowVA] MAP_FIXED failed count=3584 start=0x6fc0000 size=0x20000 prot=0 errno=12
[JuiceLowVA] MAP_FIXED failed count=3840 start=0x77d0000 size=0x70000 prot=0 errno=12
[JuiceLowVA] MAP_FIXED failed count=4096 start=0x7fd0000 size=0x20000 prot=0 errno=12
[JuiceLowVA] MAP_FIXED failed count=4352 start=0x87c0000 size=0x10000 prot=0 errno=12
[JuiceLowVA] MAP_FIXED failed count=4608 start=0x8fd0000 size=0xd0000 prot=0 errno=12
[JuiceLowVA] MAP_FIXED failed count=4864 start=0x97d0000 size=0x10000 prot=0 errno=12
[JuiceLowVA] MAP_FIXED failed count=5120 start=0x9fc0000 size=0x10000 prot=0 errno=12
[JuiceLowVA] MAP_FIXED failed count=5376 start=0xa7d0000 size=0x20000 prot=0 errno=12
[JuiceLowVA] MAP_FIXED failed count=5632 start=0xafc0000 size=0x10000 prot=0 errno=12
[JuiceLowVA] MAP_FIXED failed count=5888 start=0xb7c0000 size=0x10000 prot=0 errno=12
[JuiceLowVA] MAP_FIXED failed count=6144 start=0xbfc0000 size=0x10000 prot=0 errno=12
[JuiceLowVA] MAP_FIXED failed count=6400 start=0xc7e0000 size=0xd0000 prot=0 errno=12
[JuiceLowVA] MAP_FIXED failed count=6656 start=0xcff0000 size=0x10000 prot=0 errno=12
[JuiceLowVA] MAP_FIXED failed count=6912 start=0xd7c0000 size=0x20000 prot=0 errno=12
[JuiceLowVA] MAP_FIXED failed count=7168 start=0xdfd0000 size=0x70000 prot=0 errno=12
[JuiceLowVA] MAP_FIXED failed count=7424 start=0xe7d0000 size=0x20000 prot=0 errno=12
[JuiceLowVA] MAP_FIXED failed count=7680 start=0xefc0000 size=0x10000 prot=0 errno=12
[JuiceLowVA] MAP_FIXED failed count=7936 start=0xf7d0000 size=0xd0000 prot=0 errno=12
[JuiceLowVA] MAP_FIXED failed count=8192 start=0xffd0000 size=0x10000 prot=0 errno=12
[JuiceLowVA] MAP_FIXED failed count=8448 start=0x107c0000 size=0x10000 prot=0 errno=12
[JuiceLowVA] MAP_FIXED failed count=8704 start=0x10fd0000 size=0x20000 prot=0 errno=12
[JuiceLowVA] MAP_FIXED failed count=8960 start=0x117c0000 size=0x10000 prot=0 errno=12
[JuiceLowVA] MAP_FIXED failed count=9216 start=0x11fc0000 size=0x10000 prot=0 errno=12
[JuiceLowVA] MAP_FIXED failed count=9472 start=0x127c0000 size=0x10000 prot=0 errno=12
[JuiceLowVA] MAP_FIXED failed count=9728 start=0x12fe0000 size=0xd0000 prot=0 errno=12
[JuiceLowVA] MAP_FIXED failed count=9984 start=0x137f0000 size=0x10000 prot=0 errno=12
[JuiceLowVA] MAP_FIXED failed count=10240 start=0x13fc0000 size=0x10000 prot=0 errno=12
[JuiceLowVA] MAP_FIXED failed count=10496 start=0x147d0000 size=0x30000 prot=0 errno=12
[JuiceLowVA] MAP_FIXED failed count=10752 start=0x14fd0000 size=0x10000 prot=0 errno=12
[JuiceLowVA] MAP_FIXED failed count=11008 start=0x157d0000 size=0x10000 prot=0 errno=12
[JuiceLowVA] MAP_FIXED failed count=11264 start=0x15fd0000 size=0x60000 prot=0 errno=12
[JuiceLowVA] MAP_FIXED failed count=11520 start=0x167e0000 size=0x10000 prot=0 errno=12
[JuiceLowVA] MAP_FIXED failed count=11776 start=0x16fd0000 size=0x40000 prot=0 errno=12
[JuiceLowVA] MAP_FIXED failed count=12032 start=0x177d0000 size=0x10000 prot=0 errno=12
[JuiceLowVA] MAP_FIXED failed count=12288 start=0x17fd0000 size=0x10000 prot=0 errno=12
[JuiceLowVA] MAP_FIXED failed count=12544 start=0x187d0000 size=0x30000 prot=0 errno=12
[JuiceLowVA] MAP_FIXED failed count=12800 start=0x18fd0000 size=0x20000 prot=0 errno=12
[JuiceLowVA] MAP_FIXED failed count=13056 start=0x197e0000 size=0x60000 prot=0 errno=12
[JuiceLowVA] MAP_FIXED failed count=13312 start=0x1a000000 size=0x1a000000 prot=0 errno=12
[JuiceLowVA] MAP_FIXED failed count=13568 start=0x1a7c0000 size=0x20000 prot=0 errno=12
[JuiceLowVA] MAP_FIXED failed count=13824 start=0x1afd0000 size=0x70000 prot=0 errno=12
[JuiceLowVA] MAP_FIXED failed count=14080 start=0x1b7d0000 size=0x20000 prot=0 errno=12
[JuiceLowVA] MAP_FIXED failed count=14336 start=0x1bfc0000 size=0x10000 prot=0 errno=12
[JuiceLowVA] MAP_FIXED failed count=14592 start=0x1c7d0000 size=0xd0000 prot=0 errno=12
[JuiceLowVA] MAP_FIXED failed count=14848 start=0x1cfd0000 size=0x10000 prot=0 errno=12
[JuiceLowVA] MAP_FIXED failed count=15104 start=0x1d7c0000 size=0x10000 prot=0 errno=12
[JuiceLowVA] MAP_FIXED failed count=15360 start=0x1dfd0000 size=0x20000 prot=0 errno=12
[JuiceLowVA] MAP_FIXED failed count=15616 start=0x1e7c0000 size=0x10000 prot=0 errno=12
[JuiceLowVA] MAP_FIXED failed count=15872 start=0x1efc0000 size=0x10000 prot=0 errno=12
[JuiceLowVA] MAP_FIXED failed count=16128 start=0x1f7c0000 size=0x10000 prot=0 errno=12
[JuiceLowVA] MAP_FIXED failed count=16384 start=0x1ffe0000 size=0xd0000 prot=0 errno=12
[JuiceLowVA] MAP_FIXED failed count=16640 start=0x207f0000 size=0x10000 prot=0 errno=12
[JuiceLowVA] MAP_FIXED failed count=16896 start=0x20fc0000 size=0x10000 prot=0 errno=12
[JuiceLowVA] MAP_FIXED failed count=17152 start=0x217d0000 size=0x30000 prot=0 errno=12
[JuiceLowVA] MAP_FIXED failed count=17408 start=0x21fd0000 size=0x10000 prot=0 errno=12
[JuiceLowVA] MAP_FIXED failed count=17664 start=0x227d0000 size=0x10000 prot=0 errno=12
[JuiceLowVA] MAP_FIXED failed count=17920 start=0x22fd0000 size=0x60000 prot=0 errno=12
[JuiceLowVA] MAP_FIXED failed count=18176 start=0x237e0000 size=0x10000 prot=0 errno=12
[JuiceLowVA] MAP_FIXED failed count=18432 start=0x23fd0000 size=0x40000 prot=0 errno=12
[JuiceLowVA] MAP_FIXED failed count=18688 start=0x247d0000 size=0x10000 prot=0 errno=12
[JuiceLowVA] MAP_FIXED failed count=18944 start=0x24fd0000 size=0x10000 prot=0 errno=12
[JuiceLowVA] MAP_FIXED failed count=19200 start=0x257d0000 size=0x30000 prot=0 errno=12
[JuiceLowVA] MAP_FIXED failed count=19456 start=0x25fd0000 size=0x20000 prot=0 errno=12
[JuiceLowVA] MAP_FIXED failed count=19712 start=0x267e0000 size=0x60000 prot=0 errno=12
[JuiceLowVA] MAP_FIXED failed count=19968 start=0x27000000 size=0xd000000 prot=0 errno=12
[JuiceLowVA] MAP_FIXED failed count=20224 start=0x277c0000 size=0x10000 prot=0 errno=12
[JuiceLowVA] MAP_FIXED failed count=20480 start=0x27fd0000 size=0x30000 prot=0 errno=12
[JuiceLowVA] MAP_FIXED failed count=20736 start=0x287d0000 size=0x10000 prot=0 errno=12
[JuiceLowVA] MAP_FIXED failed count=20992 start=0x28fd0000 size=0x10000 prot=0 errno=12
[JuiceLowVA] MAP_FIXED failed count=21248 start=0x297d0000 size=0x60000 prot=0 errno=12
[JuiceLowVA] MAP_FIXED failed count=21504 start=0x29fe0000 size=0x10000 prot=0 errno=12
[JuiceLowVA] MAP_FIXED failed count=21760 start=0x2a7d0000 size=0x40000 prot=0 errno=12
[JuiceLowVA] MAP_FIXED failed count=22016 start=0x2afd0000 size=0x10000 prot=0 errno=12
[JuiceLowVA] MAP_FIXED failed count=22272 start=0x2b7d0000 size=0x10000 prot=0 errno=12
[JuiceLowVA] MAP_FIXED failed count=22528 start=0x2bfd0000 size=0x30000 prot=0 errno=12
[JuiceLowVA] MAP_FIXED failed count=22784 start=0x2c7d0000 size=0x20000 prot=0 errno=12
[JuiceLowVA] MAP_FIXED failed count=23040 start=0x2cfe0000 size=0x60000 prot=0 errno=12
[JuiceLowVA] MAP_FIXED failed count=23296 start=0x2d800000 size=0x6800000 prot=0 errno=12
[JuiceLowVA] MAP_FIXED failed count=23552 start=0x2dfd0000 size=0x10000 prot=0 errno=12
[JuiceLowVA] MAP_FIXED failed count=23808 start=0x2e7d0000 size=0x10000 prot=0 errno=12
[JuiceLowVA] MAP_FIXED failed count=24064 start=0x2efe0000 size=0x10000 prot=0 errno=12
[JuiceLowVA] MAP_FIXED failed count=24320 start=0x2f7e0000 size=0x30000 prot=0 errno=12
[JuiceLowVA] MAP_FIXED failed count=24576 start=0x2ffd0000 size=0x30000 prot=0 errno=12
[JuiceLowVA] MAP_FIXED failed count=24832 start=0x307f0000 size=0xd0000 prot=0 errno=12
[JuiceLowVA] MAP_FIXED failed count=25088 start=0x30fd0000 size=0x20000 prot=0 errno=12
[JuiceLowVA] MAP_FIXED failed count=25344 start=0x317e0000 size=0x10000 prot=0 errno=12
[JuiceLowVA] MAP_FIXED failed count=25600 start=0x31fe0000 size=0x70000 prot=0 errno=12
[JuiceLowVA] MAP_FIXED failed count=25856 start=0x327d0000 size=0x10000 prot=0 errno=12
[JuiceLowVA] MAP_FIXED failed count=26112 start=0x32fd0000 size=0x10000 prot=0 errno=12
[JuiceLowVA] MAP_FIXED failed count=26368 start=0x337e0000 size=0x30000 prot=0 errno=12
[JuiceLowVA] MAP_FIXED failed count=26624 start=0x34000000 size=0x1a000000 prot=0 errno=12
[JuiceLowVA] MAP_FIXED failed count=26880 start=0x347c0000 size=0x20000 prot=0 errno=12
[JuiceLowVA] MAP_FIXED failed count=27136 start=0x34fd0000 size=0x70000 prot=0 errno=12
[JuiceLowVA] MAP_FIXED failed count=27392 start=0x357d0000 size=0x20000 prot=0 errno=12
[JuiceLowVA] MAP_FIXED failed count=27648 start=0x35fc0000 size=0x10000 prot=0 errno=12
[JuiceLowVA] MAP_FIXED failed count=27904 start=0x367d0000 size=0xd0000 prot=0 errno=12
[JuiceLowVA] MAP_FIXED failed count=28160 start=0x36fd0000 size=0x10000 prot=0 errno=12
[JuiceLowVA] MAP_FIXED failed count=28416 start=0x377c0000 size=0x10000 prot=0 errno=12
[JuiceLowVA] MAP_FIXED failed count=28672 start=0x37fd0000 size=0x20000 prot=0 errno=12
[JuiceLowVA] MAP_FIXED failed count=28928 start=0x387c0000 size=0x10000 prot=0 errno=12
[JuiceLowVA] MAP_FIXED failed count=29184 start=0x38fc0000 size=0x10000 prot=0 errno=12
[JuiceLowVA] MAP_FIXED failed count=29440 start=0x397c0000 size=0x10000 prot=0 errno=12
[JuiceLowVA] MAP_FIXED failed count=29696 start=0x39fe0000 size=0xd0000 prot=0 errno=12
[JuiceLowVA] MAP_FIXED failed count=29952 start=0x3a7f0000 size=0x10000 prot=0 errno=12
[JuiceLowVA] MAP_FIXED failed count=30208 start=0x3afc0000 size=0x10000 prot=0 errno=12
[JuiceLowVA] MAP_FIXED failed count=30464 start=0x3b7d0000 size=0x30000 prot=0 errno=12
[JuiceLowVA] MAP_FIXED failed count=30720 start=0x3bfd0000 size=0x10000 prot=0 errno=12
[JuiceLowVA] MAP_FIXED failed count=30976 start=0x3c7d0000 size=0x10000 prot=0 errno=12
[JuiceLowVA] MAP_FIXED failed count=31232 start=0x3cfd0000 size=0x60000 prot=0 errno=12
[JuiceLowVA] MAP_FIXED failed count=31488 start=0x3d7e0000 size=0x10000 prot=0 errno=12
[JuiceLowVA] MAP_FIXED failed count=31744 start=0x3dfd0000 size=0x40000 prot=0 errno=12
[JuiceLowVA] MAP_FIXED failed count=32000 start=0x3e7d0000 size=0x10000 prot=0 errno=12
[JuiceLowVA] MAP_FIXED failed count=32256 start=0x3efd0000 size=0x10000 prot=0 errno=12
[JuiceLowVA] MAP_FIXED failed count=32512 start=0x3f7d0000 size=0x30000 prot=0 errno=12
[JuiceLowVA] MAP_FIXED failed count=32768 start=0x3ffd0000 size=0x20000 prot=0 errno=12
[JuiceLowVA] MAP_FIXED failed count=33024 start=0x407e0000 size=0x60000 prot=0 errno=12
[JuiceLowVA] MAP_FIXED failed count=33280 start=0x41000000 size=0xd000000 prot=0 errno=12
[JuiceLowVA] MAP_FIXED failed count=33536 start=0x417c0000 size=0x10000 prot=0 errno=12
[JuiceLowVA] MAP_FIXED failed count=33792 start=0x41fd0000 size=0x30000 prot=0 errno=12
[JuiceLowVA] MAP_FIXED failed count=34048 start=0x427d0000 size=0x10000 prot=0 errno=12
[JuiceLowVA] MAP_FIXED failed count=34304 start=0x42fd0000 size=0x10000 prot=0 errno=12
[JuiceLowVA] MAP_FIXED failed count=34560 start=0x437d0000 size=0x60000 prot=0 errno=12
[JuiceLowVA] MAP_FIXED failed count=34816 start=0x43fe0000 size=0x10000 prot=0 errno=12
[JuiceLowVA] MAP_FIXED failed count=35072 start=0x447d0000 size=0x40000 prot=0 errno=12
[JuiceLowVA] MAP_FIXED failed count=35328 start=0x44fd0000 size=0x10000 prot=0 errno=12
[JuiceLowVA] MAP_FIXED failed count=35584 start=0x457d0000 size=0x10000 prot=0 errno=12
[JuiceLowVA] MAP_FIXED failed count=35840 start=0x45fd0000 size=0x30000 prot=0 errno=12
[JuiceLowVA] MAP_FIXED failed count=36096 start=0x467d0000 size=0x20000 prot=0 errno=12
[JuiceLowVA] MAP_FIXED failed count=36352 start=0x46fe0000 size=0x60000 prot=0 errno=12
[JuiceLowVA] MAP_FIXED failed count=36608 start=0x47800000 size=0x6800000 prot=0 errno=12
[JuiceLowVA] MAP_FIXED failed count=36864 start=0x47fd0000 size=0x10000 prot=0 errno=12
[JuiceLowVA] MAP_FIXED failed count=37120 start=0x487d0000 size=0x10000 prot=0 errno=12
[JuiceLowVA] MAP_FIXED failed count=37376 start=0x48fe0000 size=0x10000 prot=0 errno=12
[JuiceLowVA] MAP_FIXED failed count=37632 start=0x497e0000 size=0x30000 prot=0 errno=12
[JuiceLowVA] MAP_FIXED failed count=37888 start=0x49fd0000 size=0x30000 prot=0 errno=12
[JuiceLowVA] MAP_FIXED failed count=38144 start=0x4a7f0000 size=0xd0000 prot=0 errno=12
[JuiceLowVA] MAP_FIXED failed count=38400 start=0x4afd0000 size=0x20000 prot=0 errno=12
[JuiceLowVA] MAP_FIXED failed count=38656 start=0x4b7e0000 size=0x10000 prot=0 errno=12
[JuiceLowVA] MAP_FIXED failed count=38912 start=0x4bfe0000 size=0x70000 prot=0 errno=12
[JuiceLowVA] MAP_FIXED failed count=39168 start=0x4c7d0000 size=0x10000 prot=0 errno=12
[JuiceLowVA] MAP_FIXED failed count=39424 start=0x4cfd0000 size=0x10000 prot=0 errno=12
[JuiceLowVA] MAP_FIXED failed count=39680 start=0x4d7e0000 size=0x30000 prot=0 errno=12
[JuiceLowVA] MAP_FIXED failed count=39936 start=0x4e000000 size=0xd000000 prot=0 errno=12
[JuiceLowVA] MAP_FIXED failed count=40192 start=0x4e7c0000 size=0x10000 prot=0 errno=12
[JuiceLowVA] MAP_FIXED failed count=40448 start=0x4efd0000 size=0x30000 prot=0 errno=12
[JuiceLowVA] MAP_FIXED failed count=40704 start=0x4f7d0000 size=0x10000 prot=0 errno=12
[JuiceLowVA] MAP_FIXED failed count=40960 start=0x4ffd0000 size=0x10000 prot=0 errno=12
[JuiceLowVA] MAP_FIXED failed count=41216 start=0x507d0000 size=0x60000 prot=0 errno=12
[JuiceLowVA] MAP_FIXED failed count=41472 start=0x50fe0000 size=0x10000 prot=0 errno=12
[JuiceLowVA] MAP_FIXED failed count=41728 start=0x517d0000 size=0x40000 prot=0 errno=12
[JuiceLowVA] MAP_FIXED failed count=41984 start=0x51fd0000 size=0x10000 prot=0 errno=12
[JuiceLowVA] MAP_FIXED failed count=42240 start=0x527d0000 size=0x10000 prot=0 errno=12
[JuiceLowVA] MAP_FIXED failed count=42496 start=0x52fd0000 size=0x30000 prot=0 errno=12
[JuiceLowVA] MAP_FIXED failed count=42752 start=0x537d0000 size=0x20000 prot=0 errno=12
[JuiceLowVA] MAP_FIXED failed count=43008 start=0x53fe0000 size=0x60000 prot=0 errno=12
[JuiceLowVA] MAP_FIXED failed count=43264 start=0x54800000 size=0x6800000 prot=0 errno=12
[JuiceLowVA] MAP_FIXED failed count=43520 start=0x54fd0000 size=0x10000 prot=0 errno=12
[JuiceLowVA] MAP_FIXED failed count=43776 start=0x557d0000 size=0x10000 prot=0 errno=12
[JuiceLowVA] MAP_FIXED failed count=44032 start=0x55fe0000 size=0x10000 prot=0 errno=12
[JuiceLowVA] MAP_FIXED failed count=44288 start=0x567e0000 size=0x30000 prot=0 errno=12
[JuiceLowVA] MAP_FIXED failed count=44544 start=0x56fd0000 size=0x30000 prot=0 errno=12
[JuiceLowVA] MAP_FIXED failed count=44800 start=0x577f0000 size=0xd0000 prot=0 errno=12
[JuiceLowVA] MAP_FIXED failed count=45056 start=0x57fd0000 size=0x20000 prot=0 errno=12
[JuiceLowVA] MAP_FIXED failed count=45312 start=0x587e0000 size=0x10000 prot=0 errno=12
[JuiceLowVA] MAP_FIXED failed count=45568 start=0x58fe0000 size=0x70000 prot=0 errno=12
[JuiceLowVA] MAP_FIXED failed count=45824 start=0x597d0000 size=0x10000 prot=0 errno=12
[JuiceLowVA] MAP_FIXED failed count=46080 start=0x59fd0000 size=0x10000 prot=0 errno=12
[JuiceLowVA] MAP_FIXED failed count=46336 start=0x5a7e0000 size=0x30000 prot=0 errno=12
[JuiceLowVA] MAP_FIXED failed count=46592 start=0x5b000000 size=0x6800000 prot=0 errno=12
[JuiceLowVA] MAP_FIXED failed count=46848 start=0x5b7d0000 size=0x10000 prot=0 errno=12
[JuiceLowVA] MAP_FIXED failed count=47104 start=0x5bfd0000 size=0x10000 prot=0 errno=12
[JuiceLowVA] MAP_FIXED failed count=47360 start=0x5c7e0000 size=0x10000 prot=0 errno=12
[JuiceLowVA] MAP_FIXED failed count=47616 start=0x5cfe0000 size=0x30000 prot=0 errno=12
[JuiceLowVA] MAP_FIXED failed count=47872 start=0x5d7d0000 size=0x30000 prot=0 errno=12
[JuiceLowVA] MAP_FIXED failed count=48128 start=0x5dff0000 size=0xd0000 prot=0 errno=12
[JuiceLowVA] MAP_FIXED failed count=48384 start=0x5e7d0000 size=0x20000 prot=0 errno=12
[JuiceLowVA] MAP_FIXED failed count=48640 start=0x5efe0000 size=0x10000 prot=0 errno=12
[JuiceLowVA] MAP_FIXED failed count=48896 start=0x5f7e0000 size=0x70000 prot=0 errno=12
[JuiceLowVA] MAP_FIXED failed count=49152 start=0x5ffd0000 size=0x10000 prot=0 errno=12
[JuiceLowVA] MAP_FIXED failed count=49408 start=0x607d0000 size=0x10000 prot=0 errno=12
[JuiceLowVA] MAP_FIXED failed count=49664 start=0x60fe0000 size=0x30000 prot=0 errno=12
[JuiceLowVA] MAP_FIXED failed count=49920 start=0x61800000 size=0x3400000 prot=0 errno=12
[JuiceLowVA] MAP_FIXED failed count=50176 start=0x61fe0000 size=0x40000 prot=0 errno=12
[JuiceLowVA] MAP_FIXED failed count=50432 start=0x627e0000 size=0x20000 prot=0 errno=12
[JuiceLowVA] MAP_FIXED failed count=50688 start=0x62ff0000 size=0x70000 prot=0 errno=12
[JuiceLowVA] MAP_FIXED failed count=50944 start=0x637e0000 size=0x10000 prot=0 errno=12
[JuiceLowVA] MAP_FIXED failed count=51200 start=0x63fd0000 size=0x10000 prot=0 errno=12
[JuiceLowVA] MAP_FIXED failed count=51456 start=0x647f0000 size=0x60000 prot=0 errno=12
[JuiceLowVA] MAP_FIXED failed count=51712 start=0x64fd0000 size=0x10000 prot=0 errno=12
[JuiceLowVA] MAP_FIXED failed count=51968 start=0x657f0000 size=0x40000 prot=0 errno=12
[JuiceLowVA] MAP_FIXED failed count=52224 start=0x65fe0000 size=0x30000 prot=0 errno=12
[JuiceLowVA] MAP_FIXED failed count=52480 start=0x667e0000 size=0x20000 prot=0 errno=12
[JuiceLowVA] MAP_FIXED failed count=52736 start=0x66fe0000 size=0x10000 prot=0 errno=12
[JuiceLowVA] MAP_FIXED failed count=52992 start=0x677e0000 size=0x10000 prot=0 errno=12
[JuiceLowVA] MAP_FIXED failed count=53248 start=0x7f000000 size=0x3f0000 prot=0 errno=12
[JuiceLowVA] MAP_FIXED failed count=53504 start=0x7f7f0000 size=0x80000 prot=0 errno=12
[JuiceWine] PT_TRACE_ME succeeded; csflags=0x32007005 CS_DEBUGGED=YES
[JuiceWine] requesting controlled tracer detach
[JuiceWine parent] child stopped pid=4129 signal=17 (Suspended (signal): 17)
[JuiceWine parent] PT_DETACH pid=4129 result=0
[JuiceWine parent] child now running untraced
[JuiceWine] resumed after tracer detach; csflags=0x32007005 CS_DEBUGGED=YES
[JuiceStage] wineboot disabled by JUICE_SKIP_WINEBOOT=1
[JuiceWine] host-page expanding executable section .text: section=0x140001000 mapping=0x140000000 size=16384
[JuiceWine] anonymous PE executable section .text at 0x140000000 size=16384
[JuiceStage] loading Windows ntdll; transfer=0x140001000 teb=0x17ffd8000 peb=0x17ffdc000
[JuiceHybrid] open name=/private/var/containers/Bundle/Application/F3BC928B-CF6E-41E9-AA5B-114329A364D0/Juice.app/Grape-X64/build/wine-ios/dlls/ntdll/aarch64-windows/ntdll.dll machine=8664 status=00000000
[JuiceWine] anonymous PE executable section .text at 0x17f8e0000 size=983040
[JuiceWine] anonymous PE executable section .hexpthk at 0x17f9d0000 size=65536
[JuiceHybrid] map name=/private/var/containers/Bundle/Application/F3BC928B-CF6E-41E9-AA5B-114329A364D0/Juice.app/Grape-X64/build/wine-ios/dlls/ntdll/aarch64-windows/ntdll.dll status=40000003 module=0x17f8d0000 size=690000
[JuiceStage] load_ntdll returned; transfer=0x140001000
[JuiceStage] load_wow64_ntdll returned
[JuiceStage] calling load_apiset_dll
[JuiceStage] load_apiset_dll returned; stack_base=0x104700000 stack_limit=0x104608000
[JuiceStage] calling server_init_process_done
[JuiceStage] server_init_process_done entered
[JuiceStage] calling signal_init_process; teb=0x17ffd8000
[JuiceStage] signal_init_process returned
[JuiceStage] init_teb_data returned; syscall_frame=0x28010fcd0 stack_base=0x104700000 stack_limit=0x104608000
[JuiceStage] init_process_done server call returned; status=00000000 suspend=0 transfer=0x140001000 teb=0x17ffd8000 peb=0x17ffdc000
[JuiceStage] calling signal_start_thread
[JuiceStage] init_syscall_frame entered; entry=0x140001000 arg=0x17ffdc000 teb=0x17ffd8000 data=0x280000000 frame=0x28010fcd0 stack_base=0x104700000 stack_limit=0x104608000
[JuiceStage] calling signal_set_full_context; ctx=0x1046ffc70 target_pc=0x17f99bd48 target_sp=0x104700000 target_x18=0x17ffd8000 LdrInitializeThunk=0x17f99bd7c RtlUserThreadStart=0x17f99bd48
[JuiceStage] signal_set_full_context returned; status=00000000 frame_pc=0x17f99bd48 frame_sp=0x104700000 frame_x18=0x17ffd8000 restore=00400007
[JuiceStage] init_syscall_frame complete; dispatcher_pc=0x17f99bd7c user_sp=0x1046ffc70 x16=0x17f99bd7c x17=0x1046ffc70 x18=0x17ffd8000 restore=00400007
[JuiceX18] broad #1 pc=0x17f972f98 fault=0x17ee instr=796fde48 x8=0x0 x16=0x2b002b x17=0x100 x18=0x0 teb=0x17ffd8000
[JuiceX18] broad #2 pc=0x17f9a1a7c fault=0x60 instr=f940324c x8=0x0 x16=0x17f972f98 x17=0x1046ffc70 x18=0x0 teb=0x17ffd8000
[JuiceX18] broad #3 pc=0x17f998158 fault=0x1788 instr=f94bc648 x8=0x17f99c024 x16=0x17f9a1a7c x17=0x1046ffc70 x18=0x0 teb=0x17ffd8000
[JuiceX18] broad #4 pc=0x17f9a250c fault=0x60 instr=f9403248 x8=0x102960090 x16=0x102960108 x17=0x102960888 x18=0x0 teb=0x17ffd8000
[JuiceX18] broad #5 pc=0x17f9730bc fault=0x180c instr=b9580e48 x8=0x0 x16=0x17f998334 x17=0x1046fefc0 x18=0x0 teb=0x17ffd8000
[JuiceX18] broad #6 pc=0x17f965b54 fault=0x60 instr=f9403248 x8=0x17fa36850 x16=0x0 x17=0x1046ffc70 x18=0x0 teb=0x17ffd8000
[JuiceX18] broad #7 pc=0x17f9a19e4 fault=0x3000 instr=b9700248 x8=0x96 x16=0x725c x17=0x225c x18=0x0 teb=0x17ffd8000
[JuiceX18] broad #8 pc=0x102a19c14 fault=0x378 instr=f941be4a x8=0x33 x16=0x102a19c10 x17=0x1046ffc70 x18=0x0 teb=0x17ffd8000
[JuiceX18] broad #9 pc=0x17f9a19e4 fault=0x3000 instr=b9700248 x8=0x9 x16=0x725c x17=0x225c x18=0x0 teb=0x17ffd8000
[JuiceX18] broad #10 pc=0x17f964fc8 fault=0x60 instr=f9403248 x8=0xffffffe3 x16=0x17ffdb0bf x17=0x225c x18=0x0 teb=0x17ffd8000
[JuiceX18] broad #11 pc=0x17f99fd9c fault=0x48 instr=b9404a48 x8=0x1029600d8 x16=0x17f964fc8 x17=0x1046ffc70 x18=0x0 teb=0x17ffd8000
[JuiceX18] broad #12 pc=0x17f96503c fault=0x60 instr=f9403248 x8=0x102962f66 x16=0x102962c40 x17=0x1046ffc70 x18=0x0 teb=0x17ffd8000
[JuiceX18] broad #13 pc=0x17f964a44 fault=0x60 instr=f9403248 x8=0x0 x16=0x102963a08 x17=0x1046ff590 x18=0x0 teb=0x17ffd8000
[JuiceX18] broad #14 pc=0x17f9a19e4 fault=0x3000 instr=b9700248 x8=0xa8 x16=0x725c x17=0x225c x18=0x0 teb=0x17ffd8000
[JuiceHybrid] open name=/private/var/containers/Bundle/Application/F3BC928B-CF6E-41E9-AA5B-114329A364D0/Juice.app/Grape-X64/build/wine-ios/dlls/libarm64ecfex/aarch64-windows/libarm64ecfex.dll machine=0000 status=c0000135
[JuiceHybrid] open name=/private/var/containers/Bundle/Application/F3BC928B-CF6E-41E9-AA5B-114329A364D0/Juice.app/Grape-X64/build/wine-ios/programs/libarm64ecfex.dll/aarch64-windows/libarm64ecfex.dll machine=0000 status=c0000135
[JuiceHybrid] open name=/private/var/containers/Bundle/Application/F3BC928B-CF6E-41E9-AA5B-114329A364D0/Juice.app/Grape-X64/runtime/lib/wine/aarch64-windows/aarch64-windows/libarm64ecfex.dll machine=0000 status=c0000135
[JuiceHybrid] open name=/private/var/containers/Bundle/Application/F3BC928B-CF6E-41E9-AA5B-114329A364D0/Juice.app/Grape-X64/runtime/lib/wine/aarch64-windows/libarm64ecfex.dll machine=0000 status=00000000
[JuiceWine] host-page expanding executable section .text: section=0x17f491000 mapping=0x17f490000 size=2080768
[JuiceWine] anonymous PE executable section .text at 0x17f490000 size=2080768
[JuiceWine] host-page expanding executable section .hexpthk: section=0x17f689000 mapping=0x17f688000 size=16384
[JuiceWine] anonymous PE executable section .hexpthk at 0x17f688000 size=16384
[JuiceHybrid] map name=/private/var/containers/Bundle/Application/F3BC928B-CF6E-41E9-AA5B-114329A364D0/Juice.app/Grape-X64/runtime/lib/wine/aarch64-windows/libarm64ecfex.dll status=40000003 module=0x17f490000 size=3bd000
[JuiceX18] broad #15 pc=0x17f99648c fault=0x1788 instr=f94bc648 x8=0x17f99c024 x16=0xc40 x17=0xffffffffbff00000 x18=0x0 teb=0x17ffd8000
0024:err:seh:arm64ec_update_hybrid_metadata [JuiceHybrid] metadata module=000000017F490000 slot=36c5c0 exit=0000000000000000
[JuiceX18] broad #16 pc=0x17f99648c fault=0x1788 instr=f94bc648 x8=0x17f99c024 x16=0x1046fedb0 x17=0x17f9a1eec x18=0x0 teb=0x17ffd8000
[JuiceX18] broad #17 pc=0x17f9a19e4 fault=0x3000 instr=b9700248 x8=0xd x16=0x725c x17=0x225c x18=0x0 teb=0x17ffd8000
[JuiceX18] broad #18 pc=0x17f955cac fault=0x2c8 instr=f9416648 x8=0x1046ff0d0 x16=0x17ffdb21f x17=0x1046ffc70 x18=0x0 teb=0x17ffd8000
[JuiceX18] broad #19 pc=0x17f99648c fault=0x1788 instr=f94bc648 x8=0x17f99c024 x16=0x17f9994e4 x17=0x1046fea90 x18=0x0 teb=0x17ffd8000
0024:err:seh:arm64ec_process_init [JuiceHybrid] process dispatch module=000000017F490000 exit=000000017F497B60 jump=000000017F497B30 ret=000000017F497B38
[JuiceX18] broad #20 pc=0x17f995a80 fault=0x60 instr=f9403250 x8=0x17f99c030 x16=0x17f995a80 x17=0x1046fbff0 x18=0x0 teb=0x17ffd8000
[JuiceX18] broad #21 pc=0x102a19c14 fault=0x378 instr=f941be4a x8=0x18 x16=0x102a19c10 x17=0xccccfff9cf7e0000 x18=0x0 teb=0x17ffd8000
[JuiceX18] broad #22 pc=0x17f995a80 fault=0x60 instr=f9403250 x8=0x17fa525dc x16=0x17f995a80 x17=0x1046fcf80 x18=0x0 teb=0x17ffd8000
[JuiceX18] broad #23 pc=0x102a19c14 fault=0x378 instr=f941be4a x8=0x50 x16=0x102a19c10 x17=0x1046fcf80 x18=0x0 teb=0x17ffd8000
[JuiceX18] broad #24 pc=0x102a19c14 fault=0x378 instr=f941be4a x8=0x36 x16=0x102a19c10 x17=0x105200000 x18=0x0 teb=0x17ffd8000
[JuiceX18] broad #25 pc=0x17f99fd7c fault=0x48 instr=b9404a49 x8=0x24 x16=0x1004e0 x17=0x105200000 x18=0x0 teb=0x17ffd8000
[JuiceX18] broad #26 pc=0x17f99f344 fault=0x60 instr=f9403248 x8=0x17f61fc7c x16=0x101970 x17=0x105200000 x18=0x0 teb=0x17ffd8000
[JuiceX18] broad #27 pc=0x17f998158 fault=0x1788 instr=f94bc648 x8=0x17f497c78 x16=0xef300 x17=0x105200000 x18=0x0 teb=0x17ffd8000
[JuiceX18] broad #28 pc=0x17f98db60 fault=0x60 instr=f9403248 x8=0x102965503 x16=0x1014a0 x17=0x105200000 x18=0x0 teb=0x17ffd8000
[JuiceX18] broad #29 pc=0x17f98dd9c fault=0x60 instr=f9403248 x8=0x7a x16=0x6e x17=0x105200000 x18=0x0 teb=0x17ffd8000
[JuiceX18] broad #30 pc=0x17f9647f4 fault=0x60 instr=f9403248 x8=0x110030142 x16=0x101090 x17=0x105200000 x18=0x0 teb=0x17ffd8000
[JuiceX18] broad #31 pc=0x17f9647f4 fault=0x60 instr=f9403248 x8=0x1100701e2 x16=0x101090 x17=0x105200000 x18=0x0 teb=0x17ffd8000
[JuiceX18] broad #32 pc=0x17f9a1e94 fault=0x3004 instr=b9700656 x8=0x17f68b0e6 x16=0x103ac0 x17=0x105200000 x18=0x0 teb=0x17ffd8000
starting FEX based libarm64ecfex.dll
[JuiceFEX] profiler ready
[JuiceFEX] handlers ready
[JuiceFEX] allocator hooks ready
[JuiceFEX] host features ready
[JuiceFEX] context created
[JuiceFEX] core initialized
[JuiceFEX] trackers ready
[JuiceFEX] images and CPU features ready
[JuiceFEX] x64 return thunk ready
[JuiceFEX] process init complete
[JuiceFEX] call-ret live allocation=0x16e010000-0x16e430000 committed=0x16e020000 default=0x16e120000 state=0x16e120000
[JuiceHybrid] open name=/private/var/containers/Bundle/Application/F3BC928B-CF6E-41E9-AA5B-114329A364D0/Juice.app/Grape-X64/build/wine-ios/dlls/kernel32/aarch64-windows/kernel32.dll machine=0000 status=c0000135
[JuiceHybrid] open name=/private/var/containers/Bundle/Application/F3BC928B-CF6E-41E9-AA5B-114329A364D0/Juice.app/Grape-X64/build/wine-ios/programs/kernel32.dll/aarch64-windows/kernel32.dll machine=0000 status=c0000135
[JuiceHybrid] open name=/private/var/containers/Bundle/Application/F3BC928B-CF6E-41E9-AA5B-114329A364D0/Juice.app/Grape-X64/runtime/lib/wine/aarch64-windows/aarch64-windows/kernel32.dll machine=0000 status=c0000135
[JuiceHybrid] open name=/private/var/containers/Bundle/Application/F3BC928B-CF6E-41E9-AA5B-114329A364D0/Juice.app/Grape-X64/runtime/lib/wine/aarch64-windows/kernel32.dll machine=0000 status=00000000
[JuiceWine] anonymous PE executable section .text at 0x16dcf0000 size=393216
[JuiceWine] anonymous PE executable section .hexpthk at 0x16dd50000 size=65536
[JuiceHybrid] map name=/private/var/containers/Bundle/Application/F3BC928B-CF6E-41E9-AA5B-114329A364D0/Juice.app/Grape-X64/runtime/lib/wine/aarch64-windows/kernel32.dll status=40000003 module=0x16dce0000 size=330000
0024:err:seh:arm64ec_update_hybrid_metadata [JuiceHybrid] metadata module=000000016DCE0000 slot=b0740 exit=000000017F497B60
0024:err:seh:arm64ec_update_hybrid_metadata [JuiceHybrid] metadata stored address=000000016DD90740 value=000000017F497B60
[JuiceHybrid] open name=/private/var/containers/Bundle/Application/F3BC928B-CF6E-41E9-AA5B-114329A364D0/Juice.app/Grape-X64/build/wine-ios/dlls/kernelbase/aarch64-windows/kernelbase.dll machine=0000 status=c0000135
[JuiceHybrid] open name=/private/var/containers/Bundle/Application/F3BC928B-CF6E-41E9-AA5B-114329A364D0/Juice.app/Grape-X64/build/wine-ios/programs/kernelbase.dll/aarch64-windows/kernelbase.dll machine=0000 status=c0000135
[JuiceHybrid] open name=/private/var/containers/Bundle/Application/F3BC928B-CF6E-41E9-AA5B-114329A364D0/Juice.app/Grape-X64/runtime/lib/wine/aarch64-windows/aarch64-windows/kernelbase.dll machine=0000 status=c0000135
[JuiceHybrid] open name=/private/var/containers/Bundle/Application/F3BC928B-CF6E-41E9-AA5B-114329A364D0/Juice.app/Grape-X64/runtime/lib/wine/aarch64-windows/kernelbase.dll machine=0000 status=00000000
[JuiceWine] anonymous PE executable section .text at 0x16d0f0000 size=983040
[JuiceWine] anonymous PE executable section .hexpthk at 0x16d1e0000 size=65536
[JuiceHybrid] map name=/private/var/containers/Bundle/Application/F3BC928B-CF6E-41E9-AA5B-114329A364D0/Juice.app/Grape-X64/runtime/lib/wine/aarch64-windows/kernelbase.dll status=40000003 module=0x16d0e0000 size=700000
0024:err:seh:arm64ec_update_hybrid_metadata [JuiceHybrid] metadata module=000000016D0E0000 slot=188788 exit=000000017F497B60
0024:err:seh:arm64ec_update_hybrid_metadata [JuiceHybrid] metadata stored address=000000016D268788 value=000000017F497B60
0024:warn:seh:dispatch_exception "JUICE_D3D12_STAGE load-library"
0024:trace:seh:dispatch_exception code=40010006 (DBG_PRINTEXCEPTION_C) flags=0 addr=000000016D16D124
0024:trace:seh:dispatch_exception  info[0]=000000000000001F
0024:trace:seh:dispatch_exception  info[1]=0000000140002090
0024:trace:seh:dispatch_exception rip=000000016d16d124 rsp=00000001046ffaf0 rbp=00000001046ffd18 eflags=00000242
0024:trace:seh:dispatch_exception rax=00000001046ffbb8 rbx=00000000000000cb rcx=00000001046ffb00 rdx=00000001046ffba8
0024:trace:seh:dispatch_exception rsi=0000000000000000 rdi=000000016dd39760  r8=0000000000000010  r9=00000001046ffba8
0024:trace:seh:dispatch_exception r10=000000016d16d0e4 r11=000000000000000f r12=00000001046ffba0 r13=00000001400020ae
0024:trace:seh:dispatch_exception r14=0000000000000000 r15=0000000000000000 mxcsr=00001fa0 cs=0000 ss=0000
0024:trace:seh:call_seh_handlers calling handler 000000016DD39634 (rec=00000001046FFB00, frame=1046ffd40 context=00000001046FF620, dispatch=00000001046FF248)
0024:trace:seh:RtlUnwindEx code=40010006 flags=2 end_frame=00000001046FFD40 target_ip=000000016DD21508
0024:trace:seh:RtlUnwindEx  info[0]=000000000000001f
0024:trace:seh:RtlUnwindEx  info[1]=0000000140002090
0024:trace:seh:RtlUnwindEx rip=000000017f99b33c rsp=00000001046fe570 rbp=00000001046ffd18 eflags=00000282
0024:trace:seh:RtlUnwindEx rax=ffffffffc0000000 rbx=000000016dd21708 rcx=00000001046fed70 rdx=000000016dd21508
0024:trace:seh:RtlUnwindEx rsi=000000016dce0000 rdi=0000000000000000  r8=00000001046ffb00  r9=0000000040010006
0024:trace:seh:RtlUnwindEx r10=00000001046fed70 r11=00000001046ff2a0 r12=00000001046ff248 r13=00000001046ffb00
0024:trace:seh:RtlUnwindEx r14=00000001046fed70 r15=00000001046ffd40 mxcsr=00001fa0 cs=0033 ss=002b
0024:trace:seh:RtlUnwindEx calling handler 000000017F99A26C (rec=00000001046FFB00, frame=1046fed30 context=00000001046FED70, dispatch=00000001046FEAC8)
0024:trace:seh:RtlUnwindEx handler 000000017F99A26C returned 1
0024:trace:seh:RtlUnwindEx calling handler 000000016DD39634 (rec=00000001046FFB00, frame=1046ffd40 context=00000001046FED70, dispatch=00000001046FEAC8)
0024:trace:seh:RtlUnwindEx handler 000000016DD39634 returned 1
0024:trace:seh:RtlRestoreContext returning to 000000016DD21508 stack 00000001046FFBA0
0024:warn:seh:dispatch_exception "\n"
0024:trace:seh:dispatch_exception code=40010006 (DBG_PRINTEXCEPTION_C) flags=0 addr=000000016D16D124
0024:trace:seh:dispatch_exception  info[0]=0000000000000002
0024:trace:seh:dispatch_exception  info[1]=00000001400022CE
0024:trace:seh:dispatch_exception rip=000000016d16d124 rsp=00000001046ffaf0 rbp=00000001046ffd18 eflags=00000242
0024:trace:seh:dispatch_exception rax=00000001046ffbb8 rbx=00000000000000cb rcx=00000001046ffb00 rdx=00000001046ffba8
0024:trace:seh:dispatch_exception rsi=0000000000000000 rdi=000000016dd39760  r8=0000000000000010  r9=00000001046ffba8
0024:trace:seh:dispatch_exception r10=000000016d16d0e4 r11=000000000000000f r12=00000001046ffba0 r13=00000001400022ce
0024:trace:seh:dispatch_exception r14=0000000000000000 r15=0000000000000000 mxcsr=00001fa0 cs=0000 ss=0000
0024:trace:seh:call_seh_handlers calling handler 000000016DD39634 (rec=00000001046FFB00, frame=1046ffd40 context=00000001046FF620, dispatch=00000001046FF248)
0024:trace:seh:RtlUnwindEx code=40010006 flags=2 end_frame=00000001046FFD40 target_ip=000000016DD21508
0024:trace:seh:RtlUnwindEx  info[0]=0000000000000002
0024:trace:seh:RtlUnwindEx  info[1]=00000001400022ce
0024:trace:seh:RtlUnwindEx rip=000000017f99b33c rsp=00000001046fe570 rbp=00000001046ffd18 eflags=00000282
0024:trace:seh:RtlUnwindEx rax=ffffffffc0000000 rbx=000000016dd21708 rcx=00000001046fed70 rdx=000000016dd21508
0024:trace:seh:RtlUnwindEx rsi=000000016dce0000 rdi=0000000000000000  r8=00000001046ffb00  r9=0000000040010006
0024:trace:seh:RtlUnwindEx r10=00000001046fed70 r11=00000001046ff2a0 r12=00000001046ff248 r13=00000001046ffb00
0024:trace:seh:RtlUnwindEx r14=00000001046fed70 r15=00000001046ffd40 mxcsr=00001fa0 cs=0033 ss=002b
0024:trace:seh:RtlUnwindEx calling handler 000000017F99A26C (rec=00000001046FFB00, frame=1046fed30 context=00000001046FED70, dispatch=00000001046FEAC8)
0024:trace:seh:RtlUnwindEx handler 000000017F99A26C returned 1
0024:trace:seh:RtlUnwindEx calling handler 000000016DD39634 (rec=00000001046FFB00, frame=1046ffd40 context=00000001046FED70, dispatch=00000001046FEAC8)
0024:trace:seh:RtlUnwindEx handler 000000016DD39634 returned 1
0024:trace:seh:RtlRestoreContext returning to 000000016DD21508 stack 00000001046FFBA0
[JuiceHybrid] open name=/private/var/containers/Bundle/Application/F3BC928B-CF6E-41E9-AA5B-114329A364D0/Juice.app/Grape-X64/build/wine-ios/dlls/d3d12/aarch64-windows/d3d12.dll machine=0000 status=c0000135
[JuiceHybrid] open name=/private/var/containers/Bundle/Application/F3BC928B-CF6E-41E9-AA5B-114329A364D0/Juice.app/Grape-X64/build/wine-ios/programs/d3d12.dll/aarch64-windows/d3d12.dll machine=0000 status=c0000135
[JuiceHybrid] open name=/private/var/containers/Bundle/Application/F3BC928B-CF6E-41E9-AA5B-114329A364D0/Juice.app/Grape-X64/runtime/lib/wine/aarch64-windows/aarch64-windows/d3d12.dll machine=0000 status=c0000135
[JuiceHybrid] open name=/private/var/containers/Bundle/Application/F3BC928B-CF6E-41E9-AA5B-114329A364D0/Juice.app/Grape-X64/runtime/lib/wine/aarch64-windows/d3d12.dll machine=0000 status=00000000
[JuiceWine] anonymous PE executable section .text at 0x16db60000 size=65536
[JuiceWine] anonymous PE executable section .hexpthk at 0x16db70000 size=65536
[JuiceHybrid] map name=/private/var/containers/Bundle/Application/F3BC928B-CF6E-41E9-AA5B-114329A364D0/Juice.app/Grape-X64/runtime/lib/wine/aarch64-windows/d3d12.dll status=40000003 module=0x16db50000 size=180000
0024:err:seh:arm64ec_update_hybrid_metadata [JuiceHybrid] metadata module=000000016DB50000 slot=60230 exit=000000017F497B60
0024:err:seh:arm64ec_update_hybrid_metadata [JuiceHybrid] metadata stored address=000000016DBB0230 value=000000017F497B60
[JuiceHybrid] open name=/private/var/containers/Bundle/Application/F3BC928B-CF6E-41E9-AA5B-114329A364D0/Juice.app/Grape-X64/build/wine-ios/dlls/dxgi/aarch64-windows/dxgi.dll machine=0000 status=c0000135
[JuiceHybrid] open name=/private/var/containers/Bundle/Application/F3BC928B-CF6E-41E9-AA5B-114329A364D0/Juice.app/Grape-X64/build/wine-ios/programs/dxgi.dll/aarch64-windows/dxgi.dll machine=0000 status=c0000135
[JuiceHybrid] open name=/private/var/containers/Bundle/Application/F3BC928B-CF6E-41E9-AA5B-114329A364D0/Juice.app/Grape-X64/runtime/lib/wine/aarch64-windows/aarch64-windows/dxgi.dll machine=0000 status=c0000135
[JuiceHybrid] open name=/private/var/containers/Bundle/Application/F3BC928B-CF6E-41E9-AA5B-114329A364D0/Juice.app/Grape-X64/runtime/lib/wine/aarch64-windows/dxgi.dll machine=0000 status=00000000
[JuiceWine] anonymous PE executable section .text at 0x16b610000 size=196608
[JuiceWine] anonymous PE executable section .hexpthk at 0x16b640000 size=65536
[JuiceHybrid] map name=/private/var/containers/Bundle/Application/F3BC928B-CF6E-41E9-AA5B-114329A364D0/Juice.app/Grape-X64/runtime/lib/wine/aarch64-windows/dxgi.dll status=40000003 module=0x16b600000 size=2e0000
0024:err:seh:arm64ec_update_hybrid_metadata [JuiceHybrid] metadata module=000000016B600000 slot=90330 exit=000000017F497B60
0024:err:seh:arm64ec_update_hybrid_metadata [JuiceHybrid] metadata stored address=000000016B690330 value=000000017F497B60
[JuiceHybrid] open name=/private/var/containers/Bundle/Application/F3BC928B-CF6E-41E9-AA5B-114329A364D0/Juice.app/Grape-X64/build/wine-ios/dlls/wined3d/aarch64-windows/wined3d.dll machine=0000 status=c0000135
[JuiceHybrid] open name=/private/var/containers/Bundle/Application/F3BC928B-CF6E-41E9-AA5B-114329A364D0/Juice.app/Grape-X64/build/wine-ios/programs/wined3d.dll/aarch64-windows/wined3d.dll machine=0000 status=c0000135
[JuiceHybrid] open name=/private/var/containers/Bundle/Application/F3BC928B-CF6E-41E9-AA5B-114329A364D0/Juice.app/Grape-X64/runtime/lib/wine/aarch64-windows/aarch64-windows/wined3d.dll machine=0000 status=c0000135
[JuiceHybrid] open name=/private/var/containers/Bundle/Application/F3BC928B-CF6E-41E9-AA5B-114329A364D0/Juice.app/Grape-X64/runtime/lib/wine/aarch64-windows/wined3d.dll machine=0000 status=00000000
[JuiceWine] anonymous PE executable section .text at 0x168730000 size=4325376
[JuiceWine] anonymous PE executable section .hexpthk at 0x168b50000 size=65536
[JuiceHybrid] map name=/private/var/containers/Bundle/Application/F3BC928B-CF6E-41E9-AA5B-114329A364D0/Juice.app/Grape-X64/runtime/lib/wine/aarch64-windows/wined3d.dll status=40000003 module=0x168720000 size=2ee0000
0024:err:seh:arm64ec_update_hybrid_metadata [JuiceHybrid] metadata module=0000000168720000 slot=5e1400 exit=000000017F497B60
0024:err:seh:arm64ec_update_hybrid_metadata [JuiceHybrid] metadata stored address=0000000168D01400 value=000000017F497B60
[JuiceHybrid] open name=/private/var/containers/Bundle/Application/F3BC928B-CF6E-41E9-AA5B-114329A364D0/Juice.app/Grape-X64/build/wine-ios/dlls/opengl32/aarch64-windows/opengl32.dll machine=0000 status=c0000135
[JuiceHybrid] open name=/private/var/containers/Bundle/Application/F3BC928B-CF6E-41E9-AA5B-114329A364D0/Juice.app/Grape-X64/build/wine-ios/programs/opengl32.dll/aarch64-windows/opengl32.dll machine=0000 status=c0000135
[JuiceHybrid] open name=/private/var/containers/Bundle/Application/F3BC928B-CF6E-41E9-AA5B-114329A364D0/Juice.app/Grape-X64/runtime/lib/wine/aarch64-windows/aarch64-windows/opengl32.dll machine=0000 status=c0000135
[JuiceHybrid] open name=/private/var/containers/Bundle/Application/F3BC928B-CF6E-41E9-AA5B-114329A364D0/Juice.app/Grape-X64/runtime/lib/wine/aarch64-windows/opengl32.dll machine=0000 status=00000000
[JuiceWine] anonymous PE executable section .text at 0x167d20000 size=1310720
[JuiceWine] anonymous PE executable section .hexpthk at 0x167e60000 size=65536
[JuiceHybrid] map name=/private/var/containers/Bundle/Application/F3BC928B-CF6E-41E9-AA5B-114329A364D0/Juice.app/Grape-X64/runtime/lib/wine/aarch64-windows/opengl32.dll status=40000003 module=0x167d10000 size=a10000
0024:err:seh:arm64ec_update_hybrid_metadata [JuiceHybrid] metadata module=0000000167D10000 slot=26b098 exit=000000017F497B60
0024:err:seh:arm64ec_update_hybrid_metadata [JuiceHybrid] metadata stored address=0000000167F7B098 value=000000017F497B60
[JuiceHybrid] open name=/private/var/containers/Bundle/Application/F3BC928B-CF6E-41E9-AA5B-114329A364D0/Juice.app/Grape-X64/build/wine-ios/dlls/gdi32/aarch64-windows/gdi32.dll machine=0000 status=c0000135
[JuiceHybrid] open name=/private/var/containers/Bundle/Application/F3BC928B-CF6E-41E9-AA5B-114329A364D0/Juice.app/Grape-X64/build/wine-ios/programs/gdi32.dll/aarch64-windows/gdi32.dll machine=0000 status=c0000135
[JuiceHybrid] open name=/private/var/containers/Bundle/Application/F3BC928B-CF6E-41E9-AA5B-114329A364D0/Juice.app/Grape-X64/runtime/lib/wine/aarch64-windows/aarch64-windows/gdi32.dll machine=0000 status=c0000135
[JuiceHybrid] open name=/private/var/containers/Bundle/Application/F3BC928B-CF6E-41E9-AA5B-114329A364D0/Juice.app/Grape-X64/runtime/lib/wine/aarch64-windows/gdi32.dll machine=0000 status=00000000
[JuiceWine] anonymous PE executable section .text at 0x1678b0000 size=655360
[JuiceWine] anonymous PE executable section .hexpthk at 0x167950000 size=65536
[JuiceHybrid] map name=/private/var/containers/Bundle/Application/F3BC928B-CF6E-41E9-AA5B-114329A364D0/Juice.app/Grape-X64/runtime/lib/wine/aarch64-windows/gdi32.dll status=40000003 module=0x1678a0000 size=470000
0024:err:seh:arm64ec_update_hybrid_metadata [JuiceHybrid] metadata module=00000001678A0000 slot=1112e0 exit=000000017F497B60
0024:err:seh:arm64ec_update_hybrid_metadata [JuiceHybrid] metadata stored address=00000001679B12E0 value=000000017F497B60
[JuiceHybrid] open name=/private/var/containers/Bundle/Application/F3BC928B-CF6E-41E9-AA5B-114329A364D0/Juice.app/Grape-X64/build/wine-ios/dlls/user32/aarch64-windows/user32.dll machine=0000 status=c0000135
[JuiceHybrid] open name=/private/var/containers/Bundle/Application/F3BC928B-CF6E-41E9-AA5B-114329A364D0/Juice.app/Grape-X64/build/wine-ios/programs/user32.dll/aarch64-windows/user32.dll machine=0000 status=c0000135
[JuiceHybrid] open name=/private/var/containers/Bundle/Application/F3BC928B-CF6E-41E9-AA5B-114329A364D0/Juice.app/Grape-X64/runtime/lib/wine/aarch64-windows/aarch64-windows/user32.dll machine=0000 status=c0000135
[JuiceHybrid] open name=/private/var/containers/Bundle/Application/F3BC928B-CF6E-41E9-AA5B-114329A364D0/Juice.app/Grape-X64/runtime/lib/wine/aarch64-windows/user32.dll machine=0000 status=00000000
[JuiceWine] anonymous PE executable section .text at 0x166fc0000 size=1179648
[JuiceWine] anonymous PE executable section .hexpthk at 0x1670e0000 size=65536
[JuiceHybrid] map name=/private/var/containers/Bundle/Application/F3BC928B-CF6E-41E9-AA5B-114329A364D0/Juice.app/Grape-X64/runtime/lib/wine/aarch64-windows/user32.dll status=40000003 module=0x166fb0000 size=8f0000
0024:err:seh:arm64ec_update_hybrid_metadata [JuiceHybrid] metadata module=0000000166FB0000 slot=1b1f70 exit=000000017F497B60
0024:err:seh:arm64ec_update_hybrid_metadata [JuiceHybrid] metadata stored address=0000000167161F70 value=000000017F497B60
[JuiceHybrid] open name=/private/var/containers/Bundle/Application/F3BC928B-CF6E-41E9-AA5B-114329A364D0/Juice.app/Grape-X64/build/wine-ios/dlls/sechost/aarch64-windows/sechost.dll machine=0000 status=c0000135
[JuiceHybrid] open name=/private/var/containers/Bundle/Application/F3BC928B-CF6E-41E9-AA5B-114329A364D0/Juice.app/Grape-X64/build/wine-ios/programs/sechost.dll/aarch64-windows/sechost.dll machine=0000 status=c0000135
[JuiceHybrid] open name=/private/var/containers/Bundle/Application/F3BC928B-CF6E-41E9-AA5B-114329A364D0/Juice.app/Grape-X64/runtime/lib/wine/aarch64-windows/aarch64-windows/sechost.dll machine=0000 status=c0000135
[JuiceHybrid] open name=/private/var/containers/Bundle/Application/F3BC928B-CF6E-41E9-AA5B-114329A364D0/Juice.app/Grape-X64/runtime/lib/wine/aarch64-windows/sechost.dll machine=0000 status=00000000
[JuiceWine] anonymous PE executable section .text at 0x166e70000 size=131072
[JuiceWine] anonymous PE executable section .hexpthk at 0x166e90000 size=65536
[JuiceHybrid] map name=/private/var/containers/Bundle/Application/F3BC928B-CF6E-41E9-AA5B-114329A364D0/Juice.app/Grape-X64/runtime/lib/wine/aarch64-windows/sechost.dll status=40000003 module=0x166e60000 size=150000
0024:err:seh:arm64ec_update_hybrid_metadata [JuiceHybrid] metadata module=0000000166E60000 slot=60470 exit=000000017F497B60
0024:err:seh:arm64ec_update_hybrid_metadata [JuiceHybrid] metadata stored address=0000000166EC0470 value=000000017F497B60
[JuiceHybrid] open name=/private/var/containers/Bundle/Application/F3BC928B-CF6E-41E9-AA5B-114329A364D0/Juice.app/Grape-X64/build/wine-ios/dlls/ucrtbase/aarch64-windows/ucrtbase.dll machine=0000 status=c0000135
[JuiceHybrid] open name=/private/var/containers/Bundle/Application/F3BC928B-CF6E-41E9-AA5B-114329A364D0/Juice.app/Grape-X64/build/wine-ios/programs/ucrtbase.dll/aarch64-windows/ucrtbase.dll machine=0000 status=c0000135
[JuiceHybrid] open name=/private/var/containers/Bundle/Application/F3BC928B-CF6E-41E9-AA5B-114329A364D0/Juice.app/Grape-X64/runtime/lib/wine/aarch64-windows/aarch64-windows/ucrtbase.dll machine=0000 status=c0000135
[JuiceHybrid] open name=/private/var/containers/Bundle/Application/F3BC928B-CF6E-41E9-AA5B-114329A364D0/Juice.app/Grape-X64/runtime/lib/wine/aarch64-windows/ucrtbase.dll machine=0000 status=00000000
[JuiceWine] anonymous PE executable section .text at 0x1667e0000 size=1179648
[JuiceWine] anonymous PE executable section .hexpthk at 0x166900000 size=65536
[JuiceHybrid] map name=/private/var/containers/Bundle/Application/F3BC928B-CF6E-41E9-AA5B-114329A364D0/Juice.app/Grape-X64/runtime/lib/wine/aarch64-windows/ucrtbase.dll status=40000003 module=0x1667d0000 size=690000
0024:err:seh:arm64ec_update_hybrid_metadata [JuiceHybrid] metadata module=00000001667D0000 slot=197128 exit=000000017F497B60
0024:err:seh:arm64ec_update_hybrid_metadata [JuiceHybrid] metadata stored address=0000000166967128 value=000000017F497B60
[JuiceHybrid] open name=/private/var/containers/Bundle/Application/F3BC928B-CF6E-41E9-AA5B-114329A364D0/Juice.app/Grape-X64/build/wine-ios/dlls/advapi32/aarch64-windows/advapi32.dll machine=0000 status=c0000135
[JuiceHybrid] open name=/private/var/containers/Bundle/Application/F3BC928B-CF6E-41E9-AA5B-114329A364D0/Juice.app/Grape-X64/build/wine-ios/programs/advapi32.dll/aarch64-windows/advapi32.dll machine=0000 status=c0000135
[JuiceHybrid] open name=/private/var/containers/Bundle/Application/F3BC928B-CF6E-41E9-AA5B-114329A364D0/Juice.app/Grape-X64/runtime/lib/wine/aarch64-windows/aarch64-windows/advapi32.dll machine=0000 status=c0000135
[JuiceHybrid] open name=/private/var/containers/Bundle/Application/F3BC928B-CF6E-41E9-AA5B-114329A364D0/Juice.app/Grape-X64/runtime/lib/wine/aarch64-windows/advapi32.dll machine=0000 status=00000000
[JuiceWine] anonymous PE executable section .text at 0x166580000 size=327680
[JuiceWine] anonymous PE executable section .hexpthk at 0x1665d0000 size=65536
[JuiceHybrid] map name=/private/var/containers/Bundle/Application/F3BC928B-CF6E-41E9-AA5B-114329A364D0/Juice.app/Grape-X64/runtime/lib/wine/aarch64-windows/advapi32.dll status=40000003 module=0x166570000 size=260000
0024:err:seh:arm64ec_update_hybrid_metadata [JuiceHybrid] metadata module=0000000166570000 slot=a04c0 exit=000000017F497B60
0024:err:seh:arm64ec_update_hybrid_metadata [JuiceHybrid] metadata stored address=00000001666104C0 value=000000017F497B60
[JuiceHybrid] open name=/private/var/containers/Bundle/Application/F3BC928B-CF6E-41E9-AA5B-114329A364D0/Juice.app/Grape-X64/build/wine-ios/dlls/msvcrt/aarch64-windows/msvcrt.dll machine=0000 status=c0000135
[JuiceHybrid] open name=/private/var/containers/Bundle/Application/F3BC928B-CF6E-41E9-AA5B-114329A364D0/Juice.app/Grape-X64/build/wine-ios/programs/msvcrt.dll/aarch64-windows/msvcrt.dll machine=0000 status=c0000135
[JuiceHybrid] open name=/private/var/containers/Bundle/Application/F3BC928B-CF6E-41E9-AA5B-114329A364D0/Juice.app/Grape-X64/runtime/lib/wine/aarch64-windows/aarch64-windows/msvcrt.dll machine=0000 status=c0000135
[JuiceHybrid] open name=/private/var/containers/Bundle/Application/F3BC928B-CF6E-41E9-AA5B-114329A364D0/Juice.app/Grape-X64/runtime/lib/wine/aarch64-windows/msvcrt.dll machine=0000 status=00000000
[JuiceWine] anonymous PE executable section .text at 0x165fb0000 size=983040
[JuiceWine] anonymous PE executable section .hexpthk at 0x1660a0000 size=65536
[JuiceHybrid] map name=/private/var/containers/Bundle/Application/F3BC928B-CF6E-41E9-AA5B-114329A364D0/Juice.app/Grape-X64/runtime/lib/wine/aarch64-windows/msvcrt.dll status=40000003 module=0x165fa0000 size=5d0000
0024:err:seh:arm64ec_update_hybrid_metadata [JuiceHybrid] metadata module=0000000165FA0000 slot=155ee8 exit=000000017F497B60
0024:err:seh:arm64ec_update_hybrid_metadata [JuiceHybrid] metadata stored address=00000001660F5EE8 value=000000017F497B60
[JuiceHybrid] open name=/private/var/containers/Bundle/Application/F3BC928B-CF6E-41E9-AA5B-114329A364D0/Juice.app/Grape-X64/build/wine-ios/dlls/win32u/aarch64-windows/win32u.dll machine=0000 status=c0000135
[JuiceHybrid] open name=/private/var/containers/Bundle/Application/F3BC928B-CF6E-41E9-AA5B-114329A364D0/Juice.app/Grape-X64/build/wine-ios/programs/win32u.dll/aarch64-windows/win32u.dll machine=0000 status=c0000135
[JuiceHybrid] open name=/private/var/containers/Bundle/Application/F3BC928B-CF6E-41E9-AA5B-114329A364D0/Juice.app/Grape-X64/runtime/lib/wine/aarch64-windows/aarch64-windows/win32u.dll machine=0000 status=c0000135
[JuiceHybrid] open name=/private/var/containers/Bundle/Application/F3BC928B-CF6E-41E9-AA5B-114329A364D0/Juice.app/Grape-X64/runtime/lib/wine/aarch64-windows/win32u.dll machine=0000 status=00000000
[JuiceWine] anonymous PE executable section .text at 0x16da30000 size=262144
[JuiceWine] anonymous PE executable section .hexpthk at 0x16da70000 size=65536
[JuiceHybrid] map name=/private/var/containers/Bundle/Application/F3BC928B-CF6E-41E9-AA5B-114329A364D0/Juice.app/Grape-X64/runtime/lib/wine/aarch64-windows/win32u.dll status=40000003 module=0x16da20000 size=130000
0024:err:seh:arm64ec_update_hybrid_metadata [JuiceHybrid] metadata module=000000016DA20000 slot=90088 exit=000000017F497B60
0024:err:seh:arm64ec_update_hybrid_metadata [JuiceHybrid] metadata stored address=000000016DAB0088 value=000000017F497B60
[JuiceHybrid] open name=/private/var/containers/Bundle/Application/F3BC928B-CF6E-41E9-AA5B-114329A364D0/Juice.app/Grape-X64/build/wine-ios/dlls/imm32/aarch64-windows/imm32.dll machine=0000 status=c0000135
[JuiceHybrid] open name=/private/var/containers/Bundle/Application/F3BC928B-CF6E-41E9-AA5B-114329A364D0/Juice.app/Grape-X64/build/wine-ios/programs/imm32.dll/aarch64-windows/imm32.dll machine=0000 status=c0000135
[JuiceHybrid] open name=/private/var/containers/Bundle/Application/F3BC928B-CF6E-41E9-AA5B-114329A364D0/Juice.app/Grape-X64/runtime/lib/wine/aarch64-windows/aarch64-windows/imm32.dll machine=0000 status=c0000135
[JuiceHybrid] open name=/private/var/containers/Bundle/Application/F3BC928B-CF6E-41E9-AA5B-114329A364D0/Juice.app/Grape-X64/runtime/lib/wine/aarch64-windows/imm32.dll machine=0000 status=00000000
[JuiceWine] anonymous PE executable section .text at 0x165e40000 size=196608
[JuiceWine] anonymous PE executable section .hexpthk at 0x165e70000 size=65536
[JuiceHybrid] map name=/private/var/containers/Bundle/Application/F3BC928B-CF6E-41E9-AA5B-114329A364D0/Juice.app/Grape-X64/runtime/lib/wine/aarch64-windows/imm32.dll status=40000003 module=0x165e30000 size=170000
0024:err:seh:arm64ec_update_hybrid_metadata [JuiceHybrid] metadata module=0000000165E30000 slot=60450 exit=000000017F497B60
0024:err:seh:arm64ec_update_hybrid_metadata [JuiceHybrid] metadata stored address=0000000165E90450 value=000000017F497B60
[JuiceHybrid] open name=/private/var/containers/Bundle/Application/F3BC928B-CF6E-41E9-AA5B-114329A364D0/Juice.app/Grape-X64/build/wine-ios/dlls/wineios.drv/aarch64-windows/wineios.drv machine=0000 status=c0000135
[JuiceHybrid] open name=/private/var/containers/Bundle/Application/F3BC928B-CF6E-41E9-AA5B-114329A364D0/Juice.app/Grape-X64/build/wine-ios/programs/wineios.drv/aarch64-windows/wineios.drv machine=0000 status=c0000135
[JuiceHybrid] open name=/private/var/containers/Bundle/Application/F3BC928B-CF6E-41E9-AA5B-114329A364D0/Juice.app/Grape-X64/runtime/lib/wine/aarch64-windows/aarch64-windows/wineios.drv machine=0000 status=c0000135
[JuiceHybrid] open name=/private/var/containers/Bundle/Application/F3BC928B-CF6E-41E9-AA5B-114329A364D0/Juice.app/Grape-X64/runtime/lib/wine/aarch64-windows/wineios.drv machine=0000 status=00000000
[JuiceWine] anonymous PE executable section .text at 0x165d50000 size=65536
[JuiceWine] anonymous PE executable section .hexpthk at 0x165d60000 size=65536
[JuiceHybrid] map name=/private/var/containers/Bundle/Application/F3BC928B-CF6E-41E9-AA5B-114329A364D0/Juice.app/Grape-X64/runtime/lib/wine/aarch64-windows/wineios.drv status=40000003 module=0x165d40000 size=f0000
0024:err:seh:arm64ec_update_hybrid_metadata [JuiceHybrid] metadata module=0000000165D40000 slot=40068 exit=000000017F497B60
0024:err:seh:arm64ec_update_hybrid_metadata [JuiceHybrid] metadata stored address=0000000165D80068 value=000000017F497B60
[JuiceInput] display connected path=/var/mobile/Containers/Data/Application/6CD6FC49-1128-4095-B5F8-3AF694016683/Documents/j.sock desktop=1024x768 dpi=96
DISPLAY_CLIENT_CONNECTED fd=7
[JuiceInput] queue fd registered fd=20 tid=0x24
[JuiceDriver] ios init set driver create=0x126face78 client_surface=0x126fad9fc size=1216
[JuiceDriver] install prev=0x1282693a8 lazy=0x1282693a8 null=0x128295f10 candidate=0x10380be00 create=0x126face78 installed=1
[JuiceDriver] direct-load status=00000000 driver=0x10380be00
DISPLAY_EVENT HELLO fd=7 pid=4129 desktop=1024x768 dpi=96
0024:trace:vulkan:vulkan_init_once Host instance extensions:
0024:trace:vulkan:vulkan_init_once   - VK_KHR_device_group_creation
0024:trace:vulkan:vulkan_init_once   - VK_KHR_external_fence_capabilities
0024:trace:vulkan:vulkan_init_once   - VK_KHR_external_memory_capabilities
0024:trace:vulkan:vulkan_init_once   - VK_KHR_external_semaphore_capabilities
0024:trace:vulkan:vulkan_init_once   - VK_KHR_get_physical_device_properties2
0024:trace:vulkan:vulkan_init_once   - VK_KHR_get_surface_capabilities2
0024:trace:vulkan:vulkan_init_once   - VK_KHR_surface
0024:trace:vulkan:vulkan_init_once   - VK_KHR_surface_maintenance1
0024:warn:vulkan:vulkan_init_once Extension "VK_KHR_surface_protected_capabilities" is not supported.
0024:trace:vulkan:vulkan_init_once   - VK_EXT_debug_report
0024:trace:vulkan:vulkan_init_once   - VK_EXT_debug_utils
0024:trace:vulkan:vulkan_init_once   - VK_EXT_headless_surface
0024:trace:vulkan:vulkan_init_once   - VK_EXT_layer_settings
0024:trace:vulkan:vulkan_init_once   - VK_EXT_metal_surface
0024:trace:vulkan:vulkan_init_once   - VK_EXT_surface_maintenance1
0024:trace:vulkan:vulkan_init_once   - VK_EXT_swapchain_colorspace
0024:warn:vulkan:vulkan_init_once Extension "VK_MVK_ios_surface" is not supported.
0024:warn:vulkan:vulkan_init_once Extension "VK_MVK_moltenvk" is not supported.
JUICE_MOLTENVK_DRIVER_READY version=48 handle=0xd61fd0
0024:trace:vulkan:convert_instance_create_info Enabling 3 host instance extensions
0024:trace:vulkan:convert_instance_create_info   - "VK_KHR_external_fence_capabilities"
0024:trace:vulkan:convert_instance_create_info   - "VK_KHR_external_semaphore_capabilities"
0024:trace:vulkan:convert_instance_create_info   - "VK_KHR_get_physical_device_properties2"
[mvk-info] MoltenVK version 1.4.2, supporting Vulkan version 1.4.357.
	The following 152 Vulkan extensions are supported:
	VK_KHR_16bit_storage v1
	VK_KHR_8bit_storage v1
	VK_KHR_bind_memory2 v1
	VK_KHR_buffer_device_address v1
	VK_KHR_calibrated_timestamps v1
	VK_KHR_copy_commands2 v1
	VK_KHR_create_renderpass2 v1
	VK_KHR_dedicated_allocation v3
	VK_KHR_deferred_host_operations v4
	VK_KHR_depth_stencil_resolve v1
	VK_KHR_descriptor_update_template v1
	VK_KHR_device_group v4
	VK_KHR_device_group_creation v1
	VK_KHR_driver_properties v1
	VK_KHR_dynamic_rendering v1
	VK_KHR_dynamic_rendering_local_read v1
	VK_KHR_external_fence v1
	VK_KHR_external_fence_capabilities v1
	VK_KHR_external_memory v1
	VK_KHR_external_memory_capabilities v1
	VK_KHR_external_semaphore v1
	VK_KHR_external_semaphore_capabilities v1
	VK_KHR_format_feature_flags2 v2
	VK_KHR_fragment_shader_barycentric v1
	VK_KHR_get_memory_requirements2 v1
	VK_KHR_get_physical_device_properties2 v2
	VK_KHR_get_surface_capabilities2 v1
	VK_KHR_global_priority v1
	VK_KHR_image_format_list v1
	VK_KHR_imageless_framebuffer v1
	VK_KHR_incremental_present v2
	VK_KHR_index_type_uint8 v1
	VK_KHR_line_rasterization v1
	VK_KHR_load_store_op_none v1
	VK_KHR_maintenance1 v2
	VK_KHR_maintenance2 v1
	VK_KHR_maintenance3 v1
	VK_KHR_maintenance4 v2
	VK_KHR_maintenance5 v1
	VK_KHR_maintenance6 v1
	VK_KHR_maintenance7 v1
	VK_KHR_maintenance8 v1
	VK_KHR_maintenance9 v1
	VK_KHR_map_memory2 v1
	VK_KHR_multiview v1
	VK_KHR_portability_subset v1
	VK_KHR_present_id v1
	VK_KHR_present_id2 v1
	VK_KHR_present_wait v1
	VK_KHR_present_wait2 v1
	VK_KHR_push_descriptor v2
	VK_KHR_relaxed_block_layout v1
	VK_KHR_robustness2 v1
	VK_KHR_sampler_mirror_clamp_to_edge v3
	VK_KHR_sampler_ycbcr_conversion v14
	VK_KHR_separate_depth_stencil_layouts v1
	VK_KHR_shader_draw_parameters v1
	VK_KHR_shader_expect_assume v1
	VK_KHR_shader_float_controls v4
	VK_KHR_shader_float_controls2 v1
	VK_KHR_shader_float16_int8 v1
	VK_KHR_shader_fma v1
	VK_KHR_shader_integer_dot_product v1
	VK_KHR_shader_maximal_reconvergence v1
	VK_KHR_shader_non_semantic_info v1
	VK_KHR_shader_quad_control v1
	VK_KHR_shader_relaxed_extended_instruction v1
	VK_KHR_shader_subgroup_extended_types v1
	VK_KHR_shader_subgroup_rotate v2
	VK_KHR_shader_subgroup_uniform_control_flow v1
	VK_KHR_shader_terminate_invocation v1
	VK_KHR_spirv_1_4 v1
	VK_KHR_storage_buffer_storage_class v1
	VK_KHR_surface v25
	VK_KHR_surface_maintenance1 v1
	VK_KHR_surface_protected_capabilities v1
	VK_KHR_swapchain v70
	VK_KHR_swapchain_maintenance1 v1
	VK_KHR_swapchain_mutable_format v1
	VK_KHR_synchronization2 v1
	VK_KHR_timeline_semaphore v2
	VK_KHR_uniform_buffer_standard_layout v1
	VK_KHR_variable_pointers v1
	VK_KHR_vertex_attribute_divisor v1
	VK_KHR_vulkan_memory_model v3
	VK_KHR_zero_initialize_workgroup_memory v1
	VK_EXT_4444_formats v1
	VK_EXT_buffer_device_address v2
	VK_EXT_calibrated_timestamps v2
	VK_EXT_debug_marker v4
	VK_EXT_debug_report v10
	VK_EXT_debug_utils v2
	VK_EXT_depth_clip_control v1
	VK_EXT_descriptor_indexing v2
	VK_EXT_extended_dynamic_state v1
	VK_EXT_extended_dynamic_state2 v1
	VK_EXT_extended_dynamic_state3 v2
	VK_EXT_external_memory_host v1
	VK_EXT_external_memory_metal v1
	VK_EXT_fragment_shader_interlock v1
	VK_EXT_global_priority v2
	VK_EXT_global_priority_query v1
	VK_EXT_headless_surface v1
	VK_EXT_host_image_copy v1
	VK_EXT_host_query_reset v1
	VK_EXT_image_2d_view_of_3d v1
	VK_EXT_image_robustness v1
	VK_EXT_index_type_uint8 v1
	VK_EXT_inline_uniform_block v1
	VK_EXT_layer_settings v2
	VK_EXT_legacy_dithering v2
	VK_EXT_line_rasterization v1
	VK_EXT_load_store_op_none v1
	VK_EXT_memory_budget v1
	VK_EXT_metal_objects v2
	VK_EXT_metal_surface v1
	VK_EXT_non_seamless_cube_map v1
	VK_EXT_pipeline_creation_cache_control v3
	VK_EXT_pipeline_creation_feedback v1
	VK_EXT_pipeline_robustness v1
	VK_EXT_post_depth_coverage v1
	VK_EXT_primitive_topology_list_restart v1
	VK_EXT_private_data v1
	VK_EXT_provoking_vertex v1
	VK_EXT_robustness2 v1
	VK_EXT_sample_locations v1
	VK_EXT_scalar_block_layout v1
	VK_EXT_separate_stencil_usage v1
	VK_EXT_shader_atomic_float v1
	VK_EXT_shader_demote_to_helper_invocation v1
	VK_EXT_shader_stencil_export v1
	VK_EXT_shader_subgroup_ballot v1
	VK_EXT_shader_subgroup_vote v1
	VK_EXT_shader_viewport_index_layer v1
	VK_EXT_subgroup_size_control v2
	VK_EXT_surface_maintenance1 v1
	VK_EXT_swapchain_colorspace v5
	VK_EXT_swapchain_maintenance1 v1
	VK_EXT_texel_buffer_alignment v1
	VK_EXT_texture_compression_astc_hdr v1
	VK_EXT_tooling_info v1
	VK_EXT_vertex_attribute_divisor v3
	VK_AMD_gpu_shader_half_float v2
	VK_AMD_negative_viewport_height v1
	VK_AMD_shader_image_load_store_lod v1
	VK_AMD_shader_trinary_minmax v1
	VK_GOOGLE_display_timing v1
	VK_IMG_format_pvrtc v1
	VK_INTEL_shader_integer_functions2 v1
	VK_MVK_ios_surface v3
	VK_MVK_moltenvk v37
	VK_NV_fragment_shader_barycentric v1
[mvk-error] VK_ERROR_INCOMPATIBLE_DRIVER: Vulkan is not supported on this device. MoltenVK requires Metal, which is not available on this device.
[mvk-info] Created VkInstance for Vulkan version 1.0.357, as requested by app, with the following 3 Vulkan extensions enabled:
	VK_KHR_external_fence_capabilities v1
	VK_KHR_external_semaphore_capabilities v1
	VK_KHR_get_physical_device_properties2 v2
[mvk-info] Destroying VkInstance for Vulkan version 1.0.357 with 3 Vulkan extensions enabled.
0024:warn:vulkan:win32u_vkCreateInstance Failed to create vulkan instance, res -9
0024:warn:vulkan:vulkan_instance_create Failed to create instance, res -9
[JuiceWine parent] bundle libraries path=/private/var/containers/Bundle/Application/F3BC928B-CF6E-41E9-AA5B-114329A364D0/Juice.app/Libraries:/private/var/containers/Bundle/Application/F3BC928B-CF6E-41E9-AA5B-114329A364D0/Juice.app/Libraries:/var/jb/usr/lib
[JuiceWine parent] launching /private/var/containers/Bundle/Application/F3BC928B-CF6E-41E9-AA5B-114329A364D0/Juice.app/Grape-X64/build/wine-ios/loader/wine
[JuiceWine parent] child PID=4133
[JuiceWine] iOS low-VA release start=0x10000 end=0x100000000 status=0 OK
[JuiceLowVA] MAP_FIXED failed count=1 start=0x10000 size=0x67ff0000 prot=0 errno=12
[JuiceLowVA] MAP_FIXED failed count=2 start=0x10000 size=0x33ff0000 prot=0 errno=12
[JuiceLowVA] MAP_FIXED failed count=3 start=0x10000 size=0x19ff0000 prot=0 errno=12
[JuiceLowVA] MAP_FIXED failed count=4 start=0x10000 size=0xcff0000 prot=0 errno=12
[JuiceLowVA] MAP_FIXED failed count=5 start=0x10000 size=0x67f0000 prot=0 errno=12
[JuiceLowVA] MAP_FIXED failed count=6 start=0x10000 size=0x33f0000 prot=0 errno=12
[JuiceLowVA] MAP_FIXED failed count=7 start=0x10000 size=0x19f0000 prot=0 errno=12
[JuiceLowVA] MAP_FIXED failed count=8 start=0x10000 size=0xcf0000 prot=0 errno=12
[JuiceLowVA] MAP_FIXED failed count=9 start=0x10000 size=0x670000 prot=0 errno=12
[JuiceLowVA] MAP_FIXED failed count=10 start=0x10000 size=0x330000 prot=0 errno=12
[JuiceLowVA] MAP_FIXED failed count=11 start=0x10000 size=0x190000 prot=0 errno=12
[JuiceLowVA] MAP_FIXED failed count=12 start=0x10000 size=0xc0000 prot=0 errno=12
[JuiceLowVA] MAP_FIXED failed count=13 start=0x10000 size=0x60000 prot=0 errno=12
[JuiceLowVA] MAP_FIXED failed count=14 start=0x10000 size=0x30000 prot=0 errno=12
[JuiceLowVA] MAP_FIXED failed count=15 start=0x10000 size=0x10000 prot=0 errno=12
[JuiceLowVA] MAP_FIXED failed count=16 start=0x20000 size=0x20000 prot=0 errno=12
[JuiceLowVA] MAP_FIXED failed count=17 start=0x20000 size=0x10000 prot=0 errno=12
[JuiceLowVA] MAP_FIXED failed count=18 start=0x30000 size=0x10000 prot=0 errno=12
[JuiceLowVA] MAP_FIXED failed count=19 start=0x40000 size=0x30000 prot=0 errno=12
[JuiceLowVA] MAP_FIXED failed count=20 start=0x40000 size=0x10000 prot=0 errno=12
[JuiceLowVA] MAP_FIXED failed count=21 start=0x50000 size=0x20000 prot=0 errno=12
[JuiceLowVA] MAP_FIXED failed count=22 start=0x50000 size=0x10000 prot=0 errno=12
[JuiceLowVA] MAP_FIXED failed count=23 start=0x60000 size=0x10000 prot=0 errno=12
[JuiceLowVA] MAP_FIXED failed count=24 start=0x70000 size=0x60000 prot=0 errno=12
[JuiceLowVA] MAP_FIXED failed count=25 start=0x70000 size=0x30000 prot=0 errno=12
[JuiceLowVA] MAP_FIXED failed count=26 start=0x70000 size=0x10000 prot=0 errno=12
[JuiceLowVA] MAP_FIXED failed count=27 start=0x80000 size=0x20000 prot=0 errno=12
[JuiceLowVA] MAP_FIXED failed count=28 start=0x80000 size=0x10000 prot=0 errno=12
[JuiceLowVA] MAP_FIXED failed count=29 start=0x90000 size=0x10000 prot=0 errno=12
[JuiceLowVA] MAP_FIXED failed count=30 start=0xa0000 size=0x30000 prot=0 errno=12
[JuiceLowVA] MAP_FIXED failed count=31 start=0xa0000 size=0x10000 prot=0 errno=12
[JuiceLowVA] MAP_FIXED failed count=32 start=0xb0000 size=0x20000 prot=0 errno=12
[JuiceLowVA] suppressing repeated MAP_FIXED failures; sampling every 256 probes
[JuiceLowVA] MAP_FIXED failed count=256 start=0x7b0000 size=0x10000 prot=0 errno=12
[JuiceLowVA] MAP_FIXED failed count=512 start=0xfc0000 size=0x10000 prot=0 errno=12
[JuiceLowVA] MAP_FIXED failed count=768 start=0x17c0000 size=0x10000 prot=0 errno=12
[JuiceLowVA] MAP_FIXED failed count=1024 start=0x1fc0000 size=0x20000 prot=0 errno=12
[JuiceLowVA] MAP_FIXED failed count=1280 start=0x27c0000 size=0x10000 prot=0 errno=12
[JuiceLowVA] MAP_FIXED failed count=1536 start=0x2fd0000 size=0x20000 prot=0 errno=12
[JuiceLowVA] MAP_FIXED failed count=1792 start=0x37b0000 size=0x10000 prot=0 errno=12
[JuiceLowVA] MAP_FIXED failed count=2048 start=0x3fc0000 size=0x10000 prot=0 errno=12
[JuiceLowVA] MAP_FIXED failed count=2304 start=0x47c0000 size=0x20000 prot=0 errno=12
[JuiceLowVA] MAP_FIXED failed count=2560 start=0x4fb0000 size=0x10000 prot=0 errno=12
[JuiceLowVA] MAP_FIXED failed count=2816 start=0x57c0000 size=0x30000 prot=0 errno=12
[JuiceLowVA] MAP_FIXED failed count=3072 start=0x5fe0000 size=0x1a0000 prot=0 errno=12
[JuiceLowVA] MAP_FIXED failed count=3328 start=0x67e0000 size=0x10000 prot=0 errno=12
[JuiceLowVA] MAP_FIXED failed count=3584 start=0x6fc0000 size=0x20000 prot=0 errno=12
[JuiceLowVA] MAP_FIXED failed count=3840 start=0x77d0000 size=0x70000 prot=0 errno=12
[JuiceLowVA] MAP_FIXED failed count=4096 start=0x7fd0000 size=0x20000 prot=0 errno=12
[JuiceLowVA] MAP_FIXED failed count=4352 start=0x87c0000 size=0x10000 prot=0 errno=12
[JuiceLowVA] MAP_FIXED failed count=4608 start=0x8fd0000 size=0xd0000 prot=0 errno=12
[JuiceLowVA] MAP_FIXED failed count=4864 start=0x97d0000 size=0x10000 prot=0 errno=12
[JuiceLowVA] MAP_FIXED failed count=5120 start=0x9fc0000 size=0x10000 prot=0 errno=12
[JuiceLowVA] MAP_FIXED failed count=5376 start=0xa7d0000 size=0x20000 prot=0 errno=12
[JuiceLowVA] MAP_FIXED failed count=5632 start=0xafc0000 size=0x10000 prot=0 errno=12
[JuiceLowVA] MAP_FIXED failed count=5888 start=0xb7c0000 size=0x10000 prot=0 errno=12
[JuiceLowVA] MAP_FIXED failed count=6144 start=0xbfc0000 size=0x10000 prot=0 errno=12
[JuiceLowVA] MAP_FIXED failed count=6400 start=0xc7e0000 size=0xd0000 prot=0 errno=12
[JuiceLowVA] MAP_FIXED failed count=6656 start=0xcff0000 size=0x10000 prot=0 errno=12
[JuiceLowVA] MAP_FIXED failed count=6912 start=0xd7c0000 size=0x20000 prot=0 errno=12
[JuiceLowVA] MAP_FIXED failed count=7168 start=0xdfd0000 size=0x70000 prot=0 errno=12
[JuiceLowVA] MAP_FIXED failed count=7424 start=0xe7d0000 size=0x20000 prot=0 errno=12
[JuiceLowVA] MAP_FIXED failed count=7680 start=0xefc0000 size=0x10000 prot=0 errno=12
[JuiceLowVA] MAP_FIXED failed count=7936 start=0xf7d0000 size=0xd0000 prot=0 errno=12
[JuiceLowVA] MAP_FIXED failed count=8192 start=0xffd0000 size=0x10000 prot=0 errno=12
[JuiceLowVA] MAP_FIXED failed count=8448 start=0x107c0000 size=0x10000 prot=0 errno=12
[JuiceLowVA] MAP_FIXED failed count=8704 start=0x10fd0000 size=0x20000 prot=0 errno=12
[JuiceLowVA] MAP_FIXED failed count=8960 start=0x117c0000 size=0x10000 prot=0 errno=12
[JuiceLowVA] MAP_FIXED failed count=9216 start=0x11fc0000 size=0x10000 prot=0 errno=12
[JuiceLowVA] MAP_FIXED failed count=9472 start=0x127c0000 size=0x10000 prot=0 errno=12
[JuiceLowVA] MAP_FIXED failed count=9728 start=0x12fe0000 size=0xd0000 prot=0 errno=12
[JuiceLowVA] MAP_FIXED failed count=9984 start=0x137f0000 size=0x10000 prot=0 errno=12
[JuiceLowVA] MAP_FIXED failed count=10240 start=0x13fc0000 size=0x10000 prot=0 errno=12
[JuiceLowVA] MAP_FIXED failed count=10496 start=0x147d0000 size=0x30000 prot=0 errno=12
[JuiceLowVA] MAP_FIXED failed count=10752 start=0x14fd0000 size=0x10000 prot=0 errno=12
[JuiceLowVA] MAP_FIXED failed count=11008 start=0x157d0000 size=0x10000 prot=0 errno=12
[JuiceLowVA] MAP_FIXED failed count=11264 start=0x15fd0000 size=0x60000 prot=0 errno=12
[JuiceLowVA] MAP_FIXED failed count=11520 start=0x167e0000 size=0x10000 prot=0 errno=12
[JuiceLowVA] MAP_FIXED failed count=11776 start=0x16fd0000 size=0x40000 prot=0 errno=12
[JuiceLowVA] MAP_FIXED failed count=12032 start=0x177d0000 size=0x10000 prot=0 errno=12
[JuiceLowVA] MAP_FIXED failed count=12288 start=0x17fd0000 size=0x10000 prot=0 errno=12
[JuiceLowVA] MAP_FIXED failed count=12544 start=0x187d0000 size=0x30000 prot=0 errno=12
[JuiceLowVA] MAP_FIXED failed count=12800 start=0x18fd0000 size=0x20000 prot=0 errno=12
[JuiceLowVA] MAP_FIXED failed count=13056 start=0x197e0000 size=0x60000 prot=0 errno=12
[JuiceLowVA] MAP_FIXED failed count=13312 start=0x1a000000 size=0x1a000000 prot=0 errno=12
[JuiceLowVA] MAP_FIXED failed count=13568 start=0x1a7c0000 size=0x20000 prot=0 errno=12
[JuiceLowVA] MAP_FIXED failed count=13824 start=0x1afd0000 size=0x70000 prot=0 errno=12
[JuiceLowVA] MAP_FIXED failed count=14080 start=0x1b7d0000 size=0x20000 prot=0 errno=12
[JuiceLowVA] MAP_FIXED failed count=14336 start=0x1bfc0000 size=0x10000 prot=0 errno=12
[JuiceLowVA] MAP_FIXED failed count=14592 start=0x1c7d0000 size=0xd0000 prot=0 errno=12
[JuiceLowVA] MAP_FIXED failed count=14848 start=0x1cfd0000 size=0x10000 prot=0 errno=12
[JuiceLowVA] MAP_FIXED failed count=15104 start=0x1d7c0000 size=0x10000 prot=0 errno=12
[JuiceLowVA] MAP_FIXED failed count=15360 start=0x1dfd0000 size=0x20000 prot=0 errno=12
[JuiceLowVA] MAP_FIXED failed count=15616 start=0x1e7c0000 size=0x10000 prot=0 errno=12
[JuiceLowVA] MAP_FIXED failed count=15872 start=0x1efc0000 size=0x10000 prot=0 errno=12
[JuiceLowVA] MAP_FIXED failed count=16128 start=0x1f7c0000 size=0x10000 prot=0 errno=12
[JuiceLowVA] MAP_FIXED failed count=16384 start=0x1ffe0000 size=0xd0000 prot=0 errno=12
[JuiceLowVA] MAP_FIXED failed count=16640 start=0x207f0000 size=0x10000 prot=0 errno=12
[JuiceLowVA] MAP_FIXED failed count=16896 start=0x20fc0000 size=0x10000 prot=0 errno=12
[JuiceLowVA] MAP_FIXED failed count=17152 start=0x217d0000 size=0x30000 prot=0 errno=12
[JuiceLowVA] MAP_FIXED failed count=17408 start=0x21fd0000 size=0x10000 prot=0 errno=12
[JuiceLowVA] MAP_FIXED failed count=17664 start=0x227d0000 size=0x10000 prot=0 errno=12
[JuiceLowVA] MAP_FIXED failed count=17920 start=0x22fd0000 size=0x60000 prot=0 errno=12
[JuiceLowVA] MAP_FIXED failed count=18176 start=0x237e0000 size=0x10000 prot=0 errno=12
[JuiceLowVA] MAP_FIXED failed count=18432 start=0x23fd0000 size=0x40000 prot=0 errno=12
[JuiceLowVA] MAP_FIXED failed count=18688 start=0x247d0000 size=0x10000 prot=0 errno=12
[JuiceLowVA] MAP_FIXED failed count=18944 start=0x24fd0000 size=0x10000 prot=0 errno=12
[JuiceLowVA] MAP_FIXED failed count=19200 start=0x257d0000 size=0x30000 prot=0 errno=12
[JuiceLowVA] MAP_FIXED failed count=19456 start=0x25fd0000 size=0x20000 prot=0 errno=12
[JuiceLowVA] MAP_FIXED failed count=19712 start=0x267e0000 size=0x60000 prot=0 errno=12
[JuiceLowVA] MAP_FIXED failed count=19968 start=0x27000000 size=0xd000000 prot=0 errno=12
[JuiceLowVA] MAP_FIXED failed count=20224 start=0x277c0000 size=0x10000 prot=0 errno=12
[JuiceLowVA] MAP_FIXED failed count=20480 start=0x27fd0000 size=0x30000 prot=0 errno=12
[JuiceLowVA] MAP_FIXED failed count=20736 start=0x287d0000 size=0x10000 prot=0 errno=12
[JuiceLowVA] MAP_FIXED failed count=20992 start=0x28fd0000 size=0x10000 prot=0 errno=12
[JuiceLowVA] MAP_FIXED failed count=21248 start=0x297d0000 size=0x60000 prot=0 errno=12
[JuiceLowVA] MAP_FIXED failed count=21504 start=0x29fe0000 size=0x10000 prot=0 errno=12
[JuiceLowVA] MAP_FIXED failed count=21760 start=0x2a7d0000 size=0x40000 prot=0 errno=12
[JuiceLowVA] MAP_FIXED failed count=22016 start=0x2afd0000 size=0x10000 prot=0 errno=12
[JuiceLowVA] MAP_FIXED failed count=22272 start=0x2b7d0000 size=0x10000 prot=0 errno=12
[JuiceLowVA] MAP_FIXED failed count=22528 start=0x2bfd0000 size=0x30000 prot=0 errno=12
[JuiceLowVA] MAP_FIXED failed count=22784 start=0x2c7d0000 size=0x20000 prot=0 errno=12
[JuiceLowVA] MAP_FIXED failed count=23040 start=0x2cfe0000 size=0x60000 prot=0 errno=12
[JuiceLowVA] MAP_FIXED failed count=23296 start=0x2d800000 size=0x6800000 prot=0 errno=12
[JuiceLowVA] MAP_FIXED failed count=23552 start=0x2dfd0000 size=0x10000 prot=0 errno=12
[JuiceLowVA] MAP_FIXED failed count=23808 start=0x2e7d0000 size=0x10000 prot=0 errno=12
[JuiceLowVA] MAP_FIXED failed count=24064 start=0x2efe0000 size=0x10000 prot=0 errno=12
[JuiceLowVA] MAP_FIXED failed count=24320 start=0x2f7e0000 size=0x30000 prot=0 errno=12
[JuiceLowVA] MAP_FIXED failed count=24576 start=0x2ffd0000 size=0x30000 prot=0 errno=12
[JuiceLowVA] MAP_FIXED failed count=24832 start=0x307f0000 size=0xd0000 prot=0 errno=12
[JuiceLowVA] MAP_FIXED failed count=25088 start=0x30fd0000 size=0x20000 prot=0 errno=12
[JuiceLowVA] MAP_FIXED failed count=25344 start=0x317e0000 size=0x10000 prot=0 errno=12
[JuiceLowVA] MAP_FIXED failed count=25600 start=0x31fe0000 size=0x70000 prot=0 errno=12
[JuiceLowVA] MAP_FIXED failed count=25856 start=0x327d0000 size=0x10000 prot=0 errno=12
[JuiceLowVA] MAP_FIXED failed count=26112 start=0x32fd0000 size=0x10000 prot=0 errno=12
[JuiceLowVA] MAP_FIXED failed count=26368 start=0x337e0000 size=0x30000 prot=0 errno=12
[JuiceLowVA] MAP_FIXED failed count=26624 start=0x34000000 size=0x1a000000 prot=0 errno=12
[JuiceLowVA] MAP_FIXED failed count=26880 start=0x347c0000 size=0x20000 prot=0 errno=12
[JuiceLowVA] MAP_FIXED failed count=27136 start=0x34fd0000 size=0x70000 prot=0 errno=12
[JuiceLowVA] MAP_FIXED failed count=27392 start=0x357d0000 size=0x20000 prot=0 errno=12
[JuiceLowVA] MAP_FIXED failed count=27648 start=0x35fc0000 size=0x10000 prot=0 errno=12
[JuiceLowVA] MAP_FIXED failed count=27904 start=0x367d0000 size=0xd0000 prot=0 errno=12
[JuiceLowVA] MAP_FIXED failed count=28160 start=0x36fd0000 size=0x10000 prot=0 errno=12
[JuiceLowVA] MAP_FIXED failed count=28416 start=0x377c0000 size=0x10000 prot=0 errno=12
[JuiceLowVA] MAP_FIXED failed count=28672 start=0x37fd0000 size=0x20000 prot=0 errno=12
[JuiceLowVA] MAP_FIXED failed count=28928 start=0x387c0000 size=0x10000 prot=0 errno=12
[JuiceLowVA] MAP_FIXED failed count=29184 start=0x38fc0000 size=0x10000 prot=0 errno=12
[JuiceLowVA] MAP_FIXED failed count=29440 start=0x397c0000 size=0x10000 prot=0 errno=12
[JuiceLowVA] MAP_FIXED failed count=29696 start=0x39fe0000 size=0xd0000 prot=0 errno=12
[JuiceLowVA] MAP_FIXED failed count=29952 start=0x3a7f0000 size=0x10000 prot=0 errno=12
[JuiceLowVA] MAP_FIXED failed count=30208 start=0x3afc0000 size=0x10000 prot=0 errno=12
[JuiceLowVA] MAP_FIXED failed count=30464 start=0x3b7d0000 size=0x30000 prot=0 errno=12
[JuiceLowVA] MAP_FIXED failed count=30720 start=0x3bfd0000 size=0x10000 prot=0 errno=12
[JuiceLowVA] MAP_FIXED failed count=30976 start=0x3c7d0000 size=0x10000 prot=0 errno=12
[JuiceLowVA] MAP_FIXED failed count=31232 start=0x3cfd0000 size=0x60000 prot=0 errno=12
[JuiceLowVA] MAP_FIXED failed count=31488 start=0x3d7e0000 size=0x10000 prot=0 errno=12
[JuiceLowVA] MAP_FIXED failed count=31744 start=0x3dfd0000 size=0x40000 prot=0 errno=12
[JuiceLowVA] MAP_FIXED failed count=32000 start=0x3e7d0000 size=0x10000 prot=0 errno=12
[JuiceLowVA] MAP_FIXED failed count=32256 start=0x3efd0000 size=0x10000 prot=0 errno=12
[JuiceLowVA] MAP_FIXED failed count=32512 start=0x3f7d0000 size=0x30000 prot=0 errno=12
[JuiceLowVA] MAP_FIXED failed count=32768 start=0x3ffd0000 size=0x20000 prot=0 errno=12
[JuiceLowVA] MAP_FIXED failed count=33024 start=0x407e0000 size=0x60000 prot=0 errno=12
[JuiceLowVA] MAP_FIXED failed count=33280 start=0x41000000 size=0xd000000 prot=0 errno=12
[JuiceLowVA] MAP_FIXED failed count=33536 start=0x417c0000 size=0x10000 prot=0 errno=12
[JuiceLowVA] MAP_FIXED failed count=33792 start=0x41fd0000 size=0x30000 prot=0 errno=12
[JuiceLowVA] MAP_FIXED failed count=34048 start=0x427d0000 size=0x10000 prot=0 errno=12
[JuiceLowVA] MAP_FIXED failed count=34304 start=0x42fd0000 size=0x10000 prot=0 errno=12
[JuiceLowVA] MAP_FIXED failed count=34560 start=0x437d0000 size=0x60000 prot=0 errno=12
[JuiceLowVA] MAP_FIXED failed count=34816 start=0x43fe0000 size=0x10000 prot=0 errno=12
[JuiceLowVA] MAP_FIXED failed count=35072 start=0x447d0000 size=0x40000 prot=0 errno=12
[JuiceLowVA] MAP_FIXED failed count=35328 start=0x44fd0000 size=0x10000 prot=0 errno=12
[JuiceLowVA] MAP_FIXED failed count=35584 start=0x457d0000 size=0x10000 prot=0 errno=12
[JuiceLowVA] MAP_FIXED failed count=35840 start=0x45fd0000 size=0x30000 prot=0 errno=12
[JuiceLowVA] MAP_FIXED failed count=36096 start=0x467d0000 size=0x20000 prot=0 errno=12
[JuiceLowVA] MAP_FIXED failed count=36352 start=0x46fe0000 size=0x60000 prot=0 errno=12
[JuiceLowVA] MAP_FIXED failed count=36608 start=0x47800000 size=0x6800000 prot=0 errno=12
[JuiceLowVA] MAP_FIXED failed count=36864 start=0x47fd0000 size=0x10000 prot=0 errno=12
[JuiceLowVA] MAP_FIXED failed count=37120 start=0x487d0000 size=0x10000 prot=0 errno=12
[JuiceLowVA] MAP_FIXED failed count=37376 start=0x48fe0000 size=0x10000 prot=0 errno=12
[JuiceLowVA] MAP_FIXED failed count=37632 start=0x497e0000 size=0x30000 prot=0 errno=12
[JuiceLowVA] MAP_FIXED failed count=37888 start=0x49fd0000 size=0x30000 prot=0 errno=12
[JuiceLowVA] MAP_FIXED failed count=38144 start=0x4a7f0000 size=0xd0000 prot=0 errno=12
[JuiceLowVA] MAP_FIXED failed count=38400 start=0x4afd0000 size=0x20000 prot=0 errno=12
[JuiceLowVA] MAP_FIXED failed count=38656 start=0x4b7e0000 size=0x10000 prot=0 errno=12
[JuiceLowVA] MAP_FIXED failed count=38912 start=0x4bfe0000 size=0x70000 prot=0 errno=12
[JuiceLowVA] MAP_FIXED failed count=39168 start=0x4c7d0000 size=0x10000 prot=0 errno=12
[JuiceLowVA] MAP_FIXED failed count=39424 start=0x4cfd0000 size=0x10000 prot=0 errno=12
[JuiceLowVA] MAP_FIXED failed count=39680 start=0x4d7e0000 size=0x30000 prot=0 errno=12
[JuiceLowVA] MAP_FIXED failed count=39936 start=0x4e000000 size=0xd000000 prot=0 errno=12
[JuiceLowVA] MAP_FIXED failed count=40192 start=0x4e7c0000 size=0x10000 prot=0 errno=12
[JuiceLowVA] MAP_FIXED failed count=40448 start=0x4efd0000 size=0x30000 prot=0 errno=12
[JuiceLowVA] MAP_FIXED failed count=40704 start=0x4f7d0000 size=0x10000 prot=0 errno=12
[JuiceLowVA] MAP_FIXED failed count=40960 start=0x4ffd0000 size=0x10000 prot=0 errno=12
[JuiceLowVA] MAP_FIXED failed count=41216 start=0x507d0000 size=0x60000 prot=0 errno=12
[JuiceLowVA] MAP_FIXED failed count=41472 start=0x50fe0000 size=0x10000 prot=0 errno=12
[JuiceLowVA] MAP_FIXED failed count=41728 start=0x517d0000 size=0x40000 prot=0 errno=12
[JuiceLowVA] MAP_FIXED failed count=41984 start=0x51fd0000 size=0x10000 prot=0 errno=12
[JuiceLowVA] MAP_FIXED failed count=42240 start=0x527d0000 size=0x10000 prot=0 errno=12
[JuiceLowVA] MAP_FIXED failed count=42496 start=0x52fd0000 size=0x30000 prot=0 errno=12
[JuiceLowVA] MAP_FIXED failed count=42752 start=0x537d0000 size=0x20000 prot=0 errno=12
[JuiceLowVA] MAP_FIXED failed count=43008 start=0x53fe0000 size=0x60000 prot=0 errno=12
[JuiceLowVA] MAP_FIXED failed count=43264 start=0x54800000 size=0x6800000 prot=0 errno=12
[JuiceLowVA] MAP_FIXED failed count=43520 start=0x54fd0000 size=0x10000 prot=0 errno=12
[JuiceLowVA] MAP_FIXED failed count=43776 start=0x557d0000 size=0x10000 prot=0 errno=12
[JuiceLowVA] MAP_FIXED failed count=44032 start=0x55fe0000 size=0x10000 prot=0 errno=12
[JuiceLowVA] MAP_FIXED failed count=44288 start=0x567e0000 size=0x30000 prot=0 errno=12
[JuiceLowVA] MAP_FIXED failed count=44544 start=0x56fd0000 size=0x30000 prot=0 errno=12
[JuiceLowVA] MAP_FIXED failed count=44800 start=0x577f0000 size=0xd0000 prot=0 errno=12
[JuiceLowVA] MAP_FIXED failed count=45056 start=0x57fd0000 size=0x20000 prot=0 errno=12
[JuiceLowVA] MAP_FIXED failed count=45312 start=0x587e0000 size=0x10000 prot=0 errno=12
[JuiceLowVA] MAP_FIXED failed count=45568 start=0x58fe0000 size=0x70000 prot=0 errno=12
[JuiceLowVA] MAP_FIXED failed count=45824 start=0x597d0000 size=0x10000 prot=0 errno=12
[JuiceLowVA] MAP_FIXED failed count=46080 start=0x59fd0000 size=0x10000 prot=0 errno=12
[JuiceLowVA] MAP_FIXED failed count=46336 start=0x5a7e0000 size=0x30000 prot=0 errno=12
[JuiceLowVA] MAP_FIXED failed count=46592 start=0x5b000000 size=0x6800000 prot=0 errno=12
[JuiceLowVA] MAP_FIXED failed count=46848 start=0x5b7d0000 size=0x10000 prot=0 errno=12
[JuiceLowVA] MAP_FIXED failed count=47104 start=0x5bfd0000 size=0x10000 prot=0 errno=12
[JuiceLowVA] MAP_FIXED failed count=47360 start=0x5c7e0000 size=0x10000 prot=0 errno=12
[JuiceLowVA] MAP_FIXED failed count=47616 start=0x5cfe0000 size=0x30000 prot=0 errno=12
[JuiceLowVA] MAP_FIXED failed count=47872 start=0x5d7d0000 size=0x30000 prot=0 errno=12
[JuiceLowVA] MAP_FIXED failed count=48128 start=0x5dff0000 size=0xd0000 prot=0 errno=12
[JuiceLowVA] MAP_FIXED failed count=48384 start=0x5e7d0000 size=0x20000 prot=0 errno=12
[JuiceLowVA] MAP_FIXED failed count=48640 start=0x5efe0000 size=0x10000 prot=0 errno=12
[JuiceLowVA] MAP_FIXED failed count=48896 start=0x5f7e0000 size=0x70000 prot=0 errno=12
[JuiceLowVA] MAP_FIXED failed count=49152 start=0x5ffd0000 size=0x10000 prot=0 errno=12
[JuiceLowVA] MAP_FIXED failed count=49408 start=0x607d0000 size=0x10000 prot=0 errno=12
[JuiceLowVA] MAP_FIXED failed count=49664 start=0x60fe0000 size=0x30000 prot=0 errno=12
[JuiceLowVA] MAP_FIXED failed count=49920 start=0x61800000 size=0x3400000 prot=0 errno=12
[JuiceLowVA] MAP_FIXED failed count=50176 start=0x61fe0000 size=0x40000 prot=0 errno=12
[JuiceLowVA] MAP_FIXED failed count=50432 start=0x627e0000 size=0x20000 prot=0 errno=12
[JuiceLowVA] MAP_FIXED failed count=50688 start=0x62ff0000 size=0x70000 prot=0 errno=12
[JuiceLowVA] MAP_FIXED failed count=50944 start=0x637e0000 size=0x10000 prot=0 errno=12
[JuiceLowVA] MAP_FIXED failed count=51200 start=0x63fd0000 size=0x10000 prot=0 errno=12
[JuiceLowVA] MAP_FIXED failed count=51456 start=0x647f0000 size=0x60000 prot=0 errno=12
[JuiceLowVA] MAP_FIXED failed count=51712 start=0x64fd0000 size=0x10000 prot=0 errno=12
[JuiceLowVA] MAP_FIXED failed count=51968 start=0x657f0000 size=0x40000 prot=0 errno=12
[JuiceLowVA] MAP_FIXED failed count=52224 start=0x65fe0000 size=0x30000 prot=0 errno=12
[JuiceLowVA] MAP_FIXED failed count=52480 start=0x667e0000 size=0x20000 prot=0 errno=12
[JuiceLowVA] MAP_FIXED failed count=52736 start=0x66fe0000 size=0x10000 prot=0 errno=12
[JuiceLowVA] MAP_FIXED failed count=52992 start=0x677e0000 size=0x10000 prot=0 errno=12
[JuiceLowVA] MAP_FIXED failed count=53248 start=0x7f000000 size=0x3f0000 prot=0 errno=12
[JuiceLowVA] MAP_FIXED failed count=53504 start=0x7f7f0000 size=0x80000 prot=0 errno=12
[JuiceWine] PT_TRACE_ME succeeded; csflags=0x32007005 CS_DEBUGGED=YES
[JuiceWine] requesting controlled tracer detach
[JuiceWine parent] child stopped pid=4133 signal=17 (Suspended (signal): 17)
[JuiceWine parent] PT_DETACH pid=4133 result=0
[JuiceWine parent] child now running untraced
[JuiceWine] resumed after tracer detach; csflags=0x32007005 CS_DEBUGGED=YES
[JuiceHybrid] open name=/private/var/containers/Bundle/Application/F3BC928B-CF6E-41E9-AA5B-114329A364D0/Juice.app/Grape-X64/build/wine-ios/dlls/explorer.exe/aarch64-windows/explorer.exe machine=aa64 status=c0000135
[JuiceHybrid] open name=/private/var/containers/Bundle/Application/F3BC928B-CF6E-41E9-AA5B-114329A364D0/Juice.app/Grape-X64/build/wine-ios/programs/explorer/aarch64-windows/explorer.exe machine=aa64 status=c0000135
[JuiceHybrid] open name=/private/var/containers/Bundle/Application/F3BC928B-CF6E-41E9-AA5B-114329A364D0/Juice.app/Grape-X64/runtime/lib/wine/aarch64-windows/aarch64-windows/explorer.exe machine=aa64 status=c0000135
[JuiceHybrid] open name=/private/var/containers/Bundle/Application/F3BC928B-CF6E-41E9-AA5B-114329A364D0/Juice.app/Grape-X64/runtime/lib/wine/aarch64-windows/explorer.exe machine=aa64 status=00000000
[JuiceWine] anonymous PE executable section .text at 0x140010000 size=65536
[JuiceHybrid] map name=/private/var/containers/Bundle/Application/F3BC928B-CF6E-41E9-AA5B-114329A364D0/Juice.app/Grape-X64/runtime/lib/wine/aarch64-windows/explorer.exe status=00000000 module=0x140000000 size=110000
[JuiceStage] loading Windows ntdll; transfer=0x14001d3dc teb=0x17ffd8000 peb=0x17ffdc000
[JuiceHybrid] open name=/private/var/containers/Bundle/Application/F3BC928B-CF6E-41E9-AA5B-114329A364D0/Juice.app/Grape-X64/build/wine-ios/dlls/ntdll/aarch64-windows/ntdll.dll machine=aa64 status=00000000
[JuiceWine] anonymous PE executable section .text at 0x17f8e0000 size=983040
[JuiceWine] anonymous PE executable section .hexpthk at 0x17f9d0000 size=65536
[JuiceHybrid] map name=/private/var/containers/Bundle/Application/F3BC928B-CF6E-41E9-AA5B-114329A364D0/Juice.app/Grape-X64/build/wine-ios/dlls/ntdll/aarch64-windows/ntdll.dll status=40000003 module=0x17f8d0000 size=690000
[JuiceStage] load_ntdll returned; transfer=0x14001d3dc
[JuiceStage] load_wow64_ntdll returned
[JuiceStage] calling load_apiset_dll
[JuiceStage] load_apiset_dll returned; stack_base=0x105500000 stack_limit=0x105408000
[JuiceStage] calling server_init_process_done
[JuiceStage] server_init_process_done entered
[JuiceStage] calling signal_init_process; teb=0x17ffd8000
[JuiceStage] signal_init_process returned
[JuiceStage] init_teb_data returned; syscall_frame=0x28010fcd0 stack_base=0x105500000 stack_limit=0x105408000
[JuiceStage] init_process_done server call returned; status=00000000 suspend=1 transfer=0x14001d3dc teb=0x17ffd8000 peb=0x17ffdc000
[JuiceStage] calling signal_start_thread
[JuiceStage] init_syscall_frame entered; entry=0x14001d3dc arg=0x17ffdc000 teb=0x17ffd8000 data=0x280000000 frame=0x28010fcd0 stack_base=0x105500000 stack_limit=0x105408000
[JuiceStage] calling signal_set_full_context; ctx=0x1054ffc70 target_pc=0x17f9375a0 target_sp=0x105500000 target_x18=0x17ffd8000 LdrInitializeThunk=0x17f9375c0 RtlUserThreadStart=0x17f9375a0
[JuiceStage] signal_set_full_context returned; status=00000000 frame_pc=0x17f9375a0 frame_sp=0x105500000 frame_x18=0x17ffd8000 restore=00400007
[JuiceStage] init_syscall_frame complete; dispatcher_pc=0x17f9375c0 user_sp=0x1054ffc70 x16=0x17f9375c0 x17=0x1054ffc70 x18=0x17ffd8000 restore=00400007
[JuiceX18] broad #1 pc=0x17f914344 fault=0x17ee instr=796fde48 x8=0x0 x16=0x17f9375c0 x17=0x1054ffc70 x18=0x0 teb=0x17ffd8000
[JuiceX18] broad #2 pc=0x17f93c3cc fault=0x48 instr=b9404a48 x8=0x17fa302a0 x16=0x17f914344 x17=0x1054ffc70 x18=0x0 teb=0x17ffd8000
[JuiceX18] broad #3 pc=0x17f93df3c fault=0x60 instr=f940324c x8=0x0 x16=0x17f93c3cc x17=0x1054ffc70 x18=0x0 teb=0x17ffd8000
[JuiceX18] broad #4 pc=0x10488dc14 fault=0x378 instr=f941be4a x8=0x18 x16=0x10488dc10 x17=0x1054ffc70 x18=0x0 teb=0x17ffd8000
[JuiceX18] broad #5 pc=0x17f93e9a4 fault=0x60 instr=f9403248 x8=0x104810090 x16=0x17f9354a4 x17=0x1054ffa40 x18=0x0 teb=0x17ffd8000
[JuiceX18] broad #6 pc=0x17f914460 fault=0x180c instr=b9580e48 x8=0x0 x16=0x17f9354a4 x17=0x1054ffa70 x18=0x0 teb=0x17ffd8000
[JuiceX18] broad #7 pc=0x17f9077ec fault=0x60 instr=f9403248 x8=0x17fa33030 x16=0x17f914460 x17=0x1054ffc70 x18=0x0 teb=0x17ffd8000
[JuiceX18] broad #8 pc=0x17f93dea4 fault=0x3000 instr=b9700248 x8=0x1b x16=0x5c5c x17=0x1054ff3cd x18=0x0 teb=0x17ffd8000
[JuiceX18] broad #9 pc=0x17f93dea4 fault=0x3000 instr=b9700248 x8=0x9 x16=0x5c5c x17=0x1054ff69b x18=0x0 teb=0x17ffd8000
[JuiceX18] broad #10 pc=0x17f906c98 fault=0x60 instr=f9403248 x8=0xffffffe3 x16=0x5c5c x17=0x1054ff6ac x18=0x0 teb=0x17ffd8000
[JuiceX18] broad #11 pc=0x17f947524 fault=0x60 instr=f9403248 x8=0x1048d8330 x16=0x17f935384 x17=0x1054ffae0 x18=0x0 teb=0x17ffd8000
[JuiceX18] broad #12 pc=0x10488dc14 fault=0x378 instr=f941be4a x8=0x21 x16=0x10488dc10 x17=0x1054ff750 x18=0x0 teb=0x17ffd8000
[JuiceX18] broad #13 pc=0x17f93dea4 fault=0x3000 instr=b9700248 x8=0x2d x16=0x5c5c x17=0x1054ff8ef x18=0x0 teb=0x17ffd8000
[JuiceX18] broad #14 pc=0x17f93dea4 fault=0x3000 instr=b9700248 x8=0x10 x16=0x5c5c x17=0x1054ff682 x18=0x0 teb=0x17ffd8000
[JuiceX18] broad #15 pc=0x17f8f84b0 fault=0x2c8 instr=f9416648 x8=0x17f9eb150 x16=0x17f93dea4 x17=0x1054ffc70 x18=0x0 teb=0x17ffd8000
[JuiceHybrid] open name=/private/var/containers/Bundle/Application/F3BC928B-CF6E-41E9-AA5B-114329A364D0/Juice.app/Grape-X64/build/wine-ios/dlls/kernel32/aarch64-windows/kernel32.dll machine=0000 status=c0000135
[JuiceHybrid] open name=/private/var/containers/Bundle/Application/F3BC928B-CF6E-41E9-AA5B-114329A364D0/Juice.app/Grape-X64/build/wine-ios/programs/kernel32.dll/aarch64-windows/kernel32.dll machine=0000 status=c0000135
[JuiceHybrid] open name=/private/var/containers/Bundle/Application/F3BC928B-CF6E-41E9-AA5B-114329A364D0/Juice.app/Grape-X64/runtime/lib/wine/aarch64-windows/aarch64-windows/kernel32.dll machine=0000 status=c0000135
[JuiceHybrid] open name=/private/var/containers/Bundle/Application/F3BC928B-CF6E-41E9-AA5B-114329A364D0/Juice.app/Grape-X64/runtime/lib/wine/aarch64-windows/kernel32.dll machine=0000 status=00000000
[JuiceWine] anonymous PE executable section .text at 0x17f5b0000 size=393216
[JuiceWine] anonymous PE executable section .hexpthk at 0x17f610000 size=65536
[JuiceHybrid] map name=/private/var/containers/Bundle/Application/F3BC928B-CF6E-41E9-AA5B-114329A364D0/Juice.app/Grape-X64/runtime/lib/wine/aarch64-windows/kernel32.dll status=40000003 module=0x17f5a0000 size=330000
[JuiceX18] broad #16 pc=0x10488dc14 fault=0x378 instr=f941be4a x8=0x50 x16=0x10488dc10 x17=0x1054ff890 x18=0x0 teb=0x17ffd8000
[JuiceX18] broad #17 pc=0x17f93dea4 fault=0x3000 instr=b9700248 x8=0x6 x16=0x17f935ba4 x17=0x1054ff890 x18=0x0 teb=0x17ffd8000
[JuiceX18] broad #18 pc=0x17f916e74 fault=0x60 instr=f9403248 x8=0x17f6403b8 x16=0x17f93dea4 x17=0x1054ffc70 x18=0x0 teb=0x17ffd8000
[JuiceHybrid] open name=/private/var/containers/Bundle/Application/F3BC928B-CF6E-41E9-AA5B-114329A364D0/Juice.app/Grape-X64/build/wine-ios/dlls/kernelbase/aarch64-windows/kernelbase.dll machine=0000 status=c0000135
[JuiceHybrid] open name=/private/var/containers/Bundle/Application/F3BC928B-CF6E-41E9-AA5B-114329A364D0/Juice.app/Grape-X64/build/wine-ios/programs/kernelbase.dll/aarch64-windows/kernelbase.dll machine=0000 status=c0000135
[JuiceHybrid] open name=/private/var/containers/Bundle/Application/F3BC928B-CF6E-41E9-AA5B-114329A364D0/Juice.app/Grape-X64/runtime/lib/wine/aarch64-windows/aarch64-windows/kernelbase.dll machine=0000 status=c0000135
[JuiceHybrid] open name=/private/var/containers/Bundle/Application/F3BC928B-CF6E-41E9-AA5B-114329A364D0/Juice.app/Grape-X64/runtime/lib/wine/aarch64-windows/kernelbase.dll machine=0000 status=00000000
[JuiceWine] anonymous PE executable section .text at 0x17eeb0000 size=983040
[JuiceWine] anonymous PE executable section .hexpthk at 0x17efa0000 size=65536
[JuiceHybrid] map name=/private/var/containers/Bundle/Application/F3BC928B-CF6E-41E9-AA5B-114329A364D0/Juice.app/Grape-X64/runtime/lib/wine/aarch64-windows/kernelbase.dll status=40000003 module=0x17eea0000 size=700000
[JuiceX18] broad #19 pc=0x10488dc14 fault=0x378 instr=f941be4a x8=0x50 x16=0x10488dc10 x17=0x1054ff2e0 x18=0x0 teb=0x17ffd8000
[JuiceX18] broad #20 pc=0x10488dca4 fault=0x370 instr=f941ba50 x8=0x50 x16=0x10488dc14 x17=0x1054ffc70 x18=0x0 teb=0x17ffd8000
[JuiceX18] broad #21 pc=0x17f91852c fault=0x60 instr=f9403248 x8=0x6a8136c0 x16=0x17f935ba4 x17=0x1054ff2e0 x18=0x0 teb=0x17ffd8000
[JuiceX18] broad #22 pc=0x17f916e74 fault=0x60 instr=f9403248 x8=0x17f002c08 x16=0x17f91852c x17=0x1054ffc70 x18=0x0 teb=0x17ffd8000
[JuiceX18] broad #23 pc=0x10488dc14 fault=0x378 instr=f941be4a x8=0x50 x16=0x10488dc10 x17=0x1054fef80 x18=0x0 teb=0x17ffd8000
[JuiceX18] broad #24 pc=0x17f916e74 fault=0x60 instr=f9403248 x8=0x17eff7e40 x16=0x17f935ba4 x17=0x1054ff530 x18=0x0 teb=0x17ffd8000
[JuiceX18] broad #25 pc=0x17f916e74 fault=0x60 instr=f9403248 x8=0x17eff75cb x16=0x17f916e74 x17=0x1054ffc70 x18=0x0 teb=0x17ffd8000
[JuiceX18] broad #26 pc=0x17f916e74 fault=0x60 instr=f9403248 x8=0x17eff77f9 x16=0x17f916e74 x17=0x1054ffc70 x18=0x0 teb=0x17ffd8000
[JuiceX18] broad #27 pc=0x10488dc14 fault=0x378 instr=f941be4a x8=0x50 x16=0x10488dc10 x17=0x1054ff530 x18=0x0 teb=0x17ffd8000
[JuiceX18] broad #28 pc=0x17f93c3ac fault=0x48 instr=b9404a49 x8=0x2c x16=0x17f935384 x17=0x1054ff960 x18=0x0 teb=0x17ffd8000
[JuiceX18] broad #29 pc=0x17f916e74 fault=0x60 instr=f9403248 x8=0x17f635203 x16=0x17f93c3ac x17=0x1054ffc70 x18=0x0 teb=0x17ffd8000
[JuiceX18] broad #30 pc=0x17f929418 fault=0x108 instr=79421249 x8=0x0 x16=0x17f916e74 x17=0x1054ffc70 x18=0x0 teb=0x17ffd8000
[JuiceX18] broad #31 pc=0x17f8ffe48 fault=0x60 instr=f9403248 x8=0x0 x16=0x14005088a x17=0xa x18=0x0 teb=0x17ffd8000
[JuiceX18] broad #32 pc=0x17f8ffe48 fault=0x60 instr=f9403248 x8=0x0 x16=0x17f8ffe48 x17=0x1054ffc70 x18=0x0 teb=0x17ffd8000
[JuiceHybrid] open name=/private/var/containers/Bundle/Application/F3BC928B-CF6E-41E9-AA5B-114329A364D0/Juice.app/Grape-X64/build/wine-ios/dlls/rpcrt4/aarch64-windows/rpcrt4.dll machine=0000 status=c0000135
[JuiceHybrid] open name=/private/var/containers/Bundle/Application/F3BC928B-CF6E-41E9-AA5B-114329A364D0/Juice.app/Grape-X64/build/wine-ios/programs/rpcrt4.dll/aarch64-windows/rpcrt4.dll machine=0000 status=c0000135
[JuiceHybrid] open name=/private/var/containers/Bundle/Application/F3BC928B-CF6E-41E9-AA5B-114329A364D0/Juice.app/Grape-X64/runtime/lib/wine/aarch64-windows/aarch64-windows/rpcrt4.dll machine=0000 status=c0000135
[JuiceHybrid] open name=/private/var/containers/Bundle/Application/F3BC928B-CF6E-41E9-AA5B-114329A364D0/Juice.app/Grape-X64/runtime/lib/wine/aarch64-windows/rpcrt4.dll machine=0000 status=00000000
[JuiceWine] anonymous PE executable section .text at 0x17ea50000 size=655360
[JuiceWine] anonymous PE executable section .hexpthk at 0x17eaf0000 size=65536
[JuiceHybrid] map name=/private/var/containers/Bundle/Application/F3BC928B-CF6E-41E9-AA5B-114329A364D0/Juice.app/Grape-X64/runtime/lib/wine/aarch64-windows/rpcrt4.dll status=40000003 module=0x17ea40000 size=460000
[JuiceHybrid] open name=/private/var/containers/Bundle/Application/F3BC928B-CF6E-41E9-AA5B-114329A364D0/Juice.app/Grape-X64/build/wine-ios/dlls/advapi32/aarch64-windows/advapi32.dll machine=0000 status=c0000135
[JuiceHybrid] open name=/private/var/containers/Bundle/Application/F3BC928B-CF6E-41E9-AA5B-114329A364D0/Juice.app/Grape-X64/build/wine-ios/programs/advapi32.dll/aarch64-windows/advapi32.dll machine=0000 status=c0000135
[JuiceHybrid] open name=/private/var/containers/Bundle/Application/F3BC928B-CF6E-41E9-AA5B-114329A364D0/Juice.app/Grape-X64/runtime/lib/wine/aarch64-windows/aarch64-windows/advapi32.dll machine=0000 status=c0000135
[JuiceHybrid] open name=/private/var/containers/Bundle/Application/F3BC928B-CF6E-41E9-AA5B-114329A364D0/Juice.app/Grape-X64/runtime/lib/wine/aarch64-windows/advapi32.dll machine=0000 status=00000000
[JuiceWine] anonymous PE executable section .text at 0x17e7f0000 size=327680
[JuiceWine] anonymous PE executable section .hexpthk at 0x17e840000 size=65536
[JuiceHybrid] map name=/private/var/containers/Bundle/Application/F3BC928B-CF6E-41E9-AA5B-114329A364D0/Juice.app/Grape-X64/runtime/lib/wine/aarch64-windows/advapi32.dll status=40000003 module=0x17e7e0000 size=260000
[JuiceHybrid] open name=/private/var/containers/Bundle/Application/F3BC928B-CF6E-41E9-AA5B-114329A364D0/Juice.app/Grape-X64/build/wine-ios/dlls/sechost/aarch64-windows/sechost.dll machine=0000 status=c0000135
[JuiceHybrid] open name=/private/var/containers/Bundle/Application/F3BC928B-CF6E-41E9-AA5B-114329A364D0/Juice.app/Grape-X64/build/wine-ios/programs/sechost.dll/aarch64-windows/sechost.dll machine=0000 status=c0000135
[JuiceHybrid] open name=/private/var/containers/Bundle/Application/F3BC928B-CF6E-41E9-AA5B-114329A364D0/Juice.app/Grape-X64/runtime/lib/wine/aarch64-windows/aarch64-windows/sechost.dll machine=0000 status=c0000135
[JuiceHybrid] open name=/private/var/containers/Bundle/Application/F3BC928B-CF6E-41E9-AA5B-114329A364D0/Juice.app/Grape-X64/runtime/lib/wine/aarch64-windows/sechost.dll machine=0000 status=00000000
[JuiceWine] anonymous PE executable section .text at 0x17e6a0000 size=131072
[JuiceWine] anonymous PE executable section .hexpthk at 0x17e6c0000 size=65536
[JuiceHybrid] map name=/private/var/containers/Bundle/Application/F3BC928B-CF6E-41E9-AA5B-114329A364D0/Juice.app/Grape-X64/runtime/lib/wine/aarch64-windows/sechost.dll status=40000003 module=0x17e690000 size=150000
[JuiceHybrid] open name=/private/var/containers/Bundle/Application/F3BC928B-CF6E-41E9-AA5B-114329A364D0/Juice.app/Grape-X64/build/wine-ios/dlls/ucrtbase/aarch64-windows/ucrtbase.dll machine=0000 status=c0000135
[JuiceHybrid] open name=/private/var/containers/Bundle/Application/F3BC928B-CF6E-41E9-AA5B-114329A364D0/Juice.app/Grape-X64/build/wine-ios/programs/ucrtbase.dll/aarch64-windows/ucrtbase.dll machine=0000 status=c0000135
[JuiceHybrid] open name=/private/var/containers/Bundle/Application/F3BC928B-CF6E-41E9-AA5B-114329A364D0/Juice.app/Grape-X64/runtime/lib/wine/aarch64-windows/aarch64-windows/ucrtbase.dll machine=0000 status=c0000135
[JuiceHybrid] open name=/private/var/containers/Bundle/Application/F3BC928B-CF6E-41E9-AA5B-114329A364D0/Juice.app/Grape-X64/runtime/lib/wine/aarch64-windows/ucrtbase.dll machine=0000 status=00000000
[JuiceWine] anonymous PE executable section .text at 0x17e010000 size=1179648
[JuiceWine] anonymous PE executable section .hexpthk at 0x17e130000 size=65536
[JuiceHybrid] map name=/private/var/containers/Bundle/Application/F3BC928B-CF6E-41E9-AA5B-114329A364D0/Juice.app/Grape-X64/runtime/lib/wine/aarch64-windows/ucrtbase.dll status=40000003 module=0x17e000000 size=690000
[JuiceHybrid] open name=/private/var/containers/Bundle/Application/F3BC928B-CF6E-41E9-AA5B-114329A364D0/Juice.app/Grape-X64/build/wine-ios/dlls/msvcrt/aarch64-windows/msvcrt.dll machine=0000 status=c0000135
[JuiceHybrid] open name=/private/var/containers/Bundle/Application/F3BC928B-CF6E-41E9-AA5B-114329A364D0/Juice.app/Grape-X64/build/wine-ios/programs/msvcrt.dll/aarch64-windows/msvcrt.dll machine=0000 status=c0000135
[JuiceHybrid] open name=/private/var/containers/Bundle/Application/F3BC928B-CF6E-41E9-AA5B-114329A364D0/Juice.app/Grape-X64/runtime/lib/wine/aarch64-windows/aarch64-windows/msvcrt.dll machine=0000 status=c0000135
[JuiceHybrid] open name=/private/var/containers/Bundle/Application/F3BC928B-CF6E-41E9-AA5B-114329A364D0/Juice.app/Grape-X64/runtime/lib/wine/aarch64-windows/msvcrt.dll machine=0000 status=00000000
[JuiceWine] anonymous PE executable section .text at 0x17da40000 size=983040
[JuiceWine] anonymous PE executable section .hexpthk at 0x17db30000 size=65536
[JuiceHybrid] map name=/private/var/containers/Bundle/Application/F3BC928B-CF6E-41E9-AA5B-114329A364D0/Juice.app/Grape-X64/runtime/lib/wine/aarch64-windows/msvcrt.dll status=40000003 module=0x17da30000 size=5d0000
[JuiceHybrid] open name=/private/var/containers/Bundle/Application/F3BC928B-CF6E-41E9-AA5B-114329A364D0/Juice.app/Grape-X64/build/wine-ios/dlls/cryptbase/aarch64-windows/cryptbase.dll machine=0000 status=c0000135
[JuiceHybrid] open name=/private/var/containers/Bundle/Application/F3BC928B-CF6E-41E9-AA5B-114329A364D0/Juice.app/Grape-X64/build/wine-ios/programs/cryptbase.dll/aarch64-windows/cryptbase.dll machine=0000 status=c0000135
[JuiceHybrid] open name=/private/var/containers/Bundle/Application/F3BC928B-CF6E-41E9-AA5B-114329A364D0/Juice.app/Grape-X64/runtime/lib/wine/aarch64-windows/aarch64-windows/cryptbase.dll machine=0000 status=c0000135
[JuiceHybrid] open name=/private/var/containers/Bundle/Application/F3BC928B-CF6E-41E9-AA5B-114329A364D0/Juice.app/Grape-X64/runtime/lib/wine/aarch64-windows/cryptbase.dll machine=0000 status=00000000
[JuiceWine] anonymous PE executable section .text at 0x17d960000 size=65536
[JuiceWine] anonymous PE executable section .hexpthk at 0x17d970000 size=65536
[JuiceHybrid] map name=/private/var/containers/Bundle/Application/F3BC928B-CF6E-41E9-AA5B-114329A364D0/Juice.app/Grape-X64/runtime/lib/wine/aarch64-windows/cryptbase.dll status=40000003 module=0x17d950000 size=e0000
[JuiceHybrid] open name=/private/var/containers/Bundle/Application/F3BC928B-CF6E-41E9-AA5B-114329A364D0/Juice.app/Grape-X64/build/wine-ios/dlls/user32/aarch64-windows/user32.dll machine=0000 status=c0000135
[JuiceHybrid] open name=/private/var/containers/Bundle/Application/F3BC928B-CF6E-41E9-AA5B-114329A364D0/Juice.app/Grape-X64/build/wine-ios/programs/user32.dll/aarch64-windows/user32.dll machine=0000 status=c0000135
[JuiceHybrid] open name=/private/var/containers/Bundle/Application/F3BC928B-CF6E-41E9-AA5B-114329A364D0/Juice.app/Grape-X64/runtime/lib/wine/aarch64-windows/aarch64-windows/user32.dll machine=0000 status=c0000135
[JuiceHybrid] open name=/private/var/containers/Bundle/Application/F3BC928B-CF6E-41E9-AA5B-114329A364D0/Juice.app/Grape-X64/runtime/lib/wine/aarch64-windows/user32.dll machine=0000 status=00000000
[JuiceWine] anonymous PE executable section .text at 0x17d070000 size=1179648
[JuiceWine] anonymous PE executable section .hexpthk at 0x17d190000 size=65536
[JuiceHybrid] map name=/private/var/containers/Bundle/Application/F3BC928B-CF6E-41E9-AA5B-114329A364D0/Juice.app/Grape-X64/runtime/lib/wine/aarch64-windows/user32.dll status=40000003 module=0x17d060000 size=8f0000
[JuiceHybrid] open name=/private/var/containers/Bundle/Application/F3BC928B-CF6E-41E9-AA5B-114329A364D0/Juice.app/Grape-X64/build/wine-ios/dlls/gdi32/aarch64-windows/gdi32.dll machine=0000 status=c0000135
[JuiceHybrid] open name=/private/var/containers/Bundle/Application/F3BC928B-CF6E-41E9-AA5B-114329A364D0/Juice.app/Grape-X64/build/wine-ios/programs/gdi32.dll/aarch64-windows/gdi32.dll machine=0000 status=c0000135
[JuiceHybrid] open name=/private/var/containers/Bundle/Application/F3BC928B-CF6E-41E9-AA5B-114329A364D0/Juice.app/Grape-X64/runtime/lib/wine/aarch64-windows/aarch64-windows/gdi32.dll machine=0000 status=c0000135
[JuiceHybrid] open name=/private/var/containers/Bundle/Application/F3BC928B-CF6E-41E9-AA5B-114329A364D0/Juice.app/Grape-X64/runtime/lib/wine/aarch64-windows/gdi32.dll machine=0000 status=00000000
[JuiceWine] anonymous PE executable section .text at 0x17cc00000 size=655360
[JuiceWine] anonymous PE executable section .hexpthk at 0x17cca0000 size=65536
[JuiceHybrid] map name=/private/var/containers/Bundle/Application/F3BC928B-CF6E-41E9-AA5B-114329A364D0/Juice.app/Grape-X64/runtime/lib/wine/aarch64-windows/gdi32.dll status=40000003 module=0x17cbf0000 size=470000
[JuiceHybrid] open name=/private/var/containers/Bundle/Application/F3BC928B-CF6E-41E9-AA5B-114329A364D0/Juice.app/Grape-X64/build/wine-ios/dlls/win32u/aarch64-windows/win32u.dll machine=0000 status=c0000135
[JuiceHybrid] open name=/private/var/containers/Bundle/Application/F3BC928B-CF6E-41E9-AA5B-114329A364D0/Juice.app/Grape-X64/build/wine-ios/programs/win32u.dll/aarch64-windows/win32u.dll machine=0000 status=c0000135
[JuiceHybrid] open name=/private/var/containers/Bundle/Application/F3BC928B-CF6E-41E9-AA5B-114329A364D0/Juice.app/Grape-X64/runtime/lib/wine/aarch64-windows/aarch64-windows/win32u.dll machine=0000 status=c0000135
[JuiceHybrid] open name=/private/var/containers/Bundle/Application/F3BC928B-CF6E-41E9-AA5B-114329A364D0/Juice.app/Grape-X64/runtime/lib/wine/aarch64-windows/win32u.dll machine=0000 status=00000000
[JuiceWine] anonymous PE executable section .text at 0x17cad0000 size=262144
[JuiceWine] anonymous PE executable section .hexpthk at 0x17cb10000 size=65536
[JuiceHybrid] map name=/private/var/containers/Bundle/Application/F3BC928B-CF6E-41E9-AA5B-114329A364D0/Juice.app/Grape-X64/runtime/lib/wine/aarch64-windows/win32u.dll status=40000003 module=0x17cac0000 size=130000
[JuiceHybrid] open name=/private/var/containers/Bundle/Application/F3BC928B-CF6E-41E9-AA5B-114329A364D0/Juice.app/Grape-X64/build/wine-ios/dlls/imm32/aarch64-windows/imm32.dll machine=0000 status=c0000135
[JuiceHybrid] open name=/private/var/containers/Bundle/Application/F3BC928B-CF6E-41E9-AA5B-114329A364D0/Juice.app/Grape-X64/build/wine-ios/programs/imm32.dll/aarch64-windows/imm32.dll machine=0000 status=c0000135
[JuiceHybrid] open name=/private/var/containers/Bundle/Application/F3BC928B-CF6E-41E9-AA5B-114329A364D0/Juice.app/Grape-X64/runtime/lib/wine/aarch64-windows/aarch64-windows/imm32.dll machine=0000 status=c0000135
[JuiceHybrid] open name=/private/var/containers/Bundle/Application/F3BC928B-CF6E-41E9-AA5B-114329A364D0/Juice.app/Grape-X64/runtime/lib/wine/aarch64-windows/imm32.dll machine=0000 status=00000000
[JuiceWine] anonymous PE executable section .text at 0x17c960000 size=196608
[JuiceWine] anonymous PE executable section .hexpthk at 0x17c990000 size=65536
[JuiceHybrid] map name=/private/var/containers/Bundle/Application/F3BC928B-CF6E-41E9-AA5B-114329A364D0/Juice.app/Grape-X64/runtime/lib/wine/aarch64-windows/imm32.dll status=40000003 module=0x17c950000 size=170000
[JuiceHybrid] open name=/private/var/containers/Bundle/Application/F3BC928B-CF6E-41E9-AA5B-114329A364D0/Juice.app/Grape-X64/build/wine-ios/dlls/wineios.drv/aarch64-windows/wineios.drv machine=0000 status=c0000135
[JuiceHybrid] open name=/private/var/containers/Bundle/Application/F3BC928B-CF6E-41E9-AA5B-114329A364D0/Juice.app/Grape-X64/build/wine-ios/programs/wineios.drv/aarch64-windows/wineios.drv machine=0000 status=c0000135
[JuiceHybrid] open name=/private/var/containers/Bundle/Application/F3BC928B-CF6E-41E9-AA5B-114329A364D0/Juice.app/Grape-X64/runtime/lib/wine/aarch64-windows/aarch64-windows/wineios.drv machine=0000 status=c0000135
[JuiceHybrid] open name=/private/var/containers/Bundle/Application/F3BC928B-CF6E-41E9-AA5B-114329A364D0/Juice.app/Grape-X64/runtime/lib/wine/aarch64-windows/wineios.drv machine=0000 status=00000000
[JuiceWine] anonymous PE executable section .text at 0x17c870000 size=65536
[JuiceWine] anonymous PE executable section .hexpthk at 0x17c880000 size=65536
[JuiceHybrid] map name=/private/var/containers/Bundle/Application/F3BC928B-CF6E-41E9-AA5B-114329A364D0/Juice.app/Grape-X64/runtime/lib/wine/aarch64-windows/wineios.drv status=40000003 module=0x17c860000 size=f0000
DISPLAY_CLIENT_CONNECTED fd=8
[JuiceInput] display connected path=/var/mobile/Containers/Data/Application/6CD6FC49-1128-4095-B5F8-3AF694016683/Documents/j.sock desktop=1024x768 dpi=96
DISPLAY_EVENT HELLO fd=8 pid=4133 desktop=1024x768 dpi=96
[JuiceInput] queue fd registered fd=14 tid=0x2c
[JuiceDriver] ios init set driver create=0x105b9ce78 client_surface=0x105b9d9fc size=1216
[JuiceDriver] install prev=0x105ee93a8 lazy=0x105ee93a8 null=0x105f15f10 candidate=0x15e80aa00 create=0x105b9ce78 installed=1
[JuiceCreate] ex=00000000 class=0x1054fef10 version=0x0 name=0x1054feef0 style=86000000 x=0 y=0 cx=0 cy=0 parent=0x0 menu=0x0 classinst=0x0 params=0x1054ff240 flags=00000000 inst=0x0 classptr=0x8001 ansi=0
[JuiceHybrid] open name=/private/var/containers/Bundle/Application/F3BC928B-CF6E-41E9-AA5B-114329A364D0/Juice.app/Grape-X64/build/wine-ios/dlls/uxtheme/aarch64-windows/uxtheme.dll machine=0000 status=c0000135
[JuiceHybrid] open name=/private/var/containers/Bundle/Application/F3BC928B-CF6E-41E9-AA5B-114329A364D0/Juice.app/Grape-X64/build/wine-ios/programs/uxtheme.dll/aarch64-windows/uxtheme.dll machine=0000 status=c0000135
[JuiceHybrid] open name=/private/var/containers/Bundle/Application/F3BC928B-CF6E-41E9-AA5B-114329A364D0/Juice.app/Grape-X64/runtime/lib/wine/aarch64-windows/aarch64-windows/uxtheme.dll machine=0000 status=c0000135
[JuiceHybrid] open name=/private/var/containers/Bundle/Application/F3BC928B-CF6E-41E9-AA5B-114329A364D0/Juice.app/Grape-X64/runtime/lib/wine/aarch64-windows/uxtheme.dll machine=0000 status=00000000
[JuiceWine] anonymous PE executable section .text at 0x17c6a0000 size=196608
[JuiceWine] anonymous PE executable section .hexpthk at 0x17c6d0000 size=65536
[JuiceHybrid] map name=/private/var/containers/Bundle/Application/F3BC928B-CF6E-41E9-AA5B-114329A364D0/Juice.app/Grape-X64/runtime/lib/wine/aarch64-windows/uxtheme.dll status=40000003 module=0x17c690000 size=1d0000
[JuiceRect] input hwnd=0x10024 dpi=96/1 raw=96/1 win=0,0,0,0 client=0,0,0,0 visible=0,0,0,0
DISPLAY_EVENT WINDOW pid=4133 hwnd=0x10024 rect=0,0 0x0 visible=0
[JuiceRect] mapped hwnd=0x10024 win=0,0,0,0 client=0,0,0,0 visible=0,0,0,0
[JuiceGeom] changed hwnd=0x10024 flags=3c ptr=0x28010f620 window=0,0,0,0 client=0,0,0,0 visible=0,0,0,0 surface=0x105ef84f0 shown=0
[JuiceRect] input hwnd=0x10024 dpi=96/1 raw=96/1 win=0,0,0,0 client=0,0,0,0 visible=0,0,0,0
[JuiceRect] mapped hwnd=0x10024 win=0,0,0,0 client=0,0,0,0 visible=0,0,0,0
[JuiceGeom] changed hwnd=0x10024 flags=18 ptr=0x28010f620 window=0,0,0,0 client=0,0,0,0 visible=0,0,0,0 surface=0x105ef84f0 shown=0
DISPLAY_EVENT WINDOW pid=4133 hwnd=0x10024 rect=0,0 0x0 visible=0
[JuiceDriver] create-enter hwnd=0x10024
[JuiceDriver] create-success hwnd=0x10024
DISPLAY_EVENT WINDOW pid=4133 hwnd=0x1002c rect=0,0 100x100 visible=0
[JuiceCreate] ex=00000000 class=0x1054fef10 version=0x0 name=0x1054feef0 style=86000000 x=0 y=0 cx=100 cy=100 parent=0x0 menu=0x0 classinst=0x0 params=0x0 flags=00000000 inst=0x0 classptr=0x140020ca0 ansi=0
[JuiceRect] input hwnd=0x1002c dpi=96/1 raw=96/1 win=0,0,100,100 client=0,0,100,100 visible=0,0,100,100
[JuiceRect] mapped hwnd=0x1002c win=0,0,100,100 client=0,0,100,100 visible=0,0,100,100
[JuiceGeom] changed hwnd=0x1002c flags=3c ptr=0x28010f620 window=0,0,100,100 client=0,0,100,100 visible=0,0,100,100 surface=0x105ef84f0 shown=0
[JuiceRect] input hwnd=0x1002c dpi=96/1 raw=96/1 win=0,0,100,100 client=0,0,100,100 visible=0,0,100,100
[JuiceRect] mapped hwnd=0x1002c win=0,0,100,100 client=0,0,100,100 visible=0,0,100,100
[JuiceGeom] changed hwnd=0x1002c flags=18 ptr=0x28010f620 window=0,0,100,100 client=0,0,100,100 visible=0,0,100,100 surface=0x105ef84f0 shown=0
[JuiceDriver] create-enter hwnd=0x1002c
[JuiceDriver] create-success hwnd=0x1002c
DISPLAY_EVENT WINDOW pid=4133 hwnd=0x1002c rect=0,0 100x100 visible=0
[JuiceGeom] surface hwnd=0x10024 rect=0,0,1024,768 size=1024x768 previous=0x105ef84f0
[JuiceRect] input hwnd=0x10024 dpi=96/1 raw=96/1 win=0,0,1024,768 client=0,0,1024,768 visible=0,0,1024,768
DISPLAY_EVENT WINDOW pid=4133 hwnd=0x10024 rect=0,0 1024x768 visible=1
[JuiceRect] mapped hwnd=0x10024 win=0,0,1024,768 client=0,0,1024,768 visible=0,0,1024,768
[JuiceGeom] changed hwnd=0x10024 flags=8000116a ptr=0x28010f820 window=0,0,1024,768 client=0,0,1024,768 visible=0,0,1024,768 surface=0x15de64930 shown=1
[JuiceStage] init_syscall_frame entered; entry=0x140012694 arg=0x0 teb=0x17ffd4000 data=0x107f60000 frame=0x10806fb00 stack_base=0x108170000 stack_limit=0x108078000
[JuiceStage] calling signal_set_full_context; ctx=0x10816fc70 target_pc=0x17f9375a0 target_sp=0x108170000 target_x18=0x17ffd4000 LdrInitializeThunk=0x17f9375c0 RtlUserThreadStart=0x17f9375a0
[JuiceStage] signal_set_full_context returned; status=00000000 frame_pc=0x17f9375a0 frame_sp=0x108170000 frame_x18=0x17ffd4000 restore=00400007
[JuiceStage] init_syscall_frame complete; dispatcher_pc=0x17f9375c0 user_sp=0x10816fc70 x16=0x17f9375c0 x17=0x10816fc70 x18=0x17ffd4000 restore=00400007
[JuiceCreate] ex=00000000 class=0x10816fa70 version=0x0 name=0x10816fa50 style=00000000 x=0 y=0 cx=0 cy=0 parent=0xfffffffffffffffd menu=0x0 classinst=0x0 params=0x0 flags=00000000 inst=0x0 classptr=0x140020500 ansi=0
[JuiceStage] init_syscall_frame entered; entry=0x140012c30 arg=0x0 teb=0x17ffd0000 data=0x108170000 frame=0x10827fb00 stack_base=0x108380000 stack_limit=0x108288000
[JuiceStage] calling signal_set_full_context; ctx=0x10837fc70 target_pc=0x17f9375a0 target_sp=0x108380000 target_x18=0x17ffd0000 LdrInitializeThunk=0x17f9375c0 RtlUserThreadStart=0x17f9375a0
[JuiceStage] signal_set_full_context returned; status=00000000 frame_pc=0x17f9375a0 frame_sp=0x108380000 frame_x18=0x17ffd0000 restore=00400007
[JuiceStage] init_syscall_frame complete; dispatcher_pc=0x17f9375c0 user_sp=0x10837fc70 x16=0x17f9375c0 x17=0x10837fc70 x18=0x17ffd0000 restore=00400007
[JuiceCreate] ex=00000000 class=0x1054fee90 version=0x0 name=0x1054fee70 style=00000000 x=0 y=0 cx=0 cy=0 parent=0xfffffffffffffffd menu=0x0 classinst=0x0 params=0x0 flags=00000000 inst=0x0 classptr=0x140020140 ansi=0
[JuiceCreate] ex=00000000 class=0x10837fc10 version=0x0 name=0x10837fbf0 style=00000000 x=0 y=0 cx=0 cy=0 parent=0xfffffffffffffffd menu=0x0 classinst=0x0 params=0x0 flags=00000000 inst=0x0 classptr=0x140021320 ansi=0
MULTI_WINDOW_VIEWPORT rect=0,0 1024x768 desktop=1024x768 locked=0
[JuiceMonitor] callee hwnd=0x10032 hmon=0x1 info=0x10806f550 monitor=0,0,1024,768 work=0,0,1024,768 flags=00000001
[JuiceMinMax] hwnd=0x10032 min=112,27 maxtrack=1036,780 max=106,106 pos=-3,-3
DISPLAY_EVENT WINDOW pid=4133 hwnd=0x10032 rect=0,0 112x27 visible=0
[JuiceRect] input hwnd=0x10032 dpi=96/1 raw=96/1 win=0,0,112,27 client=0,0,112,27 visible=0,0,112,27
[JuiceRect] mapped hwnd=0x10032 win=0,0,112,27 client=0,0,112,27 visible=0,0,112,27
[JuiceGeom] changed hwnd=0x10032 flags=14 ptr=0x10806f450 window=0,0,112,27 client=0,0,112,27 visible=0,0,112,27 surface=0x0 shown=0
[JuiceCreate] failed hwnd=0x10032 stage=wm-nccreate
[JuiceMonitor] callee hwnd=0x10036 hmon=0x1 info=0x28010f720 monitor=0,0,1024,768 work=0,0,1024,768 flags=00000001
[JuiceMinMax] hwnd=0x10036 min=112,27 maxtrack=1036,780 max=106,106 pos=-3,-3
[JuiceMonitor] callee hwnd=0x10038 hmon=0x1 info=0x10827f550 monitor=0,0,1024,768 work=0,0,1024,768 flags=00000001
[JuiceMinMax] hwnd=0x10038 min=112,27 maxtrack=1036,780 max=106,106 pos=-3,-3
[JuiceRect] input hwnd=0x10036 dpi=96/1 raw=96/1 win=0,0,112,27 client=0,0,112,27 visible=0,0,112,27
[JuiceRect] mapped hwnd=0x10036 win=0,0,112,27 client=0,0,112,27 visible=0,0,112,27
DISPLAY_EVENT DESTROY pid=4133 hwnd=0x10032
[JuiceRect] input hwnd=0x10038 dpi=96/1 raw=96/1 win=0,0,112,27 client=0,0,112,27 visible=0,0,112,27
[JuiceGeom] changed hwnd=0x10036 flags=14 ptr=0x28010f620 window=0,0,112,27 client=0,0,112,27 visible=0,0,112,27 surface=0x0 shown=0
[JuiceRect] mapped hwnd=0x10038 win=0,0,112,27 client=0,0,112,27 visible=0,0,112,27
DISPLAY_EVENT WINDOW pid=4133 hwnd=0x10036 rect=0,0 112x27 visible=0
DISPLAY_EVENT WINDOW pid=4133 hwnd=0x10038 rect=0,0 112x27 visible=0
[JuiceGeom] changed hwnd=0x10038 flags=14 ptr=0x10827f450 window=0,0,112,27 client=0,0,112,27 visible=0,0,112,27 surface=0x0 shown=0
[JuiceRect] input hwnd=0x10036 dpi=96/1 raw=96/1 win=0,0,112,27 client=3,22,109,24 visible=0,0,112,27
[JuiceRect] mapped hwnd=0x10036 win=0,0,112,27 client=3,22,109,24 visible=0,0,112,27
[JuiceRect] input hwnd=0x10038 dpi=96/1 raw=96/1 win=0,0,112,27 client=3,22,109,24 visible=0,0,112,27
[JuiceRect] mapped hwnd=0x10038 win=0,0,112,27 client=3,22,109,24 visible=0,0,112,27
DISPLAY_EVENT WINDOW pid=4133 hwnd=0x10036 rect=0,0 112x27 visible=0
DISPLAY_EVENT WINDOW pid=4133 hwnd=0x10038 rect=0,0 112x27 visible=0
[JuiceGeom] changed hwnd=0x10036 flags=10 ptr=0x28010f620 window=0,0,112,27 client=3,22,109,24 visible=0,0,112,27 surface=0x0 shown=0
[JuiceDriver] create-enter hwnd=0x10036
[JuiceDriver] create-success hwnd=0x10036
[JuiceGeom] changed hwnd=0x10038 flags=10 ptr=0x10827f450 window=0,0,112,27 client=3,22,109,24 visible=0,0,112,27 surface=0x0 shown=0
[JuiceDriver] create-enter hwnd=0x10038
[JuiceInput] queue fd registered fd=14 tid=0x34
[JuiceDriver] create-success hwnd=0x10038
[JuiceCreate] ex=00000000 class=0x1054fee80 version=0x0 name=0x1054fee60 style=00c80000 x=-2147483648 y=-2147483648 cx=166 cy=45 parent=0x0 menu=0x0 classinst=0x0 params=0x0 flags=00000000 inst=0x0 classptr=0x140026378 ansi=0
[JuiceMonitor] callee hwnd=0x0 hmon=0x1 info=0x28010fa00 monitor=0,0,1024,768 work=0,0,1024,768 flags=00000001
[JuiceMonitor] caller hwnd=0x0 monitor=0,0,1024,768 work=0,0,1024,768 flags=00000001
[JuiceMonitor] callee hwnd=0x1003c hmon=0x1 info=0x28010f720 monitor=0,0,1024,768 work=0,0,1024,768 flags=00000001
[JuiceMinMax] hwnd=0x1003c min=112,27 maxtrack=1036,780 max=1030,774 pos=-3,-3
DISPLAY_EVENT WINDOW pid=4133 hwnd=0x1003c rect=0,0 166x45 visible=0
[JuiceRect] input hwnd=0x1003c dpi=96/1 raw=96/1 win=0,0,166,45 client=0,0,166,45 visible=0,0,166,45
[JuiceRect] mapped hwnd=0x1003c win=0,0,166,45 client=0,0,166,45 visible=0,0,166,45
[JuiceGeom] changed hwnd=0x1003c flags=3c ptr=0x28010f620 window=0,0,166,45 client=0,0,166,45 visible=0,0,166,45 surface=0x105ef84f0 shown=0
[JuiceCreate] ex=00000000 class=0x28010f590 version=0x0 name=0x28010f580 style=8c000000 x=0 y=0 cx=1 cy=1 parent=0x0 menu=0x0 classinst=0x0 params=0x0 flags=00000000 inst=0x0 classptr=0x0 ansi=0
[JuiceRect] input hwnd=0x10044 dpi=96/1 raw=96/1 win=0,0,1,1 client=0,0,1,1 visible=0,0,1,1
[JuiceRect] mapped hwnd=0x10044 win=0,0,1,1 client=0,0,1,1 visible=0,0,1,1
[JuiceGeom] changed hwnd=0x10044 flags=3c ptr=0x28010eed0 window=0,0,1,1 client=0,0,1,1 visible=0,0,1,1 surface=0x105ef84f0 shown=0
[JuiceRect] input hwnd=0x10044 dpi=96/1 raw=96/1 win=0,0,1,1 client=0,0,1,1 visible=0,0,1,1
DISPLAY_EVENT WINDOW pid=4133 hwnd=0x10044 rect=0,0 1x1 visible=0
[JuiceRect] mapped hwnd=0x10044 win=0,0,1,1 client=0,0,1,1 visible=0,0,1,1
[JuiceGeom] changed hwnd=0x10044 flags=18 ptr=0x28010eed0 window=0,0,1,1 client=0,0,1,1 visible=0,0,1,1 surface=0x105ef84f0 shown=0
DISPLAY_EVENT WINDOW pid=4133 hwnd=0x10044 rect=0,0 1x1 visible=0
[JuiceDriver] create-enter hwnd=0x10044
[JuiceDriver] create-success hwnd=0x10044
[JuiceHybrid] open name=/private/var/containers/Bundle/Application/F3BC928B-CF6E-41E9-AA5B-114329A364D0/Juice.app/Grape-X64/build/wine-ios/dlls/uxtheme/aarch64-windows/uxtheme.dll machine=0000 status=c0000135
[JuiceHybrid] open name=/private/var/containers/Bundle/Application/F3BC928B-CF6E-41E9-AA5B-114329A364D0/Juice.app/Grape-X64/build/wine-ios/programs/uxtheme.dll/aarch64-windows/uxtheme.dll machine=0000 status=c0000135
[JuiceHybrid] open name=/private/var/containers/Bundle/Application/F3BC928B-CF6E-41E9-AA5B-114329A364D0/Juice.app/Grape-X64/runtime/lib/wine/aarch64-windows/aarch64-windows/uxtheme.dll machine=0000 status=c0000135
[JuiceRect] input hwnd=0x1003c dpi=96/1 raw=96/1 win=0,0,166,45 client=3,22,163,42 visible=0,0,166,45
[JuiceRect] mapped hwnd=0x1003c win=0,0,166,45 client=3,22,163,42 visible=0,0,166,45
DISPLAY_EVENT WINDOW pid=4133 hwnd=0x1003c rect=0,0 166x45 visible=0
[JuiceHybrid] open name=/private/var/containers/Bundle/Application/F3BC928B-CF6E-41E9-AA5B-114329A364D0/Juice.app/Grape-X64/runtime/lib/wine/aarch64-windows/uxtheme.dll machine=0000 status=00000000
[JuiceGeom] changed hwnd=0x1003c flags=18 ptr=0x28010f620 window=0,0,166,45 client=3,22,163,42 visible=0,0,166,45 surface=0x105ef84f0 shown=0
[JuiceDriver] create-enter hwnd=0x1003c
[JuiceDriver] create-success hwnd=0x1003c
[JuiceHybrid] open name=/private/var/containers/Bundle/Application/F3BC928B-CF6E-41E9-AA5B-114329A364D0/Juice.app/Grape-X64/build/wine-ios/dlls/shell32/aarch64-windows/shell32.dll machine=0000 status=c0000135
[JuiceHybrid] open name=/private/var/containers/Bundle/Application/F3BC928B-CF6E-41E9-AA5B-114329A364D0/Juice.app/Grape-X64/build/wine-ios/programs/shell32.dll/aarch64-windows/shell32.dll machine=0000 status=c0000135
[JuiceHybrid] open name=/private/var/containers/Bundle/Application/F3BC928B-CF6E-41E9-AA5B-114329A364D0/Juice.app/Grape-X64/runtime/lib/wine/aarch64-windows/aarch64-windows/shell32.dll machine=0000 status=c0000135
[JuiceHybrid] open name=/private/var/containers/Bundle/Application/F3BC928B-CF6E-41E9-AA5B-114329A364D0/Juice.app/Grape-X64/runtime/lib/wine/aarch64-windows/shell32.dll machine=0000 status=00000000
[JuiceWine] anonymous PE executable section .text at 0x17b6d0000 size=1048576
[JuiceWine] anonymous PE executable section .hexpthk at 0x17b7d0000 size=65536
[JuiceHybrid] map name=/private/var/containers/Bundle/Application/F3BC928B-CF6E-41E9-AA5B-114329A364D0/Juice.app/Grape-X64/runtime/lib/wine/aarch64-windows/shell32.dll status=40000003 module=0x17b6c0000 size=fe0000
[JuiceHybrid] open name=/private/var/containers/Bundle/Application/F3BC928B-CF6E-41E9-AA5B-114329A364D0/Juice.app/Grape-X64/build/wine-ios/dlls/shlwapi/aarch64-windows/shlwapi.dll machine=0000 status=c0000135
[JuiceHybrid] open name=/private/var/containers/Bundle/Application/F3BC928B-CF6E-41E9-AA5B-114329A364D0/Juice.app/Grape-X64/build/wine-ios/programs/shlwapi.dll/aarch64-windows/shlwapi.dll machine=0000 status=c0000135
[JuiceHybrid] open name=/private/var/containers/Bundle/Application/F3BC928B-CF6E-41E9-AA5B-114329A364D0/Juice.app/Grape-X64/runtime/lib/wine/aarch64-windows/aarch64-windows/shlwapi.dll machine=0000 status=c0000135
[JuiceHybrid] open name=/private/var/containers/Bundle/Application/F3BC928B-CF6E-41E9-AA5B-114329A364D0/Juice.app/Grape-X64/runtime/lib/wine/aarch64-windows/shlwapi.dll machine=0000 status=00000000
[JuiceWine] anonymous PE executable section .text at 0x165b80000 size=196608
[JuiceWine] anonymous PE executable section .hexpthk at 0x165bb0000 size=65536
[JuiceHybrid] map name=/private/var/containers/Bundle/Application/F3BC928B-CF6E-41E9-AA5B-114329A364D0/Juice.app/Grape-X64/runtime/lib/wine/aarch64-windows/uxtheme.dll status=40000003 module=0x165b70000 size=1d0000
0024:err:seh:arm64ec_update_hybrid_metadata [JuiceHybrid] metadata module=0000000165B70000 slot=90a00 exit=000000017F497B60
0024:err:seh:arm64ec_update_hybrid_metadata [JuiceHybrid] metadata stored address=0000000165C00A00 value=000000017F497B60
0024:warn:seh:dispatch_exception "JUICE_D3D12_STAGE create-device-enter"
0024:trace:seh:dispatch_exception code=40010006 (DBG_PRINTEXCEPTION_C) flags=0 addr=000000016D16D124
0024:trace:seh:dispatch_exception  info[0]=0000000000000026
0024:trace:seh:dispatch_exception  info[1]=0000000140002100
0024:trace:seh:dispatch_exception rip=000000016d16d124 rsp=00000001046ffaf0 rbp=00000001046ffd18 eflags=00000242
0024:trace:seh:dispatch_exception rax=00000001046ffbb8 rbx=0000000000000000 rcx=00000001046ffb00 rdx=00000001046ffba8
0024:trace:seh:dispatch_exception rsi=000000016db70020 rdi=000000016dd39760  r8=0000000000000010  r9=00000001046ffba8
0024:trace:seh:dispatch_exception r10=000000016d16d0e4 r11=000000000000000f r12=00000001046ffba0 r13=0000000140002100
0024:trace:seh:dispatch_exception r14=0000000000000000 r15=0000000000000000 mxcsr=00001fa0 cs=b8f0 ss=0296
0024:trace:seh:call_seh_handlers calling handler 000000016DD39634 (rec=00000001046FFB00, frame=1046ffd40 context=00000001046FF620, dispatch=00000001046FF248)
0024:trace:seh:RtlUnwindEx code=40010006 flags=2 end_frame=00000001046FFD40 target_ip=000000016DD21508
0024:trace:seh:RtlUnwindEx  info[0]=0000000000000026
0024:trace:seh:RtlUnwindEx  info[1]=0000000140002100
0024:trace:seh:RtlUnwindEx rip=000000017f99b33c rsp=00000001046fe570 rbp=00000001046ffd18 eflags=00000282
0024:trace:seh:RtlUnwindEx rax=ffffffffc0000000 rbx=000000016dd21708 rcx=00000001046fed70 rdx=000000016dd21508
0024:trace:seh:RtlUnwindEx rsi=000000016dce0000 rdi=0000000000000000  r8=00000001046ffb00  r9=0000000040010006
0024:trace:seh:RtlUnwindEx r10=00000001046fed70 r11=00000001046ff2a0 r12=00000001046ff248 r13=00000001046ffb00
0024:trace:seh:RtlUnwindEx r14=00000001046fed70 r15=00000001046ffd40 mxcsr=00001fa0 cs=0033 ss=002b
0024:trace:seh:RtlUnwindEx calling handler 000000017F99A26C (rec=00000001046FFB00, frame=1046fed30 context=00000001046FED70, dispatch=00000001046FEAC8)
0024:trace:seh:RtlUnwindEx handler 000000017F99A26C returned 1
0024:trace:seh:RtlUnwindEx calling handler 000000016DD39634 (rec=00000001046FFB00, frame=1046ffd40 context=00000001046FED70, dispatch=00000001046FEAC8)
0024:trace:seh:RtlUnwindEx handler 000000016DD39634 returned 1
0024:trace:seh:RtlRestoreContext returning to 000000016DD21508 stack 00000001046FFBA0
0024:warn:seh:dispatch_exception "\n"
0024:trace:seh:dispatch_exception code=40010006 (DBG_PRINTEXCEPTION_C) flags=0 addr=000000016D16D124
0024:trace:seh:dispatch_exception  info[0]=0000000000000002
0024:trace:seh:dispatch_exception  info[1]=00000001400022CE
0024:trace:seh:dispatch_exception rip=000000016d16d124 rsp=00000001046ffaf0 rbp=00000001046ffd18 eflags=00000242
0024:trace:seh:dispatch_exception rax=00000001046ffbb8 rbx=0000000000000000 rcx=00000001046ffb00 rdx=00000001046ffba8
0024:trace:seh:dispatch_exception rsi=000000016db70020 rdi=000000016dd39760  r8=0000000000000010  r9=00000001046ffba8
0024:trace:seh:dispatch_exception r10=000000016d16d0e4 r11=000000000000000f r12=00000001046ffba0 r13=00000001400022ce
0024:trace:seh:dispatch_exception r14=0000000000000000 r15=0000000000000000 mxcsr=00001fa0 cs=b8f0 ss=0296
0024:trace:seh:call_seh_handlers calling handler 000000016DD39634 (rec=00000001046FFB00, frame=1046ffd40 context=00000001046FF620, dispatch=00000001046FF248)
0024:trace:seh:RtlUnwindEx code=40010006 flags=2 end_frame=00000001046FFD40 target_ip=000000016DD21508
0024:trace:seh:RtlUnwindEx  info[0]=0000000000000002
0024:trace:seh:RtlUnwindEx  info[1]=00000001400022ce
0024:trace:seh:RtlUnwindEx rip=000000017f99b33c rsp=00000001046fe570 rbp=00000001046ffd18 eflags=00000282
0024:trace:seh:RtlUnwindEx rax=ffffffffc0000000 rbx=000000016dd21708 rcx=00000001046fed70 rdx=000000016dd21508
0024:trace:seh:RtlUnwindEx rsi=000000016dce0000 rdi=0000000000000000  r8=00000001046ffb00  r9=0000000040010006
0024:trace:seh:RtlUnwindEx r10=00000001046fed70 r11=00000001046ff2a0 r12=00000001046ff248 r13=00000001046ffb00
0024:trace:seh:RtlUnwindEx r14=00000001046fed70 r15=00000001046ffd40 mxcsr=00001fa0 cs=0033 ss=002b
0024:trace:seh:RtlUnwindEx calling handler 000000017F99A26C (rec=00000001046FFB00, frame=1046fed30 context=00000001046FED70, dispatch=00000001046FEAC8)
0024:trace:seh:RtlUnwindEx handler 000000017F99A26C returned 1
0024:trace:seh:RtlUnwindEx calling handler 000000016DD39634 (rec=00000001046FFB00, frame=1046ffd40 context=00000001046FED70, dispatch=00000001046FEAC8)
0024:trace:seh:RtlUnwindEx handler 000000016DD39634 returned 1
0024:trace:seh:RtlRestoreContext returning to 000000016DD21508 stack 00000001046FFBA0
0024:trace:d3d12:D3D12CreateDevice adapter 0000000000000000, minimum_feature_level 0xb000, iid {189819f1-1db6-4b57-be54-1821339b85f7}, device 00000001046FFE38.
[JuiceHybrid] open name=/private/var/containers/Bundle/Application/F3BC928B-CF6E-41E9-AA5B-114329A364D0/Juice.app/Grape-X64/build/wine-ios/dlls/vulkan-1/aarch64-windows/vulkan-1.dll machine=0000 status=c0000135
[JuiceHybrid] open name=/private/var/containers/Bundle/Application/F3BC928B-CF6E-41E9-AA5B-114329A364D0/Juice.app/Grape-X64/build/wine-ios/programs/vulkan-1.dll/aarch64-windows/vulkan-1.dll machine=0000 status=c0000135
[JuiceHybrid] open name=/private/var/containers/Bundle/Application/F3BC928B-CF6E-41E9-AA5B-114329A364D0/Juice.app/Grape-X64/runtime/lib/wine/aarch64-windows/aarch64-windows/vulkan-1.dll machine=0000 status=c0000135
[JuiceHybrid] open name=/private/var/containers/Bundle/Application/F3BC928B-CF6E-41E9-AA5B-114329A364D0/Juice.app/Grape-X64/runtime/lib/wine/aarch64-windows/vulkan-1.dll machine=0000 status=00000000
[JuiceWine] anonymous PE executable section .text at 0x17b490000 size=262144
[JuiceWine] anonymous PE executable section .hexpthk at 0x17b4d0000 size=65536
[JuiceHybrid] map name=/private/var/containers/Bundle/Application/F3BC928B-CF6E-41E9-AA5B-114329A364D0/Juice.app/Grape-X64/runtime/lib/wine/aarch64-windows/shlwapi.dll status=40000003 module=0x17b480000 size=240000
[JuiceHybrid] open name=/private/var/containers/Bundle/Application/F3BC928B-CF6E-41E9-AA5B-114329A364D0/Juice.app/Grape-X64/build/wine-ios/dlls/shcore/aarch64-windows/shcore.dll machine=0000 status=c0000135
[JuiceHybrid] open name=/private/var/containers/Bundle/Application/F3BC928B-CF6E-41E9-AA5B-114329A364D0/Juice.app/Grape-X64/build/wine-ios/programs/shcore.dll/aarch64-windows/shcore.dll machine=0000 status=c0000135
[JuiceHybrid] open name=/private/var/containers/Bundle/Application/F3BC928B-CF6E-41E9-AA5B-114329A364D0/Juice.app/Grape-X64/runtime/lib/wine/aarch64-windows/aarch64-windows/shcore.dll machine=0000 status=c0000135
[JuiceHybrid] open name=/private/var/containers/Bundle/Application/F3BC928B-CF6E-41E9-AA5B-114329A364D0/Juice.app/Grape-X64/runtime/lib/wine/aarch64-windows/shcore.dll machine=0000 status=00000000
[JuiceWine] anonymous PE executable section .text at 0x165c70000 size=65536
[JuiceWine] anonymous PE executable section .hexpthk at 0x165c80000 size=65536
[JuiceHybrid] map name=/private/var/containers/Bundle/Application/F3BC928B-CF6E-41E9-AA5B-114329A364D0/Juice.app/Grape-X64/runtime/lib/wine/aarch64-windows/vulkan-1.dll status=40000003 module=0x165c60000 size=e0000
0024:err:seh:arm64ec_update_hybrid_metadata [JuiceHybrid] metadata module=0000000165C60000 slot=40048 exit=000000017F497B60
0024:err:seh:arm64ec_update_hybrid_metadata [JuiceHybrid] metadata stored address=0000000165CA0048 value=000000017F497B60
[JuiceHybrid] open name=/private/var/containers/Bundle/Application/F3BC928B-CF6E-41E9-AA5B-114329A364D0/Juice.app/Grape-X64/build/wine-ios/dlls/winevulkan/aarch64-windows/winevulkan.dll machine=0000 status=c0000135
[JuiceHybrid] open name=/private/var/containers/Bundle/Application/F3BC928B-CF6E-41E9-AA5B-114329A364D0/Juice.app/Grape-X64/build/wine-ios/programs/winevulkan.dll/aarch64-windows/winevulkan.dll machine=0000 status=c0000135
[JuiceHybrid] open name=/private/var/containers/Bundle/Application/F3BC928B-CF6E-41E9-AA5B-114329A364D0/Juice.app/Grape-X64/runtime/lib/wine/aarch64-windows/aarch64-windows/winevulkan.dll machine=0000 status=c0000135
[JuiceHybrid] open name=/private/var/containers/Bundle/Application/F3BC928B-CF6E-41E9-AA5B-114329A364D0/Juice.app/Grape-X64/runtime/lib/wine/aarch64-windows/winevulkan.dll machine=0000 status=00000000
[JuiceWine] anonymous PE executable section .text at 0x165820000 size=262144
[JuiceWine] anonymous PE executable section .hexpthk at 0x165860000 size=65536
[JuiceHybrid] map name=/private/var/containers/Bundle/Application/F3BC928B-CF6E-41E9-AA5B-114329A364D0/Juice.app/Grape-X64/runtime/lib/wine/aarch64-windows/winevulkan.dll status=40000003 module=0x165810000 size=370000
0024:err:seh:arm64ec_update_hybrid_metadata [JuiceHybrid] metadata module=0000000165810000 slot=90268 exit=000000017F497B60
0024:err:seh:arm64ec_update_hybrid_metadata [JuiceHybrid] metadata stored address=00000001658A0268 value=000000017F497B60
[JuiceWine] anonymous PE executable section .text at 0x17c760000 size=131072
0024:trace:vulkan:DllMain 0000000165810000, 1, 0000000000000000
0024:trace:vulkan:vkGetInstanceProcAddr 0000000000000000, "vkCreateInstance"
0024:trace:vulkan:wine_vk_get_global_proc_addr Found name="vkCreateInstance" in global table
0024:trace:vulkan:vkGetInstanceProcAddr 0000000000000000, "vkEnumerateInstanceVersion"
0024:trace:vulkan:wine_vk_get_global_proc_addr Found name="vkEnumerateInstanceVersion" in global table
0024:trace:vulkan:vkEnumerateInstanceVersion 00000001046FEC6C
[JuiceWine] anonymous PE executable section .hexpthk at 0x17c780000 size=65536
[JuiceHybrid] map name=/private/var/containers/Bundle/Application/F3BC928B-CF6E-41E9-AA5B-114329A364D0/Juice.app/Grape-X64/runtime/lib/wine/aarch64-windows/shcore.dll status=40000003 module=0x17c750000 size=110000
[JuiceCreate] ex=00000000 class=0x1054fee30 version=0x0 name=0x1054fee10 style=80000000 x=0 y=0 cx=0 cy=0 parent=0x0 menu=0x0 classinst=0x0 params=0x0 flags=00000000 inst=0x0 classptr=0x17d1a8330 ansi=0
[JuiceRect] input hwnd=0x10048 dpi=96/1 raw=96/1 win=0,0,0,0 client=0,0,0,0 visible=0,0,0,0
[JuiceRect] mapped hwnd=0x10048 win=0,0,0,0 client=0,0,0,0 visible=0,0,0,0
[JuiceGeom] changed hwnd=0x10048 flags=3c ptr=0x28010f620 window=0,0,0,0 client=0,0,0,0 visible=0,0,0,0 surface=0x105ef84f0 shown=0
DISPLAY_EVENT WINDOW pid=4133 hwnd=0x10048 rect=0,0 0x0 visible=0
[JuiceRect] input hwnd=0x10048 dpi=96/1 raw=96/1 win=0,0,0,0 client=0,0,0,0 visible=0,0,0,0
DISPLAY_EVENT WINDOW pid=4133 hwnd=0x10048 rect=0,0 0x0 visible=0
[JuiceRect] mapped hwnd=0x10048 win=0,0,0,0 client=0,0,0,0 visible=0,0,0,0
[JuiceGeom] changed hwnd=0x10048 flags=18 ptr=0x28010f620 window=0,0,0,0 client=0,0,0,0 visible=0,0,0,0 surface=0x105ef84f0 shown=0
[JuiceDriver] create-enter hwnd=0x10048
[JuiceDriver] create-success hwnd=0x10048
[JuiceCreate] ex=00000000 class=0x1054fee30 version=0x0 name=0x1054fee10 style=80000000 x=0 y=0 cx=0 cy=0 parent=0x0 menu=0x0 classinst=0x0 params=0x0 flags=00000000 inst=0x0 classptr=0x17d1a9078 ansi=0
[JuiceRect] input hwnd=0x1004a dpi=96/1 raw=96/1 win=0,0,0,0 client=0,0,0,0 visible=0,0,0,0
[JuiceRect] mapped hwnd=0x1004a win=0,0,0,0 client=0,0,0,0 visible=0,0,0,0
[JuiceGeom] changed hwnd=0x1004a flags=3c ptr=0x28010f620 window=0,0,0,0 client=0,0,0,0 visible=0,0,0,0 surface=0x105ef84f0 shown=0
[JuiceRect] input hwnd=0x1004a dpi=96/1 raw=96/1 win=0,0,0,0 client=0,0,0,0 visible=0,0,0,0
[JuiceRect] mapped hwnd=0x1004a win=0,0,0,0 client=0,0,0,0 visible=0,0,0,0
[JuiceGeom] changed hwnd=0x1004a flags=18 ptr=0x28010f620 window=0,0,0,0 client=0,0,0,0 visible=0,0,0,0 surface=0x105ef84f0 shown=0
[JuiceDriver] create-enter hwnd=0x1004a
[JuiceDriver] create-success hwnd=0x1004a
DISPLAY_EVENT WINDOW pid=4133 hwnd=0x1004a rect=0,0 0x0 visible=0
DISPLAY_EVENT WINDOW pid=4133 hwnd=0x1004a rect=0,0 0x0 visible=0
[JuiceCreate] ex=00000000 class=0x1054fee30 version=0x0 name=0x1054fee10 style=80000000 x=0 y=0 cx=0 cy=0 parent=0x0 menu=0x0 classinst=0x0 params=0x0 flags=00000000 inst=0x0 classptr=0x17d1a9078 ansi=0
[JuiceRect] input hwnd=0x1004c dpi=96/1 raw=96/1 win=0,0,0,0 client=0,0,0,0 visible=0,0,0,0
[JuiceRect] mapped hwnd=0x1004c win=0,0,0,0 client=0,0,0,0 visible=0,0,0,0
[JuiceGeom] changed hwnd=0x1004c flags=3c ptr=0x28010f620 window=0,0,0,0 client=0,0,0,0 visible=0,0,0,0 surface=0x105ef84f0 shown=0
[JuiceRect] input hwnd=0x1004c dpi=96/1 raw=96/1 win=0,0,0,0 client=0,0,0,0 visible=0,0,0,0
[JuiceRect] mapped hwnd=0x1004c win=0,0,0,0 client=0,0,0,0 visible=0,0,0,0
[JuiceGeom] changed hwnd=0x1004c flags=18 ptr=0x28010f620 window=0,0,0,0 client=0,0,0,0 visible=0,0,0,0 surface=0x105ef84f0 shown=0
[JuiceDriver] create-enter hwnd=0x1004c
[JuiceDriver] create-success hwnd=0x1004c
[JuiceCreate] ex=00000000 class=0x1054fee60 version=0x0 name=0x1054fee40 style=80000000 x=0 y=0 cx=0 cy=0 parent=0x0 menu=0x0 classinst=0x0 params=0x0 flags=00000000 inst=0x0 classptr=0x17d1a9078 ansi=0
[JuiceRect] input hwnd=0x1004e dpi=96/1 raw=96/1 win=0,0,0,0 client=0,0,0,0 visible=0,0,0,0
[JuiceRect] mapped hwnd=0x1004e win=0,0,0,0 client=0,0,0,0 visible=0,0,0,0
[JuiceGeom] changed hwnd=0x1004e flags=3c ptr=0x28010f620 window=0,0,0,0 client=0,0,0,0 visible=0,0,0,0 surface=0x105ef84f0 shown=0
[JuiceRect] input hwnd=0x1004e dpi=96/1 raw=96/1 win=0,0,0,0 client=0,0,0,0 visible=0,0,0,0
[JuiceRect] mapped hwnd=0x1004e win=0,0,0,0 client=0,0,0,0 visible=0,0,0,0
[JuiceGeom] changed hwnd=0x1004e flags=18 ptr=0x28010f620 window=0,0,0,0 client=0,0,0,0 visible=0,0,0,0 surface=0x105ef84f0 shown=0
[JuiceDriver] create-enter hwnd=0x1004e
[JuiceDriver] create-success hwnd=0x1004e
DISPLAY_EVENT WINDOW pid=4133 hwnd=0x1004c rect=0,0 0x0 visible=0
DISPLAY_EVENT WINDOW pid=4133 hwnd=0x1004c rect=0,0 0x0 visible=0
DISPLAY_EVENT WINDOW pid=4133 hwnd=0x1004e rect=0,0 0x0 visible=0
DISPLAY_EVENT WINDOW pid=4133 hwnd=0x1004e rect=0,0 0x0 visible=0
[JuiceHybrid] open name=/private/var/containers/Bundle/Application/F3BC928B-CF6E-41E9-AA5B-114329A364D0/Juice.app/Grape-X64/build/wine-ios/dlls/ole32/aarch64-windows/ole32.dll machine=0000 status=c0000135
[JuiceHybrid] open name=/private/var/containers/Bundle/Application/F3BC928B-CF6E-41E9-AA5B-114329A364D0/Juice.app/Grape-X64/build/wine-ios/programs/ole32.dll/aarch64-windows/ole32.dll machine=0000 status=c0000135
[JuiceHybrid] open name=/private/var/containers/Bundle/Application/F3BC928B-CF6E-41E9-AA5B-114329A364D0/Juice.app/Grape-X64/runtime/lib/wine/aarch64-windows/aarch64-windows/ole32.dll machine=0000 status=c0000135
[JuiceHybrid] open name=/private/var/containers/Bundle/Application/F3BC928B-CF6E-41E9-AA5B-114329A364D0/Juice.app/Grape-X64/runtime/lib/wine/aarch64-windows/ole32.dll machine=0000 status=00000000
0024:trace:vulkan:thunk64_vkEnumerateInstanceVersion 0x1046fec6c
0024:trace:vulkan:wine_vkEnumerateInstanceVersion API version 1.4.357.
0024:trace:vulkan:vkGetInstanceProcAddr 0000000000000000, "vkEnumerateInstanceExtensionProperties"
0024:trace:vulkan:wine_vk_get_global_proc_addr Found name="vkEnumerateInstanceExtensionProperties" in global table
0024:trace:vulkan:vkEnumerateInstanceExtensionProperties 0000000000000000, 00000001046FED0C, 0000000000000000
0024:trace:vulkan:thunk64_vkEnumerateInstanceExtensionProperties 0x0, 0x1046feadc, 0x0
0024:trace:vulkan:thunk64_vkEnumerateInstanceExtensionProperties 0x0, 0x1046feadc, 0x12a0530f0
0024:trace:vulkan:vkEnumerateInstanceExtensionProperties Client instance extensions:
0024:trace:vulkan:vkEnumerateInstanceExtensionProperties   - VK_KHR_device_group_creation
0024:trace:vulkan:vkEnumerateInstanceExtensionProperties   - VK_KHR_external_fence_capabilities
0024:trace:vulkan:vkEnumerateInstanceExtensionProperties   - VK_KHR_external_memory_capabilities
0024:trace:vulkan:vkEnumerateInstanceExtensionProperties   - VK_KHR_external_semaphore_capabilities
0024:trace:vulkan:vkEnumerateInstanceExtensionProperties   - VK_KHR_get_physical_device_properties2
0024:trace:vulkan:vkEnumerateInstanceExtensionProperties   - VK_KHR_get_surface_capabilities2
0024:trace:vulkan:vkEnumerateInstanceExtensionProperties   - VK_KHR_surface
0024:trace:vulkan:vkEnumerateInstanceExtensionProperties   - VK_KHR_surface_maintenance1
0024:warn:vulkan:is_instance_extension_supported Extension "VK_KHR_surface_protected_capabilities" is not supported.
0024:trace:vulkan:vkEnumerateInstanceExtensionProperties   - VK_EXT_debug_report
0024:trace:vulkan:vkEnumerateInstanceExtensionProperties   - VK_EXT_debug_utils
0024:warn:vulkan:is_instance_extension_supported Extension "VK_EXT_headless_surface" is not supported.
0024:trace:vulkan:vkEnumerateInstanceExtensionProperties   - VK_EXT_layer_settings
0024:warn:vulkan:is_instance_extension_supported Extension "VK_EXT_metal_surface" is not supported.
0024:trace:vulkan:vkEnumerateInstanceExtensionProperties   - VK_EXT_surface_maintenance1
0024:trace:vulkan:vkEnumerateInstanceExtensionProperties   - VK_EXT_swapchain_colorspace
0024:warn:vulkan:is_instance_extension_supported Extension "VK_MVK_ios_surface" is not supported.
0024:warn:vulkan:is_instance_extension_supported Extension "VK_MVK_moltenvk" is not supported.
0024:trace:vulkan:vkEnumerateInstanceExtensionProperties   - VK_KHR_win32_surface
0024:trace:vulkan:vkEnumerateInstanceExtensionProperties 0000000000000000, 00000001046FED0C, 000000012A0530F0
0024:trace:vulkan:thunk64_vkEnumerateInstanceExtensionProperties 0x0, 0x1046feadc, 0x0
0024:trace:vulkan:thunk64_vkEnumerateInstanceExtensionProperties 0x0, 0x1046feadc, 0x12a053f30
0024:trace:vulkan:vkEnumerateInstanceExtensionProperties Client instance extensions:
0024:trace:vulkan:vkEnumerateInstanceExtensionProperties   - VK_KHR_device_group_creation
0024:trace:vulkan:vkEnumerateInstanceExtensionProperties   - VK_KHR_external_fence_capabilities
0024:trace:vulkan:vkEnumerateInstanceExtensionProperties   - VK_KHR_external_memory_capabilities
0024:trace:vulkan:vkEnumerateInstanceExtensionProperties   - VK_KHR_external_semaphore_capabilities
0024:trace:vulkan:vkEnumerateInstanceExtensionProperties   - VK_KHR_get_physical_device_properties2
0024:trace:vulkan:vkEnumerateInstanceExtensionProperties   - VK_KHR_get_surface_capabilities2
0024:trace:vulkan:vkEnumerateInstanceExtensionProperties   - VK_KHR_surface
0024:trace:vulkan:vkEnumerateInstanceExtensionProperties   - VK_KHR_surface_maintenance1
0024:warn:vulkan:is_instance_extension_supported Extension "VK_KHR_surface_protected_capabilities" is not supported.
0024:trace:vulkan:vkEnumerateInstanceExtensionProperties   - VK_EXT_debug_report
0024:trace:vulkan:vkEnumerateInstanceExtensionProperties   - VK_EXT_debug_utils
0024:warn:vulkan:is_instance_extension_supported Extension "VK_EXT_headless_surface" is not supported.
0024:trace:vulkan:vkEnumerateInstanceExtensionProperties   - VK_EXT_layer_settings
0024:warn:vulkan:is_instance_extension_supported Extension "VK_EXT_metal_surface" is not supported.
0024:trace:vulkan:vkEnumerateInstanceExtensionProperties   - VK_EXT_surface_maintenance1
0024:trace:vulkan:vkEnumerateInstanceExtensionProperties   - VK_EXT_swapchain_colorspace
0024:warn:vulkan:is_instance_extension_supported Extension "VK_MVK_ios_surface" is not supported.
0024:warn:vulkan:is_instance_extension_supported Extension "VK_MVK_moltenvk" is not supported.
0024:trace:vulkan:vkEnumerateInstanceExtensionProperties   - VK_KHR_win32_surface
0024:trace:vulkan:vkCreateInstance create_info 00000001046FECA0, allocator 0000000000000000, instance 00000001046FECE0
0024:trace:vulkan:vkCreateInstance Application name "juice-d3d12-smoke.exe", application version 0.
0024:trace:vulkan:vkCreateInstance Engine name "Damavand", engine version 0x2c0d000.
0024:trace:vulkan:vkCreateInstance API version 0x401000.
0024:trace:vulkan:vkCreateInstance Enabling 2 client instance extensions
0024:trace:vulkan:vkCreateInstance   - VK_KHR_surface
0024:trace:vulkan:vkCreateInstance   - VK_KHR_win32_surface
0024:trace:vulkan:thunk64_vkCreateInstance 0x1046feca0, 0x0, 0x1046fece0
0024:trace:vulkan:convert_instance_create_info Enabling 4 host instance extensions
0024:trace:vulkan:convert_instance_create_info   - "VK_KHR_external_semaphore_capabilities"
0024:trace:vulkan:convert_instance_create_info   - "VK_KHR_get_physical_device_properties2"
0024:trace:vulkan:convert_instance_create_info   - "VK_KHR_surface"
0024:trace:vulkan:convert_instance_create_info   - "VK_EXT_metal_surface"
[mvk-info] MoltenVK version 1.4.2, supporting Vulkan version 1.4.357.
	The following 152 Vulkan extensions are supported:
	VK_KHR_16bit_storage v1
	VK_KHR_8bit_storage v1
	VK_KHR_bind_memory2 v1
	VK_KHR_buffer_device_address v1
	VK_KHR_calibrated_timestamps v1
	VK_KHR_copy_commands2 v1
	VK_KHR_create_renderpass2 v1
	VK_KHR_dedicated_allocation v3
	VK_KHR_deferred_host_operations v4
	VK_KHR_depth_stencil_resolve v1
	VK_KHR_descriptor_update_template v1
	VK_KHR_device_group v4
	VK_KHR_device_group_creation v1
	VK_KHR_driver_properties v1
	VK_KHR_dynamic_rendering v1
	VK_KHR_dynamic_rendering_local_read v1
	VK_KHR_external_fence v1
	VK_KHR_external_fence_capabilities v1
	VK_KHR_external_memory v1
	VK_KHR_external_memory_capabilities v1
	VK_KHR_external_semaphore v1
	VK_KHR_external_semaphore_capabilities v1
	VK_KHR_format_feature_flags2 v2
	VK_KHR_fragment_shader_barycentric v1
	VK_KHR_get_memory_requirements2 v1
	VK_KHR_get_physical_device_properties2 v2
	VK_KHR_get_surface_capabilities2 v1
	VK_KHR_global_priority v1
	VK_KHR_image_format_list v1
	VK_KHR_imageless_framebuffer v1
	VK_KHR_incremental_present v2
	VK_KHR_index_type_uint8 v1
	VK_KHR_line_rasterization v1
	VK_KHR_load_store_op_none v1
	VK_KHR_maintenance1 v2
	VK_KHR_maintenance2 v1
	VK_KHR_maintenance3 v1
	VK_KHR_maintenance4 v2
	VK_KHR_maintenance5 v1
	VK_KHR_maintenance6 v1
	VK_KHR_maintenance7 v1
	VK_KHR_maintenance8 v1
	VK_KHR_maintenance9 v1
	VK_KHR_map_memory2 v1
	VK_KHR_multiview v1
	VK_KHR_portability_subset v1
	VK_KHR_present_id v1
	VK_KHR_present_id2 v1
	VK_KHR_present_wait v1
	VK_KHR_present_wait2 v1
	VK_KHR_push_descriptor v2
	VK_KHR_relaxed_block_layout v1
	VK_KHR_robustness2 v1
	VK_KHR_sampler_mirror_clamp_to_edge v3
	VK_KHR_sampler_ycbcr_conversion v14
	VK_KHR_separate_depth_stencil_layouts v1
	VK_KHR_shader_draw_parameters v1
	VK_KHR_shader_expect_assume v1
	VK_KHR_shader_float_controls v4
	VK_KHR_shader_float_controls2 v1
	VK_KHR_shader_float16_int8 v1
	VK_KHR_shader_fma v1
	VK_KHR_shader_integer_dot_product v1
	VK_KHR_shader_maximal_reconvergence v1
	VK_KHR_shader_non_semantic_info v1
	VK_KHR_shader_quad_control v1
	VK_KHR_shader_relaxed_extended_instruction v1
	VK_KHR_shader_subgroup_extended_types v1
	VK_KHR_shader_subgroup_rotate v2
	VK_KHR_shader_subgroup_uniform_control_flow v1
	VK_KHR_shader_terminate_invocation v1
	VK_KHR_spirv_1_4 v1
	VK_KHR_storage_buffer_storage_class v1
	VK_KHR_surface v25
	VK_KHR_surface_maintenance1 v1
	VK_KHR_surface_protected_capabilities v1
	VK_KHR_swapchain v70
	VK_KHR_swapchain_maintenance1 v1
	VK_KHR_swapchain_mutable_format v1
	VK_KHR_synchronization2 v1
	VK_KHR_timeline_semaphore v2
	VK_KHR_uniform_buffer_standard_layout v1
	VK_KHR_variable_pointers v1
	VK_KHR_vertex_attribute_divisor v1
	VK_KHR_vulkan_memory_model v3
	VK_KHR_zero_initialize_workgroup_memory v1
	VK_EXT_4444_formats v1
	VK_EXT_buffer_device_address v2
	VK_EXT_calibrated_timestamps v2
	VK_EXT_debug_marker v4
	VK_EXT_debug_report v10
	VK_EXT_debug_utils v2
	VK_EXT_depth_clip_control v1
	VK_EXT_descriptor_indexing v2
	VK_EXT_extended_dynamic_state v1
	VK_EXT_extended_dynamic_state2 v1
	VK_EXT_extended_dynamic_state3 v2
	VK_EXT_external_memory_host v1
	VK_EXT_external_memory_metal v1
	VK_EXT_fragment_shader_interlock v1
	VK_EXT_global_priority v2
	VK_EXT_global_priority_query v1
	VK_EXT_headless_surface v1
	VK_EXT_host_image_copy v1
	VK_EXT_host_query_reset v1
	VK_EXT_image_2d_view_of_3d v1
	VK_EXT_image_robustness v1
	VK_EXT_index_type_uint8 v1
	VK_EXT_inline_uniform_block v1
	VK_EXT_layer_settings v2
	VK_EXT_legacy_dithering v2
	VK_EXT_line_rasterization v1
	VK_EXT_load_store_op_none v1
	VK_EXT_memory_budget v1
	VK_EXT_metal_objects v2
	VK_EXT_metal_surface v1
	VK_EXT_non_seamless_cube_map v1
	VK_EXT_pipeline_creation_cache_control v3
	VK_EXT_pipeline_creation_feedback v1
	VK_EXT_pipeline_robustness v1
	VK_EXT_post_depth_coverage v1
	VK_EXT_primitive_topology_list_restart v1
	VK_EXT_private_data v1
	VK_EXT_provoking_vertex v1
	VK_EXT_robustness2 v1
	VK_EXT_sample_locations v1
	VK_EXT_scalar_block_layout v1
	VK_EXT_separate_stencil_usage v1
	VK_EXT_shader_atomic_float v1
	VK_EXT_shader_demote_to_helper_invocation v1
	VK_EXT_shader_stencil_export v1
	VK_EXT_shader_subgroup_ballot v1
	VK_EXT_shader_subgroup_vote v1
	VK_EXT_shader_viewport_index_layer v1
	VK_EXT_subgroup_size_control v2
	VK_EXT_surface_maintenance1 v1
	VK_EXT_swapchain_colorspace v5
	VK_EXT_swapchain_maintenance1 v1
	VK_EXT_texel_buffer_alignment v1
	VK_EXT_texture_compression_astc_hdr v1
	VK_EXT_tooling_info v1
	VK_EXT_vertex_attribute_divisor v3
	VK_AMD_gpu_shader_half_float v2
	VK_AMD_negative_viewport_height v1
	VK_AMD_shader_image_load_store_lod v1
	VK_AMD_shader_trinary_minmax v1
	VK_GOOGLE_display_timing v1
	VK_IMG_format_pvrtc v1
	VK_INTEL_shader_integer_functions2 v1
	VK_MVK_ios_surface v3
	VK_MVK_moltenvk v37
	VK_NV_fragment_shader_barycentric v1
[mvk-error] VK_ERROR_INCOMPATIBLE_DRIVER: Vulkan is not supported on this device. MoltenVK requires Metal, which is not available on this device.
[mvk-info] Created VkInstance for Vulkan version 1.1.357, as requested by app, with the following 4 Vulkan extensions enabled:
	VK_KHR_external_semaphore_capabilities v1
	VK_KHR_get_physical_device_properties2 v2
	VK_KHR_surface v25
	VK_EXT_metal_surface v1
[mvk-info] Destroying VkInstance for Vulkan version 1.1.357 with 4 Vulkan extensions enabled.
0024:warn:vulkan:win32u_vkCreateInstance Failed to create vulkan instance, res -9
0024:warn:d3d12:d3d12_get_adapter Failed to create DXGI factory, hr 0x887a0004.
0024:trace:vulkan:DllMain 0000000165810000, 0, 0000000000000001
[JuiceWine parent] child exited with 1
[JuiceWine] anonymous PE executable section .text at 0x17ae60000 size=720896
[JuiceWine] anonymous PE executable section .hexpthk at 0x17af10000 size=65536
[JuiceHybrid] map name=/private/var/containers/Bundle/Application/F3BC928B-CF6E-41E9-AA5B-114329A364D0/Juice.app/Grape-X64/runtime/lib/wine/aarch64-windows/ole32.dll status=40000003 module=0x17ae50000 size=630000
[JuiceHybrid] open name=/private/var/containers/Bundle/Application/F3BC928B-CF6E-41E9-AA5B-114329A364D0/Juice.app/Grape-X64/build/wine-ios/dlls/combase/aarch64-windows/combase.dll machine=0000 status=c0000135
[JuiceHybrid] open name=/private/var/containers/Bundle/Application/F3BC928B-CF6E-41E9-AA5B-114329A364D0/Juice.app/Grape-X64/build/wine-ios/programs/combase.dll/aarch64-windows/combase.dll machine=0000 status=c0000135
[JuiceHybrid] open name=/private/var/containers/Bundle/Application/F3BC928B-CF6E-41E9-AA5B-114329A364D0/Juice.app/Grape-X64/runtime/lib/wine/aarch64-windows/aarch64-windows/combase.dll machine=0000 status=c0000135
[JuiceHybrid] open name=/private/var/containers/Bundle/Application/F3BC928B-CF6E-41E9-AA5B-114329A364D0/Juice.app/Grape-X64/runtime/lib/wine/aarch64-windows/combase.dll machine=0000 status=00000000
[JuiceWine] anonymous PE executable section .text at 0x17ab60000 size=393216
[JuiceWine] anonymous PE executable section .hexpthk at 0x17abc0000 size=65536
[JuiceHybrid] map name=/private/var/containers/Bundle/Application/F3BC928B-CF6E-41E9-AA5B-114329A364D0/Juice.app/Grape-X64/runtime/lib/wine/aarch64-windows/combase.dll status=40000003 module=0x17ab50000 size=300000
[JuiceHybrid] open name=/private/var/containers/Bundle/Application/F3BC928B-CF6E-41E9-AA5B-114329A364D0/Juice.app/Grape-X64/build/wine-ios/dlls/coml2/aarch64-windows/coml2.dll machine=0000 status=c0000135
[JuiceHybrid] open name=/private/var/containers/Bundle/Application/F3BC928B-CF6E-41E9-AA5B-114329A364D0/Juice.app/Grape-X64/build/wine-ios/programs/coml2.dll/aarch64-windows/coml2.dll machine=0000 status=c0000135
[JuiceHybrid] open name=/private/var/containers/Bundle/Application/F3BC928B-CF6E-41E9-AA5B-114329A364D0/Juice.app/Grape-X64/runtime/lib/wine/aarch64-windows/aarch64-windows/coml2.dll machine=0000 status=c0000135
[JuiceHybrid] open name=/private/var/containers/Bundle/Application/F3BC928B-CF6E-41E9-AA5B-114329A364D0/Juice.app/Grape-X64/runtime/lib/wine/aarch64-windows/coml2.dll machine=0000 status=00000000
[JuiceWine] anonymous PE executable section .text at 0x17aa30000 size=65536
[JuiceWine] anonymous PE executable section .hexpthk at 0x17aa40000 size=65536
[JuiceHybrid] map name=/private/var/containers/Bundle/Application/F3BC928B-CF6E-41E9-AA5B-114329A364D0/Juice.app/Grape-X64/runtime/lib/wine/aarch64-windows/coml2.dll status=40000003 module=0x17aa20000 size=130000
[JuiceCreate] ex=00000000 class=0x1054fee80 version=0x0 name=0x1054fee60 style=00000000 x=0 y=0 cx=0 cy=0 parent=0xfffffffffffffffd menu=0x0 classinst=0x17ab50000 params=0x0 flags=00000000 inst=0x17ab50000 classptr=0x17abd3868 ansi=0
[JuiceMonitor] callee hwnd=0x20046 hmon=0x1 info=0x28010f720 monitor=0,0,1024,768 work=0,0,1024,768 flags=00000001
[JuiceMinMax] hwnd=0x20046 min=112,27 maxtrack=1036,780 max=106,106 pos=-3,-3
[JuiceRect] input hwnd=0x20046 dpi=96/1 raw=96/1 win=0,0,112,27 client=0,0,112,27 visible=0,0,112,27
[JuiceRect] mapped hwnd=0x20046 win=0,0,112,27 client=0,0,112,27 visible=0,0,112,27
[JuiceGeom] changed hwnd=0x20046 flags=14 ptr=0x28010f620 window=0,0,112,27 client=0,0,112,27 visible=0,0,112,27 surface=0x0 shown=0
DISPLAY_EVENT WINDOW pid=4133 hwnd=0x20046 rect=0,0 112x27 visible=0
[JuiceRect] input hwnd=0x20046 dpi=96/1 raw=96/1 win=0,0,112,27 client=3,22,109,24 visible=0,0,112,27
[JuiceRect] mapped hwnd=0x20046 win=0,0,112,27 client=3,22,109,24 visible=0,0,112,27
[JuiceGeom] changed hwnd=0x20046 flags=10 ptr=0x28010f620 window=0,0,112,27 client=3,22,109,24 visible=0,0,112,27 surface=0x0 shown=0
[JuiceDriver] create-enter hwnd=0x20046
[JuiceDriver] create-success hwnd=0x20046
DISPLAY_EVENT WINDOW pid=4133 hwnd=0x20046 rect=0,0 112x27 visible=0
[JuiceGeom] surface hwnd=0x10024 rect=0,0,1024,768 size=1024x768 previous=0x15de64930
DISPLAY_EVENT WINDOW pid=4133 hwnd=0x10024 rect=0,0 1024x768 visible=1
[JuiceRect] input hwnd=0x10024 dpi=96/1 raw=96/1 win=0,0,1024,768 client=0,0,1024,768 visible=0,0,1024,768
[JuiceRect] mapped hwnd=0x10024 win=0,0,1024,768 client=0,0,1024,768 visible=0,0,1024,768
[JuiceGeom] changed hwnd=0x10024 flags=8000181b ptr=0x28010f750 window=0,0,1024,768 client=0,0,1024,768 visible=0,0,1024,768 surface=0x15de64930 shown=1
DISPLAY_EVENT DESTROY pid=4133 hwnd=0x1004e
DISPLAY_EVENT DESTROY pid=4133 hwnd=0x1004c
DISPLAY_EVENT DESTROY pid=4133 hwnd=0x1004a
DISPLAY_EVENT DESTROY pid=4133 hwnd=0x10048
[JuiceX18] static-unicode #1 pc=0x17f92e754 fault=0x1258 fixed_x19=0x17ffd9258 teb=0x17ffd8000
002c:trace:seh:dispatch_exception code=6ba (RPC_S_SERVER_UNAVAILABLE) flags=0 addr=000000017EECA988
002c:trace:seh:dispatch_exception  pc=000000017eeca988  sp=00000001054fdd10  lr=000000017eeca988  fp=00000001054fe6f0
002c:trace:seh:dispatch_exception  x0=00000001054fdd18  x1=0000000000000000  x2=0000000000000000  x3=0000000000000000
002c:trace:seh:dispatch_exception  x4=00000000c0000034  x5=000000015f804160  x6=000000017f9ea760  x7=0000000000000024
002c:trace:seh:dispatch_exception  x8=000000017f9374e0  x9=0000000078000006 x10=000000010481f180 x11=0000000078000007
002c:trace:seh:dispatch_exception x12=0000000000000000 x13=0000000000000000 x14=0000000000000030 x15=0000000000001021
002c:trace:seh:dispatch_exception x16=000000017eeca928 x17=0000000105500000 x18=000000017ffd8000 x19=0000000000000000
002c:trace:seh:dispatch_exception x20=0000000000000004 x21=000000010481d810 x22=000000017abd9ce0 x23=000000017abd9f5e
002c:trace:seh:dispatch_exception x24=0000000000000001 x25=000000017abd9f68 x26=000000017abd9f80 x27=0000000000000044
002c:trace:seh:dispatch_exception x28=000000017abd9f6c cpsr=60000000 fpcr=00000000 fpsr=00000000
002c:trace:seh:call_seh_handlers calling handler 000000017EA97448 (rec=00000001054FDD18, frame=1054fe710 context=00000001054FD980, dispatch=00000001054FD598)
002c:trace:seh:call_seh_handlers handler at 000000017EA97448 returned 1
002c:trace:seh:call_seh_handlers calling handler 000000017EA97448 (rec=00000001054FDD18, frame=1054fef80 context=00000001054FD980, dispatch=00000001054FD598)
002c:trace:seh:call_seh_handlers handler at 000000017EA97448 returned 1
002c:trace:seh:call_seh_handlers calling handler 000000017AB86450 (rec=00000001054FDD18, frame=1054ff010 context=00000001054FD980, dispatch=00000001054FD598)
002c:trace:seh:RtlUnwindEx code=6ba flags=2 end_frame=00000001054FF010 target_ip=000000017AB7A088
002c:trace:seh:RtlUnwindEx  pc=000000017f937f3c  sp=00000001054fcba0  lr=0000000000000000  fp=00000001054fd960
002c:trace:seh:RtlUnwindEx  x0=0000000000000000  x1=000000017ab7a088  x2=00000001054fdd18  x3=00000000000006ba
002c:trace:seh:RtlUnwindEx  x4=00000001054fd200  x5=00000001054fd5f0  x6=00000001054ff010  x7=00000001054fd980
002c:trace:seh:RtlUnwindEx  x8=000000017f937f00  x9=0000000000000000 x10=0000000000000000 x11=000000000000000a
002c:trace:seh:RtlUnwindEx x12=0000000000000078 x13=0000000000000000 x14=000000017ffdb49d x15=00000000000000e4
002c:trace:seh:RtlUnwindEx x16=000000017e041708 x17=000000017f93e38c x18=000000017ffd8000 x19=00000001054fd598
002c:trace:seh:RtlUnwindEx x20=00000001054fd200 x21=000000017ab7a088 x22=000000000002a0b8 x23=00000001054ff010
002c:trace:seh:RtlUnwindEx x24=0000000000000000 x25=00000001054fdd18 x26=000000017ab7a060 x27=000000017ab50000
002c:trace:seh:RtlUnwindEx x28=000000017ac0494c cpsr=00000000 fpcr=00000000 fpsr=00000000
002c:trace:seh:RtlUnwindEx calling handler 000000017F9377F8 (rec=00000001054FDD18, frame=1054fd1e0 context=00000001054FD200, dispatch=00000001054FCF68)
002c:trace:seh:RtlUnwindEx handler 000000017F9377F8 returned 1
002c:trace:seh:RtlUnwindEx calling handler 000000017EA97448 (rec=00000001054FDD18, frame=1054fe710 context=00000001054FD200, dispatch=00000001054FCF68)
002c:trace:seh:RtlUnwindEx handler 000000017EA97448 returned 1
002c:trace:seh:RtlUnwindEx calling handler 000000017EA97448 (rec=00000001054FDD18, frame=1054fef80 context=00000001054FD200, dispatch=00000001054FCF68)
002c:trace:seh:RtlUnwindEx handler 000000017EA97448 returned 1
002c:trace:seh:RtlUnwindEx calling handler 000000017AB86450 (rec=00000001054FDD18, frame=1054ff010 context=00000001054FD200, dispatch=00000001054FCF68)
002c:trace:seh:RtlUnwindEx handler 000000017AB86450 returned 1
002c:trace:seh:RtlRestoreContext returning to 17ab7a088 stack 1054fefd0
002c:trace:seh:dispatch_exception code=6ba (RPC_S_SERVER_UNAVAILABLE) flags=0 addr=000000017EECA988
002c:trace:seh:dispatch_exception  pc=000000017eeca988  sp=00000001054fdc40  lr=000000017eeca988  fp=00000001054fe620
002c:trace:seh:dispatch_exception  x0=00000001054fdc48  x1=0000000000000000  x2=0000000000000000  x3=0000000000000000
002c:trace:seh:dispatch_exception  x4=ffffffffffffffff  x5=000000015f904840  x6=000000017f9ea760  x7=0000000000000001
002c:trace:seh:dispatch_exception  x8=000000017f9374e0  x9=000000007ffffff8 x10=0000000107e54ae0 x11=000000007ffffffc
002c:trace:seh:dispatch_exception x12=0000000000000000 x13=0000000000000000 x14=0000000000000030 x15=0000000000000000
002c:trace:seh:dispatch_exception x16=000000017eeca928 x17=00000001054fd7e0 x18=000000017ffd8000 x19=0000000000000000
002c:trace:seh:dispatch_exception x20=000000000000000c x21=000000010481fb00 x22=000000017e6d5680 x23=000000017e6d6368
002c:trace:seh:dispatch_exception x24=000000000000000f x25=000000017e6d6372 x26=000000017e6d638e x27=0000000000000046
002c:trace:seh:dispatch_exception x28=000000017e6d6378 cpsr=60000000 fpcr=00000000 fpsr=00000000
002c:trace:seh:call_seh_handlers calling handler 000000017EA97448 (rec=00000001054FDC48, frame=1054fe640 context=00000001054FD8B0, dispatch=00000001054FD4C8)
002c:trace:seh:call_seh_handlers handler at 000000017EA97448 returned 1
002c:trace:seh:call_seh_handlers calling handler 000000017EA97448 (rec=00000001054FDC48, frame=1054feeb0 context=00000001054FD8B0, dispatch=00000001054FD4C8)
002c:trace:seh:call_seh_handlers handler at 000000017EA97448 returned 1
002c:trace:seh:call_seh_handlers calling handler 000000017E6AD3AC (rec=00000001054FDC48, frame=1054fef50 context=00000001054FD8B0, dispatch=00000001054FD4C8)
002c:trace:seh:RtlUnwindEx code=6ba flags=2 end_frame=00000001054FEF50 target_ip=000000017E6A5920
002c:trace:seh:RtlUnwindEx  pc=000000017f937f3c  sp=00000001054fcad0  lr=0000000000000000  fp=00000001054fd890
002c:trace:seh:RtlUnwindEx  x0=0000000000000000  x1=000000017e6a5920  x2=00000001054fdc48  x3=00000000000006ba
002c:trace:seh:RtlUnwindEx  x4=00000001054fd130  x5=00000001054fd520  x6=00000001054fef50  x7=00000001054fd8b0
002c:trace:seh:RtlUnwindEx  x8=000000017f937f00  x9=0000000000000000 x10=0000000000000000 x11=000000017ea40090
002c:trace:seh:RtlUnwindEx x12=00000000000fe67c x13=00000000000043d7 x14=000000017ffdb49d x15=00000000000000e4
002c:trace:seh:RtlUnwindEx x16=000000017ea8e41c x17=000000017e6f0208 x18=000000017ffd8000 x19=00000001054fd4c8
002c:trace:seh:RtlUnwindEx x20=00000001054fd130 x21=000000017e6a5920 x22=0000000000015be8 x23=00000001054fef50
002c:trace:seh:RtlUnwindEx x24=0000000000000000 x25=00000001054fdc48 x26=000000017e6a58e8 x27=000000017e690000
002c:trace:seh:RtlUnwindEx x28=000000017e6e151c cpsr=00000000 fpcr=00000000 fpsr=00000000
002c:trace:seh:RtlUnwindEx calling handler 000000017F9377F8 (rec=00000001054FDC48, frame=1054fd110 context=00000001054FD130, dispatch=00000001054FCE98)
002c:trace:seh:RtlUnwindEx handler 000000017F9377F8 returned 1
002c:trace:seh:RtlUnwindEx calling handler 000000017EA97448 (rec=00000001054FDC48, frame=1054fe640 context=00000001054FD130, dispatch=00000001054FCE98)
002c:trace:seh:RtlUnwindEx handler 000000017EA97448 returned 1
002c:trace:seh:RtlUnwindEx calling handler 000000017EA97448 (rec=00000001054FDC48, frame=1054feeb0 context=00000001054FD130, dispatch=00000001054FCE98)
002c:trace:seh:RtlUnwindEx handler 000000017EA97448 returned 1
002c:trace:seh:RtlUnwindEx calling handler 000000017E6AD3AC (rec=00000001054FDC48, frame=1054fef50 context=00000001054FD130, dispatch=00000001054FCE98)
002c:trace:seh:RtlUnwindEx handler 000000017E6AD3AC returned 1
002c:trace:seh:RtlRestoreContext returning to 17e6a5920 stack 1054fef00
[JuiceWine parent] child exited with 0
DISPLAY_CLIENT_CLOSED fd=7 pid=4129
DISPLAY_CLIENT_CLOSED fd=8 pid=4133
