After 0.98s, these clients are still here:
		remaining client pid: 424 (/System/Library/PrivateFrameworks/SafariSafeBrowsing.framework/com.apple.Safari.SafeBrowsing.Service/E3666C27-CF23-3A03-8889-9DD375725564)
		remaining client pid: 262 (/System/Library/CoreServices/ReportCrash/C25E7EC2-F58F-39AF-8CCD-F5C791C328C0)
		remaining client pid: 246 (/usr/libexec/UniversalControl/D7D8B44D-CD6D-314E-A912-CDB9A90B6672)
		remaining client pid: 34 (/System/Library/PrivateFrameworks/AssistantServices.framework/assistantd/477CC714-785D-3AB5-928F-BF83E7B1E530)
		remaining client pid: 102 (/usr/libexec/coreduetd/0937097A-FE7A-3C0A-A954-DB6450C4567B)
		remaining client pid: 0 (/kernel/B0841348-0448-39A5-BA2B-F99C7CC3D28A)
After 0.98s, these clients are still here:
		remaining client pid: 0 (/kernel/B0841348-0448-39A5-BA2B-F99C7CC3D28A)
SIGTERM: [1775363560] All buffers flushed
After 0.82s, these clients are still here:
		remaining client pid: 217 (/usr/libexec/UniversalControl/D7D8B44D-CD6D-314E-A912-CDB9A90B6672)
		remaining client pid: 104 (/usr/libexec/coreduetd/0937097A-FE7A-3C0A-A954-DB6450C4567B)
		remaining client pid: 0 (/kernel/B0841348-0448-39A5-BA2B-F99C7CC3D28A)
SIGTERM: [1775363637] All buffers flushed
After 0.99s, these clients are still here:
		remaining client pid: 1229 (/System/Library/PrivateFrameworks/SafariSafeBrowsing.framework/com.apple.Safari.SafeBrowsing.Service/E3666C27-CF23-3A03-8889-9DD375725564)
		remaining client pid: 793 (/usr/libexec/UniversalControl/D7D8B44D-CD6D-314E-A912-CDB9A90B6672)
		remaining client pid: 665 (/usr/libexec/coreduetd/0937097A-FE7A-3C0A-A954-DB6450C4567B)
		remaining client pid: 0 (/kernel/B0841348-0448-39A5-BA2B-F99C7CC3D28A)
SIGTERM: [1775364642] All buffers flushed
After 0.93s, these clients are still here:
		remaining client pid: 2284 (/System/Library/PrivateFrameworks/SafariSafeBrowsing.framework/com.apple.Safari.SafeBrowsing.Service/E3666C27-CF23-3A03-8889-9DD375725564)
		remaining client pid: 1965 (/usr/libexec/UniversalControl/D7D8B44D-CD6D-314E-A912-CDB9A90B6672)
		remaining client pid: 1845 (/usr/libexec/coreduetd/0937097A-FE7A-3C0A-A954-DB6450C4567B)
		remaining client pid: 0 (/kernel/B0841348-0448-39A5-BA2B-F99C7CC3D28A)
SIGTERM: [1775365235] All buffers flushed
After 1.09s, these clients are still here:
		remaining client pid: 3165 (/System/Library/PrivateFrameworks/SafariSafeBrowsing.framework/com.apple.Safari.SafeBrowsing.Service/E3666C27-CF23-3A03-8889-9DD375725564)
		remaining client pid: 2762 (/usr/libexec/UniversalControl/D7D8B44D-CD6D-314E-A912-CDB9A90B6672)
		remaining client pid: 0 (/kernel/B0841348-0448-39A5-BA2B-F99C7CC3D28A)
After 1.09s, these clients are still here:
		remaining client pid: 0 (/kernel/B0841348-0448-39A5-BA2B-F99C7CC3D28A)
SIGTERM: [1775367940] All buffers flushed
After 0.91s, these clients are still here:
		remaining client pid: 281 (/System/Library/PrivateFrameworks/SafariSafeBrowsing.framework/com.apple.Safari.SafeBrowsing.Service/E3666C27-CF23-3A03-8889-9DD375725564)
		remaining client pid: 235 (/usr/libexec/duetexpertd/5AA86ADE-7FA8-3716-AAED-C0844FC8D483)
		remaining client pid: 219 (/System/Library/PrivateFrameworks/MapsSupport.framework/mapspushd/80410380-C70B-379D-A208-379A35CD2A1C)
		remaining client pid: 206 (/usr/libexec/UniversalControl/D7D8B44D-CD6D-314E-A912-CDB9A90B6672)
		remaining client pid: 0 (/kernel/B0841348-0448-39A5-BA2B-F99C7CC3D28A)
SIGTERM: [1775368503] All buffers flushed
After 1.02s, these clients are still here:
		remaining client pid: 4491 (/System/Library/PrivateFrameworks/EmailDaemon.framework/maild/0A7A6904-414F-3ABF-8DCC-BA0190546546)
		remaining client pid: 3114 (/private/preboot/A378D58F40814C83B9C2713EC9F4F691FA534AF1D786F6D50F6F891C61E4E9207B58ABCD9DEA3DE857FEA90F628BC674/jb/usr/bin/apt-get/C47C2892-6F33-3FD8-AE53-8A63E4F2B9FC)
		remaining client pid: 732 (/System/Library/PrivateFrameworks/SafariSafeBrowsing.framework/com.apple.Safari.SafeBrowsing.Service/E3666C27-CF23-3A03-8889-9DD375725564)
		remaining client pid: 702 (/System/Library/CoreServices/ReportCrash/C25E7EC2-F58F-39AF-8CCD-F5C791C328C0)
		remaining client pid: 624 (/usr/libexec/UniversalControl/D7D8B44D-CD6D-314E-A912-CDB9A90B6672)
		remaining client pid: 553 (/usr/libexec/dmd/BEF3300D-788A-3F02-A382-6F164CE7CE4D)
		remaining client pid: 519 (/usr/libexec/duetexpertd/5AA86ADE-7FA8-3716-AAED-C0844FC8D483)
		remaining client pid: 487 (/usr/libexec/biomesyncd/90D138B8-54DE-3DA6-A241-9488F9A0CD0E)
		remaining client pid: 0 (/kernel/B0841348-0448-39A5-BA2B-F99C7CC3D28A)
SIGTERM: [1775480210] All buffers flushed
After 0.77s, these clients are still here:
		remaining client pid: 203 (/usr/libexec/UniversalControl/D7D8B44D-CD6D-314E-A912-CDB9A90B6672)
		remaining client pid: 105 (/usr/libexec/coreduetd/0937097A-FE7A-3C0A-A954-DB6450C4567B)
		remaining client pid: 0 (/kernel/B0841348-0448-39A5-BA2B-F99C7CC3D28A)
SIGTERM: [1775480804] All buffers flushed
After 0.94s, these clients are still here:
		remaining client pid: 1460 (/System/Library/PrivateFrameworks/SafariSafeBrowsing.framework/com.apple.Safari.SafeBrowsing.Service/E3666C27-CF23-3A03-8889-9DD375725564)
		remaining client pid: 593 (/usr/libexec/UniversalControl/D7D8B44D-CD6D-314E-A912-CDB9A90B6672)
		remaining client pid: 483 (/usr/libexec/duetexpertd/5AA86ADE-7FA8-3716-AAED-C0844FC8D483)
		remaining client pid: 469 (/usr/libexec/coreduetd/0937097A-FE7A-3C0A-A954-DB6450C4567B)
		remaining client pid: 0 (/kernel/B0841348-0448-39A5-BA2B-F99C7CC3D28A)
SIGTERM: [1775482215] All buffers flushed
After 0.82s, these clients are still here:
		remaining client pid: 345 (/System/Library/PrivateFrameworks/AssistantServices.framework/assistant_service/FBF493C7-163B-3C34-A6AE-F587FDD4192D)
		remaining client pid: 243 (/System/Library/Frameworks/AssetsLibrary.framework/Support/assetsd/7F6D3209-98E6-341B-AB06-E0C0B553EA43)
		remaining client pid: 217 (/System/Library/PrivateFrameworks/MapsSupport.framework/mapspushd/80410380-C70B-379D-A208-379A35CD2A1C)
		remaining client pid: 208 (/usr/libexec/UniversalControl/D7D8B44D-CD6D-314E-A912-CDB9A90B6672)
		remaining client pid: 181 (/usr/libexec/nearbyd/620CCF96-B3D6-341F-AF73-1F95E64CD1F0)
		remaining client pid: 88 (/System/Library/PrivateFrameworks/AppleMediaServices.framework/amsaccountsd/6B73A0F2-D31B-3517-A5E2-3FF25684DE9B)
		remaining client pid: 34 (/System/Library/PrivateFrameworks/AssistantServices.framework/assistantd/477CC714-785D-3AB5-928F-BF83E7B1E530)
		remaining client pid: 107 (/usr/libexec/coreduetd/0937097A-FE7A-3C0A-A954-DB6450C4567B)
		remaining client pid: 87 (/usr/sbin/bluetoothd/6D9E7FD6-D23B-36D3-BD11-45BACA96C641)
		remaining client pid: 0 (/kernel/B0841348-0448-39A5-BA2B-F99C7CC3D28A)
SIGTERM: [1775482315] All buffers flushed
After 0.87s, these clients are still here:
		remaining client pid: 598 (/usr/libexec/UniversalControl/D7D8B44D-CD6D-314E-A912-CDB9A90B6672)
		remaining client pid: 360 (/System/Library/PrivateFrameworks/AssistantServices.framework/assistantd/477CC714-785D-3AB5-928F-BF83E7B1E530)
		remaining client pid: 489 (/usr/libexec/duetexpertd/5AA86ADE-7FA8-3716-AAED-C0844FC8D483)
		remaining client pid: 461 (/usr/libexec/coreduetd/0937097A-FE7A-3C0A-A954-DB6450C4567B)
		remaining client pid: 0 (/kernel/B0841348-0448-39A5-BA2B-F99C7CC3D28A)
SIGTERM: [1775482556] All buffers flushed
After 0.93s, these clients are still here:
		remaining client pid: 217 (/System/Library/PrivateFrameworks/MapsSupport.framework/mapspushd/80410380-C70B-379D-A208-379A35CD2A1C)
		remaining client pid: 216 (/usr/libexec/UniversalControl/D7D8B44D-CD6D-314E-A912-CDB9A90B6672)
		remaining client pid: 34 (/System/Library/PrivateFrameworks/AssistantServices.framework/assistantd/477CC714-785D-3AB5-928F-BF83E7B1E530)
		remaining client pid: 104 (/usr/libexec/coreduetd/0937097A-FE7A-3C0A-A954-DB6450C4567B)
		remaining client pid: 0 (/kernel/B0841348-0448-39A5-BA2B-F99C7CC3D28A)
SIGTERM: [1775482638] All buffers flushed
After 0.67s, these clients are still here:
		remaining client pid: 583 (/usr/libexec/UniversalControl/D7D8B44D-CD6D-314E-A912-CDB9A90B6672)
		remaining client pid: 483 (/usr/libexec/duetexpertd/5AA86ADE-7FA8-3716-AAED-C0844FC8D483)
		remaining client pid: 470 (/usr/libexec/coreduetd/0937097A-FE7A-3C0A-A954-DB6450C4567B)
		remaining client pid: 0 (/kernel/B0841348-0448-39A5-BA2B-F99C7CC3D28A)
SIGTERM: [1775482861] All buffers flushed
After 0.91s, these clients are still here:
		remaining client pid: 338 (/usr/libexec/aned/0EBB5AC7-1BE4-3F9E-AE55-E74C2F1035B8)
		remaining client pid: 298 (/System/Library/PrivateFrameworks/FinanceKit.framework/financed/C17C0824-249C-3B61-B44B-6D845D95031F)
		remaining client pid: 295 (/System/Library/PrivateFrameworks/StatusKit.framework/StatusKitAgent/EAA0269B-6076-3A21-AF5B-B21308849386)
		remaining client pid: 292 (/System/Library/PrivateFrameworks/MediaAnalysis.framework/mediaanalysisd/32823C6D-905D-3143-BDCE-254B43593476)
		remaining client pid: 279 (/System/Library/PrivateFrameworks/ProtectedCloudStorage.framework/Helpers/ProtectedCloudKeySyncing/5A900E80-47D7-3BE1-95A5-703403BFA14A)
		remaining client pid: 231 (/System/Library/PrivateFrameworks/EmailDaemon.framework/maild/0A7A6904-414F-3ABF-8DCC-BA0190546546)
		remaining client pid: 218 (/System/Library/PrivateFrameworks/MapsSupport.framework/mapspushd/80410380-C70B-379D-A208-379A35CD2A1C)
		remaining client pid: 205 (/usr/libexec/UniversalControl/D7D8B44D-CD6D-314E-A912-CDB9A90B6672)
		remaining client pid: 88 (/System/Library/PrivateFrameworks/AppleMediaServices.framework/amsaccountsd/6B73A0F2-D31B-3517-A5E2-3FF25684DE9B)
		remaining client pid: 36 (/usr/libexec/routined/D5AEAEBD-7B97-3213-9E23-C73F35E35826)
		remaining client pid: 106 (/usr/libexec/coreduetd/0937097A-FE7A-3C0A-A954-DB6450C4567B)
		remaining client pid: 0 (/kernel/B0841348-0448-39A5-BA2B-F99C7CC3D28A)
After 1.42s, these clients are still here:
		remaining client pid: 338 (/usr/libexec/aned/0EBB5AC7-1BE4-3F9E-AE55-E74C2F1035B8)
		remaining client pid: 298 (/System/Library/PrivateFrameworks/FinanceKit.framework/financed/C17C0824-249C-3B61-B44B-6D845D95031F)
		remaining client pid: 295 (/System/Library/PrivateFrameworks/StatusKit.framework/StatusKitAgent/EAA0269B-6076-3A21-AF5B-B21308849386)
		remaining client pid: 292 (/System/Library/PrivateFrameworks/MediaAnalysis.framework/mediaanalysisd/32823C6D-905D-3143-BDCE-254B43593476)
		remaining client pid: 279 (/System/Library/PrivateFrameworks/ProtectedCloudStorage.framework/Helpers/ProtectedCloudKeySyncing/5A900E80-47D7-3BE1-95A5-703403BFA14A)
		remaining client pid: 231 (/System/Library/PrivateFrameworks/EmailDaemon.framework/maild/0A7A6904-414F-3ABF-8DCC-BA0190546546)
		remaining client pid: 218 (/System/Library/PrivateFrameworks/MapsSupport.framework/mapspushd/80410380-C70B-379D-A208-379A35CD2A1C)
		remaining client pid: 205 (/usr/libexec/UniversalControl/D7D8B44D-CD6D-314E-A912-CDB9A90B6672)
		remaining client pid: 88 (/System/Library/PrivateFrameworks/AppleMediaServices.framework/amsaccountsd/6B73A0F2-D31B-3517-A5E2-3FF25684DE9B)
		remaining client pid: 36 (/usr/libexec/routined/D5AEAEBD-7B97-3213-9E23-C73F35E35826)
		remaining client pid: 106 (/usr/libexec/coreduetd/0937097A-FE7A-3C0A-A954-DB6450C4567B)
		remaining client pid: 0 (/kernel/B0841348-0448-39A5-BA2B-F99C7CC3D28A)
After 1.92s, these clients are still here:
		remaining client pid: 338 (/usr/libexec/aned/0EBB5AC7-1BE4-3F9E-AE55-E74C2F1035B8)
		remaining client pid: 298 (/System/Library/PrivateFrameworks/FinanceKit.framework/financed/C17C0824-249C-3B61-B44B-6D845D95031F)
		remaining client pid: 295 (/System/Library/PrivateFrameworks/StatusKit.framework/StatusKitAgent/EAA0269B-6076-3A21-AF5B-B21308849386)
		remaining client pid: 292 (/System/Library/PrivateFrameworks/MediaAnalysis.framework/mediaanalysisd/32823C6D-905D-3143-BDCE-254B43593476)
		remaining client pid: 279 (/System/Library/PrivateFrameworks/ProtectedCloudStorage.framework/Helpers/ProtectedCloudKeySyncing/5A900E80-47D7-3BE1-95A5-703403BFA14A)
		remaining client pid: 231 (/System/Library/PrivateFrameworks/EmailDaemon.framework/maild/0A7A6904-414F-3ABF-8DCC-BA0190546546)
		remaining client pid: 218 (/System/Library/PrivateFrameworks/MapsSupport.framework/mapspushd/80410380-C70B-379D-A208-379A35CD2A1C)
		remaining client pid: 205 (/usr/libexec/UniversalControl/D7D8B44D-CD6D-314E-A912-CDB9A90B6672)
		remaining client pid: 36 (/usr/libexec/routined/D5AEAEBD-7B97-3213-9E23-C73F35E35826)
		remaining client pid: 106 (/usr/libexec/coreduetd/0937097A-FE7A-3C0A-A954-DB6450C4567B)
		remaining client pid: 0 (/kernel/B0841348-0448-39A5-BA2B-F99C7CC3D28A)
After 2.42s, these clients are still here:
		remaining client pid: 338 (/usr/libexec/aned/0EBB5AC7-1BE4-3F9E-AE55-E74C2F1035B8)
		remaining client pid: 298 (/System/Library/PrivateFrameworks/FinanceKit.framework/financed/C17C0824-249C-3B61-B44B-6D845D95031F)
		remaining client pid: 295 (/System/Library/PrivateFrameworks/StatusKit.framework/StatusKitAgent/EAA0269B-6076-3A21-AF5B-B21308849386)
		remaining client pid: 292 (/System/Library/PrivateFrameworks/MediaAnalysis.framework/mediaanalysisd/32823C6D-905D-3143-BDCE-254B43593476)
		remaining client pid: 279 (/System/Library/PrivateFrameworks/ProtectedCloudStorage.framework/Helpers/ProtectedCloudKeySyncing/5A900E80-47D7-3BE1-95A5-703403BFA14A)
		remaining client pid: 231 (/System/Library/PrivateFrameworks/EmailDaemon.framework/maild/0A7A6904-414F-3ABF-8DCC-BA0190546546)
		remaining client pid: 218 (/System/Library/PrivateFrameworks/MapsSupport.framework/mapspushd/80410380-C70B-379D-A208-379A35CD2A1C)
		remaining client pid: 205 (/usr/libexec/UniversalControl/D7D8B44D-CD6D-314E-A912-CDB9A90B6672)
		remaining client pid: 36 (/usr/libexec/routined/D5AEAEBD-7B97-3213-9E23-C73F35E35826)
		remaining client pid: 106 (/usr/libexec/coreduetd/0937097A-FE7A-3C0A-A954-DB6450C4567B)
		remaining client pid: 0 (/kernel/B0841348-0448-39A5-BA2B-F99C7CC3D28A)
After 2.43s, these clients are still here:
		remaining client pid: 0 (/kernel/B0841348-0448-39A5-BA2B-F99C7CC3D28A)
SIGTERM: [1775482966] All buffers flushed
After 0.85s, these clients are still here:
		remaining client pid: 593 (/usr/libexec/UniversalControl/D7D8B44D-CD6D-314E-A912-CDB9A90B6672)
		remaining client pid: 363 (/System/Library/PrivateFrameworks/AssistantServices.framework/assistantd/477CC714-785D-3AB5-928F-BF83E7B1E530)
		remaining client pid: 493 (/usr/libexec/duetexpertd/5AA86ADE-7FA8-3716-AAED-C0844FC8D483)
		remaining client pid: 471 (/usr/libexec/coreduetd/0937097A-FE7A-3C0A-A954-DB6450C4567B)
		remaining client pid: 0 (/kernel/B0841348-0448-39A5-BA2B-F99C7CC3D28A)
SIGTERM: [1775483185] All buffers flushed
After 0.76s, these clients are still here:
		remaining client pid: 336 (/usr/libexec/duetexpertd/5AA86ADE-7FA8-3716-AAED-C0844FC8D483)
		remaining client pid: 204 (/usr/libexec/UniversalControl/D7D8B44D-CD6D-314E-A912-CDB9A90B6672)
		remaining client pid: 104 (/usr/libexec/coreduetd/0937097A-FE7A-3C0A-A954-DB6450C4567B)
		remaining client pid: 0 (/kernel/B0841348-0448-39A5-BA2B-F99C7CC3D28A)
SIGTERM: [1775483347] All buffers flushed
After 0.84s, these clients are still here:
		remaining client pid: 1946 (/System/Library/PrivateFrameworks/SafariSafeBrowsing.framework/com.apple.Safari.SafeBrowsing.Service/E3666C27-CF23-3A03-8889-9DD375725564)
		remaining client pid: 590 (/usr/libexec/UniversalControl/D7D8B44D-CD6D-314E-A912-CDB9A90B6672)
		remaining client pid: 366 (/System/Library/PrivateFrameworks/AssistantServices.framework/assistantd/477CC714-785D-3AB5-928F-BF83E7B1E530)
		remaining client pid: 0 (/kernel/B0841348-0448-39A5-BA2B-F99C7CC3D28A)
SIGTERM: [1775484287] All buffers flushed
After 0.98s, these clients are still here:
		remaining client pid: 3319 (/System/Library/PrivateFrameworks/SafariSafeBrowsing.framework/com.apple.Safari.SafeBrowsing.Service/E3666C27-CF23-3A03-8889-9DD375725564)
		remaining client pid: 3303 (/System/Library/PrivateFrameworks/MediaStream.framework/Support/mstreamd/454155C5-AE04-3B75-8E45-A7FBF175E916)
		remaining client pid: 2928 (/usr/libexec/UniversalControl/D7D8B44D-CD6D-314E-A912-CDB9A90B6672)
		remaining client pid: 2710 (/System/Library/PrivateFrameworks/BiomeStreams.framework/Support/biomed/BA420A21-6184-3B19-B45F-F62BCAC8F8A7)
		remaining client pid: 0 (/kernel/B0841348-0448-39A5-BA2B-F99C7CC3D28A)
SIGTERM: [1775531673] All buffers flushed
After 0.88s, these clients are still here:
		remaining client pid: 324 (/System/Library/CoreServices/ReportCrash/C25E7EC2-F58F-39AF-8CCD-F5C791C328C0)
		remaining client pid: 312 (/usr/libexec/aned/0EBB5AC7-1BE4-3F9E-AE55-E74C2F1035B8)
		remaining client pid: 301 (/System/Library/PrivateFrameworks/MediaAnalysis.framework/mediaanalysisd/32823C6D-905D-3143-BDCE-254B43593476)
		remaining client pid: 258 (/System/Library/PrivateFrameworks/MapsSuggestions.framework/destinationd/E0506BE2-AEAC-3784-92C6-4BFC9AC5F391)
		remaining client pid: 245 (/usr/libexec/duetexpertd/5AA86ADE-7FA8-3716-AAED-C0844FC8D483)
		remaining client pid: 239 (/System/Library/PrivateFrameworks/EmailDaemon.framework/maild/0A7A6904-414F-3ABF-8DCC-BA0190546546)
		remaining client pid: 232 (/usr/libexec/UniversalControl/D7D8B44D-CD6D-314E-A912-CDB9A90B6672)
		remaining client pid: 219 (/System/Library/PrivateFrameworks/MapsSupport.framework/mapspushd/80410380-C70B-379D-A208-379A35CD2A1C)
		remaining client pid: 82 (/System/Library/PrivateFrameworks/MapsSupport.framework/navd/1718205E-4A2E-3BB1-9394-B3FC445492B1)
		remaining client pid: 36 (/usr/libexec/routined/D5AEAEBD-7B97-3213-9E23-C73F35E35826)
		remaining client pid: 0 (/kernel/B0841348-0448-39A5-BA2B-F99C7CC3D28A)
After 1.39s, these clients are still here:
		remaining client pid: 312 (/usr/libexec/aned/0EBB5AC7-1BE4-3F9E-AE55-E74C2F1035B8)
		remaining client pid: 301 (/System/Library/PrivateFrameworks/MediaAnalysis.framework/mediaanalysisd/32823C6D-905D-3143-BDCE-254B43593476)
		remaining client pid: 258 (/System/Library/PrivateFrameworks/MapsSuggestions.framework/destinationd/E0506BE2-AEAC-3784-92C6-4BFC9AC5F391)
		remaining client pid: 245 (/usr/libexec/duetexpertd/5AA86ADE-7FA8-3716-AAED-C0844FC8D483)
		remaining client pid: 239 (/System/Library/PrivateFrameworks/EmailDaemon.framework/maild/0A7A6904-414F-3ABF-8DCC-BA0190546546)
		remaining client pid: 232 (/usr/libexec/UniversalControl/D7D8B44D-CD6D-314E-A912-CDB9A90B6672)
		remaining client pid: 219 (/System/Library/PrivateFrameworks/MapsSupport.framework/mapspushd/80410380-C70B-379D-A208-379A35CD2A1C)
		remaining client pid: 82 (/System/Library/PrivateFrameworks/MapsSupport.framework/navd/1718205E-4A2E-3BB1-9394-B3FC445492B1)
		remaining client pid: 36 (/usr/libexec/routined/D5AEAEBD-7B97-3213-9E23-C73F35E35826)
		remaining client pid: 0 (/kernel/B0841348-0448-39A5-BA2B-F99C7CC3D28A)
After 1.39s, these clients are still here:
		remaining client pid: 0 (/kernel/B0841348-0448-39A5-BA2B-F99C7CC3D28A)
SIGTERM: [1775536882] All buffers flushed
After 1.03s, these clients are still here:
		remaining client pid: 1374 (/System/Library/PrivateFrameworks/MediaStream.framework/Support/mstreamd/454155C5-AE04-3B75-8E45-A7FBF175E916)
		remaining client pid: 1351 (/System/Library/PrivateFrameworks/SafariSafeBrowsing.framework/com.apple.Safari.SafeBrowsing.Service/E3666C27-CF23-3A03-8889-9DD375725564)
		remaining client pid: 628 (/usr/libexec/UniversalControl/D7D8B44D-CD6D-314E-A912-CDB9A90B6672)
		remaining client pid: 390 (/System/Library/PrivateFrameworks/AssistantServices.framework/assistantd/477CC714-785D-3AB5-928F-BF83E7B1E530)
		remaining client pid: 539 (/usr/libexec/duetexpertd/5AA86ADE-7FA8-3716-AAED-C0844FC8D483)
		remaining client pid: 0 (/kernel/B0841348-0448-39A5-BA2B-F99C7CC3D28A)
After 1.04s, these clients are still here:
		remaining client pid: 0 (/kernel/B0841348-0448-39A5-BA2B-F99C7CC3D28A)
SIGTERM: [1775581490] All buffers flushed
After 0.83s, these clients are still here:
		remaining client pid: 2662 (/usr/libexec/UniversalControl/D7D8B44D-CD6D-314E-A912-CDB9A90B6672)
		remaining client pid: 2571 (/usr/libexec/findmydeviced/B49C6EB8-13DC-3CCF-896B-03F313FBF92C)
		remaining client pid: 0 (/kernel/B0841348-0448-39A5-BA2B-F99C7CC3D28A)
SIGTERM: [1775611830] All buffers flushed
After 1.07s, these clients are still here:
		remaining client pid: 274 (/usr/libexec/biomesyncd/90D138B8-54DE-3DA6-A241-9488F9A0CD0E)
		remaining client pid: 218 (/System/Library/PrivateFrameworks/MapsSupport.framework/mapspushd/80410380-C70B-379D-A208-379A35CD2A1C)
		remaining client pid: 207 (/usr/libexec/UniversalControl/D7D8B44D-CD6D-314E-A912-CDB9A90B6672)
		remaining client pid: 174 (/System/Library/PrivateFrameworks/InstallCoordination.framework/Support/installcoordinationd/F2452542-A8C3-3239-BEC1-2E1851DCF83D)
		remaining client pid: 118 (/usr/libexec/findmydeviced/B49C6EB8-13DC-3CCF-896B-03F313FBF92C)
		remaining client pid: 0 (/kernel/B0841348-0448-39A5-BA2B-F99C7CC3D28A)
After 1.08s, these clients are still here:
		remaining client pid: 0 (/kernel/B0841348-0448-39A5-BA2B-F99C7CC3D28A)
SIGTERM: [1775913291] All buffers flushed
After 0.87s, these clients are still here:
		remaining client pid: 285 (/System/Library/PrivateFrameworks/SafariSafeBrowsing.framework/com.apple.Safari.SafeBrowsing.Service/E3666C27-CF23-3A03-8889-9DD375725564)
		remaining client pid: 269 (/System/Library/Frameworks/AssetsLibrary.framework/Support/assetsd/7F6D3209-98E6-341B-AB06-E0C0B553EA43)
		remaining client pid: 258 (/usr/libexec/duetexpertd/5AA86ADE-7FA8-3716-AAED-C0844FC8D483)
		remaining client pid: 221 (/System/Library/PrivateFrameworks/MapsSupport.framework/mapspushd/80410380-C70B-379D-A208-379A35CD2A1C)
		remaining client pid: 207 (/usr/libexec/UniversalControl/D7D8B44D-CD6D-314E-A912-CDB9A90B6672)
		remaining client pid: 180 (/System/Library/PrivateFrameworks/InstallCoordination.framework/Support/installcoordinationd/F2452542-A8C3-3239-BEC1-2E1851DCF83D)
		remaining client pid: 112 (/usr/libexec/findmydeviced/B49C6EB8-13DC-3CCF-896B-03F313FBF92C)
		remaining client pid: 0 (/kernel/B0841348-0448-39A5-BA2B-F99C7CC3D28A)
SIGTERM: [1776483124] All buffers flushed
After 0.88s, these clients are still here:
		remaining client pid: 713 (/System/Library/PrivateFrameworks/SafariSafeBrowsing.framework/com.apple.Safari.SafeBrowsing.Service/E3666C27-CF23-3A03-8889-9DD375725564)
		remaining client pid: 660 (/usr/libexec/UniversalControl/D7D8B44D-CD6D-314E-A912-CDB9A90B6672)
		remaining client pid: 645 (/System/Library/PrivateFrameworks/InstallCoordination.framework/Support/installcoordinationd/F2452542-A8C3-3239-BEC1-2E1851DCF83D)
		remaining client pid: 572 (/usr/libexec/findmydeviced/B49C6EB8-13DC-3CCF-896B-03F313FBF92C)
		remaining client pid: 562 (/usr/libexec/duetexpertd/5AA86ADE-7FA8-3716-AAED-C0844FC8D483)
		remaining client pid: 545 (/usr/libexec/coreduetd/0937097A-FE7A-3C0A-A954-DB6450C4567B)
		remaining client pid: 0 (/kernel/B0841348-0448-39A5-BA2B-F99C7CC3D28A)
SIGTERM: [1776483759] All buffers flushed
After 0.99s, these clients are still here:
		remaining client pid: 1967 (/usr/libexec/UniversalControl/D7D8B44D-CD6D-314E-A912-CDB9A90B6672)
		remaining client pid: 1952 (/System/Library/PrivateFrameworks/InstallCoordination.framework/Support/installcoordinationd/F2452542-A8C3-3239-BEC1-2E1851DCF83D)
		remaining client pid: 1841 (/usr/libexec/PowerUIAgent/22EE2B6E-1E04-3A50-87DD-C59BBFCDD57B)
		remaining client pid: 0 (/kernel/B0841348-0448-39A5-BA2B-F99C7CC3D28A)
SIGTERM: [1776649913] All buffers flushed
After 1.22s, these clients are still here:
		remaining client pid: 286 (/System/Library/PrivateFrameworks/IMTransferServices.framework/IMTransferAgent.app/IMTransferAgent/6B4FE9B4-AF18-3B68-B97C-1BC3DD3116FF)
		remaining client pid: 269 (/System/Library/PrivateFrameworks/ProtectedCloudStorage.framework/Helpers/ProtectedCloudKeySyncing/5A900E80-47D7-3BE1-95A5-703403BFA14A)
		remaining client pid: 251 (/System/Library/Frameworks/AssetsLibrary.framework/Support/assetsd/7F6D3209-98E6-341B-AB06-E0C0B553EA43)
		remaining client pid: 240 (/usr/libexec/duetexpertd/5AA86ADE-7FA8-3716-AAED-C0844FC8D483)
		remaining client pid: 225 (/System/Library/PrivateFrameworks/MapsSupport.framework/mapspushd/80410380-C70B-379D-A208-379A35CD2A1C)
		remaining client pid: 161 (/System/Library/PrivateFrameworks/WatchListKit.framework/Support/watchlistd/C1D46837-1CEC-39DC-9DD5-DE65AA892C22)
		remaining client pid: 207 (/usr/libexec/UniversalControl/D7D8B44D-CD6D-314E-A912-CDB9A90B6672)
		remaining client pid: 209 (/System/Library/CoreServices/ReportCrash/C25E7EC2-F58F-39AF-8CCD-F5C791C328C0)
		remaining client pid: 171 (/System/Library/PrivateFrameworks/InstallCoordination.framework/Support/installcoordinationd/F2452542-A8C3-3239-BEC1-2E1851DCF83D)
		remaining client pid: 88 (/System/Library/PrivateFrameworks/AppleMediaServices.framework/amsaccountsd/6B73A0F2-D31B-3517-A5E2-3FF25684DE9B)
		remaining client pid: 116 (/usr/libexec/findmydeviced/B49C6EB8-13DC-3CCF-896B-03F313FBF92C)
		remaining client pid: 36 (/usr/libexec/routined/D5AEAEBD-7B97-3213-9E23-C73F35E35826)
		remaining client pid: 0 (/kernel/B0841348-0448-39A5-BA2B-F99C7CC3D28A)
After 1.73s, these clients are still here:
		remaining client pid: 286 (/System/Library/PrivateFrameworks/IMTransferServices.framework/IMTransferAgent.app/IMTransferAgent/6B4FE9B4-AF18-3B68-B97C-1BC3DD3116FF)
		remaining client pid: 269 (/System/Library/PrivateFrameworks/ProtectedCloudStorage.framework/Helpers/ProtectedCloudKeySyncing/5A900E80-47D7-3BE1-95A5-703403BFA14A)
		remaining client pid: 251 (/System/Library/Frameworks/AssetsLibrary.framework/Support/assetsd/7F6D3209-98E6-341B-AB06-E0C0B553EA43)
		remaining client pid: 240 (/usr/libexec/duetexpertd/5AA86ADE-7FA8-3716-AAED-C0844FC8D483)
		remaining client pid: 225 (/System/Library/PrivateFrameworks/MapsSupport.framework/mapspushd/80410380-C70B-379D-A208-379A35CD2A1C)
		remaining client pid: 161 (/System/Library/PrivateFrameworks/WatchListKit.framework/Support/watchlistd/C1D46837-1CEC-39DC-9DD5-DE65AA892C22)
		remaining client pid: 207 (/usr/libexec/UniversalControl/D7D8B44D-CD6D-314E-A912-CDB9A90B6672)
		remaining client pid: 209 (/System/Library/CoreServices/ReportCrash/C25E7EC2-F58F-39AF-8CCD-F5C791C328C0)
		remaining client pid: 171 (/System/Library/PrivateFrameworks/InstallCoordination.framework/Support/installcoordinationd/F2452542-A8C3-3239-BEC1-2E1851DCF83D)
		remaining client pid: 88 (/System/Library/PrivateFrameworks/AppleMediaServices.framework/amsaccountsd/6B73A0F2-D31B-3517-A5E2-3FF25684DE9B)
		remaining client pid: 116 (/usr/libexec/findmydeviced/B49C6EB8-13DC-3CCF-896B-03F313FBF92C)
		remaining client pid: 36 (/usr/libexec/routined/D5AEAEBD-7B97-3213-9E23-C73F35E35826)
		remaining client pid: 0 (/kernel/B0841348-0448-39A5-BA2B-F99C7CC3D28A)
After 2.23s, these clients are still here:
		remaining client pid: 269 (/System/Library/PrivateFrameworks/ProtectedCloudStorage.framework/Helpers/ProtectedCloudKeySyncing/5A900E80-47D7-3BE1-95A5-703403BFA14A)
		remaining client pid: 251 (/System/Library/Frameworks/AssetsLibrary.framework/Support/assetsd/7F6D3209-98E6-341B-AB06-E0C0B553EA43)
		remaining client pid: 240 (/usr/libexec/duetexpertd/5AA86ADE-7FA8-3716-AAED-C0844FC8D483)
		remaining client pid: 225 (/System/Library/PrivateFrameworks/MapsSupport.framework/mapspushd/80410380-C70B-379D-A208-379A35CD2A1C)
		remaining client pid: 161 (/System/Library/PrivateFrameworks/WatchListKit.framework/Support/watchlistd/C1D46837-1CEC-39DC-9DD5-DE65AA892C22)
		remaining client pid: 207 (/usr/libexec/UniversalControl/D7D8B44D-CD6D-314E-A912-CDB9A90B6672)
		remaining client pid: 171 (/System/Library/PrivateFrameworks/InstallCoordination.framework/Support/installcoordinationd/F2452542-A8C3-3239-BEC1-2E1851DCF83D)
		remaining client pid: 88 (/System/Library/PrivateFrameworks/AppleMediaServices.framework/amsaccountsd/6B73A0F2-D31B-3517-A5E2-3FF25684DE9B)
		remaining client pid: 116 (/usr/libexec/findmydeviced/B49C6EB8-13DC-3CCF-896B-03F313FBF92C)
		remaining client pid: 36 (/usr/libexec/routined/D5AEAEBD-7B97-3213-9E23-C73F35E35826)
		remaining client pid: 0 (/kernel/B0841348-0448-39A5-BA2B-F99C7CC3D28A)
After 2.24s, these clients are still here:
		remaining client pid: 0 (/kernel/B0841348-0448-39A5-BA2B-F99C7CC3D28A)
SIGTERM: [1777168444] All buffers flushed
After 0.94s, these clients are still here:
		remaining client pid: 1168 (/System/Library/PrivateFrameworks/SafariSafeBrowsing.framework/com.apple.Safari.SafeBrowsing.Service/E3666C27-CF23-3A03-8889-9DD375725564)
		remaining client pid: 572 (/usr/libexec/UniversalControl/D7D8B44D-CD6D-314E-A912-CDB9A90B6672)
		remaining client pid: 550 (/System/Library/PrivateFrameworks/InstallCoordination.framework/Support/installcoordinationd/F2452542-A8C3-3239-BEC1-2E1851DCF83D)
		remaining client pid: 472 (/usr/libexec/findmydeviced/B49C6EB8-13DC-3CCF-896B-03F313FBF92C)
		remaining client pid: 0 (/kernel/B0841348-0448-39A5-BA2B-F99C7CC3D28A)
SIGTERM: [1777169102] All buffers flushed
After 1.00s, these clients are still here:
		remaining client pid: 2183 (/System/Library/PrivateFrameworks/SafariSafeBrowsing.framework/com.apple.Safari.SafeBrowsing.Service/E3666C27-CF23-3A03-8889-9DD375725564)
		remaining client pid: 1833 (/usr/libexec/UniversalControl/D7D8B44D-CD6D-314E-A912-CDB9A90B6672)
		remaining client pid: 1828 (/System/Library/PrivateFrameworks/EmailDaemon.framework/maild/0A7A6904-414F-3ABF-8DCC-BA0190546546)
		remaining client pid: 1802 (/System/Library/PrivateFrameworks/InstallCoordination.framework/Support/installcoordinationd/F2452542-A8C3-3239-BEC1-2E1851DCF83D)
		remaining client pid: 0 (/kernel/B0841348-0448-39A5-BA2B-F99C7CC3D28A)
SIGTERM: [1777202964] All buffers flushed
After 0.77s, these clients are still here:
		remaining client pid: 268 (/usr/libexec/duetexpertd/5AA86ADE-7FA8-3716-AAED-C0844FC8D483)
		remaining client pid: 260 (/System/Library/PrivateFrameworks/CloudServices.framework/Helpers/com.apple.sbd/A5F0FEF0-C615-346A-94B3-E95D72EA5C5B)
		remaining client pid: 238 (/System/Library/PrivateFrameworks/EmailDaemon.framework/maild/0A7A6904-414F-3ABF-8DCC-BA0190546546)
		remaining client pid: 221 (/System/Library/PrivateFrameworks/MapsSupport.framework/mapspushd/80410380-C70B-379D-A208-379A35CD2A1C)
		remaining client pid: 189 (/System/Library/PrivateFrameworks/AuthKit.framework/akd/3665AC82-EC88-3045-B0CC-B4BC53DAF247)
		remaining client pid: 181 (/System/Library/PrivateFrameworks/InstallCoordination.framework/Support/installcoordinationd/F2452542-A8C3-3239-BEC1-2E1851DCF83D)
		remaining client pid: 88 (/System/Library/PrivateFrameworks/AppleMediaServices.framework/amsaccountsd/6B73A0F2-D31B-3517-A5E2-3FF25684DE9B)
		remaining client pid: 112 (/usr/libexec/findmydeviced/B49C6EB8-13DC-3CCF-896B-03F313FBF92C)
		remaining client pid: 0 (/kernel/B0841348-0448-39A5-BA2B-F99C7CC3D28A)
After 0.78s, these clients are still here:
		remaining client pid: 0 (/kernel/B0841348-0448-39A5-BA2B-F99C7CC3D28A)
SIGTERM: [1777782848] All buffers flushed
After 0.89s, these clients are still here:
		remaining client pid: 603 (/System/Library/PrivateFrameworks/InstallCoordination.framework/Support/installcoordinationd/F2452542-A8C3-3239-BEC1-2E1851DCF83D)
		remaining client pid: 538 (/usr/libexec/findmydeviced/B49C6EB8-13DC-3CCF-896B-03F313FBF92C)
		remaining client pid: 0 (/kernel/B0841348-0448-39A5-BA2B-F99C7CC3D28A)
SIGTERM: [1777783000] All buffers flushed
After 0.90s, these clients are still here:
		remaining client pid: 1446 (/System/Library/PrivateFrameworks/InstallCoordination.framework/Support/installcoordinationd/F2452542-A8C3-3239-BEC1-2E1851DCF83D)
		remaining client pid: 1380 (/usr/libexec/duetexpertd/5AA86ADE-7FA8-3716-AAED-C0844FC8D483)
		remaining client pid: 1366 (/usr/libexec/findmydeviced/B49C6EB8-13DC-3CCF-896B-03F313FBF92C)
		remaining client pid: 1270 (/private/preboot/A378D58F40814C83B9C2713EC9F4F691FA534AF1D786F6D50F6F891C61E4E9207B58ABCD9DEA3DE857FEA90F628BC674/jb/usr/sbin/shshd/B00366CA-14EB-3FDD-9402-48F070AAC762)
		remaining client pid: 0 (/kernel/B0841348-0448-39A5-BA2B-F99C7CC3D28A)
SIGTERM: [1777783256] All buffers flushed
After 1.03s, these clients are still here:
		remaining client pid: 2405 (/System/Library/PrivateFrameworks/SafariSafeBrowsing.framework/com.apple.Safari.SafeBrowsing.Service/E3666C27-CF23-3A03-8889-9DD375725564)
		remaining client pid: 1829 (/usr/libexec/UniversalControl/D7D8B44D-CD6D-314E-A912-CDB9A90B6672)
		remaining client pid: 1813 (/System/Library/PrivateFrameworks/InstallCoordination.framework/Support/installcoordinationd/F2452542-A8C3-3239-BEC1-2E1851DCF83D)
		remaining client pid: 1761 (/System/Library/PrivateFrameworks/FamilyCircle.framework/familycircled/B04C4162-EE68-33D1-97E4-A67E685591D4)
		remaining client pid: 1740 (/usr/libexec/findmydeviced/B49C6EB8-13DC-3CCF-896B-03F313FBF92C)
		remaining client pid: 0 (/kernel/B0841348-0448-39A5-BA2B-F99C7CC3D28A)
SIGTERM: [1777793116] All buffers flushed
After 0.89s, these clients are still here:
		remaining client pid: 219 (/System/Library/PrivateFrameworks/MapsSupport.framework/mapspushd/80410380-C70B-379D-A208-379A35CD2A1C)
		remaining client pid: 180 (/System/Library/PrivateFrameworks/InstallCoordination.framework/Support/installcoordinationd/F2452542-A8C3-3239-BEC1-2E1851DCF83D)
		remaining client pid: 112 (/usr/libexec/findmydeviced/B49C6EB8-13DC-3CCF-896B-03F313FBF92C)
		remaining client pid: 48 (/usr/sbin/wifid/B344DEBD-B5CB-3A9D-9534-8413062B0778)
		remaining client pid: 0 (/kernel/B0841348-0448-39A5-BA2B-F99C7CC3D28A)
SIGTERM: [1777793294] All buffers flushed
After 0.89s, these clients are still here:
		remaining client pid: 569 (/usr/libexec/UniversalControl/D7D8B44D-CD6D-314E-A912-CDB9A90B6672)
		remaining client pid: 541 (/System/Library/PrivateFrameworks/InstallCoordination.framework/Support/installcoordinationd/F2452542-A8C3-3239-BEC1-2E1851DCF83D)
		remaining client pid: 477 (/usr/libexec/duetexpertd/5AA86ADE-7FA8-3716-AAED-C0844FC8D483)
		remaining client pid: 473 (/usr/libexec/findmydeviced/B49C6EB8-13DC-3CCF-896B-03F313FBF92C)
		remaining client pid: 439 (/usr/libexec/biomesyncd/90D138B8-54DE-3DA6-A241-9488F9A0CD0E)
		remaining client pid: 0 (/kernel/B0841348-0448-39A5-BA2B-F99C7CC3D28A)
SIGTERM: [1777810091] All buffers flushed
After 0.85s, these clients are still here:
		remaining client pid: 253 (/usr/libexec/duetexpertd/5AA86ADE-7FA8-3716-AAED-C0844FC8D483)
		remaining client pid: 218 (/System/Library/PrivateFrameworks/MapsSupport.framework/mapspushd/80410380-C70B-379D-A208-379A35CD2A1C)
		remaining client pid: 205 (/usr/libexec/UniversalControl/D7D8B44D-CD6D-314E-A912-CDB9A90B6672)
		remaining client pid: 178 (/usr/libexec/searchpartyd/0C88D348-246C-3F33-B6A6-529C0FCBEECC)
		remaining client pid: 172 (/System/Library/PrivateFrameworks/InstallCoordination.framework/Support/installcoordinationd/F2452542-A8C3-3239-BEC1-2E1851DCF83D)
		remaining client pid: 36 (/usr/libexec/routined/D5AEAEBD-7B97-3213-9E23-C73F35E35826)
		remaining client pid: 0 (/kernel/B0841348-0448-39A5-BA2B-F99C7CC3D28A)
After 0.86s, these clients are still here:
		remaining client pid: 0 (/kernel/B0841348-0448-39A5-BA2B-F99C7CC3D28A)
SIGTERM: [1777888276] All buffers flushed
After 0.97s, these clients are still here:
		remaining client pid: 873 (/System/Library/PrivateFrameworks/SafariSafeBrowsing.framework/com.apple.Safari.SafeBrowsing.Service/E3666C27-CF23-3A03-8889-9DD375725564)
		remaining client pid: 700 (/usr/libexec/UniversalControl/D7D8B44D-CD6D-314E-A912-CDB9A90B6672)
		remaining client pid: 653 (/usr/libexec/pipelined/98F13173-61DA-38E4-BE95-D6F269E398AA)
		remaining client pid: 646 (/System/Library/PrivateFrameworks/InstallCoordination.framework/Support/installcoordinationd/F2452542-A8C3-3239-BEC1-2E1851DCF83D)
		remaining client pid: 536 (/usr/libexec/biomesyncd/90D138B8-54DE-3DA6-A241-9488F9A0CD0E)
		remaining client pid: 529 (/usr/libexec/PowerUIAgent/22EE2B6E-1E04-3A50-87DD-C59BBFCDD57B)
		remaining client pid: 0 (/kernel/B0841348-0448-39A5-BA2B-F99C7CC3D28A)
SIGTERM: [1778383684] All buffers flushed
After 1.02s, these clients are still here:
		remaining client pid: 394 (/System/Library/PrivateFrameworks/SafariSafeBrowsing.framework/com.apple.Safari.SafeBrowsing.Service/E3666C27-CF23-3A03-8889-9DD375725564)
		remaining client pid: 224 (/System/Library/PrivateFrameworks/MapsSupport.framework/mapspushd/80410380-C70B-379D-A208-379A35CD2A1C)
		remaining client pid: 203 (/usr/libexec/UniversalControl/D7D8B44D-CD6D-314E-A912-CDB9A90B6672)
		remaining client pid: 183 (/System/Library/PrivateFrameworks/InstallCoordination.framework/Support/installcoordinationd/F2452542-A8C3-3239-BEC1-2E1851DCF83D)
		remaining client pid: 0 (/kernel/B0841348-0448-39A5-BA2B-F99C7CC3D28A)
SIGTERM: [1778941321] All buffers flushed
After 0.97s, these clients are still here:
		remaining client pid: 368 (/System/Library/PrivateFrameworks/EmailDaemon.framework/maild/0A7A6904-414F-3ABF-8DCC-BA0190546546)
		remaining client pid: 324 (/System/Library/PrivateFrameworks/SafariSafeBrowsing.framework/com.apple.Safari.SafeBrowsing.Service/E3666C27-CF23-3A03-8889-9DD375725564)
		remaining client pid: 221 (/System/Library/PrivateFrameworks/MapsSupport.framework/mapspushd/80410380-C70B-379D-A208-379A35CD2A1C)
		remaining client pid: 210 (/usr/libexec/UniversalControl/D7D8B44D-CD6D-314E-A912-CDB9A90B6672)
		remaining client pid: 188 (/System/Library/PrivateFrameworks/InstallCoordination.framework/Support/installcoordinationd/F2452542-A8C3-3239-BEC1-2E1851DCF83D)
		remaining client pid: 113 (/usr/libexec/findmydeviced/B49C6EB8-13DC-3CCF-896B-03F313FBF92C)
		remaining client pid: 0 (/kernel/B0841348-0448-39A5-BA2B-F99C7CC3D28A)
After 0.98s, these clients are still here:
		remaining client pid: 0 (/kernel/B0841348-0448-39A5-BA2B-F99C7CC3D28A)
SIGTERM: [1780036888] All buffers flushed
After 0.91s, these clients are still here:
		remaining client pid: 706 (/System/Library/PrivateFrameworks/SafariSafeBrowsing.framework/com.apple.Safari.SafeBrowsing.Service/E3666C27-CF23-3A03-8889-9DD375725564)
		remaining client pid: 675 (/usr/libexec/UniversalControl/D7D8B44D-CD6D-314E-A912-CDB9A90B6672)
		remaining client pid: 653 (/System/Library/PrivateFrameworks/InstallCoordination.framework/Support/installcoordinationd/F2452542-A8C3-3239-BEC1-2E1851DCF83D)
		remaining client pid: 0 (/kernel/B0841348-0448-39A5-BA2B-F99C7CC3D28A)
After 0.91s, these clients are still here:
		remaining client pid: 0 (/kernel/B0841348-0448-39A5-BA2B-F99C7CC3D28A)
SIGTERM: [1780039168] All buffers flushed
After 0.84s, these clients are still here:
		remaining client pid: 585 (/System/Library/PrivateFrameworks/EmailDaemon.framework/maild/0A7A6904-414F-3ABF-8DCC-BA0190546546)
		remaining client pid: 224 (/usr/libexec/UniversalControl/D7D8B44D-CD6D-314E-A912-CDB9A90B6672)
		remaining client pid: 195 (/System/Library/PrivateFrameworks/FamilyCircle.framework/familycircled/B04C4162-EE68-33D1-97E4-A67E685591D4)
		remaining client pid: 176 (/System/Library/PrivateFrameworks/InstallCoordination.framework/Support/installcoordinationd/F2452542-A8C3-3239-BEC1-2E1851DCF83D)
		remaining client pid: 146 (/usr/libexec/dmd/BEF3300D-788A-3F02-A382-6F164CE7CE4D)
		remaining client pid: 113 (/usr/libexec/findmydeviced/B49C6EB8-13DC-3CCF-896B-03F313FBF92C)
		remaining client pid: 100 (/usr/libexec/PowerUIAgent/22EE2B6E-1E04-3A50-87DD-C59BBFCDD57B)
		remaining client pid: 0 (/kernel/B0841348-0448-39A5-BA2B-F99C7CC3D28A)
After 0.84s, these clients are still here:
		remaining client pid: 0 (/kernel/B0841348-0448-39A5-BA2B-F99C7CC3D28A)
SIGTERM: [1780066539] All buffers flushed
After 0.99s, these clients are still here:
		remaining client pid: 984 (/System/Library/PrivateFrameworks/SafariSafeBrowsing.framework/com.apple.Safari.SafeBrowsing.Service/E3666C27-CF23-3A03-8889-9DD375725564)
		remaining client pid: 876 (/usr/libexec/UniversalControl/D7D8B44D-CD6D-314E-A912-CDB9A90B6672)
		remaining client pid: 856 (/System/Library/PrivateFrameworks/InstallCoordination.framework/Support/installcoordinationd/F2452542-A8C3-3239-BEC1-2E1851DCF83D)
		remaining client pid: 785 (/usr/libexec/duetexpertd/5AA86ADE-7FA8-3716-AAED-C0844FC8D483)
		remaining client pid: 781 (/usr/libexec/findmydeviced/B49C6EB8-13DC-3CCF-896B-03F313FBF92C)
		remaining client pid: 0 (/kernel/B0841348-0448-39A5-BA2B-F99C7CC3D28A)
SIGTERM: [1780066830] All buffers flushed
After 0.98s, these clients are still here:
		remaining client pid: 1970 (/System/Library/PrivateFrameworks/SafariSafeBrowsing.framework/com.apple.Safari.SafeBrowsing.Service/E3666C27-CF23-3A03-8889-9DD375725564)
		remaining client pid: 1708 (/usr/libexec/UniversalControl/D7D8B44D-CD6D-314E-A912-CDB9A90B6672)
		remaining client pid: 1581 (/usr/libexec/PowerUIAgent/22EE2B6E-1E04-3A50-87DD-C59BBFCDD57B)
		remaining client pid: 1589 (/usr/libexec/biomesyncd/90D138B8-54DE-3DA6-A241-9488F9A0CD0E)
		remaining client pid: 0 (/kernel/B0841348-0448-39A5-BA2B-F99C7CC3D28A)
SIGTERM: [1780151038] All buffers flushed
After 0.61s, these clients are still here:
		remaining client pid: 238 (/usr/libexec/UniversalControl/D7D8B44D-CD6D-314E-A912-CDB9A90B6672)
		remaining client pid: 190 (/System/Library/PrivateFrameworks/AuthKit.framework/akd/3665AC82-EC88-3045-B0CC-B4BC53DAF247)
		remaining client pid: 82 (/System/Library/PrivateFrameworks/MapsSupport.framework/navd/1718205E-4A2E-3BB1-9394-B3FC445492B1)
		remaining client pid: 124 (/usr/libexec/dmd/BEF3300D-788A-3F02-A382-6F164CE7CE4D)
		remaining client pid: 113 (/usr/libexec/findmydeviced/B49C6EB8-13DC-3CCF-896B-03F313FBF92C)
		remaining client pid: 111 (/usr/libexec/symptomsd/74CDF213-63F1-359D-80DD-7B3DDC435241)
		remaining client pid: 0 (/kernel/B0841348-0448-39A5-BA2B-F99C7CC3D28A)
After 0.62s, these clients are still here:
		remaining client pid: 0 (/kernel/B0841348-0448-39A5-BA2B-F99C7CC3D28A)
SIGTERM: [1780217374] All buffers flushed
After 0.71s, these clients are still here:
		remaining client pid: 203 (/usr/libexec/UniversalControl/D7D8B44D-CD6D-314E-A912-CDB9A90B6672)
		remaining client pid: 185 (/System/Library/PrivateFrameworks/AuthKit.framework/akd/3665AC82-EC88-3045-B0CC-B4BC53DAF247)
		remaining client pid: 82 (/System/Library/PrivateFrameworks/MapsSupport.framework/navd/1718205E-4A2E-3BB1-9394-B3FC445492B1)
		remaining client pid: 151 (/usr/libexec/dmd/BEF3300D-788A-3F02-A382-6F164CE7CE4D)
		remaining client pid: 111 (/usr/libexec/findmydeviced/B49C6EB8-13DC-3CCF-896B-03F313FBF92C)
		remaining client pid: 109 (/usr/libexec/symptomsd/74CDF213-63F1-359D-80DD-7B3DDC435241)
		remaining client pid: 0 (/kernel/B0841348-0448-39A5-BA2B-F99C7CC3D28A)
SIGTERM: [1780217640] All buffers flushed
After 0.69s, these clients are still here:
		remaining client pid: 219 (/usr/libexec/UniversalControl/D7D8B44D-CD6D-314E-A912-CDB9A90B6672)
		remaining client pid: 188 (/System/Library/PrivateFrameworks/AuthKit.framework/akd/3665AC82-EC88-3045-B0CC-B4BC53DAF247)
		remaining client pid: 82 (/System/Library/PrivateFrameworks/MapsSupport.framework/navd/1718205E-4A2E-3BB1-9394-B3FC445492B1)
		remaining client pid: 144 (/usr/libexec/dmd/BEF3300D-788A-3F02-A382-6F164CE7CE4D)
		remaining client pid: 119 (/usr/libexec/findmydeviced/B49C6EB8-13DC-3CCF-896B-03F313FBF92C)
		remaining client pid: 116 (/usr/libexec/symptomsd/74CDF213-63F1-359D-80DD-7B3DDC435241)
		remaining client pid: 0 (/kernel/B0841348-0448-39A5-BA2B-F99C7CC3D28A)
SIGTERM: [1780217805] All buffers flushed
After 0.71s, these clients are still here:
		remaining client pid: 199 (/usr/libexec/UniversalControl/D7D8B44D-CD6D-314E-A912-CDB9A90B6672)
		remaining client pid: 183 (/System/Library/PrivateFrameworks/AuthKit.framework/akd/3665AC82-EC88-3045-B0CC-B4BC53DAF247)
		remaining client pid: 82 (/System/Library/PrivateFrameworks/MapsSupport.framework/navd/1718205E-4A2E-3BB1-9394-B3FC445492B1)
		remaining client pid: 151 (/usr/libexec/dmd/BEF3300D-788A-3F02-A382-6F164CE7CE4D)
		remaining client pid: 111 (/usr/libexec/findmydeviced/B49C6EB8-13DC-3CCF-896B-03F313FBF92C)
		remaining client pid: 109 (/usr/libexec/symptomsd/74CDF213-63F1-359D-80DD-7B3DDC435241)
		remaining client pid: 0 (/kernel/B0841348-0448-39A5-BA2B-F99C7CC3D28A)
SIGTERM: [1780217946] All buffers flushed
After 0.86s, these clients are still here:
		remaining client pid: 351 (/System/Library/PrivateFrameworks/EmailDaemon.framework/maild/0A7A6904-414F-3ABF-8DCC-BA0190546546)
		remaining client pid: 251 (/usr/libexec/duetexpertd/5AA86ADE-7FA8-3716-AAED-C0844FC8D483)
		remaining client pid: 218 (/System/Library/PrivateFrameworks/MapsSupport.framework/mapspushd/80410380-C70B-379D-A208-379A35CD2A1C)
		remaining client pid: 197 (/usr/libexec/UniversalControl/D7D8B44D-CD6D-314E-A912-CDB9A90B6672)
		remaining client pid: 176 (/System/Library/PrivateFrameworks/InstallCoordination.framework/Support/installcoordinationd/F2452542-A8C3-3239-BEC1-2E1851DCF83D)
		remaining client pid: 0 (/kernel/B0841348-0448-39A5-BA2B-F99C7CC3D28A)
After 0.87s, these clients are still here:
		remaining client pid: 0 (/kernel/B0841348-0448-39A5-BA2B-F99C7CC3D28A)
SIGTERM: [1780220348] All buffers flushed
After 0.84s, these clients are still here:
		remaining client pid: 1122 (/System/Library/PrivateFrameworks/SafariSafeBrowsing.framework/com.apple.Safari.SafeBrowsing.Service/E3666C27-CF23-3A03-8889-9DD375725564)
		remaining client pid: 692 (/usr/libexec/UniversalControl/D7D8B44D-CD6D-314E-A912-CDB9A90B6672)
		remaining client pid: 678 (/System/Library/PrivateFrameworks/InstallCoordination.framework/Support/installcoordinationd/F2452542-A8C3-3239-BEC1-2E1851DCF83D)
		remaining client pid: 0 (/kernel/B0841348-0448-39A5-BA2B-F99C7CC3D28A)
SIGTERM: [1780234073] All buffers flushed
After 0.88s, these clients are still here:
		remaining client pid: 369 (/System/Library/PrivateFrameworks/CloudDocs.framework/PlugIns/com.apple.CloudDocs.iCloudDriveFileProvider.appex/com.apple.CloudDocs.iCloudDriveFileProvider/B7ABEF76-103B-3688-8FD3-144898E0FEE7)
		remaining client pid: 234 (/usr/libexec/duetexpertd/5AA86ADE-7FA8-3716-AAED-C0844FC8D483)
		remaining client pid: 219 (/System/Library/PrivateFrameworks/MapsSupport.framework/mapspushd/80410380-C70B-379D-A208-379A35CD2A1C)
		remaining client pid: 206 (/usr/libexec/UniversalControl/D7D8B44D-CD6D-314E-A912-CDB9A90B6672)
		remaining client pid: 174 (/System/Library/PrivateFrameworks/InstallCoordination.framework/Support/installcoordinationd/F2452542-A8C3-3239-BEC1-2E1851DCF83D)
		remaining client pid: 111 (/usr/libexec/findmydeviced/B49C6EB8-13DC-3CCF-896B-03F313FBF92C)
		remaining client pid: 0 (/kernel/B0841348-0448-39A5-BA2B-F99C7CC3D28A)
After 0.89s, these clients are still here:
		remaining client pid: 0 (/kernel/B0841348-0448-39A5-BA2B-F99C7CC3D28A)
SIGTERM: [1780237892] All buffers flushed
After 0.97s, these clients are still here:
		remaining client pid: 826 (/System/Library/PrivateFrameworks/SafariSafeBrowsing.framework/com.apple.Safari.SafeBrowsing.Service/E3666C27-CF23-3A03-8889-9DD375725564)
		remaining client pid: 670 (/usr/libexec/UniversalControl/D7D8B44D-CD6D-314E-A912-CDB9A90B6672)
		remaining client pid: 653 (/System/Library/PrivateFrameworks/InstallCoordination.framework/Support/installcoordinationd/F2452542-A8C3-3239-BEC1-2E1851DCF83D)
		remaining client pid: 561 (/usr/libexec/duetexpertd/5AA86ADE-7FA8-3716-AAED-C0844FC8D483)
		remaining client pid: 576 (/usr/libexec/findmydeviced/B49C6EB8-13DC-3CCF-896B-03F313FBF92C)
		remaining client pid: 0 (/kernel/B0841348-0448-39A5-BA2B-F99C7CC3D28A)
SIGTERM: [1780297108] All buffers flushed
After 0.79s, these clients are still here:
		remaining client pid: 251 (/System/Library/PrivateFrameworks/ActionPredictionHeuristics.framework/XPCServices/HeuristicInterpreter.xpc/HeuristicInterpreter/1255678A-5607-3809-9157-532FBEAC1908)
		remaining client pid: 81 (/usr/libexec/remindd/F40D3228-7C65-3A9B-99F9-5D0CED72F137)
		remaining client pid: 161 (/System/Library/PrivateFrameworks/WatchListKit.framework/Support/watchlistd/C1D46837-1CEC-39DC-9DD5-DE65AA892C22)
		remaining client pid: 236 (/System/Library/PrivateFrameworks/MediaAnalysis.framework/mediaanalysisd/32823C6D-905D-3143-BDCE-254B43593476)
		remaining client pid: 229 (/System/Library/PrivateFrameworks/ProtectedCloudStorage.framework/Helpers/ProtectedCloudKeySyncing/5A900E80-47D7-3BE1-95A5-703403BFA14A)
		remaining client pid: 208 (/System/Library/PrivateFrameworks/iCloudNotification.framework/ind/C7D2BFD9-EF95-3EDC-A5FF-9D1C0F93A4D0)
		remaining client pid: 215 (/System/Library/Frameworks/AssetsLibrary.framework/Support/assetsd/7F6D3209-98E6-341B-AB06-E0C0B553EA43)
		remaining client pid: 200 (/usr/libexec/UniversalControl/D7D8B44D-CD6D-314E-A912-CDB9A90B6672)
		remaining client pid: 176 (/System/Library/PrivateFrameworks/InstallCoordination.framework/Support/installcoordinationd/F2452542-A8C3-3239-BEC1-2E1851DCF83D)
		remaining client pid: 88 (/System/Library/PrivateFrameworks/AppleMediaServices.framework/amsaccountsd/6B73A0F2-D31B-3517-A5E2-3FF25684DE9B)
		remaining client pid: 160 (/usr/libexec/duetexpertd/5AA86ADE-7FA8-3716-AAED-C0844FC8D483)
		remaining client pid: 145 (/usr/libexec/dmd/BEF3300D-788A-3F02-A382-6F164CE7CE4D)
		remaining client pid: 34 (/System/Library/PrivateFrameworks/AssistantServices.framework/assistantd/477CC714-785D-3AB5-928F-BF83E7B1E530)
		remaining client pid: 111 (/usr/libexec/findmydeviced/B49C6EB8-13DC-3CCF-896B-03F313FBF92C)
		remaining client pid: 0 (/kernel/B0841348-0448-39A5-BA2B-F99C7CC3D28A)
After 1.30s, these clients are still here:
		remaining client pid: 81 (/usr/libexec/remindd/F40D3228-7C65-3A9B-99F9-5D0CED72F137)
		remaining client pid: 161 (/System/Library/PrivateFrameworks/WatchListKit.framework/Support/watchlistd/C1D46837-1CEC-39DC-9DD5-DE65AA892C22)
		remaining client pid: 236 (/System/Library/PrivateFrameworks/MediaAnalysis.framework/mediaanalysisd/32823C6D-905D-3143-BDCE-254B43593476)
		remaining client pid: 229 (/System/Library/PrivateFrameworks/ProtectedCloudStorage.framework/Helpers/ProtectedCloudKeySyncing/5A900E80-47D7-3BE1-95A5-703403BFA14A)
		remaining client pid: 208 (/System/Library/PrivateFrameworks/iCloudNotification.framework/ind/C7D2BFD9-EF95-3EDC-A5FF-9D1C0F93A4D0)
		remaining client pid: 215 (/System/Library/Frameworks/AssetsLibrary.framework/Support/assetsd/7F6D3209-98E6-341B-AB06-E0C0B553EA43)
		remaining client pid: 200 (/usr/libexec/UniversalControl/D7D8B44D-CD6D-314E-A912-CDB9A90B6672)
		remaining client pid: 176 (/System/Library/PrivateFrameworks/InstallCoordination.framework/Support/installcoordinationd/F2452542-A8C3-3239-BEC1-2E1851DCF83D)
		remaining client pid: 88 (/System/Library/PrivateFrameworks/AppleMediaServices.framework/amsaccountsd/6B73A0F2-D31B-3517-A5E2-3FF25684DE9B)
		remaining client pid: 160 (/usr/libexec/duetexpertd/5AA86ADE-7FA8-3716-AAED-C0844FC8D483)
		remaining client pid: 145 (/usr/libexec/dmd/BEF3300D-788A-3F02-A382-6F164CE7CE4D)
		remaining client pid: 34 (/System/Library/PrivateFrameworks/AssistantServices.framework/assistantd/477CC714-785D-3AB5-928F-BF83E7B1E530)
		remaining client pid: 111 (/usr/libexec/findmydeviced/B49C6EB8-13DC-3CCF-896B-03F313FBF92C)
		remaining client pid: 0 (/kernel/B0841348-0448-39A5-BA2B-F99C7CC3D28A)
After 1.80s, these clients are still here:
		remaining client pid: 81 (/usr/libexec/remindd/F40D3228-7C65-3A9B-99F9-5D0CED72F137)
		remaining client pid: 161 (/System/Library/PrivateFrameworks/WatchListKit.framework/Support/watchlistd/C1D46837-1CEC-39DC-9DD5-DE65AA892C22)
		remaining client pid: 236 (/System/Library/PrivateFrameworks/MediaAnalysis.framework/mediaanalysisd/32823C6D-905D-3143-BDCE-254B43593476)
		remaining client pid: 229 (/System/Library/PrivateFrameworks/ProtectedCloudStorage.framework/Helpers/ProtectedCloudKeySyncing/5A900E80-47D7-3BE1-95A5-703403BFA14A)
		remaining client pid: 208 (/System/Library/PrivateFrameworks/iCloudNotification.framework/ind/C7D2BFD9-EF95-3EDC-A5FF-9D1C0F93A4D0)
		remaining client pid: 215 (/System/Library/Frameworks/AssetsLibrary.framework/Support/assetsd/7F6D3209-98E6-341B-AB06-E0C0B553EA43)
		remaining client pid: 200 (/usr/libexec/UniversalControl/D7D8B44D-CD6D-314E-A912-CDB9A90B6672)
		remaining client pid: 176 (/System/Library/PrivateFrameworks/InstallCoordination.framework/Support/installcoordinationd/F2452542-A8C3-3239-BEC1-2E1851DCF83D)
		remaining client pid: 88 (/System/Library/PrivateFrameworks/AppleMediaServices.framework/amsaccountsd/6B73A0F2-D31B-3517-A5E2-3FF25684DE9B)
		remaining client pid: 160 (/usr/libexec/duetexpertd/5AA86ADE-7FA8-3716-AAED-C0844FC8D483)
		remaining client pid: 145 (/usr/libexec/dmd/BEF3300D-788A-3F02-A382-6F164CE7CE4D)
		remaining client pid: 34 (/System/Library/PrivateFrameworks/AssistantServices.framework/assistantd/477CC714-785D-3AB5-928F-BF83E7B1E530)
		remaining client pid: 111 (/usr/libexec/findmydeviced/B49C6EB8-13DC-3CCF-896B-03F313FBF92C)
		remaining client pid: 0 (/kernel/B0841348-0448-39A5-BA2B-F99C7CC3D28A)
After 2.30s, these clients are still here:
		remaining client pid: 81 (/usr/libexec/remindd/F40D3228-7C65-3A9B-99F9-5D0CED72F137)
		remaining client pid: 161 (/System/Library/PrivateFrameworks/WatchListKit.framework/Support/watchlistd/C1D46837-1CEC-39DC-9DD5-DE65AA892C22)
		remaining client pid: 236 (/System/Library/PrivateFrameworks/MediaAnalysis.framework/mediaanalysisd/32823C6D-905D-3143-BDCE-254B43593476)
		remaining client pid: 229 (/System/Library/PrivateFrameworks/ProtectedCloudStorage.framework/Helpers/ProtectedCloudKeySyncing/5A900E80-47D7-3BE1-95A5-703403BFA14A)
		remaining client pid: 208 (/System/Library/PrivateFrameworks/iCloudNotification.framework/ind/C7D2BFD9-EF95-3EDC-A5FF-9D1C0F93A4D0)
		remaining client pid: 200 (/usr/libexec/UniversalControl/D7D8B44D-CD6D-314E-A912-CDB9A90B6672)
		remaining client pid: 176 (/System/Library/PrivateFrameworks/InstallCoordination.framework/Support/installcoordinationd/F2452542-A8C3-3239-BEC1-2E1851DCF83D)
		remaining client pid: 88 (/System/Library/PrivateFrameworks/AppleMediaServices.framework/amsaccountsd/6B73A0F2-D31B-3517-A5E2-3FF25684DE9B)
		remaining client pid: 160 (/usr/libexec/duetexpertd/5AA86ADE-7FA8-3716-AAED-C0844FC8D483)
		remaining client pid: 145 (/usr/libexec/dmd/BEF3300D-788A-3F02-A382-6F164CE7CE4D)
		remaining client pid: 34 (/System/Library/PrivateFrameworks/AssistantServices.framework/assistantd/477CC714-785D-3AB5-928F-BF83E7B1E530)
		remaining client pid: 111 (/usr/libexec/findmydeviced/B49C6EB8-13DC-3CCF-896B-03F313FBF92C)
		remaining client pid: 0 (/kernel/B0841348-0448-39A5-BA2B-F99C7CC3D28A)
After 2.31s, these clients are still here:
		remaining client pid: 0 (/kernel/B0841348-0448-39A5-BA2B-F99C7CC3D28A)
SIGTERM: [1780297190] All buffers flushed
After 1.01s, these clients are still here:
		remaining client pid: 978 (/System/Library/PrivateFrameworks/SafariSafeBrowsing.framework/com.apple.Safari.SafeBrowsing.Service/E3666C27-CF23-3A03-8889-9DD375725564)
		remaining client pid: 533 (/usr/libexec/UniversalControl/D7D8B44D-CD6D-314E-A912-CDB9A90B6672)
		remaining client pid: 514 (/System/Library/PrivateFrameworks/InstallCoordination.framework/Support/installcoordinationd/F2452542-A8C3-3239-BEC1-2E1851DCF83D)
		remaining client pid: 433 (/usr/libexec/findmydeviced/B49C6EB8-13DC-3CCF-896B-03F313FBF92C)
		remaining client pid: 0 (/kernel/B0841348-0448-39A5-BA2B-F99C7CC3D28A)
SIGTERM: [1780310038] All buffers flushed
After 0.89s, these clients are still here:
		remaining client pid: 219 (/usr/libexec/UniversalControl/D7D8B44D-CD6D-314E-A912-CDB9A90B6672)
		remaining client pid: 173 (/System/Library/PrivateFrameworks/InstallCoordination.framework/Support/installcoordinationd/F2452542-A8C3-3239-BEC1-2E1851DCF83D)
		remaining client pid: 114 (/usr/libexec/findmydeviced/B49C6EB8-13DC-3CCF-896B-03F313FBF92C)
		remaining client pid: 0 (/kernel/B0841348-0448-39A5-BA2B-F99C7CC3D28A)
SIGTERM: [1780310373] All buffers flushed
After 0.86s, these clients are still here:
		remaining client pid: 255 (/System/Library/PrivateFrameworks/ProtectedCloudStorage.framework/Helpers/ProtectedCloudKeySyncing/5A900E80-47D7-3BE1-95A5-703403BFA14A)
		remaining client pid: 246 (/System/Library/Frameworks/AssetsLibrary.framework/Support/assetsd/7F6D3209-98E6-341B-AB06-E0C0B553EA43)
		remaining client pid: 237 (/usr/libexec/duetexpertd/5AA86ADE-7FA8-3716-AAED-C0844FC8D483)
		remaining client pid: 238 (/System/Library/PrivateFrameworks/iCloudNotification.framework/ind/C7D2BFD9-EF95-3EDC-A5FF-9D1C0F93A4D0)
		remaining client pid: 232 (/usr/libexec/UniversalControl/D7D8B44D-CD6D-314E-A912-CDB9A90B6672)
		remaining client pid: 219 (/System/Library/PrivateFrameworks/MapsSupport.framework/mapspushd/80410380-C70B-379D-A208-379A35CD2A1C)
		remaining client pid: 180 (/usr/libexec/searchpartyd/0C88D348-246C-3F33-B6A6-529C0FCBEECC)
		remaining client pid: 177 (/System/Library/PrivateFrameworks/InstallCoordination.framework/Support/installcoordinationd/F2452542-A8C3-3239-BEC1-2E1851DCF83D)
		remaining client pid: 34 (/System/Library/PrivateFrameworks/AssistantServices.framework/assistantd/477CC714-785D-3AB5-928F-BF83E7B1E530)
		remaining client pid: 131 (/usr/libexec/dmd/BEF3300D-788A-3F02-A382-6F164CE7CE4D)
		remaining client pid: 128 (/System/Library/PrivateFrameworks/VoiceShortcuts.framework/Support/siriactionsd/7A94BF4A-DF6F-3C40-A761-1DBFA75E4BCB)
		remaining client pid: 116 (/usr/libexec/findmydeviced/B49C6EB8-13DC-3CCF-896B-03F313FBF92C)
		remaining client pid: 75 (/System/Library/PrivateFrameworks/PassKitCore.framework/passd/1150EB03-4BBF-34E4-A9E6-B7B9D80480D8)
		remaining client pid: 89 (/System/Library/Frameworks/CoreTelephony.framework/Support/CommCenter/6D8DBACC-4AC7-3773-819B-35A4DC6BB629)
		remaining client pid: 0 (/kernel/B0841348-0448-39A5-BA2B-F99C7CC3D28A)
After 1.36s, these clients are still here:
		remaining client pid: 255 (/System/Library/PrivateFrameworks/ProtectedCloudStorage.framework/Helpers/ProtectedCloudKeySyncing/5A900E80-47D7-3BE1-95A5-703403BFA14A)
		remaining client pid: 246 (/System/Library/Frameworks/AssetsLibrary.framework/Support/assetsd/7F6D3209-98E6-341B-AB06-E0C0B553EA43)
		remaining client pid: 237 (/usr/libexec/duetexpertd/5AA86ADE-7FA8-3716-AAED-C0844FC8D483)
		remaining client pid: 238 (/System/Library/PrivateFrameworks/iCloudNotification.framework/ind/C7D2BFD9-EF95-3EDC-A5FF-9D1C0F93A4D0)
		remaining client pid: 232 (/usr/libexec/UniversalControl/D7D8B44D-CD6D-314E-A912-CDB9A90B6672)
		remaining client pid: 219 (/System/Library/PrivateFrameworks/MapsSupport.framework/mapspushd/80410380-C70B-379D-A208-379A35CD2A1C)
		remaining client pid: 177 (/System/Library/PrivateFrameworks/InstallCoordination.framework/Support/installcoordinationd/F2452542-A8C3-3239-BEC1-2E1851DCF83D)
		remaining client pid: 34 (/System/Library/PrivateFrameworks/AssistantServices.framework/assistantd/477CC714-785D-3AB5-928F-BF83E7B1E530)
		remaining client pid: 131 (/usr/libexec/dmd/BEF3300D-788A-3F02-A382-6F164CE7CE4D)
		remaining client pid: 116 (/usr/libexec/findmydeviced/B49C6EB8-13DC-3CCF-896B-03F313FBF92C)
		remaining client pid: 0 (/kernel/B0841348-0448-39A5-BA2B-F99C7CC3D28A)
After 1.86s, these clients are still here:
		remaining client pid: 255 (/System/Library/PrivateFrameworks/ProtectedCloudStorage.framework/Helpers/ProtectedCloudKeySyncing/5A900E80-47D7-3BE1-95A5-703403BFA14A)
		remaining client pid: 246 (/System/Library/Frameworks/AssetsLibrary.framework/Support/assetsd/7F6D3209-98E6-341B-AB06-E0C0B553EA43)
		remaining client pid: 237 (/usr/libexec/duetexpertd/5AA86ADE-7FA8-3716-AAED-C0844FC8D483)
		remaining client pid: 238 (/System/Library/PrivateFrameworks/iCloudNotification.framework/ind/C7D2BFD9-EF95-3EDC-A5FF-9D1C0F93A4D0)
		remaining client pid: 232 (/usr/libexec/UniversalControl/D7D8B44D-CD6D-314E-A912-CDB9A90B6672)
		remaining client pid: 219 (/System/Library/PrivateFrameworks/MapsSupport.framework/mapspushd/80410380-C70B-379D-A208-379A35CD2A1C)
		remaining client pid: 177 (/System/Library/PrivateFrameworks/InstallCoordination.framework/Support/installcoordinationd/F2452542-A8C3-3239-BEC1-2E1851DCF83D)
		remaining client pid: 34 (/System/Library/PrivateFrameworks/AssistantServices.framework/assistantd/477CC714-785D-3AB5-928F-BF83E7B1E530)
		remaining client pid: 131 (/usr/libexec/dmd/BEF3300D-788A-3F02-A382-6F164CE7CE4D)
		remaining client pid: 116 (/usr/libexec/findmydeviced/B49C6EB8-13DC-3CCF-896B-03F313FBF92C)
		remaining client pid: 0 (/kernel/B0841348-0448-39A5-BA2B-F99C7CC3D28A)
After 2.37s, these clients are still here:
		remaining client pid: 255 (/System/Library/PrivateFrameworks/ProtectedCloudStorage.framework/Helpers/ProtectedCloudKeySyncing/5A900E80-47D7-3BE1-95A5-703403BFA14A)
		remaining client pid: 246 (/System/Library/Frameworks/AssetsLibrary.framework/Support/assetsd/7F6D3209-98E6-341B-AB06-E0C0B553EA43)
		remaining client pid: 237 (/usr/libexec/duetexpertd/5AA86ADE-7FA8-3716-AAED-C0844FC8D483)
		remaining client pid: 238 (/System/Library/PrivateFrameworks/iCloudNotification.framework/ind/C7D2BFD9-EF95-3EDC-A5FF-9D1C0F93A4D0)
		remaining client pid: 232 (/usr/libexec/UniversalControl/D7D8B44D-CD6D-314E-A912-CDB9A90B6672)
		remaining client pid: 219 (/System/Library/PrivateFrameworks/MapsSupport.framework/mapspushd/80410380-C70B-379D-A208-379A35CD2A1C)
		remaining client pid: 177 (/System/Library/PrivateFrameworks/InstallCoordination.framework/Support/installcoordinationd/F2452542-A8C3-3239-BEC1-2E1851DCF83D)
		remaining client pid: 34 (/System/Library/PrivateFrameworks/AssistantServices.framework/assistantd/477CC714-785D-3AB5-928F-BF83E7B1E530)
		remaining client pid: 131 (/usr/libexec/dmd/BEF3300D-788A-3F02-A382-6F164CE7CE4D)
		remaining client pid: 116 (/usr/libexec/findmydeviced/B49C6EB8-13DC-3CCF-896B-03F313FBF92C)
		remaining client pid: 0 (/kernel/B0841348-0448-39A5-BA2B-F99C7CC3D28A)
After 2.37s, these clients are still here:
		remaining client pid: 0 (/kernel/B0841348-0448-39A5-BA2B-F99C7CC3D28A)
SIGTERM: [1780311861] All buffers flushed
After 1.11s, these clients are still here:
		remaining client pid: 623 (/System/Library/PrivateFrameworks/EmailDaemon.framework/maild/0A7A6904-414F-3ABF-8DCC-BA0190546546)
		remaining client pid: 427 (/System/Library/PrivateFrameworks/WatchListKit.framework/Support/watchlistd/C1D46837-1CEC-39DC-9DD5-DE65AA892C22)
		remaining client pid: 541 (/usr/libexec/UniversalControl/D7D8B44D-CD6D-314E-A912-CDB9A90B6672)
		remaining client pid: 510 (/System/Library/PrivateFrameworks/InstallCoordination.framework/Support/installcoordinationd/F2452542-A8C3-3239-BEC1-2E1851DCF83D)
		remaining client pid: 296 (/System/Library/PrivateFrameworks/AssistantServices.framework/assistantd/477CC714-785D-3AB5-928F-BF83E7B1E530)
		remaining client pid: 446 (/System/Library/VideoCodecs/SysBins/System/Library/CoreServices/iconservicesagent/42257C26-4F7F-3552-AFFA-001954F23D33)
		remaining client pid: 433 (/usr/libexec/findmydeviced/B49C6EB8-13DC-3CCF-896B-03F313FBF92C)
		remaining client pid: 424 (/usr/libexec/duetexpertd/5AA86ADE-7FA8-3716-AAED-C0844FC8D483)
		remaining client pid: 0 (/kernel/B0841348-0448-39A5-BA2B-F99C7CC3D28A)
After 1.11s, these clients are still here:
		remaining client pid: 0 (/kernel/B0841348-0448-39A5-BA2B-F99C7CC3D28A)
SIGTERM: [1780311923] All buffers flushed
After 1.10s, these clients are still here:
		remaining client pid: 226 (/System/Library/PrivateFrameworks/ProtectedCloudStorage.framework/Helpers/ProtectedCloudKeySyncing/5A900E80-47D7-3BE1-95A5-703403BFA14A)
		remaining client pid: 219 (/usr/libexec/UniversalControl/D7D8B44D-CD6D-314E-A912-CDB9A90B6672)
		remaining client pid: 205 (/System/Library/PrivateFrameworks/iCloudNotification.framework/ind/C7D2BFD9-EF95-3EDC-A5FF-9D1C0F93A4D0)
		remaining client pid: 216 (/System/Library/Frameworks/AssetsLibrary.framework/Support/assetsd/7F6D3209-98E6-341B-AB06-E0C0B553EA43)
		remaining client pid: 175 (/System/Library/PrivateFrameworks/InstallCoordination.framework/Support/installcoordinationd/F2452542-A8C3-3239-BEC1-2E1851DCF83D)
		remaining client pid: 88 (/System/Library/PrivateFrameworks/AppleMediaServices.framework/amsaccountsd/6B73A0F2-D31B-3517-A5E2-3FF25684DE9B)
		remaining client pid: 155 (/usr/libexec/duetexpertd/5AA86ADE-7FA8-3716-AAED-C0844FC8D483)
		remaining client pid: 34 (/System/Library/PrivateFrameworks/AssistantServices.framework/assistantd/477CC714-785D-3AB5-928F-BF83E7B1E530)
		remaining client pid: 144 (/usr/libexec/dmd/BEF3300D-788A-3F02-A382-6F164CE7CE4D)
		remaining client pid: 137 (/System/Library/PrivateFrameworks/CoreParsec.framework/parsec-fbf/2B6B2586-0E66-3AE3-9EB5-752953E48F7E)
		remaining client pid: 115 (/usr/libexec/findmydeviced/B49C6EB8-13DC-3CCF-896B-03F313FBF92C)
		remaining client pid: 110 (/System/Library/PrivateFrameworks/ChronoCore.framework/Support/chronod/1C649EBC-C5CF-3854-B8CE-4A4837BAAB05)
		remaining client pid: 45 (/usr/libexec/atc/E92B203D-86C7-3AB6-9253-DD598156C0BA)
		remaining client pid: 0 (/kernel/B0841348-0448-39A5-BA2B-F99C7CC3D28A)
After 1.60s, these clients are still here:
		remaining client pid: 226 (/System/Library/PrivateFrameworks/ProtectedCloudStorage.framework/Helpers/ProtectedCloudKeySyncing/5A900E80-47D7-3BE1-95A5-703403BFA14A)
		remaining client pid: 219 (/usr/libexec/UniversalControl/D7D8B44D-CD6D-314E-A912-CDB9A90B6672)
		remaining client pid: 205 (/System/Library/PrivateFrameworks/iCloudNotification.framework/ind/C7D2BFD9-EF95-3EDC-A5FF-9D1C0F93A4D0)
		remaining client pid: 216 (/System/Library/Frameworks/AssetsLibrary.framework/Support/assetsd/7F6D3209-98E6-341B-AB06-E0C0B553EA43)
		remaining client pid: 175 (/System/Library/PrivateFrameworks/InstallCoordination.framework/Support/installcoordinationd/F2452542-A8C3-3239-BEC1-2E1851DCF83D)
		remaining client pid: 88 (/System/Library/PrivateFrameworks/AppleMediaServices.framework/amsaccountsd/6B73A0F2-D31B-3517-A5E2-3FF25684DE9B)
		remaining client pid: 155 (/usr/libexec/duetexpertd/5AA86ADE-7FA8-3716-AAED-C0844FC8D483)
		remaining client pid: 34 (/System/Library/PrivateFrameworks/AssistantServices.framework/assistantd/477CC714-785D-3AB5-928F-BF83E7B1E530)
		remaining client pid: 144 (/usr/libexec/dmd/BEF3300D-788A-3F02-A382-6F164CE7CE4D)
		remaining client pid: 137 (/System/Library/PrivateFrameworks/CoreParsec.framework/parsec-fbf/2B6B2586-0E66-3AE3-9EB5-752953E48F7E)
		remaining client pid: 115 (/usr/libexec/findmydeviced/B49C6EB8-13DC-3CCF-896B-03F313FBF92C)
		remaining client pid: 110 (/System/Library/PrivateFrameworks/ChronoCore.framework/Support/chronod/1C649EBC-C5CF-3854-B8CE-4A4837BAAB05)
		remaining client pid: 45 (/usr/libexec/atc/E92B203D-86C7-3AB6-9253-DD598156C0BA)
		remaining client pid: 0 (/kernel/B0841348-0448-39A5-BA2B-F99C7CC3D28A)
After 2.11s, these clients are still here:
		remaining client pid: 226 (/System/Library/PrivateFrameworks/ProtectedCloudStorage.framework/Helpers/ProtectedCloudKeySyncing/5A900E80-47D7-3BE1-95A5-703403BFA14A)
		remaining client pid: 219 (/usr/libexec/UniversalControl/D7D8B44D-CD6D-314E-A912-CDB9A90B6672)
		remaining client pid: 205 (/System/Library/PrivateFrameworks/iCloudNotification.framework/ind/C7D2BFD9-EF95-3EDC-A5FF-9D1C0F93A4D0)
		remaining client pid: 216 (/System/Library/Frameworks/AssetsLibrary.framework/Support/assetsd/7F6D3209-98E6-341B-AB06-E0C0B553EA43)
		remaining client pid: 175 (/System/Library/PrivateFrameworks/InstallCoordination.framework/Support/installcoordinationd/F2452542-A8C3-3239-BEC1-2E1851DCF83D)
		remaining client pid: 155 (/usr/libexec/duetexpertd/5AA86ADE-7FA8-3716-AAED-C0844FC8D483)
		remaining client pid: 34 (/System/Library/PrivateFrameworks/AssistantServices.framework/assistantd/477CC714-785D-3AB5-928F-BF83E7B1E530)
		remaining client pid: 144 (/usr/libexec/dmd/BEF3300D-788A-3F02-A382-6F164CE7CE4D)
		remaining client pid: 137 (/System/Library/PrivateFrameworks/CoreParsec.framework/parsec-fbf/2B6B2586-0E66-3AE3-9EB5-752953E48F7E)
		remaining client pid: 115 (/usr/libexec/findmydeviced/B49C6EB8-13DC-3CCF-896B-03F313FBF92C)
		remaining client pid: 110 (/System/Library/PrivateFrameworks/ChronoCore.framework/Support/chronod/1C649EBC-C5CF-3854-B8CE-4A4837BAAB05)
		remaining client pid: 45 (/usr/libexec/atc/E92B203D-86C7-3AB6-9253-DD598156C0BA)
		remaining client pid: 0 (/kernel/B0841348-0448-39A5-BA2B-F99C7CC3D28A)
After 2.11s, these clients are still here:
		remaining client pid: 0 (/kernel/B0841348-0448-39A5-BA2B-F99C7CC3D28A)
SIGTERM: [1780311985] All buffers flushed
After 0.98s, these clients are still here:
		remaining client pid: 498 (/usr/libexec/UniversalControl/D7D8B44D-CD6D-314E-A912-CDB9A90B6672)
		remaining client pid: 469 (/System/Library/PrivateFrameworks/InstallCoordination.framework/Support/installcoordinationd/F2452542-A8C3-3239-BEC1-2E1851DCF83D)
		remaining client pid: 428 (/System/Library/PrivateFrameworks/VoiceShortcuts.framework/Support/siriactionsd/7A94BF4A-DF6F-3C40-A761-1DBFA75E4BCB)
		remaining client pid: 389 (/usr/libexec/findmydeviced/B49C6EB8-13DC-3CCF-896B-03F313FBF92C)
		remaining client pid: 360 (/usr/libexec/biomesyncd/90D138B8-54DE-3DA6-A241-9488F9A0CD0E)
		remaining client pid: 0 (/kernel/B0841348-0448-39A5-BA2B-F99C7CC3D28A)
After 0.99s, these clients are still here:
		remaining client pid: 0 (/kernel/B0841348-0448-39A5-BA2B-F99C7CC3D28A)
SIGTERM: [1780312063] All buffers flushed
After 0.79s, these clients are still here:
		remaining client pid: 263 (/System/Library/PrivateFrameworks/SafariSafeBrowsing.framework/com.apple.Safari.SafeBrowsing.Service/E3666C27-CF23-3A03-8889-9DD375725564)
		remaining client pid: 232 (/usr/libexec/duetexpertd/5AA86ADE-7FA8-3716-AAED-C0844FC8D483)
		remaining client pid: 218 (/System/Library/PrivateFrameworks/MapsSupport.framework/mapspushd/80410380-C70B-379D-A208-379A35CD2A1C)
		remaining client pid: 203 (/usr/libexec/UniversalControl/D7D8B44D-CD6D-314E-A912-CDB9A90B6672)
		remaining client pid: 178 (/System/Library/PrivateFrameworks/InstallCoordination.framework/Support/installcoordinationd/F2452542-A8C3-3239-BEC1-2E1851DCF83D)
		remaining client pid: 112 (/usr/libexec/findmydeviced/B49C6EB8-13DC-3CCF-896B-03F313FBF92C)
		remaining client pid: 0 (/kernel/B0841348-0448-39A5-BA2B-F99C7CC3D28A)
SIGTERM: [1780312179] All buffers flushed
After 1.31s, these clients are still here:
		remaining client pid: 581 (/System/Library/PrivateFrameworks/ProtectedCloudStorage.framework/Helpers/ProtectedCloudKeySyncing/5A900E80-47D7-3BE1-95A5-703403BFA14A)
		remaining client pid: 575 (/usr/libexec/UniversalControl/D7D8B44D-CD6D-314E-A912-CDB9A90B6672)
		remaining client pid: 562 (/System/Library/PrivateFrameworks/InstallCoordination.framework/Support/installcoordinationd/F2452542-A8C3-3239-BEC1-2E1851DCF83D)
		remaining client pid: 406 (/System/Library/PrivateFrameworks/AppleMediaServices.framework/amsaccountsd/6B73A0F2-D31B-3517-A5E2-3FF25684DE9B)
		remaining client pid: 540 (/System/Library/PrivateFrameworks/ContextKit.framework/XPCServices/ContextService.xpc/ContextService/6B9E3606-C845-3C68-B542-3BAD4D71B3F6)
		remaining client pid: 520 (/System/Library/Frameworks/StoreKit.framework/Support/storekitd/2A3CD2CE-6D3D-362E-B479-5F35FC2EF541)
		remaining client pid: 521 (/usr/libexec/siriknowledged/A583797F-1A05-365F-8F3F-9CD31BDEA5E0)
		remaining client pid: 531 (/System/Library/PrivateFrameworks/CoreParsec.framework/parsec-fbf/2B6B2586-0E66-3AE3-9EB5-752953E48F7E)
		remaining client pid: 518 (/usr/libexec/videosubscriptionsd/79719546-7976-38FD-9AC3-B3FAECCA5F5E)
		remaining client pid: 350 (/System/Library/PrivateFrameworks/AssistantServices.framework/assistantd/477CC714-785D-3AB5-928F-BF83E7B1E530)
		remaining client pid: 495 (/usr/libexec/findmydeviced/B49C6EB8-13DC-3CCF-896B-03F313FBF92C)
		remaining client pid: 480 (/usr/libexec/duetexpertd/5AA86ADE-7FA8-3716-AAED-C0844FC8D483)
		remaining client pid: 458 (/usr/libexec/securityd/9F34F8A0-722F-3F5B-8C84-0A47E8271611)
		remaining client pid: 393 (/System/Library/PrivateFrameworks/PassKitCore.framework/passd/1150EB03-4BBF-34E4-A9E6-B7B9D80480D8)
		remaining client pid: 429 (/System/Library/VideoCodecs/SysBins/System/Library/PrivateFrameworks/ChronoCore.framework/Support/chronod/1C649EBC-C5CF-3854-B8CE-4A4837BAAB05)
		remaining client pid: 407 (/System/Library/VideoCodecs/SysBins/System/Library/Frameworks/CoreTelephony.framework/Support/CommCenter/6D8DBACC-4AC7-3773-819B-35A4DC6BB629)
		remaining client pid: 426 (/System/Library/Frameworks/Security.framework/CloudKeychainProxy.bundle/CloudKeychainProxy/5F553B38-55AB-3A9A-BE87-81572DC2C526)
		remaining client pid: 352 (/usr/libexec/routined/D5AEAEBD-7B97-3213-9E23-C73F35E35826)
		remaining client pid: 362 (/usr/libexec/atc/E92B203D-86C7-3AB6-9253-DD598156C0BA)
		remaining client pid: 378 (/System/Library/PrivateFrameworks/CoreDuetContext.framework/Resources/contextstored/3BB5D1B0-682F-3D72-92CE-C9E29C478CF7)
		remaining client pid: 381 (/private/preboot/A378D58F40814C83B9C2713EC9F4F691FA534AF1D786F6D50F6F891C61E4E9207B58ABCD9DEA3DE857FEA90F628BC674/jb/usr/sbin/shshd/B00366CA-14EB-3FDD-9402-48F070AAC762)
		remaining client pid: 0 (/kernel/B0841348-0448-39A5-BA2B-F99C7CC3D28A)
After 1.81s, these clients are still here:
		remaining client pid: 581 (/System/Library/PrivateFrameworks/ProtectedCloudStorage.framework/Helpers/ProtectedCloudKeySyncing/5A900E80-47D7-3BE1-95A5-703403BFA14A)
		remaining client pid: 575 (/usr/libexec/UniversalControl/D7D8B44D-CD6D-314E-A912-CDB9A90B6672)
		remaining client pid: 562 (/System/Library/PrivateFrameworks/InstallCoordination.framework/Support/installcoordinationd/F2452542-A8C3-3239-BEC1-2E1851DCF83D)
		remaining client pid: 406 (/System/Library/PrivateFrameworks/AppleMediaServices.framework/amsaccountsd/6B73A0F2-D31B-3517-A5E2-3FF25684DE9B)
		remaining client pid: 540 (/System/Library/PrivateFrameworks/ContextKit.framework/XPCServices/ContextService.xpc/ContextService/6B9E3606-C845-3C68-B542-3BAD4D71B3F6)
		remaining client pid: 521 (/usr/libexec/siriknowledged/A583797F-1A05-365F-8F3F-9CD31BDEA5E0)
		remaining client pid: 531 (/System/Library/PrivateFrameworks/CoreParsec.framework/parsec-fbf/2B6B2586-0E66-3AE3-9EB5-752953E48F7E)
		remaining client pid: 350 (/System/Library/PrivateFrameworks/AssistantServices.framework/assistantd/477CC714-785D-3AB5-928F-BF83E7B1E530)
		remaining client pid: 495 (/usr/libexec/findmydeviced/B49C6EB8-13DC-3CCF-896B-03F313FBF92C)
		remaining client pid: 480 (/usr/libexec/duetexpertd/5AA86ADE-7FA8-3716-AAED-C0844FC8D483)
		remaining client pid: 393 (/System/Library/PrivateFrameworks/PassKitCore.framework/passd/1150EB03-4BBF-34E4-A9E6-B7B9D80480D8)
		remaining client pid: 429 (/System/Library/VideoCodecs/SysBins/System/Library/PrivateFrameworks/ChronoCore.framework/Support/chronod/1C649EBC-C5CF-3854-B8CE-4A4837BAAB05)
		remaining client pid: 362 (/usr/libexec/atc/E92B203D-86C7-3AB6-9253-DD598156C0BA)
		remaining client pid: 378 (/System/Library/PrivateFrameworks/CoreDuetContext.framework/Resources/contextstored/3BB5D1B0-682F-3D72-92CE-C9E29C478CF7)
		remaining client pid: 381 (/private/preboot/A378D58F40814C83B9C2713EC9F4F691FA534AF1D786F6D50F6F891C61E4E9207B58ABCD9DEA3DE857FEA90F628BC674/jb/usr/sbin/shshd/B00366CA-14EB-3FDD-9402-48F070AAC762)
		remaining client pid: 0 (/kernel/B0841348-0448-39A5-BA2B-F99C7CC3D28A)
After 2.31s, these clients are still here:
		remaining client pid: 581 (/System/Library/PrivateFrameworks/ProtectedCloudStorage.framework/Helpers/ProtectedCloudKeySyncing/5A900E80-47D7-3BE1-95A5-703403BFA14A)
		remaining client pid: 575 (/usr/libexec/UniversalControl/D7D8B44D-CD6D-314E-A912-CDB9A90B6672)
		remaining client pid: 562 (/System/Library/PrivateFrameworks/InstallCoordination.framework/Support/installcoordinationd/F2452542-A8C3-3239-BEC1-2E1851DCF83D)
		remaining client pid: 406 (/System/Library/PrivateFrameworks/AppleMediaServices.framework/amsaccountsd/6B73A0F2-D31B-3517-A5E2-3FF25684DE9B)
		remaining client pid: 521 (/usr/libexec/siriknowledged/A583797F-1A05-365F-8F3F-9CD31BDEA5E0)
		remaining client pid: 531 (/System/Library/PrivateFrameworks/CoreParsec.framework/parsec-fbf/2B6B2586-0E66-3AE3-9EB5-752953E48F7E)
		remaining client pid: 350 (/System/Library/PrivateFrameworks/AssistantServices.framework/assistantd/477CC714-785D-3AB5-928F-BF83E7B1E530)
		remaining client pid: 495 (/usr/libexec/findmydeviced/B49C6EB8-13DC-3CCF-896B-03F313FBF92C)
		remaining client pid: 480 (/usr/libexec/duetexpertd/5AA86ADE-7FA8-3716-AAED-C0844FC8D483)
		remaining client pid: 393 (/System/Library/PrivateFrameworks/PassKitCore.framework/passd/1150EB03-4BBF-34E4-A9E6-B7B9D80480D8)
		remaining client pid: 362 (/usr/libexec/atc/E92B203D-86C7-3AB6-9253-DD598156C0BA)
		remaining client pid: 378 (/System/Library/PrivateFrameworks/CoreDuetContext.framework/Resources/contextstored/3BB5D1B0-682F-3D72-92CE-C9E29C478CF7)
		remaining client pid: 381 (/private/preboot/A378D58F40814C83B9C2713EC9F4F691FA534AF1D786F6D50F6F891C61E4E9207B58ABCD9DEA3DE857FEA90F628BC674/jb/usr/sbin/shshd/B00366CA-14EB-3FDD-9402-48F070AAC762)
		remaining client pid: 0 (/kernel/B0841348-0448-39A5-BA2B-F99C7CC3D28A)
After 2.31s, these clients are still here:
		remaining client pid: 0 (/kernel/B0841348-0448-39A5-BA2B-F99C7CC3D28A)
SIGTERM: [1780312204] All buffers flushed
After 0.96s, these clients are still here:
		remaining client pid: 249 (/System/Library/PrivateFrameworks/ProtectedCloudStorage.framework/Helpers/ProtectedCloudKeySyncing/5A900E80-47D7-3BE1-95A5-703403BFA14A)
		remaining client pid: 233 (/usr/libexec/duetexpertd/5AA86ADE-7FA8-3716-AAED-C0844FC8D483)
		remaining client pid: 227 (/System/Library/Frameworks/AssetsLibrary.framework/Support/assetsd/7F6D3209-98E6-341B-AB06-E0C0B553EA43)
		remaining client pid: 216 (/System/Library/PrivateFrameworks/iCloudNotification.framework/ind/C7D2BFD9-EF95-3EDC-A5FF-9D1C0F93A4D0)
		remaining client pid: 221 (/System/Library/Frameworks/Security.framework/CloudKeychainProxy.bundle/CloudKeychainProxy/5F553B38-55AB-3A9A-BE87-81572DC2C526)
		remaining client pid: 211 (/usr/libexec/UniversalControl/D7D8B44D-CD6D-314E-A912-CDB9A90B6672)
		remaining client pid: 162 (/System/Library/PrivateFrameworks/WatchListKit.framework/Support/watchlistd/C1D46837-1CEC-39DC-9DD5-DE65AA892C22)
		remaining client pid: 175 (/System/Library/PrivateFrameworks/InstallCoordination.framework/Support/installcoordinationd/F2452542-A8C3-3239-BEC1-2E1851DCF83D)
		remaining client pid: 152 (/usr/libexec/dmd/BEF3300D-788A-3F02-A382-6F164CE7CE4D)
		remaining client pid: 147 (/System/Library/PrivateFrameworks/VoiceShortcuts.framework/Support/siriactionsd/7A94BF4A-DF6F-3C40-A761-1DBFA75E4BCB)
		remaining client pid: 34 (/System/Library/PrivateFrameworks/AssistantServices.framework/assistantd/477CC714-785D-3AB5-928F-BF83E7B1E530)
		remaining client pid: 116 (/usr/libexec/findmydeviced/B49C6EB8-13DC-3CCF-896B-03F313FBF92C)
		remaining client pid: 113 (/usr/libexec/securityd/9F34F8A0-722F-3F5B-8C84-0A47E8271611)
		remaining client pid: 110 (/System/Library/PrivateFrameworks/ChronoCore.framework/Support/chronod/1C649EBC-C5CF-3854-B8CE-4A4837BAAB05)
		remaining client pid: 88 (/System/Library/PrivateFrameworks/AppleMediaServices.framework/amsaccountsd/6B73A0F2-D31B-3517-A5E2-3FF25684DE9B)
		remaining client pid: 103 (/usr/libexec/coreduetd/0937097A-FE7A-3C0A-A954-DB6450C4567B)
		remaining client pid: 89 (/System/Library/Frameworks/CoreTelephony.framework/Support/CommCenter/6D8DBACC-4AC7-3773-819B-35A4DC6BB629)
		remaining client pid: 72 (/usr/libexec/dasd/2FD35D1F-D266-3631-BE58-4D1BDBDBBF82)
		remaining client pid: 0 (/kernel/B0841348-0448-39A5-BA2B-F99C7CC3D28A)
After 1.46s, these clients are still here:
		remaining client pid: 249 (/System/Library/PrivateFrameworks/ProtectedCloudStorage.framework/Helpers/ProtectedCloudKeySyncing/5A900E80-47D7-3BE1-95A5-703403BFA14A)
		remaining client pid: 233 (/usr/libexec/duetexpertd/5AA86ADE-7FA8-3716-AAED-C0844FC8D483)
		remaining client pid: 227 (/System/Library/Frameworks/AssetsLibrary.framework/Support/assetsd/7F6D3209-98E6-341B-AB06-E0C0B553EA43)
		remaining client pid: 216 (/System/Library/PrivateFrameworks/iCloudNotification.framework/ind/C7D2BFD9-EF95-3EDC-A5FF-9D1C0F93A4D0)
		remaining client pid: 221 (/System/Library/Frameworks/Security.framework/CloudKeychainProxy.bundle/CloudKeychainProxy/5F553B38-55AB-3A9A-BE87-81572DC2C526)
		remaining client pid: 211 (/usr/libexec/UniversalControl/D7D8B44D-CD6D-314E-A912-CDB9A90B6672)
		remaining client pid: 162 (/System/Library/PrivateFrameworks/WatchListKit.framework/Support/watchlistd/C1D46837-1CEC-39DC-9DD5-DE65AA892C22)
		remaining client pid: 175 (/System/Library/PrivateFrameworks/InstallCoordination.framework/Support/installcoordinationd/F2452542-A8C3-3239-BEC1-2E1851DCF83D)
		remaining client pid: 152 (/usr/libexec/dmd/BEF3300D-788A-3F02-A382-6F164CE7CE4D)
		remaining client pid: 147 (/System/Library/PrivateFrameworks/VoiceShortcuts.framework/Support/siriactionsd/7A94BF4A-DF6F-3C40-A761-1DBFA75E4BCB)
		remaining client pid: 34 (/System/Library/PrivateFrameworks/AssistantServices.framework/assistantd/477CC714-785D-3AB5-928F-BF83E7B1E530)
		remaining client pid: 116 (/usr/libexec/findmydeviced/B49C6EB8-13DC-3CCF-896B-03F313FBF92C)
		remaining client pid: 113 (/usr/libexec/securityd/9F34F8A0-722F-3F5B-8C84-0A47E8271611)
		remaining client pid: 110 (/System/Library/PrivateFrameworks/ChronoCore.framework/Support/chronod/1C649EBC-C5CF-3854-B8CE-4A4837BAAB05)
		remaining client pid: 88 (/System/Library/PrivateFrameworks/AppleMediaServices.framework/amsaccountsd/6B73A0F2-D31B-3517-A5E2-3FF25684DE9B)
		remaining client pid: 0 (/kernel/B0841348-0448-39A5-BA2B-F99C7CC3D28A)
After 1.96s, these clients are still here:
		remaining client pid: 249 (/System/Library/PrivateFrameworks/ProtectedCloudStorage.framework/Helpers/ProtectedCloudKeySyncing/5A900E80-47D7-3BE1-95A5-703403BFA14A)
		remaining client pid: 233 (/usr/libexec/duetexpertd/5AA86ADE-7FA8-3716-AAED-C0844FC8D483)
		remaining client pid: 227 (/System/Library/Frameworks/AssetsLibrary.framework/Support/assetsd/7F6D3209-98E6-341B-AB06-E0C0B553EA43)
		remaining client pid: 216 (/System/Library/PrivateFrameworks/iCloudNotification.framework/ind/C7D2BFD9-EF95-3EDC-A5FF-9D1C0F93A4D0)
		remaining client pid: 221 (/System/Library/Frameworks/Security.framework/CloudKeychainProxy.bundle/CloudKeychainProxy/5F553B38-55AB-3A9A-BE87-81572DC2C526)
		remaining client pid: 211 (/usr/libexec/UniversalControl/D7D8B44D-CD6D-314E-A912-CDB9A90B6672)
		remaining client pid: 162 (/System/Library/PrivateFrameworks/WatchListKit.framework/Support/watchlistd/C1D46837-1CEC-39DC-9DD5-DE65AA892C22)
		remaining client pid: 175 (/System/Library/PrivateFrameworks/InstallCoordination.framework/Support/installcoordinationd/F2452542-A8C3-3239-BEC1-2E1851DCF83D)
		remaining client pid: 152 (/usr/libexec/dmd/BEF3300D-788A-3F02-A382-6F164CE7CE4D)
		remaining client pid: 147 (/System/Library/PrivateFrameworks/VoiceShortcuts.framework/Support/siriactionsd/7A94BF4A-DF6F-3C40-A761-1DBFA75E4BCB)
		remaining client pid: 34 (/System/Library/PrivateFrameworks/AssistantServices.framework/assistantd/477CC714-785D-3AB5-928F-BF83E7B1E530)
		remaining client pid: 116 (/usr/libexec/findmydeviced/B49C6EB8-13DC-3CCF-896B-03F313FBF92C)
		remaining client pid: 113 (/usr/libexec/securityd/9F34F8A0-722F-3F5B-8C84-0A47E8271611)
		remaining client pid: 110 (/System/Library/PrivateFrameworks/ChronoCore.framework/Support/chronod/1C649EBC-C5CF-3854-B8CE-4A4837BAAB05)
		remaining client pid: 88 (/System/Library/PrivateFrameworks/AppleMediaServices.framework/amsaccountsd/6B73A0F2-D31B-3517-A5E2-3FF25684DE9B)
		remaining client pid: 0 (/kernel/B0841348-0448-39A5-BA2B-F99C7CC3D28A)
After 2.46s, these clients are still here:
		remaining client pid: 249 (/System/Library/PrivateFrameworks/ProtectedCloudStorage.framework/Helpers/ProtectedCloudKeySyncing/5A900E80-47D7-3BE1-95A5-703403BFA14A)
		remaining client pid: 233 (/usr/libexec/duetexpertd/5AA86ADE-7FA8-3716-AAED-C0844FC8D483)
		remaining client pid: 227 (/System/Library/Frameworks/AssetsLibrary.framework/Support/assetsd/7F6D3209-98E6-341B-AB06-E0C0B553EA43)
		remaining client pid: 216 (/System/Library/PrivateFrameworks/iCloudNotification.framework/ind/C7D2BFD9-EF95-3EDC-A5FF-9D1C0F93A4D0)
		remaining client pid: 211 (/usr/libexec/UniversalControl/D7D8B44D-CD6D-314E-A912-CDB9A90B6672)
		remaining client pid: 162 (/System/Library/PrivateFrameworks/WatchListKit.framework/Support/watchlistd/C1D46837-1CEC-39DC-9DD5-DE65AA892C22)
		remaining client pid: 175 (/System/Library/PrivateFrameworks/InstallCoordination.framework/Support/installcoordinationd/F2452542-A8C3-3239-BEC1-2E1851DCF83D)
		remaining client pid: 152 (/usr/libexec/dmd/BEF3300D-788A-3F02-A382-6F164CE7CE4D)
		remaining client pid: 147 (/System/Library/PrivateFrameworks/VoiceShortcuts.framework/Support/siriactionsd/7A94BF4A-DF6F-3C40-A761-1DBFA75E4BCB)
		remaining client pid: 34 (/System/Library/PrivateFrameworks/AssistantServices.framework/assistantd/477CC714-785D-3AB5-928F-BF83E7B1E530)
		remaining client pid: 116 (/usr/libexec/findmydeviced/B49C6EB8-13DC-3CCF-896B-03F313FBF92C)
		remaining client pid: 110 (/System/Library/PrivateFrameworks/ChronoCore.framework/Support/chronod/1C649EBC-C5CF-3854-B8CE-4A4837BAAB05)
		remaining client pid: 88 (/System/Library/PrivateFrameworks/AppleMediaServices.framework/amsaccountsd/6B73A0F2-D31B-3517-A5E2-3FF25684DE9B)
		remaining client pid: 0 (/kernel/B0841348-0448-39A5-BA2B-F99C7CC3D28A)
After 2.47s, these clients are still here:
		remaining client pid: 0 (/kernel/B0841348-0448-39A5-BA2B-F99C7CC3D28A)
SIGTERM: [1780312266] All buffers flushed
After 1.05s, these clients are still here:
		remaining client pid: 1693 (/System/Library/PrivateFrameworks/SafariSafeBrowsing.framework/com.apple.Safari.SafeBrowsing.Service/E3666C27-CF23-3A03-8889-9DD375725564)
		remaining client pid: 505 (/usr/libexec/UniversalControl/D7D8B44D-CD6D-314E-A912-CDB9A90B6672)
		remaining client pid: 481 (/System/Library/PrivateFrameworks/InstallCoordination.framework/Support/installcoordinationd/F2452542-A8C3-3239-BEC1-2E1851DCF83D)
		remaining client pid: 0 (/kernel/B0841348-0448-39A5-BA2B-F99C7CC3D28A)
SIGTERM: [1780327202] All buffers flushed
After 0.84s, these clients are still here:
		remaining client pid: 237 (/usr/libexec/duetexpertd/5AA86ADE-7FA8-3716-AAED-C0844FC8D483)
		remaining client pid: 222 (/System/Library/PrivateFrameworks/MapsSupport.framework/mapspushd/80410380-C70B-379D-A208-379A35CD2A1C)
		remaining client pid: 208 (/usr/libexec/UniversalControl/D7D8B44D-CD6D-314E-A912-CDB9A90B6672)
		remaining client pid: 177 (/System/Library/PrivateFrameworks/InstallCoordination.framework/Support/installcoordinationd/F2452542-A8C3-3239-BEC1-2E1851DCF83D)
		remaining client pid: 111 (/usr/libexec/findmydeviced/B49C6EB8-13DC-3CCF-896B-03F313FBF92C)
		remaining client pid: 0 (/kernel/B0841348-0448-39A5-BA2B-F99C7CC3D28A)
SIGTERM: [1780328584] All buffers flushed
After 0.84s, these clients are still here:
		remaining client pid: 207 (/usr/libexec/UniversalControl/D7D8B44D-CD6D-314E-A912-CDB9A90B6672)
		remaining client pid: 173 (/System/Library/PrivateFrameworks/InstallCoordination.framework/Support/installcoordinationd/F2452542-A8C3-3239-BEC1-2E1851DCF83D)
		remaining client pid: 112 (/usr/libexec/findmydeviced/B49C6EB8-13DC-3CCF-896B-03F313FBF92C)
		remaining client pid: 0 (/kernel/B0841348-0448-39A5-BA2B-F99C7CC3D28A)
SIGTERM: [1780332545] All buffers flushed
After 1.18s, these clients are still here:
		remaining client pid: 306 (/System/Library/PrivateFrameworks/SafariSafeBrowsing.framework/com.apple.Safari.SafeBrowsing.Service/E3666C27-CF23-3A03-8889-9DD375725564)
		remaining client pid: 267 (/usr/libexec/biomesyncd/90D138B8-54DE-3DA6-A241-9488F9A0CD0E)
		remaining client pid: 241 (/usr/libexec/duetexpertd/5AA86ADE-7FA8-3716-AAED-C0844FC8D483)
		remaining client pid: 224 (/System/Library/PrivateFrameworks/MapsSupport.framework/mapspushd/80410380-C70B-379D-A208-379A35CD2A1C)
		remaining client pid: 210 (/usr/libexec/UniversalControl/D7D8B44D-CD6D-314E-A912-CDB9A90B6672)
		remaining client pid: 202 (/System/Library/PrivateFrameworks/FamilyCircle.framework/familycircled/B04C4162-EE68-33D1-97E4-A67E685591D4)
		remaining client pid: 191 (/System/Library/PrivateFrameworks/EmailDaemon.framework/maild/0A7A6904-414F-3ABF-8DCC-BA0190546546)
		remaining client pid: 179 (/System/Library/PrivateFrameworks/InstallCoordination.framework/Support/installcoordinationd/F2452542-A8C3-3239-BEC1-2E1851DCF83D)
		remaining client pid: 98 (/usr/libexec/PowerUIAgent/22EE2B6E-1E04-3A50-87DD-C59BBFCDD57B)
		remaining client pid: 0 (/kernel/B0841348-0448-39A5-BA2B-F99C7CC3D28A)
SIGTERM: [1782555596] All buffers flushed
After 0.95s, these clients are still here:
		remaining client pid: 968 (/System/Library/PrivateFrameworks/EmailDaemon.framework/maild/0A7A6904-414F-3ABF-8DCC-BA0190546546)
		remaining client pid: 925 (/usr/libexec/UniversalControl/D7D8B44D-CD6D-314E-A912-CDB9A90B6672)
		remaining client pid: 906 (/System/Library/PrivateFrameworks/InstallCoordination.framework/Support/installcoordinationd/F2452542-A8C3-3239-BEC1-2E1851DCF83D)
		remaining client pid: 0 (/kernel/B0841348-0448-39A5-BA2B-F99C7CC3D28A)
SIGTERM: [1782815432] All buffers flushed
After 1.19s, these clients are still here:
		remaining client pid: 423 (/System/Library/PrivateFrameworks/CloudDocs.framework/PlugIns/com.apple.CloudDocs.iCloudDriveFileProvider.appex/com.apple.CloudDocs.iCloudDriveFileProvider/B7ABEF76-103B-3688-8FD3-144898E0FEE7)
		remaining client pid: 292 (/System/Library/PrivateFrameworks/SafariSafeBrowsing.framework/com.apple.Safari.SafeBrowsing.Service/E3666C27-CF23-3A03-8889-9DD375725564)
		remaining client pid: 229 (/usr/libexec/duetexpertd/5AA86ADE-7FA8-3716-AAED-C0844FC8D483)
		remaining client pid: 210 (/usr/libexec/UniversalControl/D7D8B44D-CD6D-314E-A912-CDB9A90B6672)
		remaining client pid: 178 (/System/Library/PrivateFrameworks/InstallCoordination.framework/Support/installcoordinationd/F2452542-A8C3-3239-BEC1-2E1851DCF83D)
		remaining client pid: 0 (/kernel/B0841348-0448-39A5-BA2B-F99C7CC3D28A)
SIGTERM: [1783002016] All buffers flushed
After 1.10s, these clients are still here:
		remaining client pid: 2709 (/usr/libexec/PowerUIAgent/22EE2B6E-1E04-3A50-87DD-C59BBFCDD57B)
		remaining client pid: 847 (/System/Library/PrivateFrameworks/SafariSafeBrowsing.framework/com.apple.Safari.SafeBrowsing.Service/E3666C27-CF23-3A03-8889-9DD375725564)
		remaining client pid: 742 (/usr/libexec/UniversalControl/D7D8B44D-CD6D-314E-A912-CDB9A90B6672)
		remaining client pid: 718 (/System/Library/PrivateFrameworks/InstallCoordination.framework/Support/installcoordinationd/F2452542-A8C3-3239-BEC1-2E1851DCF83D)
		remaining client pid: 0 (/kernel/B0841348-0448-39A5-BA2B-F99C7CC3D28A)
SIGTERM: [1783189671] All buffers flushed
After 1.13s, these clients are still here:
		remaining client pid: 331 (/System/Library/PrivateFrameworks/VoiceMemos.framework/Support/voicememod/631082A7-2357-3B1C-A244-DCBF0998B382)
		remaining client pid: 238 (/usr/libexec/UniversalControl/D7D8B44D-CD6D-314E-A912-CDB9A90B6672)
		remaining client pid: 224 (/System/Library/PrivateFrameworks/MapsSupport.framework/mapspushd/80410380-C70B-379D-A208-379A35CD2A1C)
		remaining client pid: 186 (/System/Library/PrivateFrameworks/InstallCoordination.framework/Support/installcoordinationd/F2452542-A8C3-3239-BEC1-2E1851DCF83D)
		remaining client pid: 113 (/usr/libexec/findmydeviced/B49C6EB8-13DC-3CCF-896B-03F313FBF92C)
		remaining client pid: 0 (/kernel/B0841348-0448-39A5-BA2B-F99C7CC3D28A)
SIGTERM: [1783243790] All buffers flushed
After 0.91s, these clients are still here:
		remaining client pid: 8725 (/System/Library/PrivateFrameworks/iTunesCloud.framework/Support/itunescloudd/4D595375-A342-32AE-94E9-1C7524CECB1B)
		remaining client pid: 4749 (/usr/libexec/findmydeviced/B49C6EB8-13DC-3CCF-896B-03F313FBF92C)
		remaining client pid: 670 (/System/Library/PrivateFrameworks/InstallCoordination.framework/Support/installcoordinationd/F2452542-A8C3-3239-BEC1-2E1851DCF83D)
		remaining client pid: 0 (/kernel/B0841348-0448-39A5-BA2B-F99C7CC3D28A)
SIGTERM: [1783615773] All buffers flushed
After 0.86s, these clients are still here:
		remaining client pid: 242 (/usr/libexec/duetexpertd/5AA86ADE-7FA8-3716-AAED-C0844FC8D483)
		remaining client pid: 226 (/System/Library/PrivateFrameworks/MapsSupport.framework/mapspushd/80410380-C70B-379D-A208-379A35CD2A1C)
		remaining client pid: 212 (/usr/libexec/UniversalControl/D7D8B44D-CD6D-314E-A912-CDB9A90B6672)
		remaining client pid: 200 (/System/Library/PrivateFrameworks/FamilyCircle.framework/familycircled/B04C4162-EE68-33D1-97E4-A67E685591D4)
		remaining client pid: 180 (/System/Library/PrivateFrameworks/InstallCoordination.framework/Support/installcoordinationd/F2452542-A8C3-3239-BEC1-2E1851DCF83D)
		remaining client pid: 116 (/usr/libexec/findmydeviced/B49C6EB8-13DC-3CCF-896B-03F313FBF92C)
		remaining client pid: 100 (/usr/libexec/PowerUIAgent/22EE2B6E-1E04-3A50-87DD-C59BBFCDD57B)
		remaining client pid: 0 (/kernel/B0841348-0448-39A5-BA2B-F99C7CC3D28A)
SIGTERM: [1783958032] All buffers flushed
After 0.93s, these clients are still here:
		remaining client pid: 3985 (/System/Library/PrivateFrameworks/SafariSafeBrowsing.framework/com.apple.Safari.SafeBrowsing.Service/E3666C27-CF23-3A03-8889-9DD375725564)
		remaining client pid: 909 (/usr/libexec/UniversalControl/D7D8B44D-CD6D-314E-A912-CDB9A90B6672)
		remaining client pid: 899 (/usr/libexec/pipelined/98F13173-61DA-38E4-BE95-D6F269E398AA)
		remaining client pid: 890 (/System/Library/PrivateFrameworks/InstallCoordination.framework/Support/installcoordinationd/F2452542-A8C3-3239-BEC1-2E1851DCF83D)
		remaining client pid: 820 (/usr/libexec/findmydeviced/B49C6EB8-13DC-3CCF-896B-03F313FBF92C)
		remaining client pid: 805 (/usr/libexec/duetexpertd/5AA86ADE-7FA8-3716-AAED-C0844FC8D483)
		remaining client pid: 774 (/usr/libexec/PowerUIAgent/22EE2B6E-1E04-3A50-87DD-C59BBFCDD57B)
		remaining client pid: 0 (/kernel/B0841348-0448-39A5-BA2B-F99C7CC3D28A)
After 0.94s, these clients are still here:
		remaining client pid: 0 (/kernel/B0841348-0448-39A5-BA2B-F99C7CC3D28A)
SIGTERM: [1784005530] All buffers flushed
After 0.84s, these clients are still here:
		remaining client pid: 381 (/System/Library/PrivateFrameworks/SafariSafeBrowsing.framework/com.apple.Safari.SafeBrowsing.Service/E3666C27-CF23-3A03-8889-9DD375725564)
		remaining client pid: 375 (/usr/libexec/neagent/9BFB8EB7-9865-3A51-82BE-BE17E08AD8C7)
		remaining client pid: 238 (/usr/libexec/duetexpertd/5AA86ADE-7FA8-3716-AAED-C0844FC8D483)
		remaining client pid: 223 (/System/Library/PrivateFrameworks/MapsSupport.framework/mapspushd/80410380-C70B-379D-A208-379A35CD2A1C)
		remaining client pid: 181 (/System/Library/PrivateFrameworks/InstallCoordination.framework/Support/installcoordinationd/F2452542-A8C3-3239-BEC1-2E1851DCF83D)
		remaining client pid: 178 (/usr/libexec/nesessionmanager/759800AF-85B2-35E7-AB78-2345F780073D)
		remaining client pid: 113 (/usr/libexec/findmydeviced/B49C6EB8-13DC-3CCF-896B-03F313FBF92C)
		remaining client pid: 0 (/kernel/B0841348-0448-39A5-BA2B-F99C7CC3D28A)
After 0.85s, these clients are still here:
		remaining client pid: 0 (/kernel/B0841348-0448-39A5-BA2B-F99C7CC3D28A)
SIGTERM: [1784005810] All buffers flushed
After 1.02s, these clients are still here:
		remaining client pid: 68647 (/usr/libexec/findmydeviced/B49C6EB8-13DC-3CCF-896B-03F313FBF92C)
		remaining client pid: 22553 (/private/preboot/A378D58F40814C83B9C2713EC9F4F691FA534AF1D786F6D50F6F891C61E4E9207B58ABCD9DEA3DE857FEA90F628BC674/jb/var/mobile/Juice/build/wine-ios/loader/wine/568D671F-3349-3123-82FA-3054984B7494)
		remaining client pid: 22284 (/private/preboot/A378D58F40814C83B9C2713EC9F4F691FA534AF1D786F6D50F6F891C61E4E9207B58ABCD9DEA3DE857FEA90F628BC674/jb/var/mobile/Juice/build/wine-ios/loader/wine/568D671F-3349-3123-82FA-3054984B7494)
		remaining client pid: 19678 (/System/Library/PrivateFrameworks/SafariSafeBrowsing.framework/com.apple.Safari.SafeBrowsing.Service/E3666C27-CF23-3A03-8889-9DD375725564)
		remaining client pid: 727 (/usr/libexec/neagent/9BFB8EB7-9865-3A51-82BE-BE17E08AD8C7)
		remaining client pid: 649 (/usr/libexec/UniversalControl/D7D8B44D-CD6D-314E-A912-CDB9A90B6672)
		remaining client pid: 616 (/usr/libexec/nesessionmanager/759800AF-85B2-35E7-AB78-2345F780073D)
		remaining client pid: 514 (/usr/libexec/PowerUIAgent/22EE2B6E-1E04-3A50-87DD-C59BBFCDD57B)
		remaining client pid: 0 (/kernel/B0841348-0448-39A5-BA2B-F99C7CC3D28A)
SIGTERM: [1784220320] All buffers flushed
After 0.91s, these clients are still here:
		remaining client pid: 505 (/System/Library/PrivateFrameworks/CloudDocs.framework/PlugIns/com.apple.CloudDocs.iCloudDriveFileProvider.appex/com.apple.CloudDocs.iCloudDriveFileProvider/B7ABEF76-103B-3688-8FD3-144898E0FEE7)
		remaining client pid: 452 (/System/Library/PrivateFrameworks/MapsSupport.framework/geocorrectiond/CB7904DC-FC03-3F31-8DF2-2C5BCF1303DE)
		remaining client pid: 347 (/usr/libexec/neagent/9BFB8EB7-9865-3A51-82BE-BE17E08AD8C7)
		remaining client pid: 301 (/System/Library/PrivateFrameworks/iCloudDriveService.framework/XPCServices/Ciconia.xpc/Ciconia/0CD8EC80-5889-39E2-A497-545AAF9F8304)
		remaining client pid: 260 (/System/Library/PrivateFrameworks/IntelligencePlatformCore.framework/intelligenceplatformd/08572E26-8435-3ED0-86F0-26AEDF63EBA2)
		remaining client pid: 246 (/usr/libexec/duetexpertd/5AA86ADE-7FA8-3716-AAED-C0844FC8D483)
		remaining client pid: 222 (/System/Library/PrivateFrameworks/MapsSupport.framework/mapspushd/80410380-C70B-379D-A208-379A35CD2A1C)
		remaining client pid: 208 (/usr/libexec/nesessionmanager/759800AF-85B2-35E7-AB78-2345F780073D)
		remaining client pid: 199 (/System/Library/PrivateFrameworks/FamilyCircle.framework/familycircled/B04C4162-EE68-33D1-97E4-A67E685591D4)
		remaining client pid: 113 (/usr/libexec/findmydeviced/B49C6EB8-13DC-3CCF-896B-03F313FBF92C)
		remaining client pid: 103 (/usr/libexec/PowerUIAgent/22EE2B6E-1E04-3A50-87DD-C59BBFCDD57B)
		remaining client pid: 0 (/kernel/B0841348-0448-39A5-BA2B-F99C7CC3D28A)
After 1.42s, these clients are still here:
		remaining client pid: 505 (/System/Library/PrivateFrameworks/CloudDocs.framework/PlugIns/com.apple.CloudDocs.iCloudDriveFileProvider.appex/com.apple.CloudDocs.iCloudDriveFileProvider/B7ABEF76-103B-3688-8FD3-144898E0FEE7)
		remaining client pid: 452 (/System/Library/PrivateFrameworks/MapsSupport.framework/geocorrectiond/CB7904DC-FC03-3F31-8DF2-2C5BCF1303DE)
		remaining client pid: 347 (/usr/libexec/neagent/9BFB8EB7-9865-3A51-82BE-BE17E08AD8C7)
		remaining client pid: 301 (/System/Library/PrivateFrameworks/iCloudDriveService.framework/XPCServices/Ciconia.xpc/Ciconia/0CD8EC80-5889-39E2-A497-545AAF9F8304)
		remaining client pid: 246 (/usr/libexec/duetexpertd/5AA86ADE-7FA8-3716-AAED-C0844FC8D483)
		remaining client pid: 222 (/System/Library/PrivateFrameworks/MapsSupport.framework/mapspushd/80410380-C70B-379D-A208-379A35CD2A1C)
		remaining client pid: 208 (/usr/libexec/nesessionmanager/759800AF-85B2-35E7-AB78-2345F780073D)
		remaining client pid: 199 (/System/Library/PrivateFrameworks/FamilyCircle.framework/familycircled/B04C4162-EE68-33D1-97E4-A67E685591D4)
		remaining client pid: 113 (/usr/libexec/findmydeviced/B49C6EB8-13DC-3CCF-896B-03F313FBF92C)
		remaining client pid: 103 (/usr/libexec/PowerUIAgent/22EE2B6E-1E04-3A50-87DD-C59BBFCDD57B)
		remaining client pid: 0 (/kernel/B0841348-0448-39A5-BA2B-F99C7CC3D28A)
After 1.92s, these clients are still here:
		remaining client pid: 505 (/System/Library/PrivateFrameworks/CloudDocs.framework/PlugIns/com.apple.CloudDocs.iCloudDriveFileProvider.appex/com.apple.CloudDocs.iCloudDriveFileProvider/B7ABEF76-103B-3688-8FD3-144898E0FEE7)
		remaining client pid: 452 (/System/Library/PrivateFrameworks/MapsSupport.framework/geocorrectiond/CB7904DC-FC03-3F31-8DF2-2C5BCF1303DE)
		remaining client pid: 347 (/usr/libexec/neagent/9BFB8EB7-9865-3A51-82BE-BE17E08AD8C7)
		remaining client pid: 301 (/System/Library/PrivateFrameworks/iCloudDriveService.framework/XPCServices/Ciconia.xpc/Ciconia/0CD8EC80-5889-39E2-A497-545AAF9F8304)
		remaining client pid: 246 (/usr/libexec/duetexpertd/5AA86ADE-7FA8-3716-AAED-C0844FC8D483)
		remaining client pid: 222 (/System/Library/PrivateFrameworks/MapsSupport.framework/mapspushd/80410380-C70B-379D-A208-379A35CD2A1C)
		remaining client pid: 208 (/usr/libexec/nesessionmanager/759800AF-85B2-35E7-AB78-2345F780073D)
		remaining client pid: 199 (/System/Library/PrivateFrameworks/FamilyCircle.framework/familycircled/B04C4162-EE68-33D1-97E4-A67E685591D4)
		remaining client pid: 113 (/usr/libexec/findmydeviced/B49C6EB8-13DC-3CCF-896B-03F313FBF92C)
		remaining client pid: 103 (/usr/libexec/PowerUIAgent/22EE2B6E-1E04-3A50-87DD-C59BBFCDD57B)
		remaining client pid: 0 (/kernel/B0841348-0448-39A5-BA2B-F99C7CC3D28A)
After 2.42s, these clients are still here:
		remaining client pid: 505 (/System/Library/PrivateFrameworks/CloudDocs.framework/PlugIns/com.apple.CloudDocs.iCloudDriveFileProvider.appex/com.apple.CloudDocs.iCloudDriveFileProvider/B7ABEF76-103B-3688-8FD3-144898E0FEE7)
		remaining client pid: 452 (/System/Library/PrivateFrameworks/MapsSupport.framework/geocorrectiond/CB7904DC-FC03-3F31-8DF2-2C5BCF1303DE)
		remaining client pid: 347 (/usr/libexec/neagent/9BFB8EB7-9865-3A51-82BE-BE17E08AD8C7)
		remaining client pid: 301 (/System/Library/PrivateFrameworks/iCloudDriveService.framework/XPCServices/Ciconia.xpc/Ciconia/0CD8EC80-5889-39E2-A497-545AAF9F8304)
		remaining client pid: 246 (/usr/libexec/duetexpertd/5AA86ADE-7FA8-3716-AAED-C0844FC8D483)
		remaining client pid: 222 (/System/Library/PrivateFrameworks/MapsSupport.framework/mapspushd/80410380-C70B-379D-A208-379A35CD2A1C)
		remaining client pid: 208 (/usr/libexec/nesessionmanager/759800AF-85B2-35E7-AB78-2345F780073D)
		remaining client pid: 199 (/System/Library/PrivateFrameworks/FamilyCircle.framework/familycircled/B04C4162-EE68-33D1-97E4-A67E685591D4)
		remaining client pid: 113 (/usr/libexec/findmydeviced/B49C6EB8-13DC-3CCF-896B-03F313FBF92C)
		remaining client pid: 103 (/usr/libexec/PowerUIAgent/22EE2B6E-1E04-3A50-87DD-C59BBFCDD57B)
		remaining client pid: 0 (/kernel/B0841348-0448-39A5-BA2B-F99C7CC3D28A)
After 2.42s, these clients are still here:
		remaining client pid: 0 (/kernel/B0841348-0448-39A5-BA2B-F99C7CC3D28A)
SIGTERM: [1784292946] All buffers flushed
After 0.88s, these clients are still here:
		remaining client pid: 789 (/usr/libexec/findmydeviced/B49C6EB8-13DC-3CCF-896B-03F313FBF92C)
		remaining client pid: 755 (/usr/libexec/PowerUIAgent/22EE2B6E-1E04-3A50-87DD-C59BBFCDD57B)
		remaining client pid: 0 (/kernel/B0841348-0448-39A5-BA2B-F99C7CC3D28A)
SIGTERM: [1784307646] All buffers flushed
After 0.90s, these clients are still here:
		remaining client pid: 222 (/System/Library/PrivateFrameworks/MapsSupport.framework/mapspushd/80410380-C70B-379D-A208-379A35CD2A1C)
		remaining client pid: 88 (/System/Library/PrivateFrameworks/AppleMediaServices.framework/amsaccountsd/6B73A0F2-D31B-3517-A5E2-3FF25684DE9B)
		remaining client pid: 114 (/usr/libexec/findmydeviced/B49C6EB8-13DC-3CCF-896B-03F313FBF92C)
		remaining client pid: 0 (/kernel/B0841348-0448-39A5-BA2B-F99C7CC3D28A)
SIGTERM: [1784357567] All buffers flushed
After 1.07s, these clients are still here:
		remaining client pid: 262 (/System/Library/PrivateFrameworks/ProtectedCloudStorage.framework/Helpers/ProtectedCloudKeySyncing/5A900E80-47D7-3BE1-95A5-703403BFA14A)
		remaining client pid: 244 (/System/Library/Frameworks/AssetsLibrary.framework/Support/assetsd/7F6D3209-98E6-341B-AB06-E0C0B553EA43)
		remaining client pid: 236 (/System/Library/PrivateFrameworks/iCloudNotification.framework/ind/C7D2BFD9-EF95-3EDC-A5FF-9D1C0F93A4D0)
		remaining client pid: 220 (/System/Library/PrivateFrameworks/MapsSupport.framework/mapspushd/80410380-C70B-379D-A208-379A35CD2A1C)
		remaining client pid: 154 (/usr/libexec/duetexpertd/5AA86ADE-7FA8-3716-AAED-C0844FC8D483)
		remaining client pid: 151 (/System/Library/PrivateFrameworks/VoiceShortcuts.framework/Support/siriactionsd/7A94BF4A-DF6F-3C40-A761-1DBFA75E4BCB)
		remaining client pid: 112 (/usr/libexec/findmydeviced/B49C6EB8-13DC-3CCF-896B-03F313FBF92C)
		remaining client pid: 87 (/usr/sbin/bluetoothd/6D9E7FD6-D23B-36D3-BD11-45BACA96C641)
		remaining client pid: 72 (/usr/libexec/dasd/2FD35D1F-D266-3631-BE58-4D1BDBDBBF82)
		remaining client pid: 0 (/kernel/B0841348-0448-39A5-BA2B-F99C7CC3D28A)
After 1.07s, these clients are still here:
		remaining client pid: 0 (/kernel/B0841348-0448-39A5-BA2B-F99C7CC3D28A)
SIGTERM: [1784357657] All buffers flushed
After 0.94s, these clients are still here:
		remaining client pid: 1093 (/System/Library/PrivateFrameworks/SafariSafeBrowsing.framework/com.apple.Safari.SafeBrowsing.Service/E3666C27-CF23-3A03-8889-9DD375725564)
		remaining client pid: 640 (/usr/libexec/neagent/9BFB8EB7-9865-3A51-82BE-BE17E08AD8C7)
		remaining client pid: 515 (/System/Library/PrivateFrameworks/InstallCoordination.framework/Support/installcoordinationd/F2452542-A8C3-3239-BEC1-2E1851DCF83D)
		remaining client pid: 503 (/usr/libexec/nesessionmanager/759800AF-85B2-35E7-AB78-2345F780073D)
		remaining client pid: 439 (/usr/libexec/findmydeviced/B49C6EB8-13DC-3CCF-896B-03F313FBF92C)
		remaining client pid: 404 (/usr/libexec/PowerUIAgent/22EE2B6E-1E04-3A50-87DD-C59BBFCDD57B)
		remaining client pid: 0 (/kernel/B0841348-0448-39A5-BA2B-F99C7CC3D28A)
SIGTERM: [1784389616] All buffers flushed
After 1.14s, these clients are still here:
		remaining client pid: 34347 (/private/var/containers/Bundle/Application/CC5BA8E5-587D-4BCE-957C-34B8AD5CD6CA/Juice.app/Grape/build/wine-ios/loader/wine/568D671F-3349-3123-82FA-3054984B7494)
		remaining client pid: 34213 (/private/var/containers/Bundle/Application/CC5BA8E5-587D-4BCE-957C-34B8AD5CD6CA/Juice.app/Grape/build/wine-ios/loader/wine/568D671F-3349-3123-82FA-3054984B7494)
		remaining client pid: 34207 (/private/var/containers/Bundle/Application/CC5BA8E5-587D-4BCE-957C-34B8AD5CD6CA/Juice.app/Grape/build/wine-ios/loader/wine/568D671F-3349-3123-82FA-3054984B7494)
		remaining client pid: 34164 (/private/var/containers/Bundle/Application/CC5BA8E5-587D-4BCE-957C-34B8AD5CD6CA/Juice.app/Grape/build/wine-ios/loader/wine/568D671F-3349-3123-82FA-3054984B7494)
		remaining client pid: 34154 (/private/var/containers/Bundle/Application/CC5BA8E5-587D-4BCE-957C-34B8AD5CD6CA/Juice.app/Grape/build/wine-ios/loader/wine/568D671F-3349-3123-82FA-3054984B7494)
		remaining client pid: 34148 (/System/Library/PrivateFrameworks/CloudDocs.framework/PlugIns/com.apple.CloudDocs.iCloudDriveFileProvider.appex/com.apple.CloudDocs.iCloudDriveFileProvider/B7ABEF76-103B-3688-8FD3-144898E0FEE7)
		remaining client pid: 34079 (/private/var/containers/Bundle/Application/CC5BA8E5-587D-4BCE-957C-34B8AD5CD6CA/Juice.app/Grape/build/wine-ios/loader/wine/568D671F-3349-3123-82FA-3054984B7494)
		remaining client pid: 34073 (/private/var/containers/Bundle/Application/CC5BA8E5-587D-4BCE-957C-34B8AD5CD6CA/Juice.app/Grape/build/wine-ios/loader/wine/568D671F-3349-3123-82FA-3054984B7494)
		remaining client pid: 1757 (/System/Library/PrivateFrameworks/SafariSafeBrowsing.framework/com.apple.Safari.SafeBrowsing.Service/E3666C27-CF23-3A03-8889-9DD375725564)
		remaining client pid: 1507 (/System/Library/PrivateFrameworks/EmailDaemon.framework/maild/0A7A6904-414F-3ABF-8DCC-BA0190546546)
		remaining client pid: 1444 (/usr/libexec/UniversalControl/D7D8B44D-CD6D-314E-A912-CDB9A90B6672)
		remaining client pid: 1339 (/usr/libexec/findmydeviced/B49C6EB8-13DC-3CCF-896B-03F313FBF92C)
		remaining client pid: 1306 (/usr/libexec/PowerUIAgent/22EE2B6E-1E04-3A50-87DD-C59BBFCDD57B)
		remaining client pid: 1310 (/usr/libexec/biomesyncd/90D138B8-54DE-3DA6-A241-9488F9A0CD0E)
		remaining client pid: 0 (/kernel/B0841348-0448-39A5-BA2B-F99C7CC3D28A)
After 1.64s, these clients are still here:
		remaining client pid: 34347 (/private/var/containers/Bundle/Application/CC5BA8E5-587D-4BCE-957C-34B8AD5CD6CA/Juice.app/Grape/build/wine-ios/loader/wine/568D671F-3349-3123-82FA-3054984B7494)
		remaining client pid: 34213 (/private/var/containers/Bundle/Application/CC5BA8E5-587D-4BCE-957C-34B8AD5CD6CA/Juice.app/Grape/build/wine-ios/loader/wine/568D671F-3349-3123-82FA-3054984B7494)
		remaining client pid: 34207 (/private/var/containers/Bundle/Application/CC5BA8E5-587D-4BCE-957C-34B8AD5CD6CA/Juice.app/Grape/build/wine-ios/loader/wine/568D671F-3349-3123-82FA-3054984B7494)
		remaining client pid: 34164 (/private/var/containers/Bundle/Application/CC5BA8E5-587D-4BCE-957C-34B8AD5CD6CA/Juice.app/Grape/build/wine-ios/loader/wine/568D671F-3349-3123-82FA-3054984B7494)
		remaining client pid: 34154 (/private/var/containers/Bundle/Application/CC5BA8E5-587D-4BCE-957C-34B8AD5CD6CA/Juice.app/Grape/build/wine-ios/loader/wine/568D671F-3349-3123-82FA-3054984B7494)
		remaining client pid: 34148 (/System/Library/PrivateFrameworks/CloudDocs.framework/PlugIns/com.apple.CloudDocs.iCloudDriveFileProvider.appex/com.apple.CloudDocs.iCloudDriveFileProvider/B7ABEF76-103B-3688-8FD3-144898E0FEE7)
		remaining client pid: 34079 (/private/var/containers/Bundle/Application/CC5BA8E5-587D-4BCE-957C-34B8AD5CD6CA/Juice.app/Grape/build/wine-ios/loader/wine/568D671F-3349-3123-82FA-3054984B7494)
		remaining client pid: 34073 (/private/var/containers/Bundle/Application/CC5BA8E5-587D-4BCE-957C-34B8AD5CD6CA/Juice.app/Grape/build/wine-ios/loader/wine/568D671F-3349-3123-82FA-3054984B7494)
		remaining client pid: 1757 (/System/Library/PrivateFrameworks/SafariSafeBrowsing.framework/com.apple.Safari.SafeBrowsing.Service/E3666C27-CF23-3A03-8889-9DD375725564)
		remaining client pid: 1507 (/System/Library/PrivateFrameworks/EmailDaemon.framework/maild/0A7A6904-414F-3ABF-8DCC-BA0190546546)
		remaining client pid: 1444 (/usr/libexec/UniversalControl/D7D8B44D-CD6D-314E-A912-CDB9A90B6672)
		remaining client pid: 1339 (/usr/libexec/findmydeviced/B49C6EB8-13DC-3CCF-896B-03F313FBF92C)
		remaining client pid: 1306 (/usr/libexec/PowerUIAgent/22EE2B6E-1E04-3A50-87DD-C59BBFCDD57B)
		remaining client pid: 1310 (/usr/libexec/biomesyncd/90D138B8-54DE-3DA6-A241-9488F9A0CD0E)
		remaining client pid: 0 (/kernel/B0841348-0448-39A5-BA2B-F99C7CC3D28A)
After 2.14s, these clients are still here:
		remaining client pid: 34347 (/private/var/containers/Bundle/Application/CC5BA8E5-587D-4BCE-957C-34B8AD5CD6CA/Juice.app/Grape/build/wine-ios/loader/wine/568D671F-3349-3123-82FA-3054984B7494)
		remaining client pid: 34213 (/private/var/containers/Bundle/Application/CC5BA8E5-587D-4BCE-957C-34B8AD5CD6CA/Juice.app/Grape/build/wine-ios/loader/wine/568D671F-3349-3123-82FA-3054984B7494)
		remaining client pid: 34207 (/private/var/containers/Bundle/Application/CC5BA8E5-587D-4BCE-957C-34B8AD5CD6CA/Juice.app/Grape/build/wine-ios/loader/wine/568D671F-3349-3123-82FA-3054984B7494)
		remaining client pid: 34164 (/private/var/containers/Bundle/Application/CC5BA8E5-587D-4BCE-957C-34B8AD5CD6CA/Juice.app/Grape/build/wine-ios/loader/wine/568D671F-3349-3123-82FA-3054984B7494)
		remaining client pid: 34154 (/private/var/containers/Bundle/Application/CC5BA8E5-587D-4BCE-957C-34B8AD5CD6CA/Juice.app/Grape/build/wine-ios/loader/wine/568D671F-3349-3123-82FA-3054984B7494)
		remaining client pid: 34148 (/System/Library/PrivateFrameworks/CloudDocs.framework/PlugIns/com.apple.CloudDocs.iCloudDriveFileProvider.appex/com.apple.CloudDocs.iCloudDriveFileProvider/B7ABEF76-103B-3688-8FD3-144898E0FEE7)
		remaining client pid: 34079 (/private/var/containers/Bundle/Application/CC5BA8E5-587D-4BCE-957C-34B8AD5CD6CA/Juice.app/Grape/build/wine-ios/loader/wine/568D671F-3349-3123-82FA-3054984B7494)
		remaining client pid: 34073 (/private/var/containers/Bundle/Application/CC5BA8E5-587D-4BCE-957C-34B8AD5CD6CA/Juice.app/Grape/build/wine-ios/loader/wine/568D671F-3349-3123-82FA-3054984B7494)
		remaining client pid: 1757 (/System/Library/PrivateFrameworks/SafariSafeBrowsing.framework/com.apple.Safari.SafeBrowsing.Service/E3666C27-CF23-3A03-8889-9DD375725564)
		remaining client pid: 1507 (/System/Library/PrivateFrameworks/EmailDaemon.framework/maild/0A7A6904-414F-3ABF-8DCC-BA0190546546)
		remaining client pid: 1444 (/usr/libexec/UniversalControl/D7D8B44D-CD6D-314E-A912-CDB9A90B6672)
		remaining client pid: 1339 (/usr/libexec/findmydeviced/B49C6EB8-13DC-3CCF-896B-03F313FBF92C)
		remaining client pid: 1306 (/usr/libexec/PowerUIAgent/22EE2B6E-1E04-3A50-87DD-C59BBFCDD57B)
		remaining client pid: 1310 (/usr/libexec/biomesyncd/90D138B8-54DE-3DA6-A241-9488F9A0CD0E)
		remaining client pid: 0 (/kernel/B0841348-0448-39A5-BA2B-F99C7CC3D28A)
After 2.15s, these clients are still here:
		remaining client pid: 0 (/kernel/B0841348-0448-39A5-BA2B-F99C7CC3D28A)
SIGTERM: [1784539013] All buffers flushed
After 1.09s, these clients are still here:
		remaining client pid: 35485 (/usr/libexec/routined/D5AEAEBD-7B97-3213-9E23-C73F35E35826)
		remaining client pid: 35232 (/private/var/containers/Bundle/Application/CC5BA8E5-587D-4BCE-957C-34B8AD5CD6CA/Juice.app/Grape/build/wine-ios/loader/wine/568D671F-3349-3123-82FA-3054984B7494)
		remaining client pid: 35102 (/System/Library/PrivateFrameworks/SafariSafeBrowsing.framework/com.apple.Safari.SafeBrowsing.Service/E3666C27-CF23-3A03-8889-9DD375725564)
		remaining client pid: 35073 (/private/var/containers/Bundle/Application/CC5BA8E5-587D-4BCE-957C-34B8AD5CD6CA/Juice.app/Grape/build/wine-ios/loader/wine/568D671F-3349-3123-82FA-3054984B7494)
		remaining client pid: 34617 (/usr/libexec/UniversalControl/D7D8B44D-CD6D-314E-A912-CDB9A90B6672)
		remaining client pid: 34603 (/System/Library/PrivateFrameworks/IntelligencePlatformCore.framework/intelligenceplatformd/08572E26-8435-3ED0-86F0-26AEDF63EBA2)
		remaining client pid: 34531 (/usr/libexec/findmydeviced/B49C6EB8-13DC-3CCF-896B-03F313FBF92C)
		remaining client pid: 34490 (/usr/libexec/PowerUIAgent/22EE2B6E-1E04-3A50-87DD-C59BBFCDD57B)
		remaining client pid: 0 (/kernel/B0841348-0448-39A5-BA2B-F99C7CC3D28A)
SIGTERM: [1784618472] All buffers flushed
After 1.19s, these clients are still here:
		remaining client pid: 301 (/System/Library/PrivateFrameworks/ProtectedCloudStorage.framework/Helpers/ProtectedCloudKeySyncing/5A900E80-47D7-3BE1-95A5-703403BFA14A)
		remaining client pid: 296 (/System/Library/PrivateFrameworks/FinanceKit.framework/financed/C17C0824-249C-3B61-B44B-6D845D95031F)
		remaining client pid: 269 (/usr/libexec/duetexpertd/5AA86ADE-7FA8-3716-AAED-C0844FC8D483)
		remaining client pid: 278 (/System/Library/Frameworks/AssetsLibrary.framework/Support/assetsd/7F6D3209-98E6-341B-AB06-E0C0B553EA43)
		remaining client pid: 273 (/System/Library/Frameworks/Security.framework/CloudKeychainProxy.bundle/CloudKeychainProxy/5F553B38-55AB-3A9A-BE87-81572DC2C526)
		remaining client pid: 258 (/System/Library/PrivateFrameworks/EmailDaemon.framework/maild/0A7A6904-414F-3ABF-8DCC-BA0190546546)
		remaining client pid: 241 (/System/Library/PrivateFrameworks/MapsSupport.framework/mapspushd/80410380-C70B-379D-A208-379A35CD2A1C)
		remaining client pid: 212 (/System/Library/PrivateFrameworks/iCloudNotification.framework/ind/C7D2BFD9-EF95-3EDC-A5FF-9D1C0F93A4D0)
		remaining client pid: 213 (/usr/libexec/UniversalControl/D7D8B44D-CD6D-314E-A912-CDB9A90B6672)
		remaining client pid: 210 (/System/Library/CoreServices/ReportCrash/C25E7EC2-F58F-39AF-8CCD-F5C791C328C0)
		remaining client pid: 183 (/usr/libexec/searchpartyd/0C88D348-246C-3F33-B6A6-529C0FCBEECC)
		remaining client pid: 154 (/System/Library/PrivateFrameworks/ScreenTimeCore.framework/ScreenTimeAgent/75BDECAD-7D18-30E8-A7D7-C15DC7BCBA44)
		remaining client pid: 151 (/System/Library/PrivateFrameworks/GeoServices.framework/geod/EB3965D9-3703-31FC-BB05-A3D96369AA7A)
		remaining client pid: 34 (/System/Library/PrivateFrameworks/AssistantServices.framework/assistantd/477CC714-785D-3AB5-928F-BF83E7B1E530)
		remaining client pid: 130 (/System/Library/PrivateFrameworks/VoiceShortcuts.framework/Support/siriactionsd/7A94BF4A-DF6F-3C40-A761-1DBFA75E4BCB)
		remaining client pid: 117 (/usr/libexec/securityd/9F34F8A0-722F-3F5B-8C84-0A47E8271611)
		remaining client pid: 112 (/usr/libexec/findmydeviced/B49C6EB8-13DC-3CCF-896B-03F313FBF92C)
		remaining client pid: 103 (/usr/libexec/coreduetd/0937097A-FE7A-3C0A-A954-DB6450C4567B)
		remaining client pid: 89 (/System/Library/Frameworks/CoreTelephony.framework/Support/CommCenter/6D8DBACC-4AC7-3773-819B-35A4DC6BB629)
		remaining client pid: 72 (/usr/libexec/dasd/2FD35D1F-D266-3631-BE58-4D1BDBDBBF82)
		remaining client pid: 61 (/System/Library/PrivateFrameworks/CoreDuetContext.framework/Resources/contextstored/3BB5D1B0-682F-3D72-92CE-C9E29C478CF7)
		remaining client pid: 0 (/kernel/B0841348-0448-39A5-BA2B-F99C7CC3D28A)
After 1.69s, these clients are still here:
		remaining client pid: 301 (/System/Library/PrivateFrameworks/ProtectedCloudStorage.framework/Helpers/ProtectedCloudKeySyncing/5A900E80-47D7-3BE1-95A5-703403BFA14A)
		remaining client pid: 269 (/usr/libexec/duetexpertd/5AA86ADE-7FA8-3716-AAED-C0844FC8D483)
		remaining client pid: 278 (/System/Library/Frameworks/AssetsLibrary.framework/Support/assetsd/7F6D3209-98E6-341B-AB06-E0C0B553EA43)
		remaining client pid: 273 (/System/Library/Frameworks/Security.framework/CloudKeychainProxy.bundle/CloudKeychainProxy/5F553B38-55AB-3A9A-BE87-81572DC2C526)
		remaining client pid: 241 (/System/Library/PrivateFrameworks/MapsSupport.framework/mapspushd/80410380-C70B-379D-A208-379A35CD2A1C)
		remaining client pid: 212 (/System/Library/PrivateFrameworks/iCloudNotification.framework/ind/C7D2BFD9-EF95-3EDC-A5FF-9D1C0F93A4D0)
		remaining client pid: 213 (/usr/libexec/UniversalControl/D7D8B44D-CD6D-314E-A912-CDB9A90B6672)
		remaining client pid: 210 (/System/Library/CoreServices/ReportCrash/C25E7EC2-F58F-39AF-8CCD-F5C791C328C0)
		remaining client pid: 151 (/System/Library/PrivateFrameworks/GeoServices.framework/geod/EB3965D9-3703-31FC-BB05-A3D96369AA7A)
		remaining client pid: 34 (/System/Library/PrivateFrameworks/AssistantServices.framework/assistantd/477CC714-785D-3AB5-928F-BF83E7B1E530)
		remaining client pid: 130 (/System/Library/PrivateFrameworks/VoiceShortcuts.framework/Support/siriactionsd/7A94BF4A-DF6F-3C40-A761-1DBFA75E4BCB)
		remaining client pid: 117 (/usr/libexec/securityd/9F34F8A0-722F-3F5B-8C84-0A47E8271611)
		remaining client pid: 112 (/usr/libexec/findmydeviced/B49C6EB8-13DC-3CCF-896B-03F313FBF92C)
		remaining client pid: 89 (/System/Library/Frameworks/CoreTelephony.framework/Support/CommCenter/6D8DBACC-4AC7-3773-819B-35A4DC6BB629)
		remaining client pid: 72 (/usr/libexec/dasd/2FD35D1F-D266-3631-BE58-4D1BDBDBBF82)
		remaining client pid: 0 (/kernel/B0841348-0448-39A5-BA2B-F99C7CC3D28A)
After 2.19s, these clients are still here:
		remaining client pid: 301 (/System/Library/PrivateFrameworks/ProtectedCloudStorage.framework/Helpers/ProtectedCloudKeySyncing/5A900E80-47D7-3BE1-95A5-703403BFA14A)
		remaining client pid: 269 (/usr/libexec/duetexpertd/5AA86ADE-7FA8-3716-AAED-C0844FC8D483)
		remaining client pid: 278 (/System/Library/Frameworks/AssetsLibrary.framework/Support/assetsd/7F6D3209-98E6-341B-AB06-E0C0B553EA43)
		remaining client pid: 273 (/System/Library/Frameworks/Security.framework/CloudKeychainProxy.bundle/CloudKeychainProxy/5F553B38-55AB-3A9A-BE87-81572DC2C526)
		remaining client pid: 241 (/System/Library/PrivateFrameworks/MapsSupport.framework/mapspushd/80410380-C70B-379D-A208-379A35CD2A1C)
		remaining client pid: 212 (/System/Library/PrivateFrameworks/iCloudNotification.framework/ind/C7D2BFD9-EF95-3EDC-A5FF-9D1C0F93A4D0)
		remaining client pid: 213 (/usr/libexec/UniversalControl/D7D8B44D-CD6D-314E-A912-CDB9A90B6672)
		remaining client pid: 210 (/System/Library/CoreServices/ReportCrash/C25E7EC2-F58F-39AF-8CCD-F5C791C328C0)
		remaining client pid: 34 (/System/Library/PrivateFrameworks/AssistantServices.framework/assistantd/477CC714-785D-3AB5-928F-BF83E7B1E530)
		remaining client pid: 117 (/usr/libexec/securityd/9F34F8A0-722F-3F5B-8C84-0A47E8271611)
		remaining client pid: 112 (/usr/libexec/findmydeviced/B49C6EB8-13DC-3CCF-896B-03F313FBF92C)
		remaining client pid: 72 (/usr/libexec/dasd/2FD35D1F-D266-3631-BE58-4D1BDBDBBF82)
		remaining client pid: 0 (/kernel/B0841348-0448-39A5-BA2B-F99C7CC3D28A)
After 2.20s, these clients are still here:
		remaining client pid: 0 (/kernel/B0841348-0448-39A5-BA2B-F99C7CC3D28A)
SIGTERM: [1784636299] All buffers flushed
After 0.94s, these clients are still here:
		remaining client pid: 683 (/System/Library/PrivateFrameworks/SafariSafeBrowsing.framework/com.apple.Safari.SafeBrowsing.Service/E3666C27-CF23-3A03-8889-9DD375725564)
		remaining client pid: 605 (/usr/libexec/UniversalControl/D7D8B44D-CD6D-314E-A912-CDB9A90B6672)
		remaining client pid: 546 (/System/Library/PrivateFrameworks/InstallCoordination.framework/Support/installcoordinationd/F2452542-A8C3-3239-BEC1-2E1851DCF83D)
		remaining client pid: 428 (/usr/libexec/PowerUIAgent/22EE2B6E-1E04-3A50-87DD-C59BBFCDD57B)
		remaining client pid: 0 (/kernel/B0841348-0448-39A5-BA2B-F99C7CC3D28A)
SIGTERM: [1784842893] All buffers flushed
After 0.91s, these clients are still here:
		remaining client pid: 227 (/System/Library/PrivateFrameworks/MapsSupport.framework/mapspushd/80410380-C70B-379D-A208-379A35CD2A1C)
		remaining client pid: 206 (/usr/libexec/UniversalControl/D7D8B44D-CD6D-314E-A912-CDB9A90B6672)
		remaining client pid: 177 (/System/Library/PrivateFrameworks/InstallCoordination.framework/Support/installcoordinationd/F2452542-A8C3-3239-BEC1-2E1851DCF83D)
		remaining client pid: 0 (/kernel/B0841348-0448-39A5-BA2B-F99C7CC3D28A)
After 0.92s, these clients are still here:
		remaining client pid: 0 (/kernel/B0841348-0448-39A5-BA2B-F99C7CC3D28A)
SIGTERM: [1784892149] All buffers flushed
After 0.97s, these clients are still here:
		remaining client pid: 312 (/System/Library/PrivateFrameworks/SafariSafeBrowsing.framework/com.apple.Safari.SafeBrowsing.Service/E3666C27-CF23-3A03-8889-9DD375725564)
		remaining client pid: 245 (/usr/libexec/duetexpertd/5AA86ADE-7FA8-3716-AAED-C0844FC8D483)
		remaining client pid: 225 (/System/Library/PrivateFrameworks/MapsSupport.framework/mapspushd/80410380-C70B-379D-A208-379A35CD2A1C)
		remaining client pid: 179 (/System/Library/PrivateFrameworks/InstallCoordination.framework/Support/installcoordinationd/F2452542-A8C3-3239-BEC1-2E1851DCF83D)
		remaining client pid: 112 (/usr/libexec/findmydeviced/B49C6EB8-13DC-3CCF-896B-03F313FBF92C)
		remaining client pid: 0 (/kernel/B0841348-0448-39A5-BA2B-F99C7CC3D28A)
After 0.98s, these clients are still here:
		remaining client pid: 0 (/kernel/B0841348-0448-39A5-BA2B-F99C7CC3D28A)
SIGTERM: [1785054208] All buffers flushed
After 1.09s, these clients are still here:
		remaining client pid: 1286 (/usr/libexec/routined/D5AEAEBD-7B97-3213-9E23-C73F35E35826)
		remaining client pid: 1088 (/private/var/containers/Bundle/Application/CC5BA8E5-587D-4BCE-957C-34B8AD5CD6CA/Juice.app/Grape/build/wine-ios/loader/wine/568D671F-3349-3123-82FA-3054984B7494)
		remaining client pid: 1052 (/private/var/containers/Bundle/Application/CC5BA8E5-587D-4BCE-957C-34B8AD5CD6CA/Juice.app/Grape/build/wine-ios/loader/wine/568D671F-3349-3123-82FA-3054984B7494)
		remaining client pid: 1046 (/private/var/containers/Bundle/Application/CC5BA8E5-587D-4BCE-957C-34B8AD5CD6CA/Juice.app/Grape/build/wine-ios/loader/wine/568D671F-3349-3123-82FA-3054984B7494)
		remaining client pid: 809 (/System/Library/PrivateFrameworks/SafariSafeBrowsing.framework/com.apple.Safari.SafeBrowsing.Service/E3666C27-CF23-3A03-8889-9DD375725564)
		remaining client pid: 707 (/System/Library/PrivateFrameworks/InstallCoordination.framework/Support/installcoordinationd/F2452542-A8C3-3239-BEC1-2E1851DCF83D)
		remaining client pid: 631 (/usr/libexec/findmydeviced/B49C6EB8-13DC-3CCF-896B-03F313FBF92C)
		remaining client pid: 605 (/usr/libexec/coreduetd/0937097A-FE7A-3C0A-A954-DB6450C4567B)
		remaining client pid: 0 (/kernel/B0841348-0448-39A5-BA2B-F99C7CC3D28A)
SIGTERM: [1785128806] All buffers flushed
After 1.23s, these clients are still here:
		remaining client pid: 302 (/usr/libexec/biomesyncd/90D138B8-54DE-3DA6-A241-9488F9A0CD0E)
		remaining client pid: 298 (/System/Library/PrivateFrameworks/ProtectedCloudStorage.framework/Helpers/ProtectedCloudKeySyncing/5A900E80-47D7-3BE1-95A5-703403BFA14A)
		remaining client pid: 288 (/System/Library/CoreServices/ReportCrash/C25E7EC2-F58F-39AF-8CCD-F5C791C328C0)
		remaining client pid: 270 (/System/Library/PrivateFrameworks/iCloudNotification.framework/ind/C7D2BFD9-EF95-3EDC-A5FF-9D1C0F93A4D0)
		remaining client pid: 269 (/usr/libexec/duetexpertd/5AA86ADE-7FA8-3716-AAED-C0844FC8D483)
		remaining client pid: 248 (/usr/libexec/UniversalControl/D7D8B44D-CD6D-314E-A912-CDB9A90B6672)
		remaining client pid: 244 (/System/Library/PrivateFrameworks/StatusKit.framework/StatusKitAgent/EAA0269B-6076-3A21-AF5B-B21308849386)
		remaining client pid: 220 (/System/Library/PrivateFrameworks/MapsSupport.framework/mapspushd/80410380-C70B-379D-A208-379A35CD2A1C)
		remaining client pid: 194 (/System/Library/PrivateFrameworks/AuthKit.framework/akd/3665AC82-EC88-3045-B0CC-B4BC53DAF247)
		remaining client pid: 180 (/System/Library/PrivateFrameworks/InstallCoordination.framework/Support/installcoordinationd/F2452542-A8C3-3239-BEC1-2E1851DCF83D)
		remaining client pid: 177 (/usr/libexec/searchpartyd/0C88D348-246C-3F33-B6A6-529C0FCBEECC)
		remaining client pid: 114 (/usr/libexec/findmydeviced/B49C6EB8-13DC-3CCF-896B-03F313FBF92C)
		remaining client pid: 106 (/usr/libexec/coreduetd/0937097A-FE7A-3C0A-A954-DB6450C4567B)
		remaining client pid: 89 (/System/Library/Frameworks/CoreTelephony.framework/Support/CommCenter/6D8DBACC-4AC7-3773-819B-35A4DC6BB629)
		remaining client pid: 0 (/kernel/B0841348-0448-39A5-BA2B-F99C7CC3D28A)
After 1.73s, these clients are still here:
		remaining client pid: 302 (/usr/libexec/biomesyncd/90D138B8-54DE-3DA6-A241-9488F9A0CD0E)
		remaining client pid: 298 (/System/Library/PrivateFrameworks/ProtectedCloudStorage.framework/Helpers/ProtectedCloudKeySyncing/5A900E80-47D7-3BE1-95A5-703403BFA14A)
		remaining client pid: 288 (/System/Library/CoreServices/ReportCrash/C25E7EC2-F58F-39AF-8CCD-F5C791C328C0)
		remaining client pid: 270 (/System/Library/PrivateFrameworks/iCloudNotification.framework/ind/C7D2BFD9-EF95-3EDC-A5FF-9D1C0F93A4D0)
		remaining client pid: 269 (/usr/libexec/duetexpertd/5AA86ADE-7FA8-3716-AAED-C0844FC8D483)
		remaining client pid: 248 (/usr/libexec/UniversalControl/D7D8B44D-CD6D-314E-A912-CDB9A90B6672)
		remaining client pid: 244 (/System/Library/PrivateFrameworks/StatusKit.framework/StatusKitAgent/EAA0269B-6076-3A21-AF5B-B21308849386)
		remaining client pid: 220 (/System/Library/PrivateFrameworks/MapsSupport.framework/mapspushd/80410380-C70B-379D-A208-379A35CD2A1C)
		remaining client pid: 194 (/System/Library/PrivateFrameworks/AuthKit.framework/akd/3665AC82-EC88-3045-B0CC-B4BC53DAF247)
		remaining client pid: 180 (/System/Library/PrivateFrameworks/InstallCoordination.framework/Support/installcoordinationd/F2452542-A8C3-3239-BEC1-2E1851DCF83D)
		remaining client pid: 177 (/usr/libexec/searchpartyd/0C88D348-246C-3F33-B6A6-529C0FCBEECC)
		remaining client pid: 114 (/usr/libexec/findmydeviced/B49C6EB8-13DC-3CCF-896B-03F313FBF92C)
		remaining client pid: 0 (/kernel/B0841348-0448-39A5-BA2B-F99C7CC3D28A)
After 2.23s, these clients are still here:
		remaining client pid: 302 (/usr/libexec/biomesyncd/90D138B8-54DE-3DA6-A241-9488F9A0CD0E)
		remaining client pid: 298 (/System/Library/PrivateFrameworks/ProtectedCloudStorage.framework/Helpers/ProtectedCloudKeySyncing/5A900E80-47D7-3BE1-95A5-703403BFA14A)
		remaining client pid: 288 (/System/Library/CoreServices/ReportCrash/C25E7EC2-F58F-39AF-8CCD-F5C791C328C0)
		remaining client pid: 270 (/System/Library/PrivateFrameworks/iCloudNotification.framework/ind/C7D2BFD9-EF95-3EDC-A5FF-9D1C0F93A4D0)
		remaining client pid: 269 (/usr/libexec/duetexpertd/5AA86ADE-7FA8-3716-AAED-C0844FC8D483)
		remaining client pid: 248 (/usr/libexec/UniversalControl/D7D8B44D-CD6D-314E-A912-CDB9A90B6672)
		remaining client pid: 244 (/System/Library/PrivateFrameworks/StatusKit.framework/StatusKitAgent/EAA0269B-6076-3A21-AF5B-B21308849386)
		remaining client pid: 220 (/System/Library/PrivateFrameworks/MapsSupport.framework/mapspushd/80410380-C70B-379D-A208-379A35CD2A1C)
		remaining client pid: 194 (/System/Library/PrivateFrameworks/AuthKit.framework/akd/3665AC82-EC88-3045-B0CC-B4BC53DAF247)
		remaining client pid: 180 (/System/Library/PrivateFrameworks/InstallCoordination.framework/Support/installcoordinationd/F2452542-A8C3-3239-BEC1-2E1851DCF83D)
		remaining client pid: 177 (/usr/libexec/searchpartyd/0C88D348-246C-3F33-B6A6-529C0FCBEECC)
		remaining client pid: 114 (/usr/libexec/findmydeviced/B49C6EB8-13DC-3CCF-896B-03F313FBF92C)
		remaining client pid: 0 (/kernel/B0841348-0448-39A5-BA2B-F99C7CC3D28A)
After 2.23s, these clients are still here:
		remaining client pid: 0 (/kernel/B0841348-0448-39A5-BA2B-F99C7CC3D28A)
SIGTERM: [1785573681] All buffers flushed
After 1.01s, these clients are still here:
		remaining client pid: 18227 (/usr/libexec/routined/D5AEAEBD-7B97-3213-9E23-C73F35E35826)
		remaining client pid: 17300 (/System/Library/PrivateFrameworks/SafariSafeBrowsing.framework/com.apple.Safari.SafeBrowsing.Service/E3666C27-CF23-3A03-8889-9DD375725564)
		remaining client pid: 647 (/usr/libexec/UniversalControl/D7D8B44D-CD6D-314E-A912-CDB9A90B6672)
		remaining client pid: 525 (/usr/libexec/pipelined/98F13173-61DA-38E4-BE95-D6F269E398AA)
		remaining client pid: 424 (/usr/libexec/PowerUIAgent/22EE2B6E-1E04-3A50-87DD-C59BBFCDD57B)
		remaining client pid: 0 (/kernel/B0841348-0448-39A5-BA2B-F99C7CC3D28A)
SIGTERM: [1785917818] All buffers flushed
After 0.89s, these clients are still here:
		remaining client pid: 225 (/System/Library/PrivateFrameworks/MapsSupport.framework/mapspushd/80410380-C70B-379D-A208-379A35CD2A1C)
		remaining client pid: 165 (/System/Library/PrivateFrameworks/WatchListKit.framework/Support/watchlistd/C1D46837-1CEC-39DC-9DD5-DE65AA892C22)
		remaining client pid: 210 (/usr/libexec/UniversalControl/D7D8B44D-CD6D-314E-A912-CDB9A90B6672)
		remaining client pid: 34 (/System/Library/PrivateFrameworks/AssistantServices.framework/assistantd/477CC714-785D-3AB5-928F-BF83E7B1E530)
		remaining client pid: 0 (/kernel/B0841348-0448-39A5-BA2B-F99C7CC3D28A)
After 0.90s, these clients are still here:
		remaining client pid: 0 (/kernel/B0841348-0448-39A5-BA2B-F99C7CC3D28A)
SIGTERM: [1786154336] All buffers flushed
After 0.90s, these clients are still here:
		remaining client pid: 782 (/usr/libexec/UniversalControl/D7D8B44D-CD6D-314E-A912-CDB9A90B6672)
		remaining client pid: 768 (/usr/libexec/pipelined/98F13173-61DA-38E4-BE95-D6F269E398AA)
		remaining client pid: 757 (/System/Library/PrivateFrameworks/InstallCoordination.framework/Support/installcoordinationd/F2452542-A8C3-3239-BEC1-2E1851DCF83D)
		remaining client pid: 739 (/System/Library/PrivateFrameworks/FamilyCircle.framework/familycircled/B04C4162-EE68-33D1-97E4-A67E685591D4)
		remaining client pid: 702 (/usr/libexec/duetexpertd/5AA86ADE-7FA8-3716-AAED-C0844FC8D483)
		remaining client pid: 708 (/usr/libexec/findmydeviced/B49C6EB8-13DC-3CCF-896B-03F313FBF92C)
		remaining client pid: 670 (/usr/libexec/PowerUIAgent/22EE2B6E-1E04-3A50-87DD-C59BBFCDD57B)
		remaining client pid: 716 (/usr/sbin/filecoordinationd/C428AEF9-56ED-3EDE-9A53-925F8976D38B)
		remaining client pid: 0 (/kernel/B0841348-0448-39A5-BA2B-F99C7CC3D28A)
After 0.90s, these clients are still here:
		remaining client pid: 0 (/kernel/B0841348-0448-39A5-BA2B-F99C7CC3D28A)
SIGTERM: [1786173841] All buffers flushed
After 0.90s, these clients are still here:
		remaining client pid: 221 (/usr/libexec/UniversalControl/D7D8B44D-CD6D-314E-A912-CDB9A90B6672)
		remaining client pid: 196 (/System/Library/PrivateFrameworks/FamilyCircle.framework/familycircled/B04C4162-EE68-33D1-97E4-A67E685591D4)
		remaining client pid: 100 (/usr/libexec/PowerUIAgent/22EE2B6E-1E04-3A50-87DD-C59BBFCDD57B)
		remaining client pid: 0 (/kernel/B0841348-0448-39A5-BA2B-F99C7CC3D28A)
SIGTERM: [1786364063] All buffers flushed
After 0.96s, these clients are still here:
		remaining client pid: 1363 (/usr/libexec/UniversalControl/D7D8B44D-CD6D-314E-A912-CDB9A90B6672)
		remaining client pid: 1357 (/System/Library/PrivateFrameworks/IntelligencePlatformCore.framework/intelligenceplatformd/08572E26-8435-3ED0-86F0-26AEDF63EBA2)
		remaining client pid: 1310 (/System/Library/Frameworks/AssetsLibrary.framework/Support/assetsd/7F6D3209-98E6-341B-AB06-E0C0B553EA43)
		remaining client pid: 1287 (/usr/libexec/findmydeviced/B49C6EB8-13DC-3CCF-896B-03F313FBF92C)
		remaining client pid: 1256 (/usr/libexec/PowerUIAgent/22EE2B6E-1E04-3A50-87DD-C59BBFCDD57B)
		remaining client pid: 0 (/kernel/B0841348-0448-39A5-BA2B-F99C7CC3D28A)
After 0.96s, these clients are still here:
		remaining client pid: 0 (/kernel/B0841348-0448-39A5-BA2B-F99C7CC3D28A)
SIGTERM: [1786408260] All buffers flushed
After 1.01s, these clients are still here:
		remaining client pid: 3605 (/private/var/containers/Bundle/Application/CC5BA8E5-587D-4BCE-957C-34B8AD5CD6CA/Juice.app/Grape/build/wine-ios/loader/wine/568D671F-3349-3123-82FA-3054984B7494)
		remaining client pid: 3595 (/private/var/containers/Bundle/Application/CC5BA8E5-587D-4BCE-957C-34B8AD5CD6CA/Juice.app/Grape/build/wine-ios/loader/wine/568D671F-3349-3123-82FA-3054984B7494)
		remaining client pid: 460 (/private/var/containers/Bundle/Application/CC5BA8E5-587D-4BCE-957C-34B8AD5CD6CA/Juice.app/Grape/build/wine-ios/loader/wine/568D671F-3349-3123-82FA-3054984B7494)
		remaining client pid: 446 (/private/var/containers/Bundle/Application/CC5BA8E5-587D-4BCE-957C-34B8AD5CD6CA/Juice.app/Grape/build/wine-ios/loader/wine/568D671F-3349-3123-82FA-3054984B7494)
		remaining client pid: 436 (/private/var/containers/Bundle/Application/CC5BA8E5-587D-4BCE-957C-34B8AD5CD6CA/Juice.app/Grape/build/wine-ios/loader/wine/568D671F-3349-3123-82FA-3054984B7494)
		remaining client pid: 104 (/private/var/containers/Bundle/Application/CC5BA8E5-587D-4BCE-957C-34B8AD5CD6CA/Juice.app/Grape/build/wine-ios/loader/wine/568D671F-3349-3123-82FA-3054984B7494)
		remaining client pid: 99995 (/private/var/containers/Bundle/Application/CC5BA8E5-587D-4BCE-957C-34B8AD5CD6CA/Juice.app/Grape/build/wine-ios/loader/wine/568D671F-3349-3123-82FA-3054984B7494)
		remaining client pid: 99991 (/private/var/containers/Bundle/Application/CC5BA8E5-587D-4BCE-957C-34B8AD5CD6CA/Juice.app/Grape/build/wine-ios/loader/wine/568D671F-3349-3123-82FA-3054984B7494)
		remaining client pid: 99972 (/private/var/containers/Bundle/Application/CC5BA8E5-587D-4BCE-957C-34B8AD5CD6CA/Juice.app/Grape/build/wine-ios/loader/wine/568D671F-3349-3123-82FA-3054984B7494)
		remaining client pid: 99684 (/private/var/containers/Bundle/Application/CC5BA8E5-587D-4BCE-957C-34B8AD5CD6CA/Juice.app/Grape/build/wine-ios/loader/wine/568D671F-3349-3123-82FA-3054984B7494)
		remaining client pid: 99561 (/usr/libexec/UniversalControl/D7D8B44D-CD6D-314E-A912-CDB9A90B6672)
		remaining client pid: 90998 (/private/var/containers/Bundle/Application/CC5BA8E5-587D-4BCE-957C-34B8AD5CD6CA/Juice.app/Grape/build/wine-ios/loader/wine/568D671F-3349-3123-82FA-3054984B7494)
		remaining client pid: 89727 (/private/var/containers/Bundle/Application/CC5BA8E5-587D-4BCE-957C-34B8AD5CD6CA/Juice.app/Grape/build/wine-ios/loader/wine/568D671F-3349-3123-82FA-3054984B7494)
		remaining client pid: 81395 (/private/var/containers/Bundle/Application/CC5BA8E5-587D-4BCE-957C-34B8AD5CD6CA/Juice.app/Grape-X64/build/wine-ios/loader/wine/568D671F-3349-3123-82FA-3054984B7494)
		remaining client pid: 79951 (/private/var/containers/Bundle/Application/CC5BA8E5-587D-4BCE-957C-34B8AD5CD6CA/Juice.app/Grape/build/wine-ios/loader/wine/568D671F-3349-3123-82FA-3054984B7494)
		remaining client pid: 79765 (/private/var/containers/Bundle/Application/CC5BA8E5-587D-4BCE-957C-34B8AD5CD6CA/Juice.app/Grape/build/wine-ios/loader/wine/568D671F-3349-3123-82FA-3054984B7494)
		remaining client pid: 79621 (/private/var/containers/Bundle/Application/CC5BA8E5-587D-4BCE-957C-34B8AD5CD6CA/Juice.app/Grape/build/wine-ios/loader/wine/568D671F-3349-3123-82FA-3054984B7494)
		remaining client pid: 2351 (/usr/libexec/PowerUIAgent/22EE2B6E-1E04-3A50-87DD-C59BBFCDD57B)
		remaining client pid: 0 (/kernel/B0841348-0448-39A5-BA2B-F99C7CC3D28A)
After 1.51s, these clients are still here:
		remaining client pid: 3605 (/private/var/containers/Bundle/Application/CC5BA8E5-587D-4BCE-957C-34B8AD5CD6CA/Juice.app/Grape/build/wine-ios/loader/wine/568D671F-3349-3123-82FA-3054984B7494)
		remaining client pid: 3595 (/private/var/containers/Bundle/Application/CC5BA8E5-587D-4BCE-957C-34B8AD5CD6CA/Juice.app/Grape/build/wine-ios/loader/wine/568D671F-3349-3123-82FA-3054984B7494)
		remaining client pid: 460 (/private/var/containers/Bundle/Application/CC5BA8E5-587D-4BCE-957C-34B8AD5CD6CA/Juice.app/Grape/build/wine-ios/loader/wine/568D671F-3349-3123-82FA-3054984B7494)
		remaining client pid: 446 (/private/var/containers/Bundle/Application/CC5BA8E5-587D-4BCE-957C-34B8AD5CD6CA/Juice.app/Grape/build/wine-ios/loader/wine/568D671F-3349-3123-82FA-3054984B7494)
		remaining client pid: 436 (/private/var/containers/Bundle/Application/CC5BA8E5-587D-4BCE-957C-34B8AD5CD6CA/Juice.app/Grape/build/wine-ios/loader/wine/568D671F-3349-3123-82FA-3054984B7494)
		remaining client pid: 104 (/private/var/containers/Bundle/Application/CC5BA8E5-587D-4BCE-957C-34B8AD5CD6CA/Juice.app/Grape/build/wine-ios/loader/wine/568D671F-3349-3123-82FA-3054984B7494)
		remaining client pid: 99995 (/private/var/containers/Bundle/Application/CC5BA8E5-587D-4BCE-957C-34B8AD5CD6CA/Juice.app/Grape/build/wine-ios/loader/wine/568D671F-3349-3123-82FA-3054984B7494)
		remaining client pid: 99991 (/private/var/containers/Bundle/Application/CC5BA8E5-587D-4BCE-957C-34B8AD5CD6CA/Juice.app/Grape/build/wine-ios/loader/wine/568D671F-3349-3123-82FA-3054984B7494)
		remaining client pid: 99972 (/private/var/containers/Bundle/Application/CC5BA8E5-587D-4BCE-957C-34B8AD5CD6CA/Juice.app/Grape/build/wine-ios/loader/wine/568D671F-3349-3123-82FA-3054984B7494)
		remaining client pid: 99684 (/private/var/containers/Bundle/Application/CC5BA8E5-587D-4BCE-957C-34B8AD5CD6CA/Juice.app/Grape/build/wine-ios/loader/wine/568D671F-3349-3123-82FA-3054984B7494)
		remaining client pid: 99561 (/usr/libexec/UniversalControl/D7D8B44D-CD6D-314E-A912-CDB9A90B6672)
		remaining client pid: 90998 (/private/var/containers/Bundle/Application/CC5BA8E5-587D-4BCE-957C-34B8AD5CD6CA/Juice.app/Grape/build/wine-ios/loader/wine/568D671F-3349-3123-82FA-3054984B7494)
		remaining client pid: 89727 (/private/var/containers/Bundle/Application/CC5BA8E5-587D-4BCE-957C-34B8AD5CD6CA/Juice.app/Grape/build/wine-ios/loader/wine/568D671F-3349-3123-82FA-3054984B7494)
		remaining client pid: 81395 (/private/var/containers/Bundle/Application/CC5BA8E5-587D-4BCE-957C-34B8AD5CD6CA/Juice.app/Grape-X64/build/wine-ios/loader/wine/568D671F-3349-3123-82FA-3054984B7494)
		remaining client pid: 79951 (/private/var/containers/Bundle/Application/CC5BA8E5-587D-4BCE-957C-34B8AD5CD6CA/Juice.app/Grape/build/wine-ios/loader/wine/568D671F-3349-3123-82FA-3054984B7494)
		remaining client pid: 79765 (/private/var/containers/Bundle/Application/CC5BA8E5-587D-4BCE-957C-34B8AD5CD6CA/Juice.app/Grape/build/wine-ios/loader/wine/568D671F-3349-3123-82FA-3054984B7494)
		remaining client pid: 79621 (/private/var/containers/Bundle/Application/CC5BA8E5-587D-4BCE-957C-34B8AD5CD6CA/Juice.app/Grape/build/wine-ios/loader/wine/568D671F-3349-3123-82FA-3054984B7494)
		remaining client pid: 2351 (/usr/libexec/PowerUIAgent/22EE2B6E-1E04-3A50-87DD-C59BBFCDD57B)
		remaining client pid: 0 (/kernel/B0841348-0448-39A5-BA2B-F99C7CC3D28A)
After 2.02s, these clients are still here:
		remaining client pid: 3605 (/private/var/containers/Bundle/Application/CC5BA8E5-587D-4BCE-957C-34B8AD5CD6CA/Juice.app/Grape/build/wine-ios/loader/wine/568D671F-3349-3123-82FA-3054984B7494)
		remaining client pid: 3595 (/private/var/containers/Bundle/Application/CC5BA8E5-587D-4BCE-957C-34B8AD5CD6CA/Juice.app/Grape/build/wine-ios/loader/wine/568D671F-3349-3123-82FA-3054984B7494)
		remaining client pid: 460 (/private/var/containers/Bundle/Application/CC5BA8E5-587D-4BCE-957C-34B8AD5CD6CA/Juice.app/Grape/build/wine-ios/loader/wine/568D671F-3349-3123-82FA-3054984B7494)
		remaining client pid: 446 (/private/var/containers/Bundle/Application/CC5BA8E5-587D-4BCE-957C-34B8AD5CD6CA/Juice.app/Grape/build/wine-ios/loader/wine/568D671F-3349-3123-82FA-3054984B7494)
		remaining client pid: 436 (/private/var/containers/Bundle/Application/CC5BA8E5-587D-4BCE-957C-34B8AD5CD6CA/Juice.app/Grape/build/wine-ios/loader/wine/568D671F-3349-3123-82FA-3054984B7494)
		remaining client pid: 104 (/private/var/containers/Bundle/Application/CC5BA8E5-587D-4BCE-957C-34B8AD5CD6CA/Juice.app/Grape/build/wine-ios/loader/wine/568D671F-3349-3123-82FA-3054984B7494)
		remaining client pid: 99995 (/private/var/containers/Bundle/Application/CC5BA8E5-587D-4BCE-957C-34B8AD5CD6CA/Juice.app/Grape/build/wine-ios/loader/wine/568D671F-3349-3123-82FA-3054984B7494)
		remaining client pid: 99991 (/private/var/containers/Bundle/Application/CC5BA8E5-587D-4BCE-957C-34B8AD5CD6CA/Juice.app/Grape/build/wine-ios/loader/wine/568D671F-3349-3123-82FA-3054984B7494)
		remaining client pid: 99972 (/private/var/containers/Bundle/Application/CC5BA8E5-587D-4BCE-957C-34B8AD5CD6CA/Juice.app/Grape/build/wine-ios/loader/wine/568D671F-3349-3123-82FA-3054984B7494)
		remaining client pid: 99684 (/private/var/containers/Bundle/Application/CC5BA8E5-587D-4BCE-957C-34B8AD5CD6CA/Juice.app/Grape/build/wine-ios/loader/wine/568D671F-3349-3123-82FA-3054984B7494)
		remaining client pid: 99561 (/usr/libexec/UniversalControl/D7D8B44D-CD6D-314E-A912-CDB9A90B6672)
		remaining client pid: 90998 (/private/var/containers/Bundle/Application/CC5BA8E5-587D-4BCE-957C-34B8AD5CD6CA/Juice.app/Grape/build/wine-ios/loader/wine/568D671F-3349-3123-82FA-3054984B7494)
		remaining client pid: 89727 (/private/var/containers/Bundle/Application/CC5BA8E5-587D-4BCE-957C-34B8AD5CD6CA/Juice.app/Grape/build/wine-ios/loader/wine/568D671F-3349-3123-82FA-3054984B7494)
		remaining client pid: 81395 (/private/var/containers/Bundle/Application/CC5BA8E5-587D-4BCE-957C-34B8AD5CD6CA/Juice.app/Grape-X64/build/wine-ios/loader/wine/568D671F-3349-3123-82FA-3054984B7494)
		remaining client pid: 79951 (/private/var/containers/Bundle/Application/CC5BA8E5-587D-4BCE-957C-34B8AD5CD6CA/Juice.app/Grape/build/wine-ios/loader/wine/568D671F-3349-3123-82FA-3054984B7494)
		remaining client pid: 79765 (/private/var/containers/Bundle/Application/CC5BA8E5-587D-4BCE-957C-34B8AD5CD6CA/Juice.app/Grape/build/wine-ios/loader/wine/568D671F-3349-3123-82FA-3054984B7494)
		remaining client pid: 79621 (/private/var/containers/Bundle/Application/CC5BA8E5-587D-4BCE-957C-34B8AD5CD6CA/Juice.app/Grape/build/wine-ios/loader/wine/568D671F-3349-3123-82FA-3054984B7494)
		remaining client pid: 2351 (/usr/libexec/PowerUIAgent/22EE2B6E-1E04-3A50-87DD-C59BBFCDD57B)
		remaining client pid: 0 (/kernel/B0841348-0448-39A5-BA2B-F99C7CC3D28A)
After 2.02s, these clients are still here:
		remaining client pid: 0 (/kernel/B0841348-0448-39A5-BA2B-F99C7CC3D28A)
SIGTERM: [1786524989] All buffers flushed
After 0.87s, these clients are still here:
		remaining client pid: 239 (/usr/libexec/UniversalControl/D7D8B44D-CD6D-314E-A912-CDB9A90B6672)
		remaining client pid: 219 (/System/Library/PrivateFrameworks/MapsSupport.framework/mapspushd/80410380-C70B-379D-A208-379A35CD2A1C)
		remaining client pid: 112 (/usr/libexec/findmydeviced/B49C6EB8-13DC-3CCF-896B-03F313FBF92C)
		remaining client pid: 0 (/kernel/B0841348-0448-39A5-BA2B-F99C7CC3D28A)
SIGTERM: [1786544894] All buffers flushed
After 0.98s, these clients are still here:
		remaining client pid: 1803 (/private/var/containers/Bundle/Application/CC5BA8E5-587D-4BCE-957C-34B8AD5CD6CA/Juice.app/Grape/build/wine-ios/loader/wine/568D671F-3349-3123-82FA-3054984B7494)
		remaining client pid: 1797 (/private/var/containers/Bundle/Application/CC5BA8E5-587D-4BCE-957C-34B8AD5CD6CA/Juice.app/Grape/build/wine-ios/loader/wine/568D671F-3349-3123-82FA-3054984B7494)
		remaining client pid: 1794 (/private/var/containers/Bundle/Application/CC5BA8E5-587D-4BCE-957C-34B8AD5CD6CA/Juice.app/Grape/build/wine-ios/loader/wine/568D671F-3349-3123-82FA-3054984B7494)
		remaining client pid: 659 (/System/Library/PrivateFrameworks/EmailDaemon.framework/maild/0A7A6904-414F-3ABF-8DCC-BA0190546546)
		remaining client pid: 547 (/usr/libexec/UniversalControl/D7D8B44D-CD6D-314E-A912-CDB9A90B6672)
		remaining client pid: 502 (/System/Library/PrivateFrameworks/InstallCoordination.framework/Support/installcoordinationd/F2452542-A8C3-3239-BEC1-2E1851DCF83D)
		remaining client pid: 473 (/usr/libexec/findmydeviced/B49C6EB8-13DC-3CCF-896B-03F313FBF92C)
		remaining client pid: 431 (/usr/libexec/PowerUIAgent/22EE2B6E-1E04-3A50-87DD-C59BBFCDD57B)
		remaining client pid: 482 (/usr/sbin/filecoordinationd/C428AEF9-56ED-3EDE-9A53-925F8976D38B)
		remaining client pid: 0 (/kernel/B0841348-0448-39A5-BA2B-F99C7CC3D28A)
After 0.99s, these clients are still here:
		remaining client pid: 0 (/kernel/B0841348-0448-39A5-BA2B-F99C7CC3D28A)
SIGTERM: [1786626486] All buffers flushed
After 0.95s, these clients are still here:
		remaining client pid: 1609 (/private/var/containers/Bundle/Application/CC5BA8E5-587D-4BCE-957C-34B8AD5CD6CA/Juice.app/Grape-X64/build/wine-ios/loader/wine/DCF7ACAB-6601-3F43-9F96-AAAEBBC3EE41)
		remaining client pid: 1606 (/private/var/containers/Bundle/Application/CC5BA8E5-587D-4BCE-957C-34B8AD5CD6CA/Juice.app/Grape-X64/build/wine-ios/loader/wine/DCF7ACAB-6601-3F43-9F96-AAAEBBC3EE41)
		remaining client pid: 1591 (/private/var/containers/Bundle/Application/CC5BA8E5-587D-4BCE-957C-34B8AD5CD6CA/Juice.app/Grape-X64/build/wine-ios/loader/wine/DCF7ACAB-6601-3F43-9F96-AAAEBBC3EE41)
		remaining client pid: 1588 (/private/var/containers/Bundle/Application/CC5BA8E5-587D-4BCE-957C-34B8AD5CD6CA/Juice.app/Grape-X64/build/wine-ios/loader/wine/DCF7ACAB-6601-3F43-9F96-AAAEBBC3EE41)
		remaining client pid: 1585 (/private/var/containers/Bundle/Application/CC5BA8E5-587D-4BCE-957C-34B8AD5CD6CA/Juice.app/Grape-X64/build/wine-ios/loader/wine/DCF7ACAB-6601-3F43-9F96-AAAEBBC3EE41)
		remaining client pid: 1574 (/private/var/containers/Bundle/Application/CC5BA8E5-587D-4BCE-957C-34B8AD5CD6CA/Juice.app/Grape/build/wine-ios/loader/wine/DCF7ACAB-6601-3F43-9F96-AAAEBBC3EE41)
		remaining client pid: 1571 (/private/var/containers/Bundle/Application/CC5BA8E5-587D-4BCE-957C-34B8AD5CD6CA/Juice.app/Grape/build/wine-ios/loader/wine/DCF7ACAB-6601-3F43-9F96-AAAEBBC3EE41)
		remaining client pid: 1568 (/private/var/containers/Bundle/Application/CC5BA8E5-587D-4BCE-957C-34B8AD5CD6CA/Juice.app/Grape/build/wine-ios/loader/wine/DCF7ACAB-6601-3F43-9F96-AAAEBBC3EE41)
		remaining client pid: 1565 (/private/var/containers/Bundle/Application/CC5BA8E5-587D-4BCE-957C-34B8AD5CD6CA/Juice.app/Grape/build/wine-ios/loader/wine/DCF7ACAB-6601-3F43-9F96-AAAEBBC3EE41)
		remaining client pid: 1562 (/private/var/containers/Bundle/Application/CC5BA8E5-587D-4BCE-957C-34B8AD5CD6CA/Juice.app/Grape/build/wine-ios/loader/wine/DCF7ACAB-6601-3F43-9F96-AAAEBBC3EE41)
		remaining client pid: 1510 (/private/var/containers/Bundle/Application/CC5BA8E5-587D-4BCE-957C-34B8AD5CD6CA/Juice.app/Grape/build/wine-ios/loader/wine/DCF7ACAB-6601-3F43-9F96-AAAEBBC3EE41)
		remaining client pid: 1498 (/private/var/containers/Bundle/Application/CC5BA8E5-587D-4BCE-957C-34B8AD5CD6CA/Juice.app/Grape/build/wine-ios/loader/wine/DCF7ACAB-6601-3F43-9F96-AAAEBBC3EE41)
		remaining client pid: 1483 (/private/var/containers/Bundle/Application/CC5BA8E5-587D-4BCE-957C-34B8AD5CD6CA/Juice.app/Grape/build/wine-ios/loader/wine/DCF7ACAB-6601-3F43-9F96-AAAEBBC3EE41)
		remaining client pid: 1480 (/private/var/containers/Bundle/Application/CC5BA8E5-587D-4BCE-957C-34B8AD5CD6CA/Juice.app/Grape/build/wine-ios/loader/wine/DCF7ACAB-6601-3F43-9F96-AAAEBBC3EE41)
		remaining client pid: 1477 (/private/var/containers/Bundle/Application/CC5BA8E5-587D-4BCE-957C-34B8AD5CD6CA/Juice.app/Grape/build/wine-ios/loader/wine/DCF7ACAB-6601-3F43-9F96-AAAEBBC3EE41)
		remaining client pid: 1474 (/private/var/containers/Bundle/Application/CC5BA8E5-587D-4BCE-957C-34B8AD5CD6CA/Juice.app/Grape/build/wine-ios/loader/wine/DCF7ACAB-6601-3F43-9F96-AAAEBBC3EE41)
		remaining client pid: 1415 (/private/var/containers/Bundle/Application/CC5BA8E5-587D-4BCE-957C-34B8AD5CD6CA/Juice.app/Grape/build/wine-ios/loader/wine/E46E9646-E1E2-3665-AEC2-5E286B337E3F)
		remaining client pid: 1337 (/private/var/containers/Bundle/Application/CC5BA8E5-587D-4BCE-957C-34B8AD5CD6CA/Juice.app/Grape/build/wine-ios/loader/wine/9B03779D-43AC-385D-9689-67FFC84AD261)
		remaining client pid: 1334 (/private/var/containers/Bundle/Application/CC5BA8E5-587D-4BCE-957C-34B8AD5CD6CA/Juice.app/Grape/build/wine-ios/loader/wine/9B03779D-43AC-385D-9689-67FFC84AD261)
		remaining client pid: 1331 (/private/var/containers/Bundle/Application/CC5BA8E5-587D-4BCE-957C-34B8AD5CD6CA/Juice.app/Grape/build/wine-ios/loader/wine/9B03779D-43AC-385D-9689-67FFC84AD261)
		remaining client pid: 1277 (/private/var/containers/Bundle/Application/CC5BA8E5-587D-4BCE-957C-34B8AD5CD6CA/Juice.app/Grape/build/wine-ios/loader/wine/9B03779D-43AC-385D-9689-67FFC84AD261)
		remaining client pid: 1259 (/private/var/containers/Bundle/Application/CC5BA8E5-587D-4BCE-957C-34B8AD5CD6CA/Juice.app/Grape/build/wine-ios/loader/wine/9B03779D-43AC-385D-9689-67FFC84AD261)
		remaining client pid: 1243 (/private/var/containers/Bundle/Application/CC5BA8E5-587D-4BCE-957C-34B8AD5CD6CA/Juice.app/Grape/build/wine-ios/loader/wine/9B03779D-43AC-385D-9689-67FFC84AD261)
		remaining client pid: 1227 (/private/var/containers/Bundle/Application/CC5BA8E5-587D-4BCE-957C-34B8AD5CD6CA/Juice.app/Grape/build/wine-ios/loader/wine/9B03779D-43AC-385D-9689-67FFC84AD261)
		remaining client pid: 1206 (/private/var/containers/Bundle/Application/CC5BA8E5-587D-4BCE-957C-34B8AD5CD6CA/Juice.app/Grape/build/wine-ios/loader/wine/9B03779D-43AC-385D-9689-67FFC84AD261)
		remaining client pid: 1155 (/private/var/containers/Bundle/Application/CC5BA8E5-587D-4BCE-957C-34B8AD5CD6CA/Juice.app/Grape/build/wine-ios/loader/wine/9B03779D-43AC-385D-9689-67FFC84AD261)
		remaining client pid: 1091 (/private/var/containers/Bundle/Application/CC5BA8E5-587D-4BCE-957C-34B8AD5CD6CA/Juice.app/Grape/build/wine-ios/loader/wine/A850823E-B872-3495-9B91-FC94F88DF39B)
		remaining client pid: 999 (/private/var/containers/Bundle/Application/CC5BA8E5-587D-4BCE-957C-34B8AD5CD6CA/Juice.app/Grape/build/wine-ios/loader/wine/253B79CC-8A27-35E5-A959-991DB56B8A68)
		remaining client pid: 661 (/private/var/containers/Bundle/Application/CC5BA8E5-587D-4BCE-957C-34B8AD5CD6CA/Juice.app/Grape/build/wine-ios/loader/wine/253B79CC-8A27-35E5-A959-991DB56B8A68)
		remaining client pid: 638 (/private/var/containers/Bundle/Application/CC5BA8E5-587D-4BCE-957C-34B8AD5CD6CA/Juice.app/Grape/build/wine-ios/loader/wine/253B79CC-8A27-35E5-A959-991DB56B8A68)
		remaining client pid: 607 (/private/var/containers/Bundle/Application/CC5BA8E5-587D-4BCE-957C-34B8AD5CD6CA/Juice.app/Grape/build/wine-ios/loader/wine/253B79CC-8A27-35E5-A959-991DB56B8A68)
		remaining client pid: 600 (/private/var/containers/Bundle/Application/CC5BA8E5-587D-4BCE-957C-34B8AD5CD6CA/Juice.app/Grape/build/wine-ios/loader/wine/253B79CC-8A27-35E5-A959-991DB56B8A68)
		remaining client pid: 462 (/private/var/containers/Bundle/Application/CC5BA8E5-587D-4BCE-957C-34B8AD5CD6CA/Juice.app/Grape/build/wine-ios/loader/wine/253B79CC-8A27-35E5-A959-991DB56B8A68)
		remaining client pid: 457 (/private/var/containers/Bundle/Application/CC5BA8E5-587D-4BCE-957C-34B8AD5CD6CA/Juice.app/Grape/build/wine-ios/loader/wine/253B79CC-8A27-35E5-A959-991DB56B8A68)
		remaining client pid: 387 (/private/var/containers/Bundle/Application/CC5BA8E5-587D-4BCE-957C-34B8AD5CD6CA/Juice.app/Grape/build/wine-ios/loader/wine/253B79CC-8A27-35E5-A959-991DB56B8A68)
		remaining client pid: 374 (/private/var/containers/Bundle/Application/CC5BA8E5-587D-4BCE-957C-34B8AD5CD6CA/Juice.app/Grape/build/wine-ios/loader/wine/253B79CC-8A27-35E5-A959-991DB56B8A68)
		remaining client pid: 264 (/usr/libexec/UniversalControl/D7D8B44D-CD6D-314E-A912-CDB9A90B6672)
		remaining client pid: 223 (/System/Library/PrivateFrameworks/MapsSupport.framework/mapspushd/80410380-C70B-379D-A208-379A35CD2A1C)
		remaining client pid: 202 (/System/Library/PrivateFrameworks/FamilyCircle.framework/familycircled/B04C4162-EE68-33D1-97E4-A67E685591D4)
		remaining client pid: 112 (/usr/libexec/findmydeviced/B49C6EB8-13DC-3CCF-896B-03F313FBF92C)
		remaining client pid: 102 (/usr/libexec/PowerUIAgent/22EE2B6E-1E04-3A50-87DD-C59BBFCDD57B)
		remaining client pid: 0 (/kernel/B0841348-0448-39A5-BA2B-F99C7CC3D28A)
After 1.45s, these clients are still here:
		remaining client pid: 1609 (/private/var/containers/Bundle/Application/CC5BA8E5-587D-4BCE-957C-34B8AD5CD6CA/Juice.app/Grape-X64/build/wine-ios/loader/wine/DCF7ACAB-6601-3F43-9F96-AAAEBBC3EE41)
		remaining client pid: 1606 (/private/var/containers/Bundle/Application/CC5BA8E5-587D-4BCE-957C-34B8AD5CD6CA/Juice.app/Grape-X64/build/wine-ios/loader/wine/DCF7ACAB-6601-3F43-9F96-AAAEBBC3EE41)
		remaining client pid: 1591 (/private/var/containers/Bundle/Application/CC5BA8E5-587D-4BCE-957C-34B8AD5CD6CA/Juice.app/Grape-X64/build/wine-ios/loader/wine/DCF7ACAB-6601-3F43-9F96-AAAEBBC3EE41)
		remaining client pid: 1588 (/private/var/containers/Bundle/Application/CC5BA8E5-587D-4BCE-957C-34B8AD5CD6CA/Juice.app/Grape-X64/build/wine-ios/loader/wine/DCF7ACAB-6601-3F43-9F96-AAAEBBC3EE41)
		remaining client pid: 1585 (/private/var/containers/Bundle/Application/CC5BA8E5-587D-4BCE-957C-34B8AD5CD6CA/Juice.app/Grape-X64/build/wine-ios/loader/wine/DCF7ACAB-6601-3F43-9F96-AAAEBBC3EE41)
		remaining client pid: 1574 (/private/var/containers/Bundle/Application/CC5BA8E5-587D-4BCE-957C-34B8AD5CD6CA/Juice.app/Grape/build/wine-ios/loader/wine/DCF7ACAB-6601-3F43-9F96-AAAEBBC3EE41)
		remaining client pid: 1571 (/private/var/containers/Bundle/Application/CC5BA8E5-587D-4BCE-957C-34B8AD5CD6CA/Juice.app/Grape/build/wine-ios/loader/wine/DCF7ACAB-6601-3F43-9F96-AAAEBBC3EE41)
		remaining client pid: 1568 (/private/var/containers/Bundle/Application/CC5BA8E5-587D-4BCE-957C-34B8AD5CD6CA/Juice.app/Grape/build/wine-ios/loader/wine/DCF7ACAB-6601-3F43-9F96-AAAEBBC3EE41)
		remaining client pid: 1565 (/private/var/containers/Bundle/Application/CC5BA8E5-587D-4BCE-957C-34B8AD5CD6CA/Juice.app/Grape/build/wine-ios/loader/wine/DCF7ACAB-6601-3F43-9F96-AAAEBBC3EE41)
		remaining client pid: 1562 (/private/var/containers/Bundle/Application/CC5BA8E5-587D-4BCE-957C-34B8AD5CD6CA/Juice.app/Grape/build/wine-ios/loader/wine/DCF7ACAB-6601-3F43-9F96-AAAEBBC3EE41)
		remaining client pid: 1510 (/private/var/containers/Bundle/Application/CC5BA8E5-587D-4BCE-957C-34B8AD5CD6CA/Juice.app/Grape/build/wine-ios/loader/wine/DCF7ACAB-6601-3F43-9F96-AAAEBBC3EE41)
		remaining client pid: 1498 (/private/var/containers/Bundle/Application/CC5BA8E5-587D-4BCE-957C-34B8AD5CD6CA/Juice.app/Grape/build/wine-ios/loader/wine/DCF7ACAB-6601-3F43-9F96-AAAEBBC3EE41)
		remaining client pid: 1483 (/private/var/containers/Bundle/Application/CC5BA8E5-587D-4BCE-957C-34B8AD5CD6CA/Juice.app/Grape/build/wine-ios/loader/wine/DCF7ACAB-6601-3F43-9F96-AAAEBBC3EE41)
		remaining client pid: 1480 (/private/var/containers/Bundle/Application/CC5BA8E5-587D-4BCE-957C-34B8AD5CD6CA/Juice.app/Grape/build/wine-ios/loader/wine/DCF7ACAB-6601-3F43-9F96-AAAEBBC3EE41)
		remaining client pid: 1477 (/private/var/containers/Bundle/Application/CC5BA8E5-587D-4BCE-957C-34B8AD5CD6CA/Juice.app/Grape/build/wine-ios/loader/wine/DCF7ACAB-6601-3F43-9F96-AAAEBBC3EE41)
		remaining client pid: 1474 (/private/var/containers/Bundle/Application/CC5BA8E5-587D-4BCE-957C-34B8AD5CD6CA/Juice.app/Grape/build/wine-ios/loader/wine/DCF7ACAB-6601-3F43-9F96-AAAEBBC3EE41)
		remaining client pid: 1415 (/private/var/containers/Bundle/Application/CC5BA8E5-587D-4BCE-957C-34B8AD5CD6CA/Juice.app/Grape/build/wine-ios/loader/wine/E46E9646-E1E2-3665-AEC2-5E286B337E3F)
		remaining client pid: 1337 (/private/var/containers/Bundle/Application/CC5BA8E5-587D-4BCE-957C-34B8AD5CD6CA/Juice.app/Grape/build/wine-ios/loader/wine/9B03779D-43AC-385D-9689-67FFC84AD261)
		remaining client pid: 1334 (/private/var/containers/Bundle/Application/CC5BA8E5-587D-4BCE-957C-34B8AD5CD6CA/Juice.app/Grape/build/wine-ios/loader/wine/9B03779D-43AC-385D-9689-67FFC84AD261)
		remaining client pid: 1331 (/private/var/containers/Bundle/Application/CC5BA8E5-587D-4BCE-957C-34B8AD5CD6CA/Juice.app/Grape/build/wine-ios/loader/wine/9B03779D-43AC-385D-9689-67FFC84AD261)
		remaining client pid: 1277 (/private/var/containers/Bundle/Application/CC5BA8E5-587D-4BCE-957C-34B8AD5CD6CA/Juice.app/Grape/build/wine-ios/loader/wine/9B03779D-43AC-385D-9689-67FFC84AD261)
		remaining client pid: 1259 (/private/var/containers/Bundle/Application/CC5BA8E5-587D-4BCE-957C-34B8AD5CD6CA/Juice.app/Grape/build/wine-ios/loader/wine/9B03779D-43AC-385D-9689-67FFC84AD261)
		remaining client pid: 1243 (/private/var/containers/Bundle/Application/CC5BA8E5-587D-4BCE-957C-34B8AD5CD6CA/Juice.app/Grape/build/wine-ios/loader/wine/9B03779D-43AC-385D-9689-67FFC84AD261)
		remaining client pid: 1227 (/private/var/containers/Bundle/Application/CC5BA8E5-587D-4BCE-957C-34B8AD5CD6CA/Juice.app/Grape/build/wine-ios/loader/wine/9B03779D-43AC-385D-9689-67FFC84AD261)
		remaining client pid: 1206 (/private/var/containers/Bundle/Application/CC5BA8E5-587D-4BCE-957C-34B8AD5CD6CA/Juice.app/Grape/build/wine-ios/loader/wine/9B03779D-43AC-385D-9689-67FFC84AD261)
		remaining client pid: 1155 (/private/var/containers/Bundle/Application/CC5BA8E5-587D-4BCE-957C-34B8AD5CD6CA/Juice.app/Grape/build/wine-ios/loader/wine/9B03779D-43AC-385D-9689-67FFC84AD261)
		remaining client pid: 1091 (/private/var/containers/Bundle/Application/CC5BA8E5-587D-4BCE-957C-34B8AD5CD6CA/Juice.app/Grape/build/wine-ios/loader/wine/A850823E-B872-3495-9B91-FC94F88DF39B)
		remaining client pid: 999 (/private/var/containers/Bundle/Application/CC5BA8E5-587D-4BCE-957C-34B8AD5CD6CA/Juice.app/Grape/build/wine-ios/loader/wine/253B79CC-8A27-35E5-A959-991DB56B8A68)
		remaining client pid: 661 (/private/var/containers/Bundle/Application/CC5BA8E5-587D-4BCE-957C-34B8AD5CD6CA/Juice.app/Grape/build/wine-ios/loader/wine/253B79CC-8A27-35E5-A959-991DB56B8A68)
		remaining client pid: 638 (/private/var/containers/Bundle/Application/CC5BA8E5-587D-4BCE-957C-34B8AD5CD6CA/Juice.app/Grape/build/wine-ios/loader/wine/253B79CC-8A27-35E5-A959-991DB56B8A68)
		remaining client pid: 607 (/private/var/containers/Bundle/Application/CC5BA8E5-587D-4BCE-957C-34B8AD5CD6CA/Juice.app/Grape/build/wine-ios/loader/wine/253B79CC-8A27-35E5-A959-991DB56B8A68)
		remaining client pid: 600 (/private/var/containers/Bundle/Application/CC5BA8E5-587D-4BCE-957C-34B8AD5CD6CA/Juice.app/Grape/build/wine-ios/loader/wine/253B79CC-8A27-35E5-A959-991DB56B8A68)
		remaining client pid: 462 (/private/var/containers/Bundle/Application/CC5BA8E5-587D-4BCE-957C-34B8AD5CD6CA/Juice.app/Grape/build/wine-ios/loader/wine/253B79CC-8A27-35E5-A959-991DB56B8A68)
		remaining client pid: 457 (/private/var/containers/Bundle/Application/CC5BA8E5-587D-4BCE-957C-34B8AD5CD6CA/Juice.app/Grape/build/wine-ios/loader/wine/253B79CC-8A27-35E5-A959-991DB56B8A68)
		remaining client pid: 387 (/private/var/containers/Bundle/Application/CC5BA8E5-587D-4BCE-957C-34B8AD5CD6CA/Juice.app/Grape/build/wine-ios/loader/wine/253B79CC-8A27-35E5-A959-991DB56B8A68)
		remaining client pid: 374 (/private/var/containers/Bundle/Application/CC5BA8E5-587D-4BCE-957C-34B8AD5CD6CA/Juice.app/Grape/build/wine-ios/loader/wine/253B79CC-8A27-35E5-A959-991DB56B8A68)
		remaining client pid: 264 (/usr/libexec/UniversalControl/D7D8B44D-CD6D-314E-A912-CDB9A90B6672)
		remaining client pid: 223 (/System/Library/PrivateFrameworks/MapsSupport.framework/mapspushd/80410380-C70B-379D-A208-379A35CD2A1C)
		remaining client pid: 202 (/System/Library/PrivateFrameworks/FamilyCircle.framework/familycircled/B04C4162-EE68-33D1-97E4-A67E685591D4)
		remaining client pid: 112 (/usr/libexec/findmydeviced/B49C6EB8-13DC-3CCF-896B-03F313FBF92C)
		remaining client pid: 102 (/usr/libexec/PowerUIAgent/22EE2B6E-1E04-3A50-87DD-C59BBFCDD57B)
		remaining client pid: 0 (/kernel/B0841348-0448-39A5-BA2B-F99C7CC3D28A)
After 1.95s, these clients are still here:
		remaining client pid: 1609 (/private/var/containers/Bundle/Application/CC5BA8E5-587D-4BCE-957C-34B8AD5CD6CA/Juice.app/Grape-X64/build/wine-ios/loader/wine/DCF7ACAB-6601-3F43-9F96-AAAEBBC3EE41)
		remaining client pid: 1606 (/private/var/containers/Bundle/Application/CC5BA8E5-587D-4BCE-957C-34B8AD5CD6CA/Juice.app/Grape-X64/build/wine-ios/loader/wine/DCF7ACAB-6601-3F43-9F96-AAAEBBC3EE41)
		remaining client pid: 1591 (/private/var/containers/Bundle/Application/CC5BA8E5-587D-4BCE-957C-34B8AD5CD6CA/Juice.app/Grape-X64/build/wine-ios/loader/wine/DCF7ACAB-6601-3F43-9F96-AAAEBBC3EE41)
		remaining client pid: 1588 (/private/var/containers/Bundle/Application/CC5BA8E5-587D-4BCE-957C-34B8AD5CD6CA/Juice.app/Grape-X64/build/wine-ios/loader/wine/DCF7ACAB-6601-3F43-9F96-AAAEBBC3EE41)
		remaining client pid: 1585 (/private/var/containers/Bundle/Application/CC5BA8E5-587D-4BCE-957C-34B8AD5CD6CA/Juice.app/Grape-X64/build/wine-ios/loader/wine/DCF7ACAB-6601-3F43-9F96-AAAEBBC3EE41)
		remaining client pid: 1574 (/private/var/containers/Bundle/Application/CC5BA8E5-587D-4BCE-957C-34B8AD5CD6CA/Juice.app/Grape/build/wine-ios/loader/wine/DCF7ACAB-6601-3F43-9F96-AAAEBBC3EE41)
		remaining client pid: 1571 (/private/var/containers/Bundle/Application/CC5BA8E5-587D-4BCE-957C-34B8AD5CD6CA/Juice.app/Grape/build/wine-ios/loader/wine/DCF7ACAB-6601-3F43-9F96-AAAEBBC3EE41)
		remaining client pid: 1568 (/private/var/containers/Bundle/Application/CC5BA8E5-587D-4BCE-957C-34B8AD5CD6CA/Juice.app/Grape/build/wine-ios/loader/wine/DCF7ACAB-6601-3F43-9F96-AAAEBBC3EE41)
		remaining client pid: 1565 (/private/var/containers/Bundle/Application/CC5BA8E5-587D-4BCE-957C-34B8AD5CD6CA/Juice.app/Grape/build/wine-ios/loader/wine/DCF7ACAB-6601-3F43-9F96-AAAEBBC3EE41)
		remaining client pid: 1562 (/private/var/containers/Bundle/Application/CC5BA8E5-587D-4BCE-957C-34B8AD5CD6CA/Juice.app/Grape/build/wine-ios/loader/wine/DCF7ACAB-6601-3F43-9F96-AAAEBBC3EE41)
		remaining client pid: 1510 (/private/var/containers/Bundle/Application/CC5BA8E5-587D-4BCE-957C-34B8AD5CD6CA/Juice.app/Grape/build/wine-ios/loader/wine/DCF7ACAB-6601-3F43-9F96-AAAEBBC3EE41)
		remaining client pid: 1498 (/private/var/containers/Bundle/Application/CC5BA8E5-587D-4BCE-957C-34B8AD5CD6CA/Juice.app/Grape/build/wine-ios/loader/wine/DCF7ACAB-6601-3F43-9F96-AAAEBBC3EE41)
		remaining client pid: 1483 (/private/var/containers/Bundle/Application/CC5BA8E5-587D-4BCE-957C-34B8AD5CD6CA/Juice.app/Grape/build/wine-ios/loader/wine/DCF7ACAB-6601-3F43-9F96-AAAEBBC3EE41)
		remaining client pid: 1480 (/private/var/containers/Bundle/Application/CC5BA8E5-587D-4BCE-957C-34B8AD5CD6CA/Juice.app/Grape/build/wine-ios/loader/wine/DCF7ACAB-6601-3F43-9F96-AAAEBBC3EE41)
		remaining client pid: 1477 (/private/var/containers/Bundle/Application/CC5BA8E5-587D-4BCE-957C-34B8AD5CD6CA/Juice.app/Grape/build/wine-ios/loader/wine/DCF7ACAB-6601-3F43-9F96-AAAEBBC3EE41)
		remaining client pid: 1474 (/private/var/containers/Bundle/Application/CC5BA8E5-587D-4BCE-957C-34B8AD5CD6CA/Juice.app/Grape/build/wine-ios/loader/wine/DCF7ACAB-6601-3F43-9F96-AAAEBBC3EE41)
		remaining client pid: 1415 (/private/var/containers/Bundle/Application/CC5BA8E5-587D-4BCE-957C-34B8AD5CD6CA/Juice.app/Grape/build/wine-ios/loader/wine/E46E9646-E1E2-3665-AEC2-5E286B337E3F)
		remaining client pid: 1337 (/private/var/containers/Bundle/Application/CC5BA8E5-587D-4BCE-957C-34B8AD5CD6CA/Juice.app/Grape/build/wine-ios/loader/wine/9B03779D-43AC-385D-9689-67FFC84AD261)
		remaining client pid: 1334 (/private/var/containers/Bundle/Application/CC5BA8E5-587D-4BCE-957C-34B8AD5CD6CA/Juice.app/Grape/build/wine-ios/loader/wine/9B03779D-43AC-385D-9689-67FFC84AD261)
		remaining client pid: 1331 (/private/var/containers/Bundle/Application/CC5BA8E5-587D-4BCE-957C-34B8AD5CD6CA/Juice.app/Grape/build/wine-ios/loader/wine/9B03779D-43AC-385D-9689-67FFC84AD261)
		remaining client pid: 1277 (/private/var/containers/Bundle/Application/CC5BA8E5-587D-4BCE-957C-34B8AD5CD6CA/Juice.app/Grape/build/wine-ios/loader/wine/9B03779D-43AC-385D-9689-67FFC84AD261)
		remaining client pid: 1259 (/private/var/containers/Bundle/Application/CC5BA8E5-587D-4BCE-957C-34B8AD5CD6CA/Juice.app/Grape/build/wine-ios/loader/wine/9B03779D-43AC-385D-9689-67FFC84AD261)
		remaining client pid: 1243 (/private/var/containers/Bundle/Application/CC5BA8E5-587D-4BCE-957C-34B8AD5CD6CA/Juice.app/Grape/build/wine-ios/loader/wine/9B03779D-43AC-385D-9689-67FFC84AD261)
		remaining client pid: 1227 (/private/var/containers/Bundle/Application/CC5BA8E5-587D-4BCE-957C-34B8AD5CD6CA/Juice.app/Grape/build/wine-ios/loader/wine/9B03779D-43AC-385D-9689-67FFC84AD261)
		remaining client pid: 1206 (/private/var/containers/Bundle/Application/CC5BA8E5-587D-4BCE-957C-34B8AD5CD6CA/Juice.app/Grape/build/wine-ios/loader/wine/9B03779D-43AC-385D-9689-67FFC84AD261)
		remaining client pid: 1155 (/private/var/containers/Bundle/Application/CC5BA8E5-587D-4BCE-957C-34B8AD5CD6CA/Juice.app/Grape/build/wine-ios/loader/wine/9B03779D-43AC-385D-9689-67FFC84AD261)
		remaining client pid: 1091 (/private/var/containers/Bundle/Application/CC5BA8E5-587D-4BCE-957C-34B8AD5CD6CA/Juice.app/Grape/build/wine-ios/loader/wine/A850823E-B872-3495-9B91-FC94F88DF39B)
		remaining client pid: 999 (/private/var/containers/Bundle/Application/CC5BA8E5-587D-4BCE-957C-34B8AD5CD6CA/Juice.app/Grape/build/wine-ios/loader/wine/253B79CC-8A27-35E5-A959-991DB56B8A68)
		remaining client pid: 661 (/private/var/containers/Bundle/Application/CC5BA8E5-587D-4BCE-957C-34B8AD5CD6CA/Juice.app/Grape/build/wine-ios/loader/wine/253B79CC-8A27-35E5-A959-991DB56B8A68)
		remaining client pid: 638 (/private/var/containers/Bundle/Application/CC5BA8E5-587D-4BCE-957C-34B8AD5CD6CA/Juice.app/Grape/build/wine-ios/loader/wine/253B79CC-8A27-35E5-A959-991DB56B8A68)
		remaining client pid: 607 (/private/var/containers/Bundle/Application/CC5BA8E5-587D-4BCE-957C-34B8AD5CD6CA/Juice.app/Grape/build/wine-ios/loader/wine/253B79CC-8A27-35E5-A959-991DB56B8A68)
		remaining client pid: 600 (/private/var/containers/Bundle/Application/CC5BA8E5-587D-4BCE-957C-34B8AD5CD6CA/Juice.app/Grape/build/wine-ios/loader/wine/253B79CC-8A27-35E5-A959-991DB56B8A68)
		remaining client pid: 462 (/private/var/containers/Bundle/Application/CC5BA8E5-587D-4BCE-957C-34B8AD5CD6CA/Juice.app/Grape/build/wine-ios/loader/wine/253B79CC-8A27-35E5-A959-991DB56B8A68)
		remaining client pid: 457 (/private/var/containers/Bundle/Application/CC5BA8E5-587D-4BCE-957C-34B8AD5CD6CA/Juice.app/Grape/build/wine-ios/loader/wine/253B79CC-8A27-35E5-A959-991DB56B8A68)
		remaining client pid: 387 (/private/var/containers/Bundle/Application/CC5BA8E5-587D-4BCE-957C-34B8AD5CD6CA/Juice.app/Grape/build/wine-ios/loader/wine/253B79CC-8A27-35E5-A959-991DB56B8A68)
		remaining client pid: 374 (/private/var/containers/Bundle/Application/CC5BA8E5-587D-4BCE-957C-34B8AD5CD6CA/Juice.app/Grape/build/wine-ios/loader/wine/253B79CC-8A27-35E5-A959-991DB56B8A68)
		remaining client pid: 264 (/usr/libexec/UniversalControl/D7D8B44D-CD6D-314E-A912-CDB9A90B6672)
		remaining client pid: 223 (/System/Library/PrivateFrameworks/MapsSupport.framework/mapspushd/80410380-C70B-379D-A208-379A35CD2A1C)
		remaining client pid: 202 (/System/Library/PrivateFrameworks/FamilyCircle.framework/familycircled/B04C4162-EE68-33D1-97E4-A67E685591D4)
		remaining client pid: 112 (/usr/libexec/findmydeviced/B49C6EB8-13DC-3CCF-896B-03F313FBF92C)
		remaining client pid: 102 (/usr/libexec/PowerUIAgent/22EE2B6E-1E04-3A50-87DD-C59BBFCDD57B)
		remaining client pid: 0 (/kernel/B0841348-0448-39A5-BA2B-F99C7CC3D28A)
After 2.45s, these clients are still here:
		remaining client pid: 1609 (/private/var/containers/Bundle/Application/CC5BA8E5-587D-4BCE-957C-34B8AD5CD6CA/Juice.app/Grape-X64/build/wine-ios/loader/wine/DCF7ACAB-6601-3F43-9F96-AAAEBBC3EE41)
		remaining client pid: 1606 (/private/var/containers/Bundle/Application/CC5BA8E5-587D-4BCE-957C-34B8AD5CD6CA/Juice.app/Grape-X64/build/wine-ios/loader/wine/DCF7ACAB-6601-3F43-9F96-AAAEBBC3EE41)
		remaining client pid: 1591 (/private/var/containers/Bundle/Application/CC5BA8E5-587D-4BCE-957C-34B8AD5CD6CA/Juice.app/Grape-X64/build/wine-ios/loader/wine/DCF7ACAB-6601-3F43-9F96-AAAEBBC3EE41)
		remaining client pid: 1588 (/private/var/containers/Bundle/Application/CC5BA8E5-587D-4BCE-957C-34B8AD5CD6CA/Juice.app/Grape-X64/build/wine-ios/loader/wine/DCF7ACAB-6601-3F43-9F96-AAAEBBC3EE41)
		remaining client pid: 1585 (/private/var/containers/Bundle/Application/CC5BA8E5-587D-4BCE-957C-34B8AD5CD6CA/Juice.app/Grape-X64/build/wine-ios/loader/wine/DCF7ACAB-6601-3F43-9F96-AAAEBBC3EE41)
		remaining client pid: 1574 (/private/var/containers/Bundle/Application/CC5BA8E5-587D-4BCE-957C-34B8AD5CD6CA/Juice.app/Grape/build/wine-ios/loader/wine/DCF7ACAB-6601-3F43-9F96-AAAEBBC3EE41)
		remaining client pid: 1571 (/private/var/containers/Bundle/Application/CC5BA8E5-587D-4BCE-957C-34B8AD5CD6CA/Juice.app/Grape/build/wine-ios/loader/wine/DCF7ACAB-6601-3F43-9F96-AAAEBBC3EE41)
		remaining client pid: 1568 (/private/var/containers/Bundle/Application/CC5BA8E5-587D-4BCE-957C-34B8AD5CD6CA/Juice.app/Grape/build/wine-ios/loader/wine/DCF7ACAB-6601-3F43-9F96-AAAEBBC3EE41)
		remaining client pid: 1565 (/private/var/containers/Bundle/Application/CC5BA8E5-587D-4BCE-957C-34B8AD5CD6CA/Juice.app/Grape/build/wine-ios/loader/wine/DCF7ACAB-6601-3F43-9F96-AAAEBBC3EE41)
		remaining client pid: 1562 (/private/var/containers/Bundle/Application/CC5BA8E5-587D-4BCE-957C-34B8AD5CD6CA/Juice.app/Grape/build/wine-ios/loader/wine/DCF7ACAB-6601-3F43-9F96-AAAEBBC3EE41)
		remaining client pid: 1510 (/private/var/containers/Bundle/Application/CC5BA8E5-587D-4BCE-957C-34B8AD5CD6CA/Juice.app/Grape/build/wine-ios/loader/wine/DCF7ACAB-6601-3F43-9F96-AAAEBBC3EE41)
		remaining client pid: 1498 (/private/var/containers/Bundle/Application/CC5BA8E5-587D-4BCE-957C-34B8AD5CD6CA/Juice.app/Grape/build/wine-ios/loader/wine/DCF7ACAB-6601-3F43-9F96-AAAEBBC3EE41)
		remaining client pid: 1483 (/private/var/containers/Bundle/Application/CC5BA8E5-587D-4BCE-957C-34B8AD5CD6CA/Juice.app/Grape/build/wine-ios/loader/wine/DCF7ACAB-6601-3F43-9F96-AAAEBBC3EE41)
		remaining client pid: 1480 (/private/var/containers/Bundle/Application/CC5BA8E5-587D-4BCE-957C-34B8AD5CD6CA/Juice.app/Grape/build/wine-ios/loader/wine/DCF7ACAB-6601-3F43-9F96-AAAEBBC3EE41)
		remaining client pid: 1477 (/private/var/containers/Bundle/Application/CC5BA8E5-587D-4BCE-957C-34B8AD5CD6CA/Juice.app/Grape/build/wine-ios/loader/wine/DCF7ACAB-6601-3F43-9F96-AAAEBBC3EE41)
		remaining client pid: 1474 (/private/var/containers/Bundle/Application/CC5BA8E5-587D-4BCE-957C-34B8AD5CD6CA/Juice.app/Grape/build/wine-ios/loader/wine/DCF7ACAB-6601-3F43-9F96-AAAEBBC3EE41)
		remaining client pid: 1415 (/private/var/containers/Bundle/Application/CC5BA8E5-587D-4BCE-957C-34B8AD5CD6CA/Juice.app/Grape/build/wine-ios/loader/wine/E46E9646-E1E2-3665-AEC2-5E286B337E3F)
		remaining client pid: 1337 (/private/var/containers/Bundle/Application/CC5BA8E5-587D-4BCE-957C-34B8AD5CD6CA/Juice.app/Grape/build/wine-ios/loader/wine/9B03779D-43AC-385D-9689-67FFC84AD261)
		remaining client pid: 1334 (/private/var/containers/Bundle/Application/CC5BA8E5-587D-4BCE-957C-34B8AD5CD6CA/Juice.app/Grape/build/wine-ios/loader/wine/9B03779D-43AC-385D-9689-67FFC84AD261)
		remaining client pid: 1331 (/private/var/containers/Bundle/Application/CC5BA8E5-587D-4BCE-957C-34B8AD5CD6CA/Juice.app/Grape/build/wine-ios/loader/wine/9B03779D-43AC-385D-9689-67FFC84AD261)
		remaining client pid: 1277 (/private/var/containers/Bundle/Application/CC5BA8E5-587D-4BCE-957C-34B8AD5CD6CA/Juice.app/Grape/build/wine-ios/loader/wine/9B03779D-43AC-385D-9689-67FFC84AD261)
		remaining client pid: 1259 (/private/var/containers/Bundle/Application/CC5BA8E5-587D-4BCE-957C-34B8AD5CD6CA/Juice.app/Grape/build/wine-ios/loader/wine/9B03779D-43AC-385D-9689-67FFC84AD261)
		remaining client pid: 1243 (/private/var/containers/Bundle/Application/CC5BA8E5-587D-4BCE-957C-34B8AD5CD6CA/Juice.app/Grape/build/wine-ios/loader/wine/9B03779D-43AC-385D-9689-67FFC84AD261)
		remaining client pid: 1227 (/private/var/containers/Bundle/Application/CC5BA8E5-587D-4BCE-957C-34B8AD5CD6CA/Juice.app/Grape/build/wine-ios/loader/wine/9B03779D-43AC-385D-9689-67FFC84AD261)
		remaining client pid: 1206 (/private/var/containers/Bundle/Application/CC5BA8E5-587D-4BCE-957C-34B8AD5CD6CA/Juice.app/Grape/build/wine-ios/loader/wine/9B03779D-43AC-385D-9689-67FFC84AD261)
		remaining client pid: 1155 (/private/var/containers/Bundle/Application/CC5BA8E5-587D-4BCE-957C-34B8AD5CD6CA/Juice.app/Grape/build/wine-ios/loader/wine/9B03779D-43AC-385D-9689-67FFC84AD261)
		remaining client pid: 1091 (/private/var/containers/Bundle/Application/CC5BA8E5-587D-4BCE-957C-34B8AD5CD6CA/Juice.app/Grape/build/wine-ios/loader/wine/A850823E-B872-3495-9B91-FC94F88DF39B)
		remaining client pid: 999 (/private/var/containers/Bundle/Application/CC5BA8E5-587D-4BCE-957C-34B8AD5CD6CA/Juice.app/Grape/build/wine-ios/loader/wine/253B79CC-8A27-35E5-A959-991DB56B8A68)
		remaining client pid: 661 (/private/var/containers/Bundle/Application/CC5BA8E5-587D-4BCE-957C-34B8AD5CD6CA/Juice.app/Grape/build/wine-ios/loader/wine/253B79CC-8A27-35E5-A959-991DB56B8A68)
		remaining client pid: 638 (/private/var/containers/Bundle/Application/CC5BA8E5-587D-4BCE-957C-34B8AD5CD6CA/Juice.app/Grape/build/wine-ios/loader/wine/253B79CC-8A27-35E5-A959-991DB56B8A68)
		remaining client pid: 607 (/private/var/containers/Bundle/Application/CC5BA8E5-587D-4BCE-957C-34B8AD5CD6CA/Juice.app/Grape/build/wine-ios/loader/wine/253B79CC-8A27-35E5-A959-991DB56B8A68)
		remaining client pid: 600 (/private/var/containers/Bundle/Application/CC5BA8E5-587D-4BCE-957C-34B8AD5CD6CA/Juice.app/Grape/build/wine-ios/loader/wine/253B79CC-8A27-35E5-A959-991DB56B8A68)
		remaining client pid: 462 (/private/var/containers/Bundle/Application/CC5BA8E5-587D-4BCE-957C-34B8AD5CD6CA/Juice.app/Grape/build/wine-ios/loader/wine/253B79CC-8A27-35E5-A959-991DB56B8A68)
		remaining client pid: 457 (/private/var/containers/Bundle/Application/CC5BA8E5-587D-4BCE-957C-34B8AD5CD6CA/Juice.app/Grape/build/wine-ios/loader/wine/253B79CC-8A27-35E5-A959-991DB56B8A68)
		remaining client pid: 387 (/private/var/containers/Bundle/Application/CC5BA8E5-587D-4BCE-957C-34B8AD5CD6CA/Juice.app/Grape/build/wine-ios/loader/wine/253B79CC-8A27-35E5-A959-991DB56B8A68)
		remaining client pid: 374 (/private/var/containers/Bundle/Application/CC5BA8E5-587D-4BCE-957C-34B8AD5CD6CA/Juice.app/Grape/build/wine-ios/loader/wine/253B79CC-8A27-35E5-A959-991DB56B8A68)
		remaining client pid: 264 (/usr/libexec/UniversalControl/D7D8B44D-CD6D-314E-A912-CDB9A90B6672)
		remaining client pid: 223 (/System/Library/PrivateFrameworks/MapsSupport.framework/mapspushd/80410380-C70B-379D-A208-379A35CD2A1C)
		remaining client pid: 202 (/System/Library/PrivateFrameworks/FamilyCircle.framework/familycircled/B04C4162-EE68-33D1-97E4-A67E685591D4)
		remaining client pid: 112 (/usr/libexec/findmydeviced/B49C6EB8-13DC-3CCF-896B-03F313FBF92C)
		remaining client pid: 102 (/usr/libexec/PowerUIAgent/22EE2B6E-1E04-3A50-87DD-C59BBFCDD57B)
		remaining client pid: 0 (/kernel/B0841348-0448-39A5-BA2B-F99C7CC3D28A)
After 2.46s, these clients are still here:
		remaining client pid: 0 (/kernel/B0841348-0448-39A5-BA2B-F99C7CC3D28A)
SIGTERM: [1786784524] All buffers flushed
After 1.09s, these clients are still here:
		remaining client pid: 478 (/private/var/containers/Bundle/Application/F3BC928B-CF6E-41E9-AA5B-114329A364D0/Juice.app/Grape/build/wine-ios/loader/wine/DCF7ACAB-6601-3F43-9F96-AAAEBBC3EE41)
		remaining client pid: 243 (/usr/libexec/neagent/9BFB8EB7-9865-3A51-82BE-BE17E08AD8C7)
		remaining client pid: 166 (/usr/libexec/nesessionmanager/759800AF-85B2-35E7-AB78-2345F780073D)
		remaining client pid: 118 (/usr/libexec/findmydeviced/B49C6EB8-13DC-3CCF-896B-03F313FBF92C)
		remaining client pid: 87 (/usr/sbin/bluetoothd/6D9E7FD6-D23B-36D3-BD11-45BACA96C641)
		remaining client pid: 0 (/kernel/B0841348-0448-39A5-BA2B-F99C7CC3D28A)
SIGTERM: [1786870110] All buffers flushed
After 1.08s, these clients are still here:
		remaining client pid: 288 (/usr/libexec/neagent/9BFB8EB7-9865-3A51-82BE-BE17E08AD8C7)
		remaining client pid: 262 (/System/Library/CoreServices/ReportCrash/C25E7EC2-F58F-39AF-8CCD-F5C791C328C0)
		remaining client pid: 243 (/System/Library/PrivateFrameworks/iCloudNotification.framework/ind/C7D2BFD9-EF95-3EDC-A5FF-9D1C0F93A4D0)
		remaining client pid: 241 (/usr/libexec/duetexpertd/5AA86ADE-7FA8-3716-AAED-C0844FC8D483)
		remaining client pid: 222 (/System/Library/PrivateFrameworks/MapsSupport.framework/mapspushd/80410380-C70B-379D-A208-379A35CD2A1C)
		remaining client pid: 210 (/usr/libexec/UniversalControl/D7D8B44D-CD6D-314E-A912-CDB9A90B6672)
		remaining client pid: 207 (/usr/libexec/nesessionmanager/759800AF-85B2-35E7-AB78-2345F780073D)
		remaining client pid: 180 (/usr/libexec/searchpartyd/0C88D348-246C-3F33-B6A6-529C0FCBEECC)
		remaining client pid: 132 (/usr/libexec/dmd/BEF3300D-788A-3F02-A382-6F164CE7CE4D)
		remaining client pid: 125 (/usr/libexec/networkserviceproxy/C908465E-9305-34E7-9D78-77F60FC55E0C)
		remaining client pid: 112 (/usr/libexec/findmydeviced/B49C6EB8-13DC-3CCF-896B-03F313FBF92C)
		remaining client pid: 70 (/usr/libexec/cloudpaird/2E93692C-A069-36A3-A0AE-1FD0CEC92DAE)
		remaining client pid: 0 (/kernel/B0841348-0448-39A5-BA2B-F99C7CC3D28A)
After 1.58s, these clients are still here:
		remaining client pid: 288 (/usr/libexec/neagent/9BFB8EB7-9865-3A51-82BE-BE17E08AD8C7)
		remaining client pid: 262 (/System/Library/CoreServices/ReportCrash/C25E7EC2-F58F-39AF-8CCD-F5C791C328C0)
		remaining client pid: 243 (/System/Library/PrivateFrameworks/iCloudNotification.framework/ind/C7D2BFD9-EF95-3EDC-A5FF-9D1C0F93A4D0)
		remaining client pid: 241 (/usr/libexec/duetexpertd/5AA86ADE-7FA8-3716-AAED-C0844FC8D483)
		remaining client pid: 222 (/System/Library/PrivateFrameworks/MapsSupport.framework/mapspushd/80410380-C70B-379D-A208-379A35CD2A1C)
		remaining client pid: 210 (/usr/libexec/UniversalControl/D7D8B44D-CD6D-314E-A912-CDB9A90B6672)
		remaining client pid: 207 (/usr/libexec/nesessionmanager/759800AF-85B2-35E7-AB78-2345F780073D)
		remaining client pid: 180 (/usr/libexec/searchpartyd/0C88D348-246C-3F33-B6A6-529C0FCBEECC)
		remaining client pid: 132 (/usr/libexec/dmd/BEF3300D-788A-3F02-A382-6F164CE7CE4D)
		remaining client pid: 125 (/usr/libexec/networkserviceproxy/C908465E-9305-34E7-9D78-77F60FC55E0C)
		remaining client pid: 112 (/usr/libexec/findmydeviced/B49C6EB8-13DC-3CCF-896B-03F313FBF92C)
		remaining client pid: 70 (/usr/libexec/cloudpaird/2E93692C-A069-36A3-A0AE-1FD0CEC92DAE)
		remaining client pid: 0 (/kernel/B0841348-0448-39A5-BA2B-F99C7CC3D28A)
After 2.08s, these clients are still here:
		remaining client pid: 288 (/usr/libexec/neagent/9BFB8EB7-9865-3A51-82BE-BE17E08AD8C7)
		remaining client pid: 243 (/System/Library/PrivateFrameworks/iCloudNotification.framework/ind/C7D2BFD9-EF95-3EDC-A5FF-9D1C0F93A4D0)
		remaining client pid: 241 (/usr/libexec/duetexpertd/5AA86ADE-7FA8-3716-AAED-C0844FC8D483)
		remaining client pid: 222 (/System/Library/PrivateFrameworks/MapsSupport.framework/mapspushd/80410380-C70B-379D-A208-379A35CD2A1C)
		remaining client pid: 210 (/usr/libexec/UniversalControl/D7D8B44D-CD6D-314E-A912-CDB9A90B6672)
		remaining client pid: 207 (/usr/libexec/nesessionmanager/759800AF-85B2-35E7-AB78-2345F780073D)
		remaining client pid: 180 (/usr/libexec/searchpartyd/0C88D348-246C-3F33-B6A6-529C0FCBEECC)
		remaining client pid: 125 (/usr/libexec/networkserviceproxy/C908465E-9305-34E7-9D78-77F60FC55E0C)
		remaining client pid: 112 (/usr/libexec/findmydeviced/B49C6EB8-13DC-3CCF-896B-03F313FBF92C)
		remaining client pid: 70 (/usr/libexec/cloudpaird/2E93692C-A069-36A3-A0AE-1FD0CEC92DAE)
		remaining client pid: 0 (/kernel/B0841348-0448-39A5-BA2B-F99C7CC3D28A)
After 2.08s, these clients are still here:
		remaining client pid: 0 (/kernel/B0841348-0448-39A5-BA2B-F99C7CC3D28A)
SIGTERM: [1787311101] All buffers flushed
After 0.88s, these clients are still here:
		remaining client pid: 282 (/System/Library/PrivateFrameworks/ActionPredictionHeuristics.framework/XPCServices/HeuristicInterpreter.xpc/HeuristicInterpreter/1255678A-5607-3809-9157-532FBEAC1908)
		remaining client pid: 294 (/usr/libexec/neagent/9BFB8EB7-9865-3A51-82BE-BE17E08AD8C7)
		remaining client pid: 274 (/System/Library/PrivateFrameworks/MediaAnalysis.framework/mediaanalysisd/32823C6D-905D-3143-BDCE-254B43593476)
		remaining client pid: 264 (/System/Library/PrivateFrameworks/ProtectedCloudStorage.framework/Helpers/ProtectedCloudKeySyncing/5A900E80-47D7-3BE1-95A5-703403BFA14A)
		remaining client pid: 252 (/System/Library/PrivateFrameworks/StatusKit.framework/StatusKitAgent/EAA0269B-6076-3A21-AF5B-B21308849386)
		remaining client pid: 236 (/System/Library/PrivateFrameworks/iCloudNotification.framework/ind/C7D2BFD9-EF95-3EDC-A5FF-9D1C0F93A4D0)
		remaining client pid: 239 (/usr/libexec/duetexpertd/5AA86ADE-7FA8-3716-AAED-C0844FC8D483)
		remaining client pid: 222 (/System/Library/PrivateFrameworks/MapsSupport.framework/mapspushd/80410380-C70B-379D-A208-379A35CD2A1C)
		remaining client pid: 162 (/System/Library/PrivateFrameworks/WatchListKit.framework/Support/watchlistd/C1D46837-1CEC-39DC-9DD5-DE65AA892C22)
		remaining client pid: 206 (/usr/libexec/UniversalControl/D7D8B44D-CD6D-314E-A912-CDB9A90B6672)
		remaining client pid: 194 (/usr/libexec/nesessionmanager/759800AF-85B2-35E7-AB78-2345F780073D)
		remaining client pid: 88 (/System/Library/PrivateFrameworks/AppleMediaServices.framework/amsaccountsd/6B73A0F2-D31B-3517-A5E2-3FF25684DE9B)
		remaining client pid: 153 (/usr/libexec/dmd/BEF3300D-788A-3F02-A382-6F164CE7CE4D)
		remaining client pid: 34 (/System/Library/PrivateFrameworks/AssistantServices.framework/assistantd/477CC714-785D-3AB5-928F-BF83E7B1E530)
		remaining client pid: 113 (/usr/libexec/findmydeviced/B49C6EB8-13DC-3CCF-896B-03F313FBF92C)
		remaining client pid: 0 (/kernel/B0841348-0448-39A5-BA2B-F99C7CC3D28A)
After 1.39s, these clients are still here:
		remaining client pid: 294 (/usr/libexec/neagent/9BFB8EB7-9865-3A51-82BE-BE17E08AD8C7)
		remaining client pid: 274 (/System/Library/PrivateFrameworks/MediaAnalysis.framework/mediaanalysisd/32823C6D-905D-3143-BDCE-254B43593476)
		remaining client pid: 264 (/System/Library/PrivateFrameworks/ProtectedCloudStorage.framework/Helpers/ProtectedCloudKeySyncing/5A900E80-47D7-3BE1-95A5-703403BFA14A)
		remaining client pid: 252 (/System/Library/PrivateFrameworks/StatusKit.framework/StatusKitAgent/EAA0269B-6076-3A21-AF5B-B21308849386)
		remaining client pid: 236 (/System/Library/PrivateFrameworks/iCloudNotification.framework/ind/C7D2BFD9-EF95-3EDC-A5FF-9D1C0F93A4D0)
		remaining client pid: 239 (/usr/libexec/duetexpertd/5AA86ADE-7FA8-3716-AAED-C0844FC8D483)
		remaining client pid: 222 (/System/Library/PrivateFrameworks/MapsSupport.framework/mapspushd/80410380-C70B-379D-A208-379A35CD2A1C)
		remaining client pid: 162 (/System/Library/PrivateFrameworks/WatchListKit.framework/Support/watchlistd/C1D46837-1CEC-39DC-9DD5-DE65AA892C22)
		remaining client pid: 206 (/usr/libexec/UniversalControl/D7D8B44D-CD6D-314E-A912-CDB9A90B6672)
		remaining client pid: 194 (/usr/libexec/nesessionmanager/759800AF-85B2-35E7-AB78-2345F780073D)
		remaining client pid: 88 (/System/Library/PrivateFrameworks/AppleMediaServices.framework/amsaccountsd/6B73A0F2-D31B-3517-A5E2-3FF25684DE9B)
		remaining client pid: 153 (/usr/libexec/dmd/BEF3300D-788A-3F02-A382-6F164CE7CE4D)
		remaining client pid: 34 (/System/Library/PrivateFrameworks/AssistantServices.framework/assistantd/477CC714-785D-3AB5-928F-BF83E7B1E530)
		remaining client pid: 113 (/usr/libexec/findmydeviced/B49C6EB8-13DC-3CCF-896B-03F313FBF92C)
		remaining client pid: 0 (/kernel/B0841348-0448-39A5-BA2B-F99C7CC3D28A)
After 1.89s, these clients are still here:
		remaining client pid: 294 (/usr/libexec/neagent/9BFB8EB7-9865-3A51-82BE-BE17E08AD8C7)
		remaining client pid: 274 (/System/Library/PrivateFrameworks/MediaAnalysis.framework/mediaanalysisd/32823C6D-905D-3143-BDCE-254B43593476)
		remaining client pid: 264 (/System/Library/PrivateFrameworks/ProtectedCloudStorage.framework/Helpers/ProtectedCloudKeySyncing/5A900E80-47D7-3BE1-95A5-703403BFA14A)
		remaining client pid: 252 (/System/Library/PrivateFrameworks/StatusKit.framework/StatusKitAgent/EAA0269B-6076-3A21-AF5B-B21308849386)
		remaining client pid: 236 (/System/Library/PrivateFrameworks/iCloudNotification.framework/ind/C7D2BFD9-EF95-3EDC-A5FF-9D1C0F93A4D0)
		remaining client pid: 239 (/usr/libexec/duetexpertd/5AA86ADE-7FA8-3716-AAED-C0844FC8D483)
		remaining client pid: 222 (/System/Library/PrivateFrameworks/MapsSupport.framework/mapspushd/80410380-C70B-379D-A208-379A35CD2A1C)
		remaining client pid: 162 (/System/Library/PrivateFrameworks/WatchListKit.framework/Support/watchlistd/C1D46837-1CEC-39DC-9DD5-DE65AA892C22)
		remaining client pid: 206 (/usr/libexec/UniversalControl/D7D8B44D-CD6D-314E-A912-CDB9A90B6672)
		remaining client pid: 194 (/usr/libexec/nesessionmanager/759800AF-85B2-35E7-AB78-2345F780073D)
		remaining client pid: 88 (/System/Library/PrivateFrameworks/AppleMediaServices.framework/amsaccountsd/6B73A0F2-D31B-3517-A5E2-3FF25684DE9B)
		remaining client pid: 153 (/usr/libexec/dmd/BEF3300D-788A-3F02-A382-6F164CE7CE4D)
		remaining client pid: 34 (/System/Library/PrivateFrameworks/AssistantServices.framework/assistantd/477CC714-785D-3AB5-928F-BF83E7B1E530)
		remaining client pid: 113 (/usr/libexec/findmydeviced/B49C6EB8-13DC-3CCF-896B-03F313FBF92C)
		remaining client pid: 0 (/kernel/B0841348-0448-39A5-BA2B-F99C7CC3D28A)
After 2.39s, these clients are still here:
		remaining client pid: 294 (/usr/libexec/neagent/9BFB8EB7-9865-3A51-82BE-BE17E08AD8C7)
		remaining client pid: 274 (/System/Library/PrivateFrameworks/MediaAnalysis.framework/mediaanalysisd/32823C6D-905D-3143-BDCE-254B43593476)
		remaining client pid: 264 (/System/Library/PrivateFrameworks/ProtectedCloudStorage.framework/Helpers/ProtectedCloudKeySyncing/5A900E80-47D7-3BE1-95A5-703403BFA14A)
		remaining client pid: 252 (/System/Library/PrivateFrameworks/StatusKit.framework/StatusKitAgent/EAA0269B-6076-3A21-AF5B-B21308849386)
		remaining client pid: 236 (/System/Library/PrivateFrameworks/iCloudNotification.framework/ind/C7D2BFD9-EF95-3EDC-A5FF-9D1C0F93A4D0)
		remaining client pid: 239 (/usr/libexec/duetexpertd/5AA86ADE-7FA8-3716-AAED-C0844FC8D483)
		remaining client pid: 222 (/System/Library/PrivateFrameworks/MapsSupport.framework/mapspushd/80410380-C70B-379D-A208-379A35CD2A1C)
		remaining client pid: 162 (/System/Library/PrivateFrameworks/WatchListKit.framework/Support/watchlistd/C1D46837-1CEC-39DC-9DD5-DE65AA892C22)
		remaining client pid: 206 (/usr/libexec/UniversalControl/D7D8B44D-CD6D-314E-A912-CDB9A90B6672)
		remaining client pid: 194 (/usr/libexec/nesessionmanager/759800AF-85B2-35E7-AB78-2345F780073D)
		remaining client pid: 88 (/System/Library/PrivateFrameworks/AppleMediaServices.framework/amsaccountsd/6B73A0F2-D31B-3517-A5E2-3FF25684DE9B)
		remaining client pid: 153 (/usr/libexec/dmd/BEF3300D-788A-3F02-A382-6F164CE7CE4D)
		remaining client pid: 34 (/System/Library/PrivateFrameworks/AssistantServices.framework/assistantd/477CC714-785D-3AB5-928F-BF83E7B1E530)
		remaining client pid: 113 (/usr/libexec/findmydeviced/B49C6EB8-13DC-3CCF-896B-03F313FBF92C)
		remaining client pid: 0 (/kernel/B0841348-0448-39A5-BA2B-F99C7CC3D28A)
After 2.39s, these clients are still here:
		remaining client pid: 0 (/kernel/B0841348-0448-39A5-BA2B-F99C7CC3D28A)
SIGTERM: [1787316503] All buffers flushed
After 0.90s, these clients are still here:
		remaining client pid: 579 (/System/Library/PrivateFrameworks/CloudDocsDaemon.framework/bird/76719E01-AA4B-3C8A-A892-67D1BF1A4D42)
		remaining client pid: 560 (/usr/libexec/neagent/9BFB8EB7-9865-3A51-82BE-BE17E08AD8C7)
		remaining client pid: 535 (/usr/libexec/nesessionmanager/759800AF-85B2-35E7-AB78-2345F780073D)
		remaining client pid: 506 (/usr/libexec/UniversalControl/D7D8B44D-CD6D-314E-A912-CDB9A90B6672)
		remaining client pid: 437 (/usr/libexec/findmydeviced/B49C6EB8-13DC-3CCF-896B-03F313FBF92C)
		remaining client pid: 428 (/usr/libexec/duetexpertd/5AA86ADE-7FA8-3716-AAED-C0844FC8D483)
		remaining client pid: 409 (/usr/libexec/coreduetd/0937097A-FE7A-3C0A-A954-DB6450C4567B)
		remaining client pid: 357 (/private/preboot/A378D58F40814C83B9C2713EC9F4F691FA534AF1D786F6D50F6F891C61E4E9207B58ABCD9DEA3DE857FEA90F628BC674/dopamine-XSQVDA/procursus/usr/sbin/shshd/3246A156-7F59-3FFF-BB31-9368C888B010)
		remaining client pid: 0 (/kernel/B0841348-0448-39A5-BA2B-F99C7CC3D28A)
After 0.91s, these clients are still here:
		remaining client pid: 0 (/kernel/B0841348-0448-39A5-BA2B-F99C7CC3D28A)
SIGTERM: [1787317183] All buffers flushed
After 1.10s, these clients are still here:
		remaining client pid: 25982 (/private/var/containers/Bundle/Application/F3BC928B-CF6E-41E9-AA5B-114329A364D0/Juice.app/Grape-X64/build/wine-ios/loader/wine/BB274E91-9EEA-3456-B6BF-CA79E9C86AEF)
		remaining client pid: 25615 (/private/var/containers/Bundle/Application/F3BC928B-CF6E-41E9-AA5B-114329A364D0/Juice.app/Grape-X64/build/wine-ios/loader/wine/BB274E91-9EEA-3456-B6BF-CA79E9C86AEF)
		remaining client pid: 24714 (/private/var/containers/Bundle/Application/F3BC928B-CF6E-41E9-AA5B-114329A364D0/Juice.app/Grape-X64/build/wine-ios/loader/wine/BB274E91-9EEA-3456-B6BF-CA79E9C86AEF)
		remaining client pid: 22392 (/private/var/containers/Bundle/Application/F3BC928B-CF6E-41E9-AA5B-114329A364D0/Juice.app/Grape-X64/build/wine-ios/loader/wine/BB274E91-9EEA-3456-B6BF-CA79E9C86AEF)
		remaining client pid: 22119 (/private/var/containers/Bundle/Application/F3BC928B-CF6E-41E9-AA5B-114329A364D0/Juice.app/Grape-X64/build/wine-ios/loader/wine/BB274E91-9EEA-3456-B6BF-CA79E9C86AEF)
		remaining client pid: 19502 (/private/var/containers/Bundle/Application/F3BC928B-CF6E-41E9-AA5B-114329A364D0/Juice.app/Grape-X64/build/wine-ios/loader/wine/BB274E91-9EEA-3456-B6BF-CA79E9C86AEF)
		remaining client pid: 19477 (/private/var/containers/Bundle/Application/F3BC928B-CF6E-41E9-AA5B-114329A364D0/Juice.app/Grape-X64/build/wine-ios/loader/wine/BB274E91-9EEA-3456-B6BF-CA79E9C86AEF)
		remaining client pid: 19469 (/private/var/containers/Bundle/Application/F3BC928B-CF6E-41E9-AA5B-114329A364D0/Juice.app/Grape-X64/build/wine-ios/loader/wine/BB274E91-9EEA-3456-B6BF-CA79E9C86AEF)
		remaining client pid: 1416 (/System/Library/PrivateFrameworks/EmailDaemon.framework/maild/0A7A6904-414F-3ABF-8DCC-BA0190546546)
		remaining client pid: 1319 (/usr/libexec/UniversalControl/D7D8B44D-CD6D-314E-A912-CDB9A90B6672)
		remaining client pid: 1248 (/usr/libexec/findmydeviced/B49C6EB8-13DC-3CCF-896B-03F313FBF92C)
		remaining client pid: 1240 (/usr/libexec/duetexpertd/5AA86ADE-7FA8-3716-AAED-C0844FC8D483)
		remaining client pid: 1212 (/usr/libexec/PowerUIAgent/22EE2B6E-1E04-3A50-87DD-C59BBFCDD57B)
		remaining client pid: 0 (/kernel/B0841348-0448-39A5-BA2B-F99C7CC3D28A)
After 1.60s, these clients are still here:
		remaining client pid: 25982 (/private/var/containers/Bundle/Application/F3BC928B-CF6E-41E9-AA5B-114329A364D0/Juice.app/Grape-X64/build/wine-ios/loader/wine/BB274E91-9EEA-3456-B6BF-CA79E9C86AEF)
		remaining client pid: 25615 (/private/var/containers/Bundle/Application/F3BC928B-CF6E-41E9-AA5B-114329A364D0/Juice.app/Grape-X64/build/wine-ios/loader/wine/BB274E91-9EEA-3456-B6BF-CA79E9C86AEF)
		remaining client pid: 24714 (/private/var/containers/Bundle/Application/F3BC928B-CF6E-41E9-AA5B-114329A364D0/Juice.app/Grape-X64/build/wine-ios/loader/wine/BB274E91-9EEA-3456-B6BF-CA79E9C86AEF)
		remaining client pid: 22392 (/private/var/containers/Bundle/Application/F3BC928B-CF6E-41E9-AA5B-114329A364D0/Juice.app/Grape-X64/build/wine-ios/loader/wine/BB274E91-9EEA-3456-B6BF-CA79E9C86AEF)
		remaining client pid: 22119 (/private/var/containers/Bundle/Application/F3BC928B-CF6E-41E9-AA5B-114329A364D0/Juice.app/Grape-X64/build/wine-ios/loader/wine/BB274E91-9EEA-3456-B6BF-CA79E9C86AEF)
		remaining client pid: 19502 (/private/var/containers/Bundle/Application/F3BC928B-CF6E-41E9-AA5B-114329A364D0/Juice.app/Grape-X64/build/wine-ios/loader/wine/BB274E91-9EEA-3456-B6BF-CA79E9C86AEF)
		remaining client pid: 19477 (/private/var/containers/Bundle/Application/F3BC928B-CF6E-41E9-AA5B-114329A364D0/Juice.app/Grape-X64/build/wine-ios/loader/wine/BB274E91-9EEA-3456-B6BF-CA79E9C86AEF)
		remaining client pid: 19469 (/private/var/containers/Bundle/Application/F3BC928B-CF6E-41E9-AA5B-114329A364D0/Juice.app/Grape-X64/build/wine-ios/loader/wine/BB274E91-9EEA-3456-B6BF-CA79E9C86AEF)
		remaining client pid: 1416 (/System/Library/PrivateFrameworks/EmailDaemon.framework/maild/0A7A6904-414F-3ABF-8DCC-BA0190546546)
		remaining client pid: 1319 (/usr/libexec/UniversalControl/D7D8B44D-CD6D-314E-A912-CDB9A90B6672)
		remaining client pid: 1248 (/usr/libexec/findmydeviced/B49C6EB8-13DC-3CCF-896B-03F313FBF92C)
		remaining client pid: 1240 (/usr/libexec/duetexpertd/5AA86ADE-7FA8-3716-AAED-C0844FC8D483)
		remaining client pid: 1212 (/usr/libexec/PowerUIAgent/22EE2B6E-1E04-3A50-87DD-C59BBFCDD57B)
		remaining client pid: 0 (/kernel/B0841348-0448-39A5-BA2B-F99C7CC3D28A)
After 2.10s, these clients are still here:
		remaining client pid: 25982 (/private/var/containers/Bundle/Application/F3BC928B-CF6E-41E9-AA5B-114329A364D0/Juice.app/Grape-X64/build/wine-ios/loader/wine/BB274E91-9EEA-3456-B6BF-CA79E9C86AEF)
		remaining client pid: 25615 (/private/var/containers/Bundle/Application/F3BC928B-CF6E-41E9-AA5B-114329A364D0/Juice.app/Grape-X64/build/wine-ios/loader/wine/BB274E91-9EEA-3456-B6BF-CA79E9C86AEF)
		remaining client pid: 24714 (/private/var/containers/Bundle/Application/F3BC928B-CF6E-41E9-AA5B-114329A364D0/Juice.app/Grape-X64/build/wine-ios/loader/wine/BB274E91-9EEA-3456-B6BF-CA79E9C86AEF)
		remaining client pid: 22392 (/private/var/containers/Bundle/Application/F3BC928B-CF6E-41E9-AA5B-114329A364D0/Juice.app/Grape-X64/build/wine-ios/loader/wine/BB274E91-9EEA-3456-B6BF-CA79E9C86AEF)
		remaining client pid: 22119 (/private/var/containers/Bundle/Application/F3BC928B-CF6E-41E9-AA5B-114329A364D0/Juice.app/Grape-X64/build/wine-ios/loader/wine/BB274E91-9EEA-3456-B6BF-CA79E9C86AEF)
		remaining client pid: 19502 (/private/var/containers/Bundle/Application/F3BC928B-CF6E-41E9-AA5B-114329A364D0/Juice.app/Grape-X64/build/wine-ios/loader/wine/BB274E91-9EEA-3456-B6BF-CA79E9C86AEF)
		remaining client pid: 19477 (/private/var/containers/Bundle/Application/F3BC928B-CF6E-41E9-AA5B-114329A364D0/Juice.app/Grape-X64/build/wine-ios/loader/wine/BB274E91-9EEA-3456-B6BF-CA79E9C86AEF)
		remaining client pid: 19469 (/private/var/containers/Bundle/Application/F3BC928B-CF6E-41E9-AA5B-114329A364D0/Juice.app/Grape-X64/build/wine-ios/loader/wine/BB274E91-9EEA-3456-B6BF-CA79E9C86AEF)
		remaining client pid: 1416 (/System/Library/PrivateFrameworks/EmailDaemon.framework/maild/0A7A6904-414F-3ABF-8DCC-BA0190546546)
		remaining client pid: 1319 (/usr/libexec/UniversalControl/D7D8B44D-CD6D-314E-A912-CDB9A90B6672)
		remaining client pid: 1248 (/usr/libexec/findmydeviced/B49C6EB8-13DC-3CCF-896B-03F313FBF92C)
		remaining client pid: 1240 (/usr/libexec/duetexpertd/5AA86ADE-7FA8-3716-AAED-C0844FC8D483)
		remaining client pid: 1212 (/usr/libexec/PowerUIAgent/22EE2B6E-1E04-3A50-87DD-C59BBFCDD57B)
		remaining client pid: 0 (/kernel/B0841348-0448-39A5-BA2B-F99C7CC3D28A)
After 2.11s, these clients are still here:
		remaining client pid: 0 (/kernel/B0841348-0448-39A5-BA2B-F99C7CC3D28A)
SIGTERM: [1787330694] All buffers flushed
After 0.92s, these clients are still here:
		remaining client pid: 336 (/System/Library/PrivateFrameworks/AppleNeuralEngine.framework/XPCServices/ANECompilerService.xpc/ANECompilerService/95EB497C-64AF-3254-9BB3-01F4BD43B8EA)
		remaining client pid: 335 (/usr/libexec/aned/0EBB5AC7-1BE4-3F9E-AE55-E74C2F1035B8)
		remaining client pid: 283 (/private/var/containers/Bundle/Application/CEF4660D-D758-4D6A-8AD2-292D0F4B4982/Juice.app/Grape/build/wine-ios/loader/wine/DCF7ACAB-6601-3F43-9F96-AAAEBBC3EE41)
		remaining client pid: 278 (/System/Library/PrivateFrameworks/MediaAnalysis.framework/mediaanalysisd/32823C6D-905D-3143-BDCE-254B43593476)
		remaining client pid: 259 (/System/Library/PrivateFrameworks/ProtectedCloudStorage.framework/Helpers/ProtectedCloudKeySyncing/5A900E80-47D7-3BE1-95A5-703403BFA14A)
		remaining client pid: 239 (/System/Library/PrivateFrameworks/iCloudNotification.framework/ind/C7D2BFD9-EF95-3EDC-A5FF-9D1C0F93A4D0)
		remaining client pid: 223 (/System/Library/PrivateFrameworks/MapsSupport.framework/mapspushd/80410380-C70B-379D-A208-379A35CD2A1C)
		remaining client pid: 163 (/System/Library/PrivateFrameworks/WatchListKit.framework/Support/watchlistd/C1D46837-1CEC-39DC-9DD5-DE65AA892C22)
		remaining client pid: 206 (/usr/libexec/UniversalControl/D7D8B44D-CD6D-314E-A912-CDB9A90B6672)
		remaining client pid: 188 (/System/Library/PrivateFrameworks/AuthKit.framework/akd/3665AC82-EC88-3045-B0CC-B4BC53DAF247)
		remaining client pid: 45 (/usr/libexec/atc/E92B203D-86C7-3AB6-9253-DD598156C0BA)
		remaining client pid: 147 (/System/Library/PrivateFrameworks/Search.framework/searchd/EEB60340-3119-3AE9-9A8C-A58DF5558D10)
		remaining client pid: 125 (/usr/libexec/networkserviceproxy/C908465E-9305-34E7-9D78-77F60FC55E0C)
		remaining client pid: 114 (/usr/libexec/findmydeviced/B49C6EB8-13DC-3CCF-896B-03F313FBF92C)
		remaining client pid: 103 (/usr/libexec/coreduetd/0937097A-FE7A-3C0A-A954-DB6450C4567B)
		remaining client pid: 0 (/kernel/B0841348-0448-39A5-BA2B-F99C7CC3D28A)
After 1.42s, these clients are still here:
		remaining client pid: 336 (/System/Library/PrivateFrameworks/AppleNeuralEngine.framework/XPCServices/ANECompilerService.xpc/ANECompilerService/95EB497C-64AF-3254-9BB3-01F4BD43B8EA)
		remaining client pid: 335 (/usr/libexec/aned/0EBB5AC7-1BE4-3F9E-AE55-E74C2F1035B8)
		remaining client pid: 283 (/private/var/containers/Bundle/Application/CEF4660D-D758-4D6A-8AD2-292D0F4B4982/Juice.app/Grape/build/wine-ios/loader/wine/DCF7ACAB-6601-3F43-9F96-AAAEBBC3EE41)
		remaining client pid: 278 (/System/Library/PrivateFrameworks/MediaAnalysis.framework/mediaanalysisd/32823C6D-905D-3143-BDCE-254B43593476)
		remaining client pid: 259 (/System/Library/PrivateFrameworks/ProtectedCloudStorage.framework/Helpers/ProtectedCloudKeySyncing/5A900E80-47D7-3BE1-95A5-703403BFA14A)
		remaining client pid: 239 (/System/Library/PrivateFrameworks/iCloudNotification.framework/ind/C7D2BFD9-EF95-3EDC-A5FF-9D1C0F93A4D0)
		remaining client pid: 223 (/System/Library/PrivateFrameworks/MapsSupport.framework/mapspushd/80410380-C70B-379D-A208-379A35CD2A1C)
		remaining client pid: 206 (/usr/libexec/UniversalControl/D7D8B44D-CD6D-314E-A912-CDB9A90B6672)
		remaining client pid: 188 (/System/Library/PrivateFrameworks/AuthKit.framework/akd/3665AC82-EC88-3045-B0CC-B4BC53DAF247)
		remaining client pid: 125 (/usr/libexec/networkserviceproxy/C908465E-9305-34E7-9D78-77F60FC55E0C)
		remaining client pid: 114 (/usr/libexec/findmydeviced/B49C6EB8-13DC-3CCF-896B-03F313FBF92C)
		remaining client pid: 103 (/usr/libexec/coreduetd/0937097A-FE7A-3C0A-A954-DB6450C4567B)
		remaining client pid: 0 (/kernel/B0841348-0448-39A5-BA2B-F99C7CC3D28A)
After 1.92s, these clients are still here:
		remaining client pid: 336 (/System/Library/PrivateFrameworks/AppleNeuralEngine.framework/XPCServices/ANECompilerService.xpc/ANECompilerService/95EB497C-64AF-3254-9BB3-01F4BD43B8EA)
		remaining client pid: 335 (/usr/libexec/aned/0EBB5AC7-1BE4-3F9E-AE55-E74C2F1035B8)
		remaining client pid: 283 (/private/var/containers/Bundle/Application/CEF4660D-D758-4D6A-8AD2-292D0F4B4982/Juice.app/Grape/build/wine-ios/loader/wine/DCF7ACAB-6601-3F43-9F96-AAAEBBC3EE41)
		remaining client pid: 278 (/System/Library/PrivateFrameworks/MediaAnalysis.framework/mediaanalysisd/32823C6D-905D-3143-BDCE-254B43593476)
		remaining client pid: 259 (/System/Library/PrivateFrameworks/ProtectedCloudStorage.framework/Helpers/ProtectedCloudKeySyncing/5A900E80-47D7-3BE1-95A5-703403BFA14A)
		remaining client pid: 239 (/System/Library/PrivateFrameworks/iCloudNotification.framework/ind/C7D2BFD9-EF95-3EDC-A5FF-9D1C0F93A4D0)
		remaining client pid: 223 (/System/Library/PrivateFrameworks/MapsSupport.framework/mapspushd/80410380-C70B-379D-A208-379A35CD2A1C)
		remaining client pid: 206 (/usr/libexec/UniversalControl/D7D8B44D-CD6D-314E-A912-CDB9A90B6672)
		remaining client pid: 188 (/System/Library/PrivateFrameworks/AuthKit.framework/akd/3665AC82-EC88-3045-B0CC-B4BC53DAF247)
		remaining client pid: 125 (/usr/libexec/networkserviceproxy/C908465E-9305-34E7-9D78-77F60FC55E0C)
		remaining client pid: 114 (/usr/libexec/findmydeviced/B49C6EB8-13DC-3CCF-896B-03F313FBF92C)
		remaining client pid: 103 (/usr/libexec/coreduetd/0937097A-FE7A-3C0A-A954-DB6450C4567B)
		remaining client pid: 0 (/kernel/B0841348-0448-39A5-BA2B-F99C7CC3D28A)
After 2.42s, these clients are still here:
		remaining client pid: 336 (/System/Library/PrivateFrameworks/AppleNeuralEngine.framework/XPCServices/ANECompilerService.xpc/ANECompilerService/95EB497C-64AF-3254-9BB3-01F4BD43B8EA)
		remaining client pid: 335 (/usr/libexec/aned/0EBB5AC7-1BE4-3F9E-AE55-E74C2F1035B8)
		remaining client pid: 283 (/private/var/containers/Bundle/Application/CEF4660D-D758-4D6A-8AD2-292D0F4B4982/Juice.app/Grape/build/wine-ios/loader/wine/DCF7ACAB-6601-3F43-9F96-AAAEBBC3EE41)
		remaining client pid: 278 (/System/Library/PrivateFrameworks/MediaAnalysis.framework/mediaanalysisd/32823C6D-905D-3143-BDCE-254B43593476)
		remaining client pid: 259 (/System/Library/PrivateFrameworks/ProtectedCloudStorage.framework/Helpers/ProtectedCloudKeySyncing/5A900E80-47D7-3BE1-95A5-703403BFA14A)
		remaining client pid: 239 (/System/Library/PrivateFrameworks/iCloudNotification.framework/ind/C7D2BFD9-EF95-3EDC-A5FF-9D1C0F93A4D0)
		remaining client pid: 223 (/System/Library/PrivateFrameworks/MapsSupport.framework/mapspushd/80410380-C70B-379D-A208-379A35CD2A1C)
		remaining client pid: 206 (/usr/libexec/UniversalControl/D7D8B44D-CD6D-314E-A912-CDB9A90B6672)
		remaining client pid: 188 (/System/Library/PrivateFrameworks/AuthKit.framework/akd/3665AC82-EC88-3045-B0CC-B4BC53DAF247)
		remaining client pid: 125 (/usr/libexec/networkserviceproxy/C908465E-9305-34E7-9D78-77F60FC55E0C)
		remaining client pid: 114 (/usr/libexec/findmydeviced/B49C6EB8-13DC-3CCF-896B-03F313FBF92C)
		remaining client pid: 103 (/usr/libexec/coreduetd/0937097A-FE7A-3C0A-A954-DB6450C4567B)
		remaining client pid: 0 (/kernel/B0841348-0448-39A5-BA2B-F99C7CC3D28A)
After 2.43s, these clients are still here:
		remaining client pid: 0 (/kernel/B0841348-0448-39A5-BA2B-F99C7CC3D28A)
SIGTERM: [1787336657] All buffers flushed
After 1.18s, these clients are still here:
		remaining client pid: 241 (/System/Library/PrivateFrameworks/ProtectedCloudStorage.framework/Helpers/ProtectedCloudKeySyncing/5A900E80-47D7-3BE1-95A5-703403BFA14A)
		remaining client pid: 235 (/System/Library/CoreServices/ReportCrash/C25E7EC2-F58F-39AF-8CCD-F5C791C328C0)
		remaining client pid: 226 (/usr/libexec/UniversalControl/D7D8B44D-CD6D-314E-A912-CDB9A90B6672)
		remaining client pid: 212 (/System/Library/Frameworks/Security.framework/CloudKeychainProxy.bundle/CloudKeychainProxy/5F553B38-55AB-3A9A-BE87-81572DC2C526)
		remaining client pid: 214 (/System/Library/Frameworks/AssetsLibrary.framework/Support/assetsd/7F6D3209-98E6-341B-AB06-E0C0B553EA43)
		remaining client pid: 207 (/System/Library/PrivateFrameworks/iCloudNotification.framework/ind/C7D2BFD9-EF95-3EDC-A5FF-9D1C0F93A4D0)
		remaining client pid: 181 (/usr/libexec/nearbyd/620CCF96-B3D6-341F-AF73-1F95E64CD1F0)
		remaining client pid: 159 (/usr/libexec/duetexpertd/5AA86ADE-7FA8-3716-AAED-C0844FC8D483)
		remaining client pid: 152 (/usr/libexec/dmd/BEF3300D-788A-3F02-A382-6F164CE7CE4D)
		remaining client pid: 139 (/System/Library/PrivateFrameworks/CoreParsec.framework/parsec-fbf/2B6B2586-0E66-3AE3-9EB5-752953E48F7E)
		remaining client pid: 118 (/usr/libexec/findmydeviced/B49C6EB8-13DC-3CCF-896B-03F313FBF92C)
		remaining client pid: 114 (/usr/libexec/securityd/9F34F8A0-722F-3F5B-8C84-0A47E8271611)
		remaining client pid: 45 (/usr/libexec/atc/E92B203D-86C7-3AB6-9253-DD598156C0BA)
		remaining client pid: 87 (/usr/sbin/bluetoothd/6D9E7FD6-D23B-36D3-BD11-45BACA96C641)
		remaining client pid: 72 (/usr/libexec/dasd/2FD35D1F-D266-3631-BE58-4D1BDBDBBF82)
		remaining client pid: 0 (/kernel/B0841348-0448-39A5-BA2B-F99C7CC3D28A)
After 1.68s, these clients are still here:
		remaining client pid: 241 (/System/Library/PrivateFrameworks/ProtectedCloudStorage.framework/Helpers/ProtectedCloudKeySyncing/5A900E80-47D7-3BE1-95A5-703403BFA14A)
		remaining client pid: 235 (/System/Library/CoreServices/ReportCrash/C25E7EC2-F58F-39AF-8CCD-F5C791C328C0)
		remaining client pid: 226 (/usr/libexec/UniversalControl/D7D8B44D-CD6D-314E-A912-CDB9A90B6672)
		remaining client pid: 212 (/System/Library/Frameworks/Security.framework/CloudKeychainProxy.bundle/CloudKeychainProxy/5F553B38-55AB-3A9A-BE87-81572DC2C526)
		remaining client pid: 214 (/System/Library/Frameworks/AssetsLibrary.framework/Support/assetsd/7F6D3209-98E6-341B-AB06-E0C0B553EA43)
		remaining client pid: 207 (/System/Library/PrivateFrameworks/iCloudNotification.framework/ind/C7D2BFD9-EF95-3EDC-A5FF-9D1C0F93A4D0)
		remaining client pid: 181 (/usr/libexec/nearbyd/620CCF96-B3D6-341F-AF73-1F95E64CD1F0)
		remaining client pid: 159 (/usr/libexec/duetexpertd/5AA86ADE-7FA8-3716-AAED-C0844FC8D483)
		remaining client pid: 152 (/usr/libexec/dmd/BEF3300D-788A-3F02-A382-6F164CE7CE4D)
		remaining client pid: 139 (/System/Library/PrivateFrameworks/CoreParsec.framework/parsec-fbf/2B6B2586-0E66-3AE3-9EB5-752953E48F7E)
		remaining client pid: 118 (/usr/libexec/findmydeviced/B49C6EB8-13DC-3CCF-896B-03F313FBF92C)
		remaining client pid: 114 (/usr/libexec/securityd/9F34F8A0-722F-3F5B-8C84-0A47E8271611)
		remaining client pid: 45 (/usr/libexec/atc/E92B203D-86C7-3AB6-9253-DD598156C0BA)
		remaining client pid: 87 (/usr/sbin/bluetoothd/6D9E7FD6-D23B-36D3-BD11-45BACA96C641)
		remaining client pid: 0 (/kernel/B0841348-0448-39A5-BA2B-F99C7CC3D28A)
After 2.18s, these clients are still here:
		remaining client pid: 241 (/System/Library/PrivateFrameworks/ProtectedCloudStorage.framework/Helpers/ProtectedCloudKeySyncing/5A900E80-47D7-3BE1-95A5-703403BFA14A)
		remaining client pid: 235 (/System/Library/CoreServices/ReportCrash/C25E7EC2-F58F-39AF-8CCD-F5C791C328C0)
		remaining client pid: 226 (/usr/libexec/UniversalControl/D7D8B44D-CD6D-314E-A912-CDB9A90B6672)
		remaining client pid: 214 (/System/Library/Frameworks/AssetsLibrary.framework/Support/assetsd/7F6D3209-98E6-341B-AB06-E0C0B553EA43)
		remaining client pid: 207 (/System/Library/PrivateFrameworks/iCloudNotification.framework/ind/C7D2BFD9-EF95-3EDC-A5FF-9D1C0F93A4D0)
		remaining client pid: 181 (/usr/libexec/nearbyd/620CCF96-B3D6-341F-AF73-1F95E64CD1F0)
		remaining client pid: 159 (/usr/libexec/duetexpertd/5AA86ADE-7FA8-3716-AAED-C0844FC8D483)
		remaining client pid: 152 (/usr/libexec/dmd/BEF3300D-788A-3F02-A382-6F164CE7CE4D)
		remaining client pid: 139 (/System/Library/PrivateFrameworks/CoreParsec.framework/parsec-fbf/2B6B2586-0E66-3AE3-9EB5-752953E48F7E)
		remaining client pid: 118 (/usr/libexec/findmydeviced/B49C6EB8-13DC-3CCF-896B-03F313FBF92C)
		remaining client pid: 45 (/usr/libexec/atc/E92B203D-86C7-3AB6-9253-DD598156C0BA)
		remaining client pid: 87 (/usr/sbin/bluetoothd/6D9E7FD6-D23B-36D3-BD11-45BACA96C641)
		remaining client pid: 0 (/kernel/B0841348-0448-39A5-BA2B-F99C7CC3D28A)
After 2.19s, these clients are still here:
		remaining client pid: 0 (/kernel/B0841348-0448-39A5-BA2B-F99C7CC3D28A)
SIGTERM: [1787336742] All buffers flushed
After 0.83s, these clients are still here:
		remaining client pid: 270 (/System/Library/PrivateFrameworks/ActionPredictionHeuristics.framework/XPCServices/HeuristicInterpreter.xpc/HeuristicInterpreter/1255678A-5607-3809-9157-532FBEAC1908)
		remaining client pid: 248 (/System/Library/PrivateFrameworks/EmailDaemon.framework/maild/0A7A6904-414F-3ABF-8DCC-BA0190546546)
		remaining client pid: 245 (/System/Library/PrivateFrameworks/MediaAnalysis.framework/mediaanalysisd/32823C6D-905D-3143-BDCE-254B43593476)
		remaining client pid: 244 (/System/Library/PrivateFrameworks/ProtectedCloudStorage.framework/Helpers/ProtectedCloudKeySyncing/5A900E80-47D7-3BE1-95A5-703403BFA14A)
		remaining client pid: 239 (/System/Library/CoreServices/ReportCrash/C25E7EC2-F58F-39AF-8CCD-F5C791C328C0)
		remaining client pid: 222 (/System/Library/PrivateFrameworks/iCloudNotification.framework/ind/C7D2BFD9-EF95-3EDC-A5FF-9D1C0F93A4D0)
		remaining client pid: 81 (/usr/libexec/remindd/F40D3228-7C65-3A9B-99F9-5D0CED72F137)
		remaining client pid: 207 (/usr/libexec/UniversalControl/D7D8B44D-CD6D-314E-A912-CDB9A90B6672)
		remaining client pid: 88 (/System/Library/PrivateFrameworks/AppleMediaServices.framework/amsaccountsd/6B73A0F2-D31B-3517-A5E2-3FF25684DE9B)
		remaining client pid: 158 (/usr/libexec/duetexpertd/5AA86ADE-7FA8-3716-AAED-C0844FC8D483)
		remaining client pid: 153 (/System/Library/PrivateFrameworks/VoiceShortcuts.framework/Support/siriactionsd/7A94BF4A-DF6F-3C40-A761-1DBFA75E4BCB)
		remaining client pid: 148 (/usr/libexec/dmd/BEF3300D-788A-3F02-A382-6F164CE7CE4D)
		remaining client pid: 34 (/System/Library/PrivateFrameworks/AssistantServices.framework/assistantd/477CC714-785D-3AB5-928F-BF83E7B1E530)
		remaining client pid: 113 (/usr/libexec/findmydeviced/B49C6EB8-13DC-3CCF-896B-03F313FBF92C)
		remaining client pid: 103 (/usr/libexec/coreduetd/0937097A-FE7A-3C0A-A954-DB6450C4567B)
		remaining client pid: 0 (/kernel/B0841348-0448-39A5-BA2B-F99C7CC3D28A)
After 1.33s, these clients are still here:
		remaining client pid: 248 (/System/Library/PrivateFrameworks/EmailDaemon.framework/maild/0A7A6904-414F-3ABF-8DCC-BA0190546546)
		remaining client pid: 245 (/System/Library/PrivateFrameworks/MediaAnalysis.framework/mediaanalysisd/32823C6D-905D-3143-BDCE-254B43593476)
		remaining client pid: 244 (/System/Library/PrivateFrameworks/ProtectedCloudStorage.framework/Helpers/ProtectedCloudKeySyncing/5A900E80-47D7-3BE1-95A5-703403BFA14A)
		remaining client pid: 239 (/System/Library/CoreServices/ReportCrash/C25E7EC2-F58F-39AF-8CCD-F5C791C328C0)
		remaining client pid: 222 (/System/Library/PrivateFrameworks/iCloudNotification.framework/ind/C7D2BFD9-EF95-3EDC-A5FF-9D1C0F93A4D0)
		remaining client pid: 81 (/usr/libexec/remindd/F40D3228-7C65-3A9B-99F9-5D0CED72F137)
		remaining client pid: 207 (/usr/libexec/UniversalControl/D7D8B44D-CD6D-314E-A912-CDB9A90B6672)
		remaining client pid: 88 (/System/Library/PrivateFrameworks/AppleMediaServices.framework/amsaccountsd/6B73A0F2-D31B-3517-A5E2-3FF25684DE9B)
		remaining client pid: 158 (/usr/libexec/duetexpertd/5AA86ADE-7FA8-3716-AAED-C0844FC8D483)
		remaining client pid: 148 (/usr/libexec/dmd/BEF3300D-788A-3F02-A382-6F164CE7CE4D)
		remaining client pid: 34 (/System/Library/PrivateFrameworks/AssistantServices.framework/assistantd/477CC714-785D-3AB5-928F-BF83E7B1E530)
		remaining client pid: 113 (/usr/libexec/findmydeviced/B49C6EB8-13DC-3CCF-896B-03F313FBF92C)
		remaining client pid: 103 (/usr/libexec/coreduetd/0937097A-FE7A-3C0A-A954-DB6450C4567B)
		remaining client pid: 0 (/kernel/B0841348-0448-39A5-BA2B-F99C7CC3D28A)
After 1.83s, these clients are still here:
		remaining client pid: 248 (/System/Library/PrivateFrameworks/EmailDaemon.framework/maild/0A7A6904-414F-3ABF-8DCC-BA0190546546)
		remaining client pid: 245 (/System/Library/PrivateFrameworks/MediaAnalysis.framework/mediaanalysisd/32823C6D-905D-3143-BDCE-254B43593476)
		remaining client pid: 244 (/System/Library/PrivateFrameworks/ProtectedCloudStorage.framework/Helpers/ProtectedCloudKeySyncing/5A900E80-47D7-3BE1-95A5-703403BFA14A)
		remaining client pid: 239 (/System/Library/CoreServices/ReportCrash/C25E7EC2-F58F-39AF-8CCD-F5C791C328C0)
		remaining client pid: 222 (/System/Library/PrivateFrameworks/iCloudNotification.framework/ind/C7D2BFD9-EF95-3EDC-A5FF-9D1C0F93A4D0)
		remaining client pid: 81 (/usr/libexec/remindd/F40D3228-7C65-3A9B-99F9-5D0CED72F137)
		remaining client pid: 207 (/usr/libexec/UniversalControl/D7D8B44D-CD6D-314E-A912-CDB9A90B6672)
		remaining client pid: 88 (/System/Library/PrivateFrameworks/AppleMediaServices.framework/amsaccountsd/6B73A0F2-D31B-3517-A5E2-3FF25684DE9B)
		remaining client pid: 158 (/usr/libexec/duetexpertd/5AA86ADE-7FA8-3716-AAED-C0844FC8D483)
		remaining client pid: 34 (/System/Library/PrivateFrameworks/AssistantServices.framework/assistantd/477CC714-785D-3AB5-928F-BF83E7B1E530)
		remaining client pid: 113 (/usr/libexec/findmydeviced/B49C6EB8-13DC-3CCF-896B-03F313FBF92C)
		remaining client pid: 103 (/usr/libexec/coreduetd/0937097A-FE7A-3C0A-A954-DB6450C4567B)
		remaining client pid: 0 (/kernel/B0841348-0448-39A5-BA2B-F99C7CC3D28A)
After 2.33s, these clients are still here:
		remaining client pid: 248 (/System/Library/PrivateFrameworks/EmailDaemon.framework/maild/0A7A6904-414F-3ABF-8DCC-BA0190546546)
		remaining client pid: 245 (/System/Library/PrivateFrameworks/MediaAnalysis.framework/mediaanalysisd/32823C6D-905D-3143-BDCE-254B43593476)
		remaining client pid: 244 (/System/Library/PrivateFrameworks/ProtectedCloudStorage.framework/Helpers/ProtectedCloudKeySyncing/5A900E80-47D7-3BE1-95A5-703403BFA14A)
		remaining client pid: 239 (/System/Library/CoreServices/ReportCrash/C25E7EC2-F58F-39AF-8CCD-F5C791C328C0)
		remaining client pid: 222 (/System/Library/PrivateFrameworks/iCloudNotification.framework/ind/C7D2BFD9-EF95-3EDC-A5FF-9D1C0F93A4D0)
		remaining client pid: 81 (/usr/libexec/remindd/F40D3228-7C65-3A9B-99F9-5D0CED72F137)
		remaining client pid: 207 (/usr/libexec/UniversalControl/D7D8B44D-CD6D-314E-A912-CDB9A90B6672)
		remaining client pid: 88 (/System/Library/PrivateFrameworks/AppleMediaServices.framework/amsaccountsd/6B73A0F2-D31B-3517-A5E2-3FF25684DE9B)
		remaining client pid: 158 (/usr/libexec/duetexpertd/5AA86ADE-7FA8-3716-AAED-C0844FC8D483)
		remaining client pid: 34 (/System/Library/PrivateFrameworks/AssistantServices.framework/assistantd/477CC714-785D-3AB5-928F-BF83E7B1E530)
		remaining client pid: 113 (/usr/libexec/findmydeviced/B49C6EB8-13DC-3CCF-896B-03F313FBF92C)
		remaining client pid: 103 (/usr/libexec/coreduetd/0937097A-FE7A-3C0A-A954-DB6450C4567B)
		remaining client pid: 0 (/kernel/B0841348-0448-39A5-BA2B-F99C7CC3D28A)
After 2.34s, these clients are still here:
		remaining client pid: 0 (/kernel/B0841348-0448-39A5-BA2B-F99C7CC3D28A)
SIGTERM: [1787337038] All buffers flushed
After 1.04s, these clients are still here:
		remaining client pid: 287 (/System/Library/PrivateFrameworks/ActionPredictionHeuristics.framework/XPCServices/HeuristicInterpreter.xpc/HeuristicInterpreter/1255678A-5607-3809-9157-532FBEAC1908)
		remaining client pid: 274 (/System/Library/PrivateFrameworks/MediaAnalysis.framework/mediaanalysisd/32823C6D-905D-3143-BDCE-254B43593476)
		remaining client pid: 250 (/System/Library/PrivateFrameworks/ProtectedCloudStorage.framework/Helpers/ProtectedCloudKeySyncing/5A900E80-47D7-3BE1-95A5-703403BFA14A)
		remaining client pid: 236 (/System/Library/PrivateFrameworks/iCloudNotification.framework/ind/C7D2BFD9-EF95-3EDC-A5FF-9D1C0F93A4D0)
		remaining client pid: 240 (/usr/libexec/duetexpertd/5AA86ADE-7FA8-3716-AAED-C0844FC8D483)
		remaining client pid: 231 (/System/Library/PrivateFrameworks/EmailDaemon.framework/maild/0A7A6904-414F-3ABF-8DCC-BA0190546546)
		remaining client pid: 219 (/System/Library/PrivateFrameworks/MapsSupport.framework/mapspushd/80410380-C70B-379D-A208-379A35CD2A1C)
		remaining client pid: 205 (/usr/libexec/UniversalControl/D7D8B44D-CD6D-314E-A912-CDB9A90B6672)
		remaining client pid: 187 (/System/Library/PrivateFrameworks/AuthKit.framework/akd/3665AC82-EC88-3045-B0CC-B4BC53DAF247)
		remaining client pid: 88 (/System/Library/PrivateFrameworks/AppleMediaServices.framework/amsaccountsd/6B73A0F2-D31B-3517-A5E2-3FF25684DE9B)
		remaining client pid: 123 (/usr/libexec/networkserviceproxy/C908465E-9305-34E7-9D78-77F60FC55E0C)
		remaining client pid: 112 (/usr/libexec/findmydeviced/B49C6EB8-13DC-3CCF-896B-03F313FBF92C)
		remaining client pid: 103 (/usr/libexec/coreduetd/0937097A-FE7A-3C0A-A954-DB6450C4567B)
		remaining client pid: 0 (/kernel/B0841348-0448-39A5-BA2B-F99C7CC3D28A)
After 1.54s, these clients are still here:
		remaining client pid: 274 (/System/Library/PrivateFrameworks/MediaAnalysis.framework/mediaanalysisd/32823C6D-905D-3143-BDCE-254B43593476)
		remaining client pid: 250 (/System/Library/PrivateFrameworks/ProtectedCloudStorage.framework/Helpers/ProtectedCloudKeySyncing/5A900E80-47D7-3BE1-95A5-703403BFA14A)
		remaining client pid: 236 (/System/Library/PrivateFrameworks/iCloudNotification.framework/ind/C7D2BFD9-EF95-3EDC-A5FF-9D1C0F93A4D0)
		remaining client pid: 240 (/usr/libexec/duetexpertd/5AA86ADE-7FA8-3716-AAED-C0844FC8D483)
		remaining client pid: 231 (/System/Library/PrivateFrameworks/EmailDaemon.framework/maild/0A7A6904-414F-3ABF-8DCC-BA0190546546)
		remaining client pid: 219 (/System/Library/PrivateFrameworks/MapsSupport.framework/mapspushd/80410380-C70B-379D-A208-379A35CD2A1C)
		remaining client pid: 205 (/usr/libexec/UniversalControl/D7D8B44D-CD6D-314E-A912-CDB9A90B6672)
		remaining client pid: 187 (/System/Library/PrivateFrameworks/AuthKit.framework/akd/3665AC82-EC88-3045-B0CC-B4BC53DAF247)
		remaining client pid: 88 (/System/Library/PrivateFrameworks/AppleMediaServices.framework/amsaccountsd/6B73A0F2-D31B-3517-A5E2-3FF25684DE9B)
		remaining client pid: 123 (/usr/libexec/networkserviceproxy/C908465E-9305-34E7-9D78-77F60FC55E0C)
		remaining client pid: 112 (/usr/libexec/findmydeviced/B49C6EB8-13DC-3CCF-896B-03F313FBF92C)
		remaining client pid: 103 (/usr/libexec/coreduetd/0937097A-FE7A-3C0A-A954-DB6450C4567B)
		remaining client pid: 0 (/kernel/B0841348-0448-39A5-BA2B-F99C7CC3D28A)
After 2.04s, these clients are still here:
		remaining client pid: 274 (/System/Library/PrivateFrameworks/MediaAnalysis.framework/mediaanalysisd/32823C6D-905D-3143-BDCE-254B43593476)
		remaining client pid: 250 (/System/Library/PrivateFrameworks/ProtectedCloudStorage.framework/Helpers/ProtectedCloudKeySyncing/5A900E80-47D7-3BE1-95A5-703403BFA14A)
		remaining client pid: 236 (/System/Library/PrivateFrameworks/iCloudNotification.framework/ind/C7D2BFD9-EF95-3EDC-A5FF-9D1C0F93A4D0)
		remaining client pid: 240 (/usr/libexec/duetexpertd/5AA86ADE-7FA8-3716-AAED-C0844FC8D483)
		remaining client pid: 231 (/System/Library/PrivateFrameworks/EmailDaemon.framework/maild/0A7A6904-414F-3ABF-8DCC-BA0190546546)
		remaining client pid: 219 (/System/Library/PrivateFrameworks/MapsSupport.framework/mapspushd/80410380-C70B-379D-A208-379A35CD2A1C)
		remaining client pid: 205 (/usr/libexec/UniversalControl/D7D8B44D-CD6D-314E-A912-CDB9A90B6672)
		remaining client pid: 187 (/System/Library/PrivateFrameworks/AuthKit.framework/akd/3665AC82-EC88-3045-B0CC-B4BC53DAF247)
		remaining client pid: 88 (/System/Library/PrivateFrameworks/AppleMediaServices.framework/amsaccountsd/6B73A0F2-D31B-3517-A5E2-3FF25684DE9B)
		remaining client pid: 123 (/usr/libexec/networkserviceproxy/C908465E-9305-34E7-9D78-77F60FC55E0C)
		remaining client pid: 112 (/usr/libexec/findmydeviced/B49C6EB8-13DC-3CCF-896B-03F313FBF92C)
		remaining client pid: 103 (/usr/libexec/coreduetd/0937097A-FE7A-3C0A-A954-DB6450C4567B)
		remaining client pid: 0 (/kernel/B0841348-0448-39A5-BA2B-F99C7CC3D28A)
After 2.04s, these clients are still here:
		remaining client pid: 0 (/kernel/B0841348-0448-39A5-BA2B-F99C7CC3D28A)
SIGTERM: [1787337275] All buffers flushed
After 1.03s, these clients are still here:
		remaining client pid: 660 (/usr/libexec/neagent/9BFB8EB7-9865-3A51-82BE-BE17E08AD8C7)
		remaining client pid: 597 (/System/Library/PrivateFrameworks/EmailDaemon.framework/maild/0A7A6904-414F-3ABF-8DCC-BA0190546546)
		remaining client pid: 559 (/usr/libexec/nesessionmanager/759800AF-85B2-35E7-AB78-2345F780073D)
		remaining client pid: 543 (/usr/libexec/UniversalControl/D7D8B44D-CD6D-314E-A912-CDB9A90B6672)
		remaining client pid: 447 (/usr/libexec/findmydeviced/B49C6EB8-13DC-3CCF-896B-03F313FBF92C)
		remaining client pid: 419 (/usr/libexec/PowerUIAgent/22EE2B6E-1E04-3A50-87DD-C59BBFCDD57B)
		remaining client pid: 0 (/kernel/B0841348-0448-39A5-BA2B-F99C7CC3D28A)
SIGTERM: [1787431398] All buffers flushed
After 0.93s, these clients are still here:
		remaining client pid: 224 (/System/Library/PrivateFrameworks/MapsSupport.framework/mapspushd/80410380-C70B-379D-A208-379A35CD2A1C)
		remaining client pid: 202 (/usr/libexec/UniversalControl/D7D8B44D-CD6D-314E-A912-CDB9A90B6672)
		remaining client pid: 184 (/System/Library/PrivateFrameworks/InstallCoordination.framework/Support/installcoordinationd/F2452542-A8C3-3239-BEC1-2E1851DCF83D)
		remaining client pid: 113 (/usr/libexec/findmydeviced/B49C6EB8-13DC-3CCF-896B-03F313FBF92C)
		remaining client pid: 0 (/kernel/B0841348-0448-39A5-BA2B-F99C7CC3D28A)
After 0.94s, these clients are still here:
		remaining client pid: 0 (/kernel/B0841348-0448-39A5-BA2B-F99C7CC3D28A)
SIGTERM: [1787488277] All buffers flushed
After 0.80s, these clients are still here:
		remaining client pid: 313 (/System/Library/PrivateFrameworks/NewDeviceOutreach.framework/ndoagent/1C3338A7-669C-3E30-A722-257639152D75)
		remaining client pid: 301 (/System/Library/PrivateFrameworks/MapsSuggestions.framework/destinationd/E0506BE2-AEAC-3784-92C6-4BFC9AC5F391)
		remaining client pid: 280 (/System/Library/PrivateFrameworks/ActionPredictionHeuristics.framework/XPCServices/HeuristicInterpreter.xpc/HeuristicInterpreter/1255678A-5607-3809-9157-532FBEAC1908)
		remaining client pid: 281 (/System/Library/PrivateFrameworks/MediaAnalysis.framework/mediaanalysisd/32823C6D-905D-3143-BDCE-254B43593476)
		remaining client pid: 255 (/System/Library/PrivateFrameworks/ProtectedCloudStorage.framework/Helpers/ProtectedCloudKeySyncing/5A900E80-47D7-3BE1-95A5-703403BFA14A)
		remaining client pid: 239 (/usr/libexec/duetexpertd/5AA86ADE-7FA8-3716-AAED-C0844FC8D483)
		remaining client pid: 241 (/System/Library/PrivateFrameworks/iCloudNotification.framework/ind/C7D2BFD9-EF95-3EDC-A5FF-9D1C0F93A4D0)
		remaining client pid: 221 (/System/Library/PrivateFrameworks/MapsSupport.framework/mapspushd/80410380-C70B-379D-A208-379A35CD2A1C)
		remaining client pid: 217 (/System/Library/PrivateFrameworks/EmailDaemon.framework/maild/0A7A6904-414F-3ABF-8DCC-BA0190546546)
		remaining client pid: 211 (/usr/libexec/UniversalControl/D7D8B44D-CD6D-314E-A912-CDB9A90B6672)
		remaining client pid: 187 (/System/Library/PrivateFrameworks/AuthKit.framework/akd/3665AC82-EC88-3045-B0CC-B4BC53DAF247)
		remaining client pid: 174 (/System/Library/PrivateFrameworks/InstallCoordination.framework/Support/installcoordinationd/F2452542-A8C3-3239-BEC1-2E1851DCF83D)
		remaining client pid: 88 (/System/Library/PrivateFrameworks/AppleMediaServices.framework/amsaccountsd/6B73A0F2-D31B-3517-A5E2-3FF25684DE9B)
		remaining client pid: 82 (/System/Library/PrivateFrameworks/MapsSupport.framework/navd/1718205E-4A2E-3BB1-9394-B3FC445492B1)
		remaining client pid: 144 (/usr/libexec/dmd/BEF3300D-788A-3F02-A382-6F164CE7CE4D)
		remaining client pid: 34 (/System/Library/PrivateFrameworks/AssistantServices.framework/assistantd/477CC714-785D-3AB5-928F-BF83E7B1E530)
		remaining client pid: 122 (/usr/libexec/networkserviceproxy/C908465E-9305-34E7-9D78-77F60FC55E0C)
		remaining client pid: 111 (/usr/libexec/findmydeviced/B49C6EB8-13DC-3CCF-896B-03F313FBF92C)
		remaining client pid: 103 (/usr/libexec/coreduetd/0937097A-FE7A-3C0A-A954-DB6450C4567B)
		remaining client pid: 0 (/kernel/B0841348-0448-39A5-BA2B-F99C7CC3D28A)
After 1.30s, these clients are still here:
		remaining client pid: 301 (/System/Library/PrivateFrameworks/MapsSuggestions.framework/destinationd/E0506BE2-AEAC-3784-92C6-4BFC9AC5F391)
		remaining client pid: 281 (/System/Library/PrivateFrameworks/MediaAnalysis.framework/mediaanalysisd/32823C6D-905D-3143-BDCE-254B43593476)
		remaining client pid: 255 (/System/Library/PrivateFrameworks/ProtectedCloudStorage.framework/Helpers/ProtectedCloudKeySyncing/5A900E80-47D7-3BE1-95A5-703403BFA14A)
		remaining client pid: 239 (/usr/libexec/duetexpertd/5AA86ADE-7FA8-3716-AAED-C0844FC8D483)
		remaining client pid: 241 (/System/Library/PrivateFrameworks/iCloudNotification.framework/ind/C7D2BFD9-EF95-3EDC-A5FF-9D1C0F93A4D0)
		remaining client pid: 221 (/System/Library/PrivateFrameworks/MapsSupport.framework/mapspushd/80410380-C70B-379D-A208-379A35CD2A1C)
		remaining client pid: 217 (/System/Library/PrivateFrameworks/EmailDaemon.framework/maild/0A7A6904-414F-3ABF-8DCC-BA0190546546)
		remaining client pid: 211 (/usr/libexec/UniversalControl/D7D8B44D-CD6D-314E-A912-CDB9A90B6672)
		remaining client pid: 187 (/System/Library/PrivateFrameworks/AuthKit.framework/akd/3665AC82-EC88-3045-B0CC-B4BC53DAF247)
		remaining client pid: 174 (/System/Library/PrivateFrameworks/InstallCoordination.framework/Support/installcoordinationd/F2452542-A8C3-3239-BEC1-2E1851DCF83D)
		remaining client pid: 88 (/System/Library/PrivateFrameworks/AppleMediaServices.framework/amsaccountsd/6B73A0F2-D31B-3517-A5E2-3FF25684DE9B)
		remaining client pid: 82 (/System/Library/PrivateFrameworks/MapsSupport.framework/navd/1718205E-4A2E-3BB1-9394-B3FC445492B1)
		remaining client pid: 144 (/usr/libexec/dmd/BEF3300D-788A-3F02-A382-6F164CE7CE4D)
		remaining client pid: 34 (/System/Library/PrivateFrameworks/AssistantServices.framework/assistantd/477CC714-785D-3AB5-928F-BF83E7B1E530)
		remaining client pid: 122 (/usr/libexec/networkserviceproxy/C908465E-9305-34E7-9D78-77F60FC55E0C)
		remaining client pid: 111 (/usr/libexec/findmydeviced/B49C6EB8-13DC-3CCF-896B-03F313FBF92C)
		remaining client pid: 103 (/usr/libexec/coreduetd/0937097A-FE7A-3C0A-A954-DB6450C4567B)
		remaining client pid: 0 (/kernel/B0841348-0448-39A5-BA2B-F99C7CC3D28A)
After 1.80s, these clients are still here:
		remaining client pid: 301 (/System/Library/PrivateFrameworks/MapsSuggestions.framework/destinationd/E0506BE2-AEAC-3784-92C6-4BFC9AC5F391)
		remaining client pid: 281 (/System/Library/PrivateFrameworks/MediaAnalysis.framework/mediaanalysisd/32823C6D-905D-3143-BDCE-254B43593476)
		remaining client pid: 255 (/System/Library/PrivateFrameworks/ProtectedCloudStorage.framework/Helpers/ProtectedCloudKeySyncing/5A900E80-47D7-3BE1-95A5-703403BFA14A)
		remaining client pid: 239 (/usr/libexec/duetexpertd/5AA86ADE-7FA8-3716-AAED-C0844FC8D483)
		remaining client pid: 241 (/System/Library/PrivateFrameworks/iCloudNotification.framework/ind/C7D2BFD9-EF95-3EDC-A5FF-9D1C0F93A4D0)
		remaining client pid: 221 (/System/Library/PrivateFrameworks/MapsSupport.framework/mapspushd/80410380-C70B-379D-A208-379A35CD2A1C)
		remaining client pid: 217 (/System/Library/PrivateFrameworks/EmailDaemon.framework/maild/0A7A6904-414F-3ABF-8DCC-BA0190546546)
		remaining client pid: 211 (/usr/libexec/UniversalControl/D7D8B44D-CD6D-314E-A912-CDB9A90B6672)
		remaining client pid: 187 (/System/Library/PrivateFrameworks/AuthKit.framework/akd/3665AC82-EC88-3045-B0CC-B4BC53DAF247)
		remaining client pid: 174 (/System/Library/PrivateFrameworks/InstallCoordination.framework/Support/installcoordinationd/F2452542-A8C3-3239-BEC1-2E1851DCF83D)
		remaining client pid: 82 (/System/Library/PrivateFrameworks/MapsSupport.framework/navd/1718205E-4A2E-3BB1-9394-B3FC445492B1)
		remaining client pid: 144 (/usr/libexec/dmd/BEF3300D-788A-3F02-A382-6F164CE7CE4D)
		remaining client pid: 34 (/System/Library/PrivateFrameworks/AssistantServices.framework/assistantd/477CC714-785D-3AB5-928F-BF83E7B1E530)
		remaining client pid: 122 (/usr/libexec/networkserviceproxy/C908465E-9305-34E7-9D78-77F60FC55E0C)
		remaining client pid: 111 (/usr/libexec/findmydeviced/B49C6EB8-13DC-3CCF-896B-03F313FBF92C)
		remaining client pid: 103 (/usr/libexec/coreduetd/0937097A-FE7A-3C0A-A954-DB6450C4567B)
		remaining client pid: 0 (/kernel/B0841348-0448-39A5-BA2B-F99C7CC3D28A)
After 2.30s, these clients are still here:
		remaining client pid: 301 (/System/Library/PrivateFrameworks/MapsSuggestions.framework/destinationd/E0506BE2-AEAC-3784-92C6-4BFC9AC5F391)
		remaining client pid: 281 (/System/Library/PrivateFrameworks/MediaAnalysis.framework/mediaanalysisd/32823C6D-905D-3143-BDCE-254B43593476)
		remaining client pid: 255 (/System/Library/PrivateFrameworks/ProtectedCloudStorage.framework/Helpers/ProtectedCloudKeySyncing/5A900E80-47D7-3BE1-95A5-703403BFA14A)
		remaining client pid: 239 (/usr/libexec/duetexpertd/5AA86ADE-7FA8-3716-AAED-C0844FC8D483)
		remaining client pid: 241 (/System/Library/PrivateFrameworks/iCloudNotification.framework/ind/C7D2BFD9-EF95-3EDC-A5FF-9D1C0F93A4D0)
		remaining client pid: 221 (/System/Library/PrivateFrameworks/MapsSupport.framework/mapspushd/80410380-C70B-379D-A208-379A35CD2A1C)
		remaining client pid: 217 (/System/Library/PrivateFrameworks/EmailDaemon.framework/maild/0A7A6904-414F-3ABF-8DCC-BA0190546546)
		remaining client pid: 211 (/usr/libexec/UniversalControl/D7D8B44D-CD6D-314E-A912-CDB9A90B6672)
		remaining client pid: 187 (/System/Library/PrivateFrameworks/AuthKit.framework/akd/3665AC82-EC88-3045-B0CC-B4BC53DAF247)
		remaining client pid: 174 (/System/Library/PrivateFrameworks/InstallCoordination.framework/Support/installcoordinationd/F2452542-A8C3-3239-BEC1-2E1851DCF83D)
		remaining client pid: 82 (/System/Library/PrivateFrameworks/MapsSupport.framework/navd/1718205E-4A2E-3BB1-9394-B3FC445492B1)
		remaining client pid: 144 (/usr/libexec/dmd/BEF3300D-788A-3F02-A382-6F164CE7CE4D)
		remaining client pid: 34 (/System/Library/PrivateFrameworks/AssistantServices.framework/assistantd/477CC714-785D-3AB5-928F-BF83E7B1E530)
		remaining client pid: 122 (/usr/libexec/networkserviceproxy/C908465E-9305-34E7-9D78-77F60FC55E0C)
		remaining client pid: 111 (/usr/libexec/findmydeviced/B49C6EB8-13DC-3CCF-896B-03F313FBF92C)
		remaining client pid: 103 (/usr/libexec/coreduetd/0937097A-FE7A-3C0A-A954-DB6450C4567B)
		remaining client pid: 0 (/kernel/B0841348-0448-39A5-BA2B-F99C7CC3D28A)
After 2.31s, these clients are still here:
		remaining client pid: 0 (/kernel/B0841348-0448-39A5-BA2B-F99C7CC3D28A)
SIGTERM: [1787488457] All buffers flushed
