JUICE_TEXT_HOST_LISTENING socket=/var/mobile/Documents/JuiceData/proofs/cdoom-v9jit/display.sock
[JuiceWine parent] bundle libraries path=/var/containers/Bundle/Application/F3BC928B-CF6E-41E9-AA5B-114329A364D0/Juice.app/Libraries:/var/jb/usr/lib
[JuiceWine parent] launching /var/containers/Bundle/Application/F3BC928B-CF6E-41E9-AA5B-114329A364D0/Juice.app/Grape-X64/build/wine-ios/loader/wine
[JuiceWine parent] child PID=25604
[JuiceWine] iOS low-VA release start=0x10000 end=0x100000000 status=0 OK
[JuiceWine] PT_TRACE_ME succeeded; csflags=0x3280780d CS_DEBUGGED=YES
[JuiceWine] requesting controlled tracer detach
[JuiceWine parent] child stopped pid=25604 signal=17 (Suspended (signal): 17)
[JuiceWine parent] PT_DETACH pid=25604 result=0
[JuiceWine parent] child now running untraced
[JuiceWine] resumed after tracer detach; csflags=0x3280780d CS_DEBUGGED=YES
[JuiceStage] wineboot disabled by JUICE_SKIP_WINEBOOT=1
[JuiceWine] host-page expanding executable section .text: section=0x140001000 mapping=0x140000000 size=409600
[JuiceWine] anonymous PE executable section .text at 0x140000000 size=409600
[JuiceStage] loading Windows ntdll; transfer=0x1400013e0 teb=0x2d7ff8000 peb=0x2d7ffc000
[JuiceHybrid] open name=/private/var/containers/Bundle/Application/F3BC928B-CF6E-41E9-AA5B-114329A364D0/Juice.app/Grape-X64/build/wine-ios/dlls/ntdll/aarch64-windows/ntdll.dll machine=8664 status=00000000
[JuiceWine] anonymous PE executable section .text at 0x2d78f0000 size=983040
[JuiceWine] anonymous PE executable section .hexpthk at 0x2d79e0000 size=65536
[JuiceHybrid] map name=/private/var/containers/Bundle/Application/F3BC928B-CF6E-41E9-AA5B-114329A364D0/Juice.app/Grape-X64/build/wine-ios/dlls/ntdll/aarch64-windows/ntdll.dll status=40000003 module=0x2d78e0000 size=6a0000
[JuiceStage] load_ntdll returned; transfer=0x1400013e0
[JuiceStage] load_wow64_ntdll returned
[JuiceStage] calling load_apiset_dll
[JuiceStage] load_apiset_dll returned; stack_base=0x103c00000 stack_limit=0x103a08000
[JuiceStage] calling server_init_process_done
[JuiceStage] server_init_process_done entered
[JuiceStage] calling signal_init_process; teb=0x2d7ff8000
[JuiceStage] signal_init_process returned
[JuiceStage] init_teb_data returned; syscall_frame=0x10270fcd0 stack_base=0x103c00000 stack_limit=0x103a08000
[JuiceStage] init_process_done server call returned; status=00000000 suspend=0 transfer=0x1400013e0 teb=0x2d7ff8000 peb=0x2d7ffc000
[JuiceStage] calling signal_start_thread
[JuiceStage] init_syscall_frame entered; entry=0x1400013e0 arg=0x2d7ffc000 teb=0x2d7ff8000 data=0x102600000 frame=0x10270fcd0 stack_base=0x103c00000 stack_limit=0x103a08000
[JuiceStage] calling signal_set_full_context; ctx=0x103bffc70 target_pc=0x2d79b0354 target_sp=0x103c00000 target_x18=0x2d7ff8000 LdrInitializeThunk=0x2d79b0388 RtlUserThreadStart=0x2d79b0354
[JuiceStage] signal_set_full_context returned; status=00000000 frame_pc=0x2d79b0354 frame_sp=0x103c00000 frame_x18=0x2d7ff8000 restore=00400007
[JuiceStage] init_syscall_frame complete; dispatcher_pc=0x2d79b0388 user_sp=0x103bffc70 x16=0x2d79b0388 x17=0x103bffc70 x18=0x2d7ff8000 restore=00400007
[JuiceX18] broad #1 pc=0x2d7986548 fault=0x30 instr=f9401a48 x8=0x0 x16=0x2b002b x17=0x100 x18=0x0 teb=0x2d7ff8000
[JuiceX18] broad #2 pc=0x2d79b44f8 fault=0x30 instr=f9401a48 x8=0x0 x16=0x2d7986548 x17=0x103bffc70 x18=0x0 teb=0x2d7ff8000
[JuiceX18] broad #3 pc=0x2d79b6268 fault=0x30 instr=f9401a55 x8=0x0 x16=0x2d79b44f8 x17=0x103bffc70 x18=0x0 teb=0x2d7ff8000
[JuiceX18] broad #4 pc=0x2d79ac240 fault=0x30 instr=f9401a48 x8=0x0 x16=0x2d79b6268 x17=0x103bffc70 x18=0x0 teb=0x2d7ff8000
[JuiceX18] broad #5 pc=0x2d79b6dec fault=0x30 instr=f9401a48 x8=0x0 x16=0x100f10108 x17=0x100f10888 x18=0x0 teb=0x2d7ff8000
[JuiceX18] broad #6 pc=0x2d79b44f8 fault=0x30 instr=f9401a48 x8=0x0 x16=0x100f108e8 x17=0x100f20000 x18=0x0 teb=0x2d7ff8000
[JuiceX18] broad #7 pc=0x2d79b6268 fault=0x30 instr=f9401a55 x8=0xff x16=0x2d79ac444 x17=0x103bfefc0 x18=0x0 teb=0x2d7ff8000
[JuiceX18] broad #8 pc=0x2d79b61d4 fault=0x30 instr=f9401a54 x8=0x103bfee8a x16=0x725c x17=0x225c x18=0x0 teb=0x2d7ff8000
[JuiceX18] broad #9 pc=0x2d79775a8 fault=0x30 instr=f9401a48 x8=0x0 x16=0x2d7ffb058 x17=0x103bffc70 x18=0x0 teb=0x2d7ff8000
[JuiceX18] broad #10 pc=0x100869864 fault=0x378 instr=f941be4a x8=0x33 x16=0x100869860 x17=0x103bffc70 x18=0x0 teb=0x2d7ff8000
[JuiceX18] broad #11 pc=0x2d79b61d4 fault=0x30 instr=f9401a54 x8=0x103bff13c x16=0x725c x17=0x225c x18=0x0 teb=0x2d7ff8000
[JuiceX18] broad #12 pc=0x2d7977ef0 fault=0x30 instr=f9401a48 x8=0x0 x16=0x2d7ffb080 x17=0x225c x18=0x0 teb=0x2d7ff8000
[JuiceX18] broad #13 pc=0x2d7977ef0 fault=0x30 instr=f9401a48 x8=0x0 x16=0x103bff398 x17=0x103bffc70 x18=0x0 teb=0x2d7ff8000
[JuiceX18] broad #14 pc=0x100869864 fault=0x378 instr=f941be4a x8=0xf x16=0x100869860 x17=0x103bff590 x18=0x0 teb=0x2d7ff8000
[JuiceX18] broad #15 pc=0x100869864 fault=0x378 instr=f941be4a x8=0x17 x16=0x100869860 x17=0x103bff1e0 x18=0x0 teb=0x2d7ff8000
[JuiceX18] broad #16 pc=0x1008698f4 fault=0x370 instr=f941ba50 x8=0x12 x16=0x100869860 x17=0x103bff1e0 x18=0x0 teb=0x2d7ff8000
[JuiceX18] broad #17 pc=0x2d79775a8 fault=0x30 instr=f9401a48 x8=0x0 x16=0x2d79ab69c x17=0x103bff590 x18=0x0 teb=0x2d7ff8000
[JuiceX18] broad #18 pc=0x2d79b6268 fault=0x30 instr=f9401a55 x8=0x0 x16=0x100f1b3c8 x17=0x103bffc70 x18=0x0 teb=0x2d7ff8000
[JuiceX18] broad #19 pc=0x2d79b61d4 fault=0x30 instr=f9401a54 x8=0x103bff3c2 x16=0x725c x17=0x225c x18=0x0 teb=0x2d7ff8000
[JuiceHybrid] open name=/private/var/containers/Bundle/Application/F3BC928B-CF6E-41E9-AA5B-114329A364D0/Juice.app/Grape-X64/build/wine-ios/dlls/libarm64ecfex/aarch64-windows/libarm64ecfex.dll machine=0000 status=c0000135
[JuiceHybrid] open name=/private/var/containers/Bundle/Application/F3BC928B-CF6E-41E9-AA5B-114329A364D0/Juice.app/Grape-X64/build/wine-ios/programs/libarm64ecfex.dll/aarch64-windows/libarm64ecfex.dll machine=0000 status=c0000135
[JuiceHybrid] open name=/var/containers/Bundle/Application/F3BC928B-CF6E-41E9-AA5B-114329A364D0/Juice.app/Grape-X64/runtime/lib/wine/aarch64-windows/libarm64ecfex.dll machine=0000 status=00000000
[JuiceWine] host-page expanding executable section .text: section=0x2d74a1000 mapping=0x2d74a0000 size=2064384
[JuiceWine] anonymous PE executable section .text at 0x2d74a0000 size=2064384
[JuiceWine] anonymous PE executable section .hexpthk at 0x2d7698000 size=16384
[JuiceHybrid] map name=/var/containers/Bundle/Application/F3BC928B-CF6E-41E9-AA5B-114329A364D0/Juice.app/Grape-X64/runtime/lib/wine/aarch64-windows/libarm64ecfex.dll status=40000003 module=0x2d74a0000 size=3bc000
[JuiceX18] broad #20 pc=0x2d79aa540 fault=0x30 instr=f9401a48 x8=0x0 x16=0xc40 x17=0x117f20000 x18=0x0 teb=0x2d7ff8000
[JuiceX18] broad #21 pc=0x2d798b25c fault=0x30 instr=f9401a48 x8=0x0 x16=0x0 x17=0x103bfedf0 x18=0x0 teb=0x2d7ff8000
0024:err:seh:arm64ec_update_hybrid_metadata [JuiceHybrid] metadata module=00000002D74A0000 slot=36b600 exit=0000000000000000
[JuiceX18] broad #22 pc=0x2d79aa540 fault=0x30 instr=f9401a48 x8=0x0 x16=0x103bfeda0 x17=0x2d79b67ac x18=0x0 teb=0x2d7ff8000
[JuiceX18] broad #23 pc=0x2d79b61d4 fault=0x30 instr=f9401a54 x8=0x103bfeb30 x16=0x725c x17=0x225c x18=0x0 teb=0x2d7ff8000
[JuiceX18] broad #24 pc=0x2d79b6268 fault=0x30 instr=f9401a55 x8=0x103bfeb31 x16=0x2d7ffb16e x17=0x103bffc70 x18=0x0 teb=0x2d7ff8000
[JuiceX18] broad #25 pc=0x2d79b6268 fault=0x30 instr=f9401a55 x8=0x2d79e0450 x16=0x2d79ad718 x17=0x103bfea90 x18=0x0 teb=0x2d7ff8000
[JuiceX18] broad #26 pc=0x2d79aa540 fault=0x30 instr=f9401a48 x8=0x0 x16=0x2d79b6268 x17=0x103bffc70 x18=0x0 teb=0x2d7ff8000
0024:err:module:juice_trace_arm64ec_dispatch [JuiceHybrid] after import fixup module=00000002D74A0000 slot=00000002D780B600 value=0000000000000000 expected=0000000000000000
0024:err:seh:arm64ec_process_init [JuiceHybrid] process dispatch module=00000002D74A0000 exit=00000002D74A7B60 jump=00000002D74A7B30 ret=00000002D74A7B38
[JuiceX18] broad #27 pc=0x2d79a9af4 fault=0x60 instr=f9403250 x8=0x2d79b063c x16=0x2d79a9af4 x17=0x103bfbff0 x18=0x0 teb=0x2d7ff8000
[JuiceX18] broad #28 pc=0x2d79a9af4 fault=0x60 instr=f9403250 x8=0x100869860 x16=0x2d79a9af4 x17=0xccccfffa1c760000 x18=0x0 teb=0x2d7ff8000
[JuiceX18] broad #29 pc=0x2d79a9af4 fault=0x60 instr=f9403250 x8=0x0 x16=0x2d79a9af4 x17=0xccccfffcd91a0000 x18=0x0 teb=0x2d7ff8000
[JuiceX18] broad #30 pc=0x100869864 fault=0x378 instr=f941be4a x8=0x18 x16=0x100869860 x17=0xccccfffa01760000 x18=0x0 teb=0x2d7ff8000
[JuiceX18] broad #31 pc=0x2d79a9af4 fault=0x60 instr=f9403250 x8=0x2d7a625dc x16=0x2d79a9af4 x17=0x103bfcf80 x18=0x0 teb=0x2d7ff8000
[JuiceX18] broad #32 pc=0x100869864 fault=0x378 instr=f941be4a x8=0x50 x16=0x100869860 x17=0x103bfcf80 x18=0x0 teb=0x2d7ff8000
0024:warn:file:NtQueryAttributesFile L"\\??\\Z:\\var\\jb\\var\\mobile\\.fex-emu\\" not found (c0000034)
0024:warn:file:NtQueryAttributesFile L"\\??\\Z:\\var\\jb\\var\\mobile\\.fex-emu\\" not found (c0000034)
0024:warn:file:NtQueryAttributesFile L"\\??\\Z:\\var\\jb\\var\\mobile\\.fex-emu\\" not found (c0000034)
0024:warn:file:NtCreateFile L"\\??\\unix\\usr\\local\\share\\fex-emu\\AppConfig\\chocolate-doom.exe.json" not found (c0000034)
0024:warn:file:NtCreateFile L"\\??\\unix\\usr\\local\\share\\fex-emu\\AppConfig" not found (c0000034)
0024:warn:file:NtCreateFile L"\\??\\Z:\\usr\\local\\share\\fex-emu\\AppConfig\\chocolate-doom.exe.json" not found (c000003a)
0024:warn:file:NtCreateFile L"\\??\\Z:\\var\\jb\\var\\mobile\\.config\\fex-emu\\AppConfig\\chocolate-doom.exe.json" not found (c0000034)
0024:warn:file:NtCreateFile L"\\??\\unix\\usr\\local\\share\\fex-emu\\Config.json" not found (c0000034)
0024:warn:file:NtCreateFile L"\\??\\unix\\usr\\local\\share\\fex-emu" not found (c0000034)
0024:warn:file:NtCreateFile L"\\??\\Z:\\usr\\local\\share\\fex-emu\\Config.json" not found (c000003a)
0024:warn:file:NtCreateFile L"\\??\\Z:\\var\\jb\\var\\mobile\\.config\\fex-emu\\Config.json" not found (c0000034)
0024:warn:file:NtCreateFile L"\\??\\unix\\usr\\local\\share\\fex-emu\\AppConfig\\chocolate-doom.exe.json" not found (c0000034)
0024:warn:file:NtCreateFile L"\\??\\unix\\usr\\local\\share\\fex-emu\\AppConfig" not found (c0000034)
0024:warn:file:NtCreateFile L"\\??\\Z:\\usr\\local\\share\\fex-emu\\AppConfig\\chocolate-doom.exe.json" not found (c000003a)
0024:warn:file:NtCreateFile L"\\??\\Z:\\var\\jb\\var\\mobile\\.config\\fex-emu\\AppConfig\\chocolate-doom.exe.json" not found (c0000034)
0024:warn:file:NtCreateFile L"\\??\\unix\\run\\host\\container-manager" not found (c0000034)
0024:warn:file:NtCreateFile L"\\??\\unix\\run\\host" not found (c0000034)
0024:warn:file:NtQueryAttributesFile L"\\??\\Z:\\run\\host\\container-manager" not found (c000003a)
starting FEX based libarm64ecfex.dll
[JuiceFEX] profiler ready
[JuiceFEX] handlers ready
0024:warn:module:LdrGetProcedureAddress "__wine_set_unix_env" (ordinal 0) not found in L"C:\\windows\\system32\\ntdll.dll"
[JuiceFEX] allocator hooks ready
[JuiceFEX] host features ready
[JuiceFEX] context created
[JuiceFEX] core initialized
0024:fixme:process:NtSetInformationProcess (0xffffffffffffffff,0x000007d0,0x103bfcf50,0x00000004) stub
0024:fixme:process:NtSetInformationProcess (0xffffffffffffffff,0x000007d1,0x103bfcf78,0x00000008) stub
[JuiceFEX] trackers ready
[JuiceFEX] images and CPU features ready
[JuiceFEX] x64 return thunk ready
0024:fixme:process:NtSetInformationProcess (0xffffffffffffffff,0x000007d0,0x103bfcfe0,0x00000004) stub
[JuiceFEX] process init complete
[JuiceFEX] call-ret live allocation=0x2c6010000-0x2c6430000 committed=0x2c6020000 default=0x2c6120000 state=0x2c6120000
0024:warn:file:NtCreateFile L"\\??\\Z:\\var\\mobile\\Documents\\JuiceData\\imported-files\\chocolate-doom-3.1.1-win64\\kernel32.dll" not found (c0000034)
[JuiceHybrid] open name=/private/var/containers/Bundle/Application/F3BC928B-CF6E-41E9-AA5B-114329A364D0/Juice.app/Grape-X64/build/wine-ios/dlls/kernel32/aarch64-windows/kernel32.dll machine=0000 status=c0000135
[JuiceHybrid] open name=/private/var/containers/Bundle/Application/F3BC928B-CF6E-41E9-AA5B-114329A364D0/Juice.app/Grape-X64/build/wine-ios/programs/kernel32.dll/aarch64-windows/kernel32.dll machine=0000 status=c0000135
[JuiceHybrid] open name=/var/containers/Bundle/Application/F3BC928B-CF6E-41E9-AA5B-114329A364D0/Juice.app/Grape-X64/runtime/lib/wine/aarch64-windows/kernel32.dll machine=0000 status=00000000
[JuiceWine] anonymous PE executable section .text at 0x2c5ce0000 size=393216
[JuiceWine] anonymous PE executable section .hexpthk at 0x2c5d40000 size=65536
[JuiceHybrid] map name=/var/containers/Bundle/Application/F3BC928B-CF6E-41E9-AA5B-114329A364D0/Juice.app/Grape-X64/runtime/lib/wine/aarch64-windows/kernel32.dll status=40000003 module=0x2c5cd0000 size=340000
0024:err:seh:arm64ec_update_hybrid_metadata [JuiceHybrid] metadata module=00000002C5CD0000 slot=b0740 exit=00000002D74A7B60
0024:err:seh:arm64ec_update_hybrid_metadata [JuiceHybrid] metadata stored address=00000002C5D80740 value=00000002D74A7B60
0024:warn:file:NtCreateFile L"\\??\\Z:\\var\\mobile\\Documents\\JuiceData\\imported-files\\chocolate-doom-3.1.1-win64\\kernelbase.dll" not found (c0000034)
[JuiceHybrid] open name=/private/var/containers/Bundle/Application/F3BC928B-CF6E-41E9-AA5B-114329A364D0/Juice.app/Grape-X64/build/wine-ios/dlls/kernelbase/aarch64-windows/kernelbase.dll machine=0000 status=c0000135
[JuiceHybrid] open name=/private/var/containers/Bundle/Application/F3BC928B-CF6E-41E9-AA5B-114329A364D0/Juice.app/Grape-X64/build/wine-ios/programs/kernelbase.dll/aarch64-windows/kernelbase.dll machine=0000 status=c0000135
[JuiceHybrid] open name=/var/containers/Bundle/Application/F3BC928B-CF6E-41E9-AA5B-114329A364D0/Juice.app/Grape-X64/runtime/lib/wine/aarch64-windows/kernelbase.dll machine=0000 status=00000000
[JuiceWine] anonymous PE executable section .text at 0x2c5590000 size=1048576
[JuiceWine] anonymous PE executable section .hexpthk at 0x2c5690000 size=65536
[JuiceHybrid] map name=/var/containers/Bundle/Application/F3BC928B-CF6E-41E9-AA5B-114329A364D0/Juice.app/Grape-X64/runtime/lib/wine/aarch64-windows/kernelbase.dll status=40000003 module=0x2c5580000 size=750000
0024:err:seh:arm64ec_update_hybrid_metadata [JuiceHybrid] metadata module=00000002C5580000 slot=198788 exit=00000002D74A7B60
0024:err:seh:arm64ec_update_hybrid_metadata [JuiceHybrid] metadata stored address=00000002C5718788 value=00000002D74A7B60
0024:err:module:juice_trace_arm64ec_dispatch [JuiceHybrid] after import fixup module=00000002C5580000 slot=00000002C5718788 value=00000002D74A7B60 expected=00000002D74A7B60
0024:err:module:juice_trace_arm64ec_dispatch [JuiceHybrid] after import fixup module=00000002C5CD0000 slot=00000002C5D80740 value=00000002D74A7B60 expected=00000002D74A7B60
0024:err:module:juice_trace_arm64ec_dispatch [JuiceHybrid] kernel32 load_dll returned module=00000002C5CD0000 slot=00000002C5D80740 value=00000002D74A7B60 expected=00000002D74A7B60
0024:warn:file:NtCreateFile L"\\??\\Z:\\var\\mobile\\Documents\\JuiceData\\imported-files\\chocolate-doom-3.1.1-win64\\ADVAPI32.dll" not found (c0000034)
[JuiceHybrid] open name=/private/var/containers/Bundle/Application/F3BC928B-CF6E-41E9-AA5B-114329A364D0/Juice.app/Grape-X64/build/wine-ios/dlls/advapi32/aarch64-windows/advapi32.dll machine=0000 status=c0000135
[JuiceHybrid] open name=/private/var/containers/Bundle/Application/F3BC928B-CF6E-41E9-AA5B-114329A364D0/Juice.app/Grape-X64/build/wine-ios/programs/advapi32.dll/aarch64-windows/advapi32.dll machine=0000 status=c0000135
[JuiceHybrid] open name=/var/containers/Bundle/Application/F3BC928B-CF6E-41E9-AA5B-114329A364D0/Juice.app/Grape-X64/runtime/lib/wine/aarch64-windows/advapi32.dll machine=0000 status=00000000
[JuiceWine] anonymous PE executable section .text at 0x2c5330000 size=327680
[JuiceWine] anonymous PE executable section .hexpthk at 0x2c5380000 size=65536
[JuiceHybrid] map name=/var/containers/Bundle/Application/F3BC928B-CF6E-41E9-AA5B-114329A364D0/Juice.app/Grape-X64/runtime/lib/wine/aarch64-windows/advapi32.dll status=40000003 module=0x2c5320000 size=260000
0024:err:seh:arm64ec_update_hybrid_metadata [JuiceHybrid] metadata module=00000002C5320000 slot=a04c0 exit=00000002D74A7B60
0024:err:seh:arm64ec_update_hybrid_metadata [JuiceHybrid] metadata stored address=00000002C53C04C0 value=00000002D74A7B60
0024:warn:file:NtCreateFile L"\\??\\Z:\\var\\mobile\\Documents\\JuiceData\\imported-files\\chocolate-doom-3.1.1-win64\\sechost.dll" not found (c0000034)
[JuiceHybrid] open name=/private/var/containers/Bundle/Application/F3BC928B-CF6E-41E9-AA5B-114329A364D0/Juice.app/Grape-X64/build/wine-ios/dlls/sechost/aarch64-windows/sechost.dll machine=0000 status=c0000135
[JuiceHybrid] open name=/private/var/containers/Bundle/Application/F3BC928B-CF6E-41E9-AA5B-114329A364D0/Juice.app/Grape-X64/build/wine-ios/programs/sechost.dll/aarch64-windows/sechost.dll machine=0000 status=c0000135
[JuiceHybrid] open name=/var/containers/Bundle/Application/F3BC928B-CF6E-41E9-AA5B-114329A364D0/Juice.app/Grape-X64/runtime/lib/wine/aarch64-windows/sechost.dll machine=0000 status=00000000
[JuiceWine] anonymous PE executable section .text at 0x2c51e0000 size=131072
[JuiceWine] anonymous PE executable section .hexpthk at 0x2c5200000 size=65536
[JuiceHybrid] map name=/var/containers/Bundle/Application/F3BC928B-CF6E-41E9-AA5B-114329A364D0/Juice.app/Grape-X64/runtime/lib/wine/aarch64-windows/sechost.dll status=40000003 module=0x2c51d0000 size=150000
0024:err:seh:arm64ec_update_hybrid_metadata [JuiceHybrid] metadata module=00000002C51D0000 slot=60470 exit=00000002D74A7B60
0024:err:seh:arm64ec_update_hybrid_metadata [JuiceHybrid] metadata stored address=00000002C5230470 value=00000002D74A7B60
0024:warn:file:NtCreateFile L"\\??\\Z:\\var\\mobile\\Documents\\JuiceData\\imported-files\\chocolate-doom-3.1.1-win64\\ucrtbase.dll" not found (c0000034)
[JuiceHybrid] open name=/private/var/containers/Bundle/Application/F3BC928B-CF6E-41E9-AA5B-114329A364D0/Juice.app/Grape-X64/build/wine-ios/dlls/ucrtbase/aarch64-windows/ucrtbase.dll machine=0000 status=c0000135
[JuiceHybrid] open name=/private/var/containers/Bundle/Application/F3BC928B-CF6E-41E9-AA5B-114329A364D0/Juice.app/Grape-X64/build/wine-ios/programs/ucrtbase.dll/aarch64-windows/ucrtbase.dll machine=0000 status=c0000135
[JuiceHybrid] open name=/var/containers/Bundle/Application/F3BC928B-CF6E-41E9-AA5B-114329A364D0/Juice.app/Grape-X64/runtime/lib/wine/aarch64-windows/ucrtbase.dll machine=0000 status=00000000
[JuiceWine] anonymous PE executable section .text at 0x2c4b40000 size=1245184
[JuiceWine] anonymous PE executable section .hexpthk at 0x2c4c70000 size=65536
[JuiceHybrid] map name=/var/containers/Bundle/Application/F3BC928B-CF6E-41E9-AA5B-114329A364D0/Juice.app/Grape-X64/runtime/lib/wine/aarch64-windows/ucrtbase.dll status=40000003 module=0x2c4b30000 size=6a0000
0024:err:seh:arm64ec_update_hybrid_metadata [JuiceHybrid] metadata module=00000002C4B30000 slot=1a7128 exit=00000002D74A7B60
0024:err:seh:arm64ec_update_hybrid_metadata [JuiceHybrid] metadata stored address=00000002C4CD7128 value=00000002D74A7B60
0024:err:module:juice_trace_arm64ec_dispatch [JuiceHybrid] after import fixup module=00000002C4B30000 slot=00000002C4CD7128 value=00000002D74A7B60 expected=00000002D74A7B60
0024:err:module:juice_trace_arm64ec_dispatch [JuiceHybrid] after import fixup module=00000002C51D0000 slot=00000002C5230470 value=00000002D74A7B60 expected=00000002D74A7B60
0024:warn:file:NtCreateFile L"\\??\\Z:\\var\\mobile\\Documents\\JuiceData\\imported-files\\chocolate-doom-3.1.1-win64\\msvcrt.dll" not found (c0000034)
[JuiceHybrid] open name=/private/var/containers/Bundle/Application/F3BC928B-CF6E-41E9-AA5B-114329A364D0/Juice.app/Grape-X64/build/wine-ios/dlls/msvcrt/aarch64-windows/msvcrt.dll machine=0000 status=c0000135
[JuiceHybrid] open name=/private/var/containers/Bundle/Application/F3BC928B-CF6E-41E9-AA5B-114329A364D0/Juice.app/Grape-X64/build/wine-ios/programs/msvcrt.dll/aarch64-windows/msvcrt.dll machine=0000 status=c0000135
[JuiceHybrid] open name=/var/containers/Bundle/Application/F3BC928B-CF6E-41E9-AA5B-114329A364D0/Juice.app/Grape-X64/runtime/lib/wine/aarch64-windows/msvcrt.dll machine=0000 status=00000000
[JuiceWine] anonymous PE executable section .text at 0x2c4580000 size=983040
[JuiceWine] anonymous PE executable section .hexpthk at 0x2c4670000 size=65536
[JuiceHybrid] map name=/var/containers/Bundle/Application/F3BC928B-CF6E-41E9-AA5B-114329A364D0/Juice.app/Grape-X64/runtime/lib/wine/aarch64-windows/msvcrt.dll status=40000003 module=0x2c4570000 size=5c0000
0024:err:seh:arm64ec_update_hybrid_metadata [JuiceHybrid] metadata module=00000002C4570000 slot=155ee8 exit=00000002D74A7B60
0024:err:seh:arm64ec_update_hybrid_metadata [JuiceHybrid] metadata stored address=00000002C46C5EE8 value=00000002D74A7B60
0024:err:module:juice_trace_arm64ec_dispatch [JuiceHybrid] after import fixup module=00000002C4570000 slot=00000002C46C5EE8 value=00000002D74A7B60 expected=00000002D74A7B60
0024:err:module:juice_trace_arm64ec_dispatch [JuiceHybrid] after import fixup module=00000002C5320000 slot=00000002C53C04C0 value=00000002D74A7B60 expected=00000002D74A7B60
[JuiceWine] host-page expanding executable section .text: section=0x2c4481000 mapping=0x2c4480000 size=344064
[JuiceWine] anonymous PE executable section .text at 0x2c4480000 size=344064
0024:warn:file:NtCreateFile L"\\??\\Z:\\var\\mobile\\Documents\\JuiceData\\imported-files\\chocolate-doom-3.1.1-win64\\DSOUND.dll" not found (c0000034)
[JuiceHybrid] open name=/private/var/containers/Bundle/Application/F3BC928B-CF6E-41E9-AA5B-114329A364D0/Juice.app/Grape-X64/build/wine-ios/dlls/dsound/aarch64-windows/dsound.dll machine=0000 status=c0000135
[JuiceHybrid] open name=/private/var/containers/Bundle/Application/F3BC928B-CF6E-41E9-AA5B-114329A364D0/Juice.app/Grape-X64/build/wine-ios/programs/dsound.dll/aarch64-windows/dsound.dll machine=0000 status=c0000135
[JuiceHybrid] open name=/var/containers/Bundle/Application/F3BC928B-CF6E-41E9-AA5B-114329A364D0/Juice.app/Grape-X64/runtime/lib/wine/aarch64-windows/dsound.dll machine=0000 status=00000000
[JuiceWine] anonymous PE executable section .text at 0x2c41d0000 size=262144
[JuiceWine] anonymous PE executable section .hexpthk at 0x2c4210000 size=65536
[JuiceHybrid] map name=/var/containers/Bundle/Application/F3BC928B-CF6E-41E9-AA5B-114329A364D0/Juice.app/Grape-X64/runtime/lib/wine/aarch64-windows/dsound.dll status=40000003 module=0x2c41c0000 size=2c0000
0024:err:seh:arm64ec_update_hybrid_metadata [JuiceHybrid] metadata module=00000002C41C0000 slot=b04f0 exit=00000002D74A7B60
0024:err:seh:arm64ec_update_hybrid_metadata [JuiceHybrid] metadata stored address=00000002C42704F0 value=00000002D74A7B60
0024:warn:file:NtCreateFile L"\\??\\Z:\\var\\mobile\\Documents\\JuiceData\\imported-files\\chocolate-doom-3.1.1-win64\\ole32.dll" not found (c0000034)
[JuiceHybrid] open name=/private/var/containers/Bundle/Application/F3BC928B-CF6E-41E9-AA5B-114329A364D0/Juice.app/Grape-X64/build/wine-ios/dlls/ole32/aarch64-windows/ole32.dll machine=0000 status=c0000135
[JuiceHybrid] open name=/private/var/containers/Bundle/Application/F3BC928B-CF6E-41E9-AA5B-114329A364D0/Juice.app/Grape-X64/build/wine-ios/programs/ole32.dll/aarch64-windows/ole32.dll machine=0000 status=c0000135
[JuiceHybrid] open name=/var/containers/Bundle/Application/F3BC928B-CF6E-41E9-AA5B-114329A364D0/Juice.app/Grape-X64/runtime/lib/wine/aarch64-windows/ole32.dll machine=0000 status=00000000
[JuiceWine] anonymous PE executable section .text at 0x2c3ba0000 size=720896
[JuiceWine] anonymous PE executable section .hexpthk at 0x2c3c50000 size=65536
[JuiceHybrid] map name=/var/containers/Bundle/Application/F3BC928B-CF6E-41E9-AA5B-114329A364D0/Juice.app/Grape-X64/runtime/lib/wine/aarch64-windows/ole32.dll status=40000003 module=0x2c3b90000 size=630000
0024:err:seh:arm64ec_update_hybrid_metadata [JuiceHybrid] metadata module=00000002C3B90000 slot=133370 exit=00000002D74A7B60
0024:err:seh:arm64ec_update_hybrid_metadata [JuiceHybrid] metadata stored address=00000002C3CC3370 value=00000002D74A7B60
0024:warn:file:NtCreateFile L"\\??\\Z:\\var\\mobile\\Documents\\JuiceData\\imported-files\\chocolate-doom-3.1.1-win64\\user32.dll" not found (c0000034)
[JuiceHybrid] open name=/private/var/containers/Bundle/Application/F3BC928B-CF6E-41E9-AA5B-114329A364D0/Juice.app/Grape-X64/build/wine-ios/dlls/user32/aarch64-windows/user32.dll machine=0000 status=c0000135
[JuiceHybrid] open name=/private/var/containers/Bundle/Application/F3BC928B-CF6E-41E9-AA5B-114329A364D0/Juice.app/Grape-X64/build/wine-ios/programs/user32.dll/aarch64-windows/user32.dll machine=0000 status=c0000135
[JuiceHybrid] open name=/var/containers/Bundle/Application/F3BC928B-CF6E-41E9-AA5B-114329A364D0/Juice.app/Grape-X64/runtime/lib/wine/aarch64-windows/user32.dll machine=0000 status=00000000
[JuiceWine] anonymous PE executable section .text at 0x2c32b0000 size=1179648
[JuiceWine] anonymous PE executable section .hexpthk at 0x2c33d0000 size=65536
[JuiceHybrid] map name=/var/containers/Bundle/Application/F3BC928B-CF6E-41E9-AA5B-114329A364D0/Juice.app/Grape-X64/runtime/lib/wine/aarch64-windows/user32.dll status=40000003 module=0x2c32a0000 size=8f0000
0024:err:seh:arm64ec_update_hybrid_metadata [JuiceHybrid] metadata module=00000002C32A0000 slot=1b1f70 exit=00000002D74A7B60
0024:err:seh:arm64ec_update_hybrid_metadata [JuiceHybrid] metadata stored address=00000002C3451F70 value=00000002D74A7B60
0024:warn:file:NtCreateFile L"\\??\\Z:\\var\\mobile\\Documents\\JuiceData\\imported-files\\chocolate-doom-3.1.1-win64\\gdi32.dll" not found (c0000034)
[JuiceHybrid] open name=/private/var/containers/Bundle/Application/F3BC928B-CF6E-41E9-AA5B-114329A364D0/Juice.app/Grape-X64/build/wine-ios/dlls/gdi32/aarch64-windows/gdi32.dll machine=0000 status=c0000135
[JuiceHybrid] open name=/private/var/containers/Bundle/Application/F3BC928B-CF6E-41E9-AA5B-114329A364D0/Juice.app/Grape-X64/build/wine-ios/programs/gdi32.dll/aarch64-windows/gdi32.dll machine=0000 status=c0000135
[JuiceHybrid] open name=/var/containers/Bundle/Application/F3BC928B-CF6E-41E9-AA5B-114329A364D0/Juice.app/Grape-X64/runtime/lib/wine/aarch64-windows/gdi32.dll machine=0000 status=00000000
[JuiceWine] anonymous PE executable section .text at 0x2c2e20000 size=655360
[JuiceWine] anonymous PE executable section .hexpthk at 0x2c2ec0000 size=65536
[JuiceHybrid] map name=/var/containers/Bundle/Application/F3BC928B-CF6E-41E9-AA5B-114329A364D0/Juice.app/Grape-X64/runtime/lib/wine/aarch64-windows/gdi32.dll status=40000003 module=0x2c2e10000 size=490000
0024:err:seh:arm64ec_update_hybrid_metadata [JuiceHybrid] metadata module=00000002C2E10000 slot=1112e0 exit=00000002D74A7B60
0024:err:seh:arm64ec_update_hybrid_metadata [JuiceHybrid] metadata stored address=00000002C2F212E0 value=00000002D74A7B60
0024:warn:file:NtCreateFile L"\\??\\Z:\\var\\mobile\\Documents\\JuiceData\\imported-files\\chocolate-doom-3.1.1-win64\\win32u.dll" not found (c0000034)
[JuiceHybrid] open name=/private/var/containers/Bundle/Application/F3BC928B-CF6E-41E9-AA5B-114329A364D0/Juice.app/Grape-X64/build/wine-ios/dlls/win32u/aarch64-windows/win32u.dll machine=0000 status=c0000135
[JuiceHybrid] open name=/private/var/containers/Bundle/Application/F3BC928B-CF6E-41E9-AA5B-114329A364D0/Juice.app/Grape-X64/build/wine-ios/programs/win32u.dll/aarch64-windows/win32u.dll machine=0000 status=c0000135
[JuiceHybrid] open name=/var/containers/Bundle/Application/F3BC928B-CF6E-41E9-AA5B-114329A364D0/Juice.app/Grape-X64/runtime/lib/wine/aarch64-windows/win32u.dll machine=0000 status=00000000
[JuiceWine] anonymous PE executable section .text at 0x2c2cf0000 size=262144
[JuiceWine] anonymous PE executable section .hexpthk at 0x2c2d30000 size=65536
[JuiceHybrid] map name=/var/containers/Bundle/Application/F3BC928B-CF6E-41E9-AA5B-114329A364D0/Juice.app/Grape-X64/runtime/lib/wine/aarch64-windows/win32u.dll status=40000003 module=0x2c2ce0000 size=130000
0024:err:seh:arm64ec_update_hybrid_metadata [JuiceHybrid] metadata module=00000002C2CE0000 slot=90088 exit=00000002D74A7B60
0024:err:seh:arm64ec_update_hybrid_metadata [JuiceHybrid] metadata stored address=00000002C2D70088 value=00000002D74A7B60
0024:err:module:juice_trace_arm64ec_dispatch [JuiceHybrid] after import fixup module=00000002C2CE0000 slot=00000002C2D70088 value=00000002D74A7B60 expected=00000002D74A7B60
0024:err:module:juice_trace_arm64ec_dispatch [JuiceHybrid] after import fixup module=00000002C2E10000 slot=00000002C2F212E0 value=00000002D74A7B60 expected=00000002D74A7B60
0024:err:module:juice_trace_arm64ec_dispatch [JuiceHybrid] after import fixup module=00000002C32A0000 slot=00000002C3451F70 value=00000002D74A7B60 expected=00000002D74A7B60
0024:warn:file:NtCreateFile L"\\??\\Z:\\var\\mobile\\Documents\\JuiceData\\imported-files\\chocolate-doom-3.1.1-win64\\combase.dll" not found (c0000034)
[JuiceHybrid] open name=/private/var/containers/Bundle/Application/F3BC928B-CF6E-41E9-AA5B-114329A364D0/Juice.app/Grape-X64/build/wine-ios/dlls/combase/aarch64-windows/combase.dll machine=0000 status=c0000135
[JuiceHybrid] open name=/private/var/containers/Bundle/Application/F3BC928B-CF6E-41E9-AA5B-114329A364D0/Juice.app/Grape-X64/build/wine-ios/programs/combase.dll/aarch64-windows/combase.dll machine=0000 status=c0000135
[JuiceHybrid] open name=/var/containers/Bundle/Application/F3BC928B-CF6E-41E9-AA5B-114329A364D0/Juice.app/Grape-X64/runtime/lib/wine/aarch64-windows/combase.dll machine=0000 status=00000000
[JuiceWine] anonymous PE executable section .text at 0x2c29f0000 size=393216
[JuiceWine] anonymous PE executable section .hexpthk at 0x2c2a50000 size=65536
[JuiceHybrid] map name=/var/containers/Bundle/Application/F3BC928B-CF6E-41E9-AA5B-114329A364D0/Juice.app/Grape-X64/runtime/lib/wine/aarch64-windows/combase.dll status=40000003 module=0x2c29e0000 size=300000
0024:err:seh:arm64ec_update_hybrid_metadata [JuiceHybrid] metadata module=00000002C29E0000 slot=c0bb0 exit=00000002D74A7B60
0024:err:seh:arm64ec_update_hybrid_metadata [JuiceHybrid] metadata stored address=00000002C2AA0BB0 value=00000002D74A7B60
0024:warn:file:NtCreateFile L"\\??\\Z:\\var\\mobile\\Documents\\JuiceData\\imported-files\\chocolate-doom-3.1.1-win64\\rpcrt4.dll" not found (c0000034)
[JuiceHybrid] open name=/private/var/containers/Bundle/Application/F3BC928B-CF6E-41E9-AA5B-114329A364D0/Juice.app/Grape-X64/build/wine-ios/dlls/rpcrt4/aarch64-windows/rpcrt4.dll machine=0000 status=c0000135
[JuiceHybrid] open name=/private/var/containers/Bundle/Application/F3BC928B-CF6E-41E9-AA5B-114329A364D0/Juice.app/Grape-X64/build/wine-ios/programs/rpcrt4.dll/aarch64-windows/rpcrt4.dll machine=0000 status=c0000135
[JuiceHybrid] open name=/var/containers/Bundle/Application/F3BC928B-CF6E-41E9-AA5B-114329A364D0/Juice.app/Grape-X64/runtime/lib/wine/aarch64-windows/rpcrt4.dll machine=0000 status=00000000
[JuiceWine] anonymous PE executable section .text at 0x2c2590000 size=655360
[JuiceWine] anonymous PE executable section .hexpthk at 0x2c2630000 size=65536
[JuiceHybrid] map name=/var/containers/Bundle/Application/F3BC928B-CF6E-41E9-AA5B-114329A364D0/Juice.app/Grape-X64/runtime/lib/wine/aarch64-windows/rpcrt4.dll status=40000003 module=0x2c2580000 size=460000
0024:err:seh:arm64ec_update_hybrid_metadata [JuiceHybrid] metadata module=00000002C2580000 slot=111190 exit=00000002D74A7B60
0024:err:seh:arm64ec_update_hybrid_metadata [JuiceHybrid] metadata stored address=00000002C2691190 value=00000002D74A7B60
0024:warn:file:NtCreateFile L"\\??\\Z:\\var\\mobile\\Documents\\JuiceData\\imported-files\\chocolate-doom-3.1.1-win64\\cryptbase.dll" not found (c0000034)
[JuiceHybrid] open name=/private/var/containers/Bundle/Application/F3BC928B-CF6E-41E9-AA5B-114329A364D0/Juice.app/Grape-X64/build/wine-ios/dlls/cryptbase/aarch64-windows/cryptbase.dll machine=0000 status=c0000135
[JuiceHybrid] open name=/private/var/containers/Bundle/Application/F3BC928B-CF6E-41E9-AA5B-114329A364D0/Juice.app/Grape-X64/build/wine-ios/programs/cryptbase.dll/aarch64-windows/cryptbase.dll machine=0000 status=c0000135
[JuiceHybrid] open name=/var/containers/Bundle/Application/F3BC928B-CF6E-41E9-AA5B-114329A364D0/Juice.app/Grape-X64/runtime/lib/wine/aarch64-windows/cryptbase.dll machine=0000 status=00000000
[JuiceWine] anonymous PE executable section .text at 0x2c24b0000 size=65536
[JuiceWine] anonymous PE executable section .hexpthk at 0x2c24c0000 size=65536
[JuiceHybrid] map name=/var/containers/Bundle/Application/F3BC928B-CF6E-41E9-AA5B-114329A364D0/Juice.app/Grape-X64/runtime/lib/wine/aarch64-windows/cryptbase.dll status=40000003 module=0x2c24a0000 size=e0000
0024:err:seh:arm64ec_update_hybrid_metadata [JuiceHybrid] metadata module=00000002C24A0000 slot=432c0 exit=00000002D74A7B60
0024:err:seh:arm64ec_update_hybrid_metadata [JuiceHybrid] metadata stored address=00000002C24E32C0 value=00000002D74A7B60
0024:err:module:juice_trace_arm64ec_dispatch [JuiceHybrid] after import fixup module=00000002C24A0000 slot=00000002C24E32C0 value=00000002D74A7B60 expected=00000002D74A7B60
0024:err:module:juice_trace_arm64ec_dispatch [JuiceHybrid] after import fixup module=00000002C2580000 slot=00000002C2691190 value=00000002D74A7B60 expected=00000002D74A7B60
0024:err:module:juice_trace_arm64ec_dispatch [JuiceHybrid] after import fixup module=00000002C29E0000 slot=00000002C2AA0BB0 value=00000002D74A7B60 expected=00000002D74A7B60
0024:warn:file:NtCreateFile L"\\??\\Z:\\var\\mobile\\Documents\\JuiceData\\imported-files\\chocolate-doom-3.1.1-win64\\coml2.dll" not found (c0000034)
[JuiceHybrid] open name=/private/var/containers/Bundle/Application/F3BC928B-CF6E-41E9-AA5B-114329A364D0/Juice.app/Grape-X64/build/wine-ios/dlls/coml2/aarch64-windows/coml2.dll machine=0000 status=c0000135
[JuiceHybrid] open name=/private/var/containers/Bundle/Application/F3BC928B-CF6E-41E9-AA5B-114329A364D0/Juice.app/Grape-X64/build/wine-ios/programs/coml2.dll/aarch64-windows/coml2.dll machine=0000 status=c0000135
[JuiceHybrid] open name=/var/containers/Bundle/Application/F3BC928B-CF6E-41E9-AA5B-114329A364D0/Juice.app/Grape-X64/runtime/lib/wine/aarch64-windows/coml2.dll machine=0000 status=00000000
[JuiceWine] anonymous PE executable section .text at 0x2c2380000 size=65536
[JuiceWine] anonymous PE executable section .hexpthk at 0x2c2390000 size=65536
[JuiceHybrid] map name=/var/containers/Bundle/Application/F3BC928B-CF6E-41E9-AA5B-114329A364D0/Juice.app/Grape-X64/runtime/lib/wine/aarch64-windows/coml2.dll status=40000003 module=0x2c2370000 size=130000
0024:err:seh:arm64ec_update_hybrid_metadata [JuiceHybrid] metadata module=00000002C2370000 slot=50230 exit=00000002D74A7B60
0024:err:seh:arm64ec_update_hybrid_metadata [JuiceHybrid] metadata stored address=00000002C23C0230 value=00000002D74A7B60
0024:err:module:juice_trace_arm64ec_dispatch [JuiceHybrid] after import fixup module=00000002C2370000 slot=00000002C23C0230 value=00000002D74A7B60 expected=00000002D74A7B60
0024:err:module:juice_trace_arm64ec_dispatch [JuiceHybrid] after import fixup module=00000002C3B90000 slot=00000002C3CC3370 value=00000002D74A7B60 expected=00000002D74A7B60
0024:err:module:juice_trace_arm64ec_dispatch [JuiceHybrid] after import fixup module=00000002C41C0000 slot=00000002C42704F0 value=00000002D74A7B60 expected=00000002D74A7B60
[JuiceWine] host-page expanding executable section .text: section=0x2c2341000 mapping=0x2c2340000 size=131072
[JuiceWine] anonymous PE executable section .text at 0x2c2340000 size=131072
[JuiceWine] host-page expanding executable section .text: section=0x2c2321000 mapping=0x2c2320000 size=49152
[JuiceWine] anonymous PE executable section .text at 0x2c2320000 size=49152
[JuiceWine] host-page expanding executable section .text: section=0x2c22c1000 mapping=0x2c22c0000 size=180224
[JuiceWine] anonymous PE executable section .text at 0x2c22c0000 size=180224
[JuiceWine] host-page expanding executable section .text: section=0x2c21a1000 mapping=0x2c21a0000 size=163840
[JuiceWine] anonymous PE executable section .text at 0x2c21a0000 size=163840
[JuiceWine] host-page expanding executable section .text: section=0x2c1f41000 mapping=0x2c1f40000 size=1441792
[JuiceWine] anonymous PE executable section .text at 0x2c1f40000 size=1441792
0024:warn:file:NtCreateFile L"\\??\\Z:\\var\\mobile\\Documents\\JuiceData\\imported-files\\chocolate-doom-3.1.1-win64\\WINMM.dll" not found (c0000034)
[JuiceHybrid] open name=/private/var/containers/Bundle/Application/F3BC928B-CF6E-41E9-AA5B-114329A364D0/Juice.app/Grape-X64/build/wine-ios/dlls/winmm/aarch64-windows/winmm.dll machine=0000 status=c0000135
[JuiceHybrid] open name=/private/var/containers/Bundle/Application/F3BC928B-CF6E-41E9-AA5B-114329A364D0/Juice.app/Grape-X64/build/wine-ios/programs/winmm.dll/aarch64-windows/winmm.dll machine=0000 status=c0000135
[JuiceHybrid] open name=/var/containers/Bundle/Application/F3BC928B-CF6E-41E9-AA5B-114329A364D0/Juice.app/Grape-X64/runtime/lib/wine/aarch64-windows/winmm.dll machine=0000 status=00000000
[JuiceWine] anonymous PE executable section .text at 0x2c1d00000 size=327680
[JuiceWine] anonymous PE executable section .hexpthk at 0x2c1d50000 size=65536
[JuiceHybrid] map name=/var/containers/Bundle/Application/F3BC928B-CF6E-41E9-AA5B-114329A364D0/Juice.app/Grape-X64/runtime/lib/wine/aarch64-windows/winmm.dll status=40000003 module=0x2c1cf0000 size=250000
0024:err:seh:arm64ec_update_hybrid_metadata [JuiceHybrid] metadata module=00000002C1CF0000 slot=a6270 exit=00000002D74A7B60
0024:err:seh:arm64ec_update_hybrid_metadata [JuiceHybrid] metadata stored address=00000002C1D96270 value=00000002D74A7B60
0024:warn:file:NtCreateFile L"\\??\\Z:\\var\\mobile\\Documents\\JuiceData\\imported-files\\chocolate-doom-3.1.1-win64\\msacm32.dll" not found (c0000034)
[JuiceHybrid] open name=/private/var/containers/Bundle/Application/F3BC928B-CF6E-41E9-AA5B-114329A364D0/Juice.app/Grape-X64/build/wine-ios/dlls/msacm32/aarch64-windows/msacm32.dll machine=0000 status=c0000135
[JuiceHybrid] open name=/private/var/containers/Bundle/Application/F3BC928B-CF6E-41E9-AA5B-114329A364D0/Juice.app/Grape-X64/build/wine-ios/programs/msacm32.dll/aarch64-windows/msacm32.dll machine=0000 status=c0000135
[JuiceHybrid] open name=/var/containers/Bundle/Application/F3BC928B-CF6E-41E9-AA5B-114329A364D0/Juice.app/Grape-X64/runtime/lib/wine/aarch64-windows/msacm32.dll machine=0000 status=00000000
[JuiceWine] anonymous PE executable section .text at 0x2c1bb0000 size=131072
[JuiceWine] anonymous PE executable section .hexpthk at 0x2c1bd0000 size=65536
[JuiceHybrid] map name=/var/containers/Bundle/Application/F3BC928B-CF6E-41E9-AA5B-114329A364D0/Juice.app/Grape-X64/runtime/lib/wine/aarch64-windows/msacm32.dll status=40000003 module=0x2c1ba0000 size=150000
0024:err:seh:arm64ec_update_hybrid_metadata [JuiceHybrid] metadata module=00000002C1BA0000 slot=50340 exit=00000002D74A7B60
0024:err:seh:arm64ec_update_hybrid_metadata [JuiceHybrid] metadata stored address=00000002C1BF0340 value=00000002D74A7B60
0024:err:module:juice_trace_arm64ec_dispatch [JuiceHybrid] after import fixup module=00000002C1BA0000 slot=00000002C1BF0340 value=00000002D74A7B60 expected=00000002D74A7B60
0024:err:module:juice_trace_arm64ec_dispatch [JuiceHybrid] after import fixup module=00000002C1CF0000 slot=00000002C1D96270 value=00000002D74A7B60 expected=00000002D74A7B60
0024:warn:file:NtCreateFile L"\\??\\Z:\\var\\mobile\\Documents\\JuiceData\\imported-files\\chocolate-doom-3.1.1-win64\\WS2_32.dll" not found (c0000034)
[JuiceHybrid] open name=/private/var/containers/Bundle/Application/F3BC928B-CF6E-41E9-AA5B-114329A364D0/Juice.app/Grape-X64/build/wine-ios/dlls/ws2_32/aarch64-windows/ws2_32.dll machine=0000 status=c0000135
[JuiceHybrid] open name=/private/var/containers/Bundle/Application/F3BC928B-CF6E-41E9-AA5B-114329A364D0/Juice.app/Grape-X64/build/wine-ios/programs/ws2_32.dll/aarch64-windows/ws2_32.dll machine=0000 status=c0000135
[JuiceHybrid] open name=/var/containers/Bundle/Application/F3BC928B-CF6E-41E9-AA5B-114329A364D0/Juice.app/Grape-X64/runtime/lib/wine/aarch64-windows/ws2_32.dll machine=0000 status=00000000
[JuiceWine] anonymous PE executable section .text at 0x2c1a00000 size=196608
[JuiceWine] anonymous PE executable section .hexpthk at 0x2c1a30000 size=65536
[JuiceHybrid] map name=/var/containers/Bundle/Application/F3BC928B-CF6E-41E9-AA5B-114329A364D0/Juice.app/Grape-X64/runtime/lib/wine/aarch64-windows/ws2_32.dll status=40000003 module=0x2c19f0000 size=1b0000
0024:err:seh:arm64ec_update_hybrid_metadata [JuiceHybrid] metadata module=00000002C19F0000 slot=70468 exit=00000002D74A7B60
0024:err:seh:arm64ec_update_hybrid_metadata [JuiceHybrid] metadata stored address=00000002C1A60468 value=00000002D74A7B60
0024:err:module:juice_trace_arm64ec_dispatch [JuiceHybrid] after import fixup module=00000002C19F0000 slot=00000002C1A60468 value=00000002D74A7B60 expected=00000002D74A7B60
[JuiceWine] host-page expanding executable section .text: section=0x2c1871000 mapping=0x2c1870000 size=819200
[JuiceWine] anonymous PE executable section .text at 0x2c1870000 size=819200
0024:warn:file:NtCreateFile L"\\??\\Z:\\var\\mobile\\Documents\\JuiceData\\imported-files\\chocolate-doom-3.1.1-win64\\SHELL32.dll" not found (c0000034)
[JuiceHybrid] open name=/private/var/containers/Bundle/Application/F3BC928B-CF6E-41E9-AA5B-114329A364D0/Juice.app/Grape-X64/build/wine-ios/dlls/shell32/aarch64-windows/shell32.dll machine=0000 status=c0000135
[JuiceHybrid] open name=/private/var/containers/Bundle/Application/F3BC928B-CF6E-41E9-AA5B-114329A364D0/Juice.app/Grape-X64/build/wine-ios/programs/shell32.dll/aarch64-windows/shell32.dll machine=0000 status=c0000135
[JuiceHybrid] open name=/var/containers/Bundle/Application/F3BC928B-CF6E-41E9-AA5B-114329A364D0/Juice.app/Grape-X64/runtime/lib/wine/aarch64-windows/shell32.dll machine=0000 status=00000000
[JuiceWine] anonymous PE executable section .text at 0x2c0890000 size=1048576
[JuiceWine] anonymous PE executable section .hexpthk at 0x2c0990000 size=65536
[JuiceHybrid] map name=/var/containers/Bundle/Application/F3BC928B-CF6E-41E9-AA5B-114329A364D0/Juice.app/Grape-X64/runtime/lib/wine/aarch64-windows/shell32.dll status=40000003 module=0x2c0880000 size=ff0000
0024:err:seh:arm64ec_update_hybrid_metadata [JuiceHybrid] metadata module=00000002C0880000 slot=1a32c0 exit=00000002D74A7B60
0024:err:seh:arm64ec_update_hybrid_metadata [JuiceHybrid] metadata stored address=00000002C0A232C0 value=00000002D74A7B60
0024:warn:file:NtCreateFile L"\\??\\Z:\\var\\mobile\\Documents\\JuiceData\\imported-files\\chocolate-doom-3.1.1-win64\\shlwapi.dll" not found (c0000034)
[JuiceHybrid] open name=/private/var/containers/Bundle/Application/F3BC928B-CF6E-41E9-AA5B-114329A364D0/Juice.app/Grape-X64/build/wine-ios/dlls/shlwapi/aarch64-windows/shlwapi.dll machine=0000 status=c0000135
[JuiceHybrid] open name=/private/var/containers/Bundle/Application/F3BC928B-CF6E-41E9-AA5B-114329A364D0/Juice.app/Grape-X64/build/wine-ios/programs/shlwapi.dll/aarch64-windows/shlwapi.dll machine=0000 status=c0000135
[JuiceHybrid] open name=/var/containers/Bundle/Application/F3BC928B-CF6E-41E9-AA5B-114329A364D0/Juice.app/Grape-X64/runtime/lib/wine/aarch64-windows/shlwapi.dll machine=0000 status=00000000
[JuiceWine] anonymous PE executable section .text at 0x2c0650000 size=262144
[JuiceWine] anonymous PE executable section .hexpthk at 0x2c0690000 size=65536
[JuiceHybrid] map name=/var/containers/Bundle/Application/F3BC928B-CF6E-41E9-AA5B-114329A364D0/Juice.app/Grape-X64/runtime/lib/wine/aarch64-windows/shlwapi.dll status=40000003 module=0x2c0640000 size=240000
0024:err:seh:arm64ec_update_hybrid_metadata [JuiceHybrid] metadata module=00000002C0640000 slot=a0750 exit=00000002D74A7B60
0024:err:seh:arm64ec_update_hybrid_metadata [JuiceHybrid] metadata stored address=00000002C06E0750 value=00000002D74A7B60
0024:warn:file:NtCreateFile L"\\??\\Z:\\var\\mobile\\Documents\\JuiceData\\imported-files\\chocolate-doom-3.1.1-win64\\shcore.dll" not found (c0000034)
[JuiceHybrid] open name=/private/var/containers/Bundle/Application/F3BC928B-CF6E-41E9-AA5B-114329A364D0/Juice.app/Grape-X64/build/wine-ios/dlls/shcore/aarch64-windows/shcore.dll machine=0000 status=c0000135
[JuiceHybrid] open name=/private/var/containers/Bundle/Application/F3BC928B-CF6E-41E9-AA5B-114329A364D0/Juice.app/Grape-X64/build/wine-ios/programs/shcore.dll/aarch64-windows/shcore.dll machine=0000 status=c0000135
[JuiceHybrid] open name=/var/containers/Bundle/Application/F3BC928B-CF6E-41E9-AA5B-114329A364D0/Juice.app/Grape-X64/runtime/lib/wine/aarch64-windows/shcore.dll machine=0000 status=00000000
[JuiceWine] anonymous PE executable section .text at 0x2c0540000 size=131072
[JuiceWine] anonymous PE executable section .hexpthk at 0x2c0560000 size=65536
[JuiceHybrid] map name=/var/containers/Bundle/Application/F3BC928B-CF6E-41E9-AA5B-114329A364D0/Juice.app/Grape-X64/runtime/lib/wine/aarch64-windows/shcore.dll status=40000003 module=0x2c0530000 size=110000
0024:err:seh:arm64ec_update_hybrid_metadata [JuiceHybrid] metadata module=00000002C0530000 slot=50320 exit=00000002D74A7B60
0024:err:seh:arm64ec_update_hybrid_metadata [JuiceHybrid] metadata stored address=00000002C0580320 value=00000002D74A7B60
0024:err:module:juice_trace_arm64ec_dispatch [JuiceHybrid] after import fixup module=00000002C0530000 slot=00000002C0580320 value=00000002D74A7B60 expected=00000002D74A7B60
0024:err:module:juice_trace_arm64ec_dispatch [JuiceHybrid] after import fixup module=00000002C0640000 slot=00000002C06E0750 value=00000002D74A7B60 expected=00000002D74A7B60
0024:err:module:juice_trace_arm64ec_dispatch [JuiceHybrid] after import fixup module=00000002C0880000 slot=00000002C0A232C0 value=00000002D74A7B60 expected=00000002D74A7B60
[JuiceWine] host-page expanding executable section .text: section=0x2c0471000 mapping=0x2c0470000 size=540672
[JuiceWine] anonymous PE executable section .text at 0x2c0470000 size=540672
[JuiceWine] host-page expanding executable section .text: section=0x2c0461000 mapping=0x2c0460000 size=16384
[JuiceWine] anonymous PE executable section .text at 0x2c0460000 size=16384
[JuiceWine] host-page expanding executable section .text: section=0x2c0401000 mapping=0x2c0400000 size=245760
[JuiceWine] anonymous PE executable section .text at 0x2c0400000 size=245760
[JuiceWine] host-page expanding executable section .text: section=0x2c03c1000 mapping=0x2c03c0000 size=163840
[JuiceWine] anonymous PE executable section .text at 0x2c03c0000 size=163840
0024:warn:file:NtCreateFile L"\\??\\Z:\\var\\mobile\\Documents\\JuiceData\\imported-files\\chocolate-doom-3.1.1-win64\\SETUPAPI.dll" not found (c0000034)
[JuiceHybrid] open name=/private/var/containers/Bundle/Application/F3BC928B-CF6E-41E9-AA5B-114329A364D0/Juice.app/Grape-X64/build/wine-ios/dlls/setupapi/aarch64-windows/setupapi.dll machine=0000 status=c0000135
[JuiceHybrid] open name=/private/var/containers/Bundle/Application/F3BC928B-CF6E-41E9-AA5B-114329A364D0/Juice.app/Grape-X64/build/wine-ios/programs/setupapi.dll/aarch64-windows/setupapi.dll machine=0000 status=c0000135
[JuiceHybrid] open name=/var/containers/Bundle/Application/F3BC928B-CF6E-41E9-AA5B-114329A364D0/Juice.app/Grape-X64/runtime/lib/wine/aarch64-windows/setupapi.dll machine=0000 status=00000000
[JuiceWine] anonymous PE executable section .text at 0x2c0050000 size=458752
[JuiceWine] anonymous PE executable section .hexpthk at 0x2c00c0000 size=65536
[JuiceHybrid] map name=/var/containers/Bundle/Application/F3BC928B-CF6E-41E9-AA5B-114329A364D0/Juice.app/Grape-X64/runtime/lib/wine/aarch64-windows/setupapi.dll status=40000003 module=0x2c0040000 size=380000
0024:err:seh:arm64ec_update_hybrid_metadata [JuiceHybrid] metadata module=00000002C0040000 slot=e1130 exit=00000002D74A7B60
0024:err:seh:arm64ec_update_hybrid_metadata [JuiceHybrid] metadata stored address=00000002C0121130 value=00000002D74A7B60
0024:warn:file:NtCreateFile L"\\??\\Z:\\var\\mobile\\Documents\\JuiceData\\imported-files\\chocolate-doom-3.1.1-win64\\cfgmgr32.dll" not found (c0000034)
[JuiceHybrid] open name=/private/var/containers/Bundle/Application/F3BC928B-CF6E-41E9-AA5B-114329A364D0/Juice.app/Grape-X64/build/wine-ios/dlls/cfgmgr32/aarch64-windows/cfgmgr32.dll machine=0000 status=c0000135
[JuiceHybrid] open name=/private/var/containers/Bundle/Application/F3BC928B-CF6E-41E9-AA5B-114329A364D0/Juice.app/Grape-X64/build/wine-ios/programs/cfgmgr32.dll/aarch64-windows/cfgmgr32.dll machine=0000 status=c0000135
[JuiceHybrid] open name=/var/containers/Bundle/Application/F3BC928B-CF6E-41E9-AA5B-114329A364D0/Juice.app/Grape-X64/runtime/lib/wine/aarch64-windows/cfgmgr32.dll machine=0000 status=00000000
[JuiceWine] anonymous PE executable section .text at 0x2bfee0000 size=196608
[JuiceWine] anonymous PE executable section .hexpthk at 0x2bff10000 size=65536
[JuiceHybrid] map name=/var/containers/Bundle/Application/F3BC928B-CF6E-41E9-AA5B-114329A364D0/Juice.app/Grape-X64/runtime/lib/wine/aarch64-windows/cfgmgr32.dll status=40000003 module=0x2bfed0000 size=170000
0024:err:seh:arm64ec_update_hybrid_metadata [JuiceHybrid] metadata module=00000002BFED0000 slot=703e0 exit=00000002D74A7B60
0024:err:seh:arm64ec_update_hybrid_metadata [JuiceHybrid] metadata stored address=00000002BFF403E0 value=00000002D74A7B60
0024:err:module:juice_trace_arm64ec_dispatch [JuiceHybrid] after import fixup module=00000002BFED0000 slot=00000002BFF403E0 value=00000002D74A7B60 expected=00000002D74A7B60
0024:err:module:juice_trace_arm64ec_dispatch [JuiceHybrid] after import fixup module=00000002C0040000 slot=00000002C0121130 value=00000002D74A7B60 expected=00000002D74A7B60
[JuiceWine] host-page expanding executable section .text: section=0x2bfe81000 mapping=0x2bfe80000 size=196608
[JuiceWine] anonymous PE executable section .text at 0x2bfe80000 size=196608
[JuiceWine] host-page expanding executable section .text: section=0x2bfe61000 mapping=0x2bfe60000 size=49152
[JuiceWine] anonymous PE executable section .text at 0x2bfe60000 size=49152
[JuiceWine] host-page expanding executable section .text: section=0x2bfb01000 mapping=0x2bfb00000 size=2736128
[JuiceWine] anonymous PE executable section .text at 0x2bfb00000 size=2736128
0024:warn:file:NtCreateFile L"\\??\\Z:\\var\\mobile\\Documents\\JuiceData\\imported-files\\chocolate-doom-3.1.1-win64\\IMM32.dll" not found (c0000034)
[JuiceHybrid] open name=/private/var/containers/Bundle/Application/F3BC928B-CF6E-41E9-AA5B-114329A364D0/Juice.app/Grape-X64/build/wine-ios/dlls/imm32/aarch64-windows/imm32.dll machine=0000 status=c0000135
[JuiceHybrid] open name=/private/var/containers/Bundle/Application/F3BC928B-CF6E-41E9-AA5B-114329A364D0/Juice.app/Grape-X64/build/wine-ios/programs/imm32.dll/aarch64-windows/imm32.dll machine=0000 status=c0000135
[JuiceHybrid] open name=/var/containers/Bundle/Application/F3BC928B-CF6E-41E9-AA5B-114329A364D0/Juice.app/Grape-X64/runtime/lib/wine/aarch64-windows/imm32.dll machine=0000 status=00000000
[JuiceWine] anonymous PE executable section .text at 0x2bf9a0000 size=196608
[JuiceWine] anonymous PE executable section .hexpthk at 0x2bf9d0000 size=65536
[JuiceHybrid] map name=/var/containers/Bundle/Application/F3BC928B-CF6E-41E9-AA5B-114329A364D0/Juice.app/Grape-X64/runtime/lib/wine/aarch64-windows/imm32.dll status=40000003 module=0x2bf990000 size=170000
0024:err:seh:arm64ec_update_hybrid_metadata [JuiceHybrid] metadata module=00000002BF990000 slot=60450 exit=00000002D74A7B60
0024:err:seh:arm64ec_update_hybrid_metadata [JuiceHybrid] metadata stored address=00000002BF9F0450 value=00000002D74A7B60
0024:err:module:juice_trace_arm64ec_dispatch [JuiceHybrid] after import fixup module=00000002BF990000 slot=00000002BF9F0450 value=00000002D74A7B60 expected=00000002D74A7B60
0024:warn:file:NtCreateFile L"\\??\\Z:\\var\\mobile\\Documents\\JuiceData\\imported-files\\chocolate-doom-3.1.1-win64\\OLEAUT32.dll" not found (c0000034)
[JuiceHybrid] open name=/private/var/containers/Bundle/Application/F3BC928B-CF6E-41E9-AA5B-114329A364D0/Juice.app/Grape-X64/build/wine-ios/dlls/oleaut32/aarch64-windows/oleaut32.dll machine=0000 status=c0000135
[JuiceHybrid] open name=/private/var/containers/Bundle/Application/F3BC928B-CF6E-41E9-AA5B-114329A364D0/Juice.app/Grape-X64/build/wine-ios/programs/oleaut32.dll/aarch64-windows/oleaut32.dll machine=0000 status=c0000135
[JuiceHybrid] open name=/var/containers/Bundle/Application/F3BC928B-CF6E-41E9-AA5B-114329A364D0/Juice.app/Grape-X64/runtime/lib/wine/aarch64-windows/oleaut32.dll machine=0000 status=00000000
[JuiceWine] anonymous PE executable section .text at 0x2bf3e0000 size=786432
[JuiceWine] anonymous PE executable section .hexpthk at 0x2bf4a0000 size=65536
[JuiceHybrid] map name=/var/containers/Bundle/Application/F3BC928B-CF6E-41E9-AA5B-114329A364D0/Juice.app/Grape-X64/runtime/lib/wine/aarch64-windows/oleaut32.dll status=40000003 module=0x2bf3d0000 size=5c0000
0024:err:seh:arm64ec_update_hybrid_metadata [JuiceHybrid] metadata module=00000002BF3D0000 slot=1b3ef0 exit=00000002D74A7B60
0024:err:seh:arm64ec_update_hybrid_metadata [JuiceHybrid] metadata stored address=00000002BF583EF0 value=00000002D74A7B60
0024:err:module:juice_trace_arm64ec_dispatch [JuiceHybrid] after import fixup module=00000002BF3D0000 slot=00000002BF583EF0 value=00000002D74A7B60 expected=00000002D74A7B60
0024:warn:file:NtCreateFile L"\\??\\Z:\\var\\mobile\\Documents\\JuiceData\\imported-files\\chocolate-doom-3.1.1-win64\\VERSION.dll" not found (c0000034)
[JuiceHybrid] open name=/private/var/containers/Bundle/Application/F3BC928B-CF6E-41E9-AA5B-114329A364D0/Juice.app/Grape-X64/build/wine-ios/dlls/version/aarch64-windows/version.dll machine=0000 status=c0000135
[JuiceHybrid] open name=/private/var/containers/Bundle/Application/F3BC928B-CF6E-41E9-AA5B-114329A364D0/Juice.app/Grape-X64/build/wine-ios/programs/version.dll/aarch64-windows/version.dll machine=0000 status=c0000135
[JuiceHybrid] open name=/var/containers/Bundle/Application/F3BC928B-CF6E-41E9-AA5B-114329A364D0/Juice.app/Grape-X64/runtime/lib/wine/aarch64-windows/version.dll machine=0000 status=00000000
[JuiceWine] anonymous PE executable section .text at 0x2bf2f0000 size=65536
[JuiceWine] anonymous PE executable section .hexpthk at 0x2bf300000 size=65536
[JuiceHybrid] map name=/var/containers/Bundle/Application/F3BC928B-CF6E-41E9-AA5B-114329A364D0/Juice.app/Grape-X64/runtime/lib/wine/aarch64-windows/version.dll status=40000003 module=0x2bf2e0000 size=f0000
0024:err:seh:arm64ec_update_hybrid_metadata [JuiceHybrid] metadata module=00000002BF2E0000 slot=401f0 exit=00000002D74A7B60
0024:err:seh:arm64ec_update_hybrid_metadata [JuiceHybrid] metadata stored address=00000002BF3201F0 value=00000002D74A7B60
0024:err:module:juice_trace_arm64ec_dispatch [JuiceHybrid] after import fixup module=00000002BF2E0000 slot=00000002BF3201F0 value=00000002D74A7B60 expected=00000002D74A7B60
[JuiceHybrid] open name=/private/var/containers/Bundle/Application/F3BC928B-CF6E-41E9-AA5B-114329A364D0/Juice.app/Grape-X64/build/wine-ios/dlls/libsndfile-1/x86_64-windows/libsndfile-1.dll machine=0000 status=c0000135
[JuiceHybrid] open name=/private/var/containers/Bundle/Application/F3BC928B-CF6E-41E9-AA5B-114329A364D0/Juice.app/Grape-X64/build/wine-ios/programs/libsndfile-1.dll/x86_64-windows/libsndfile-1.dll machine=0000 status=c0000135
[JuiceHybrid] open name=/var/containers/Bundle/Application/F3BC928B-CF6E-41E9-AA5B-114329A364D0/Juice.app/Grape-X64/runtime/lib/wine/x86_64-windows/libsndfile-1.dll machine=0000 status=c0000135
[JuiceHybrid] open name=/var/containers/Bundle/Application/F3BC928B-CF6E-41E9-AA5B-114329A364D0/Juice.app/Grape-X64/runtime/lib/wine/libsndfile-1.dll machine=0000 status=c0000135
[JuiceHybrid] open name=/var/containers/Bundle/Application/F3BC928B-CF6E-41E9-AA5B-114329A364D0/Juice.app/Grape-X64/build/wine-ios/dlls/crypt32/x86_64-windows/libsndfile-1.dll machine=0000 status=c0000135
[JuiceHybrid] open name=/var/containers/Bundle/Application/F3BC928B-CF6E-41E9-AA5B-114329A364D0/Juice.app/Grape-X64/build/wine-ios/dlls/crypt32/libsndfile-1.dll machine=0000 status=c0000135
[JuiceHybrid] open name=/var/containers/Bundle/Application/F3BC928B-CF6E-41E9-AA5B-114329A364D0/Juice.app/Grape-X64/build/wine-ios/dlls/secur32/x86_64-windows/libsndfile-1.dll machine=0000 status=c0000135
[JuiceHybrid] open name=/var/containers/Bundle/Application/F3BC928B-CF6E-41E9-AA5B-114329A364D0/Juice.app/Grape-X64/build/wine-ios/dlls/secur32/libsndfile-1.dll machine=0000 status=c0000135
[JuiceHybrid] open name=/var/containers/Bundle/Application/F3BC928B-CF6E-41E9-AA5B-114329A364D0/Juice.app/Grape-X64/build/wine-ios/dlls/wineios.drv/x86_64-windows/libsndfile-1.dll machine=0000 status=c0000135
[JuiceHybrid] open name=/var/containers/Bundle/Application/F3BC928B-CF6E-41E9-AA5B-114329A364D0/Juice.app/Grape-X64/build/wine-ios/dlls/wineios.drv/libsndfile-1.dll machine=0000 status=c0000135
[JuiceHybrid] open name=/var/containers/Bundle/Application/F3BC928B-CF6E-41E9-AA5B-114329A364D0/Juice.app/Grape-X64/build/wine-ios/dlls/winevulkan/x86_64-windows/libsndfile-1.dll machine=0000 status=c0000135
[JuiceHybrid] open name=/var/containers/Bundle/Application/F3BC928B-CF6E-41E9-AA5B-114329A364D0/Juice.app/Grape-X64/build/wine-ios/dlls/winevulkan/libsndfile-1.dll machine=0000 status=c0000135
[JuiceHybrid] open name=/var/containers/Bundle/Application/F3BC928B-CF6E-41E9-AA5B-114329A364D0/Juice.app/Grape-X64/build/wine-ios/dlls/win32u/x86_64-windows/libsndfile-1.dll machine=0000 status=c0000135
[JuiceHybrid] open name=/var/containers/Bundle/Application/F3BC928B-CF6E-41E9-AA5B-114329A364D0/Juice.app/Grape-X64/build/wine-ios/dlls/win32u/libsndfile-1.dll machine=0000 status=c0000135
[JuiceHybrid] open name=/var/containers/Bundle/Application/F3BC928B-CF6E-41E9-AA5B-114329A364D0/Juice.app/Grape-X64/build/wine-ios/dlls/ws2_32/x86_64-windows/libsndfile-1.dll machine=0000 status=c0000135
[JuiceHybrid] open name=/var/containers/Bundle/Application/F3BC928B-CF6E-41E9-AA5B-114329A364D0/Juice.app/Grape-X64/build/wine-ios/dlls/ws2_32/libsndfile-1.dll machine=0000 status=c0000135
0024:warn:module:find_builtin_dll cannot find builtin library for L"\\??\\Z:\\var\\mobile\\Documents\\JuiceData\\imported-files\\chocolate-doom-3.1.1-win64\\libsndfile-1.dll"
[JuiceWine] host-page expanding executable section .text: section=0x2bf221000 mapping=0x2bf220000 size=573440
[JuiceWine] anonymous PE executable section .text at 0x2bf220000 size=573440
[JuiceWine] host-page expanding executable section .text: section=0x2bf1a1000 mapping=0x2bf1a0000 size=409600
[JuiceWine] anonymous PE executable section .text at 0x2bf1a0000 size=409600
[JuiceWine] host-page expanding executable section .text: section=0x2bf181000 mapping=0x2bf180000 size=32768
[JuiceWine] anonymous PE executable section .text at 0x2bf180000 size=32768
[JuiceWine] host-page expanding executable section .text: section=0x2bf0f1000 mapping=0x2bf0f0000 size=245760
[JuiceWine] anonymous PE executable section .text at 0x2bf0f0000 size=245760
[JuiceWine] host-page expanding executable section .text: section=0x2bf071000 mapping=0x2bf070000 size=327680
[JuiceWine] anonymous PE executable section .text at 0x2bf070000 size=327680
[JuiceWine] host-page expanding executable section .text: section=0x2beff1000 mapping=0x2beff0000 size=344064
[JuiceWine] anonymous PE executable section .text at 0x2beff0000 size=344064
[JuiceWine] host-page expanding executable section .text: section=0x2befb1000 mapping=0x2befb0000 size=114688
[JuiceWine] anonymous PE executable section .text at 0x2befb0000 size=114688
[JuiceWine] host-page expanding executable section .text: section=0x2bef11000 mapping=0x2bef10000 size=32768
[JuiceWine] anonymous PE executable section .text at 0x2bef10000 size=32768
[JuiceWine] host-page expanding executable section .text: section=0x2beec1000 mapping=0x2beec0000 size=212992
[JuiceWine] anonymous PE executable section .text at 0x2beec0000 size=212992
[JuiceWine] host-page expanding executable section .text: section=0x2beea1000 mapping=0x2beea0000 size=65536
[JuiceWine] anonymous PE executable section .text at 0x2beea0000 size=65536
[JuiceWine] host-page expanding executable section .text: section=0x2bed21000 mapping=0x2bed20000 size=32768
[JuiceWine] anonymous PE executable section .text at 0x2bed20000 size=32768
[JuiceWine] host-page expanding executable section .text: section=0x2bead1000 mapping=0x2bead0000 size=1818624
[JuiceWine] anonymous PE executable section .text at 0x2bead0000 size=1818624
[JuiceWine] host-page expanding executable section .text: section=0x2bea91000 mapping=0x2bea90000 size=147456
[JuiceWine] anonymous PE executable section .text at 0x2bea90000 size=147456
[JuiceWine] host-page expanding executable section .text: section=0x2bea71000 mapping=0x2bea70000 size=49152
[JuiceWine] anonymous PE executable section .text at 0x2bea70000 size=49152
[JuiceWine] host-page expanding executable section .text: section=0x2bea51000 mapping=0x2bea50000 size=32768
[JuiceWine] anonymous PE executable section .text at 0x2bea50000 size=32768
[JuiceWine] host-page expanding executable section .text: section=0x2bea11000 mapping=0x2bea10000 size=180224
[JuiceWine] anonymous PE executable section .text at 0x2bea10000 size=180224
[JuiceWine] host-page expanding executable section .text: section=0x2be961000 mapping=0x2be960000 size=557056
[JuiceWine] anonymous PE executable section .text at 0x2be960000 size=557056
[JuiceWine] host-page expanding executable section .text: section=0x2be951000 mapping=0x2be950000 size=16384
[JuiceWine] anonymous PE executable section .text at 0x2be950000 size=16384
0024:warn:file:NtCreateFile L"\\??\\Z:\\var\\mobile\\Documents\\JuiceData\\imported-files\\chocolate-doom-3.1.1-win64\\IPHLPAPI.DLL" not found (c0000034)
[JuiceHybrid] open name=/private/var/containers/Bundle/Application/F3BC928B-CF6E-41E9-AA5B-114329A364D0/Juice.app/Grape-X64/build/wine-ios/dlls/iphlpapi/aarch64-windows/iphlpapi.dll machine=0000 status=c0000135
[JuiceHybrid] open name=/private/var/containers/Bundle/Application/F3BC928B-CF6E-41E9-AA5B-114329A364D0/Juice.app/Grape-X64/build/wine-ios/programs/iphlpapi.dll/aarch64-windows/iphlpapi.dll machine=0000 status=c0000135
[JuiceHybrid] open name=/var/containers/Bundle/Application/F3BC928B-CF6E-41E9-AA5B-114329A364D0/Juice.app/Grape-X64/runtime/lib/wine/aarch64-windows/iphlpapi.dll machine=0000 status=00000000
[JuiceWine] anonymous PE executable section .text at 0x2be7a0000 size=131072
[JuiceWine] anonymous PE executable section .hexpthk at 0x2be7c0000 size=65536
[JuiceHybrid] map name=/var/containers/Bundle/Application/F3BC928B-CF6E-41E9-AA5B-114329A364D0/Juice.app/Grape-X64/runtime/lib/wine/aarch64-windows/iphlpapi.dll status=40000003 module=0x2be790000 size=1c0000
0024:err:seh:arm64ec_update_hybrid_metadata [JuiceHybrid] metadata module=00000002BE790000 slot=701f0 exit=00000002D74A7B60
0024:err:seh:arm64ec_update_hybrid_metadata [JuiceHybrid] metadata stored address=00000002BE8001F0 value=00000002D74A7B60
0024:warn:file:NtCreateFile L"\\??\\Z:\\var\\mobile\\Documents\\JuiceData\\imported-files\\chocolate-doom-3.1.1-win64\\dnsapi.dll" not found (c0000034)
[JuiceHybrid] open name=/private/var/containers/Bundle/Application/F3BC928B-CF6E-41E9-AA5B-114329A364D0/Juice.app/Grape-X64/build/wine-ios/dlls/dnsapi/aarch64-windows/dnsapi.dll machine=0000 status=c0000135
[JuiceHybrid] open name=/private/var/containers/Bundle/Application/F3BC928B-CF6E-41E9-AA5B-114329A364D0/Juice.app/Grape-X64/build/wine-ios/programs/dnsapi.dll/aarch64-windows/dnsapi.dll machine=0000 status=c0000135
[JuiceHybrid] open name=/var/containers/Bundle/Application/F3BC928B-CF6E-41E9-AA5B-114329A364D0/Juice.app/Grape-X64/runtime/lib/wine/aarch64-windows/dnsapi.dll machine=0000 status=00000000
[JuiceWine] anonymous PE executable section .text at 0x2be670000 size=131072
[JuiceWine] anonymous PE executable section .hexpthk at 0x2be690000 size=65536
[JuiceHybrid] map name=/var/containers/Bundle/Application/F3BC928B-CF6E-41E9-AA5B-114329A364D0/Juice.app/Grape-X64/runtime/lib/wine/aarch64-windows/dnsapi.dll status=40000003 module=0x2be660000 size=130000
0024:err:seh:arm64ec_update_hybrid_metadata [JuiceHybrid] metadata module=00000002BE660000 slot=50298 exit=00000002D74A7B60
0024:err:seh:arm64ec_update_hybrid_metadata [JuiceHybrid] metadata stored address=00000002BE6B0298 value=00000002D74A7B60
0024:err:module:juice_trace_arm64ec_dispatch [JuiceHybrid] after import fixup module=00000002BE660000 slot=00000002BE6B0298 value=00000002D74A7B60 expected=00000002D74A7B60
0024:warn:file:NtCreateFile L"\\??\\Z:\\var\\mobile\\Documents\\JuiceData\\imported-files\\chocolate-doom-3.1.1-win64\\nsi.dll" not found (c0000034)
[JuiceHybrid] open name=/private/var/containers/Bundle/Application/F3BC928B-CF6E-41E9-AA5B-114329A364D0/Juice.app/Grape-X64/build/wine-ios/dlls/nsi/aarch64-windows/nsi.dll machine=0000 status=c0000135
[JuiceHybrid] open name=/private/var/containers/Bundle/Application/F3BC928B-CF6E-41E9-AA5B-114329A364D0/Juice.app/Grape-X64/build/wine-ios/programs/nsi.dll/aarch64-windows/nsi.dll machine=0000 status=c0000135
[JuiceHybrid] open name=/var/containers/Bundle/Application/F3BC928B-CF6E-41E9-AA5B-114329A364D0/Juice.app/Grape-X64/runtime/lib/wine/aarch64-windows/nsi.dll machine=0000 status=00000000
[JuiceWine] anonymous PE executable section .text at 0x2be590000 size=65536
[JuiceWine] anonymous PE executable section .hexpthk at 0x2be5a0000 size=65536
[JuiceHybrid] map name=/var/containers/Bundle/Application/F3BC928B-CF6E-41E9-AA5B-114329A364D0/Juice.app/Grape-X64/runtime/lib/wine/aarch64-windows/nsi.dll status=40000003 module=0x2be580000 size=e0000
0024:err:seh:arm64ec_update_hybrid_metadata [JuiceHybrid] metadata module=00000002BE580000 slot=40210 exit=00000002D74A7B60
0024:err:seh:arm64ec_update_hybrid_metadata [JuiceHybrid] metadata stored address=00000002BE5C0210 value=00000002D74A7B60
0024:err:module:juice_trace_arm64ec_dispatch [JuiceHybrid] after import fixup module=00000002BE580000 slot=00000002BE5C0210 value=00000002D74A7B60 expected=00000002D74A7B60
0024:err:module:juice_trace_arm64ec_dispatch [JuiceHybrid] after import fixup module=00000002BE790000 slot=00000002BE8001F0 value=00000002D74A7B60 expected=00000002D74A7B60
0024:err:module:juice_trace_arm64ec_dispatch [JuiceHybrid] after main import fixup module=00000002C5CD0000 slot=00000002C5D80740 value=00000002D74A7B60 expected=00000002D74A7B60
0024:warn:file:NtQueryAttributesFile L"\\??\\C:\\windows\\system32\\tzres.dll" not found (c0000034)
0024:warn:file:NtQueryAttributesFile L"\\??\\C:\\windows\\system32\\tzres.dll" not found (c0000034)
0024:warn:globalmem:KernelBaseGetGlobalData semi-stub!
0024:err:module:juice_trace_arm64ec_dispatch [JuiceHybrid] after kernel32 process attach module=00000002C5CD0000 slot=00000002C5D80740 value=00000002D74A7B60 expected=00000002D74A7B60
0024:warn:file:NtCreateFile L"\\??\\Z:\\private\\var\\containers\\Bundle\\Application\\F3BC928B-CF6E-41E9-AA5B-114329A364D0\\Juice.app\\Grape-X64\\build\\wine-ios\\fonts" not found (c0000034)
0024:warn:font:opentype_get_ttc_sfnt_v1 unsupported sfnt font: embedded bitmap data.
0024:warn:font:unix_face_create unable to parse font, falling back to FreeType
0024:warn:font:opentype_get_ttc_sfnt_v1 unsupported sfnt font: embedded bitmap data.
0024:warn:font:unix_face_create unable to parse font, falling back to FreeType
0024:warn:file:NtCreateFile L"\\??\\Z:\\var\\mobile\\Documents\\JuiceData\\imported-files\\chocolate-doom-3.1.1-win64\\msacm.imaadpcm" not found (c0000034)
0024:warn:file:NtCreateFile L"\\??\\C:\\windows\\system32\\msacm.imaadpcm" not found (c0000034)
0024:warn:file:NtCreateFile L"\\??\\C:\\windows\\system\\msacm.imaadpcm" not found (c000003a)
0024:warn:file:NtCreateFile L"\\??\\C:\\windows\\msacm.imaadpcm" not found (c0000034)
0024:warn:file:NtCreateFile L"\\??\\Z:\\var\\mobile\\Documents\\JuiceData\\imported-files\\chocolate-doom-3.1.1-win64\\msacm.imaadpcm" not found (c0000034)
0024:warn:file:NtCreateFile L"\\??\\C:\\windows\\system32\\msacm.imaadpcm" not found (c0000034)
0024:warn:file:NtCreateFile L"\\??\\C:\\windows\\msacm.imaadpcm" not found (c0000034)
0024:warn:file:NtCreateFile L"\\??\\C:\\windows\\system32\\wbem\\msacm.imaadpcm" not found (c0000034)
0024:warn:file:NtCreateFile L"\\??\\C:\\windows\\system32\\WindowsPowershell\\v1.0\\msacm.imaadpcm" not found (c0000034)
0024:warn:module:load_dll Failed to load module L"msacm.imaadpcm"; status=c0000135
0024:warn:file:NtCreateFile L"\\??\\Z:\\var\\mobile\\Documents\\JuiceData\\imported-files\\chocolate-doom-3.1.1-win64\\imaadp32.acm" not found (c0000034)
0024:warn:file:NtCreateFile L"\\??\\C:\\windows\\system32\\imaadp32.acm" not found (c0000034)
0024:warn:file:NtCreateFile L"\\??\\C:\\windows\\system\\imaadp32.acm" not found (c000003a)
0024:warn:file:NtCreateFile L"\\??\\C:\\windows\\imaadp32.acm" not found (c0000034)
0024:warn:file:NtCreateFile L"\\??\\Z:\\var\\mobile\\Documents\\JuiceData\\imported-files\\chocolate-doom-3.1.1-win64\\imaadp32.acm" not found (c0000034)
0024:warn:file:NtCreateFile L"\\??\\C:\\windows\\system32\\imaadp32.acm" not found (c0000034)
0024:warn:file:NtCreateFile L"\\??\\C:\\windows\\imaadp32.acm" not found (c0000034)
0024:warn:file:NtCreateFile L"\\??\\C:\\windows\\system32\\wbem\\imaadp32.acm" not found (c0000034)
0024:warn:file:NtCreateFile L"\\??\\C:\\windows\\system32\\WindowsPowershell\\v1.0\\imaadp32.acm" not found (c0000034)
0024:warn:module:load_dll Failed to load module L"imaadp32.acm"; status=c0000135
0024:warn:msacm:acmDriverOpen failed: ret = 00000006
0024:warn:msacm:MSACM_RegisterDriver Couldn't load cache for ACM driver (L"imaadp32.acm")
0024:warn:file:NtCreateFile L"\\??\\Z:\\var\\mobile\\Documents\\JuiceData\\imported-files\\chocolate-doom-3.1.1-win64\\msacm.msadpcm" not found (c0000034)
0024:warn:file:NtCreateFile L"\\??\\C:\\windows\\system32\\msacm.msadpcm" not found (c0000034)
0024:warn:file:NtCreateFile L"\\??\\C:\\windows\\system\\msacm.msadpcm" not found (c000003a)
0024:warn:file:NtCreateFile L"\\??\\C:\\windows\\msacm.msadpcm" not found (c0000034)
0024:warn:file:NtCreateFile L"\\??\\Z:\\var\\mobile\\Documents\\JuiceData\\imported-files\\chocolate-doom-3.1.1-win64\\msacm.msadpcm" not found (c0000034)
0024:warn:file:NtCreateFile L"\\??\\C:\\windows\\system32\\msacm.msadpcm" not found (c0000034)
0024:warn:file:NtCreateFile L"\\??\\C:\\windows\\msacm.msadpcm" not found (c0000034)
0024:warn:file:NtCreateFile L"\\??\\C:\\windows\\system32\\wbem\\msacm.msadpcm" not found (c0000034)
0024:warn:file:NtCreateFile L"\\??\\C:\\windows\\system32\\WindowsPowershell\\v1.0\\msacm.msadpcm" not found (c0000034)
0024:warn:module:load_dll Failed to load module L"msacm.msadpcm"; status=c0000135
0024:warn:file:NtCreateFile L"\\??\\Z:\\var\\mobile\\Documents\\JuiceData\\imported-files\\chocolate-doom-3.1.1-win64\\msadp32.acm" not found (c0000034)
0024:warn:file:NtCreateFile L"\\??\\C:\\windows\\system32\\msadp32.acm" not found (c0000034)
0024:warn:file:NtCreateFile L"\\??\\C:\\windows\\system\\msadp32.acm" not found (c000003a)
0024:warn:file:NtCreateFile L"\\??\\C:\\windows\\msadp32.acm" not found (c0000034)
0024:warn:file:NtCreateFile L"\\??\\Z:\\var\\mobile\\Documents\\JuiceData\\imported-files\\chocolate-doom-3.1.1-win64\\msadp32.acm" not found (c0000034)
0024:warn:file:NtCreateFile L"\\??\\C:\\windows\\system32\\msadp32.acm" not found (c0000034)
0024:warn:file:NtCreateFile L"\\??\\C:\\windows\\msadp32.acm" not found (c0000034)
0024:warn:file:NtCreateFile L"\\??\\C:\\windows\\system32\\wbem\\msadp32.acm" not found (c0000034)
0024:warn:file:NtCreateFile L"\\??\\C:\\windows\\system32\\WindowsPowershell\\v1.0\\msadp32.acm" not found (c0000034)
0024:warn:module:load_dll Failed to load module L"msadp32.acm"; status=c0000135
0024:warn:msacm:acmDriverOpen failed: ret = 00000006
0024:warn:msacm:MSACM_RegisterDriver Couldn't load cache for ACM driver (L"msadp32.acm")
0024:warn:file:NtCreateFile L"\\??\\Z:\\var\\mobile\\Documents\\JuiceData\\imported-files\\chocolate-doom-3.1.1-win64\\msacm.msg711" not found (c0000034)
0024:warn:file:NtCreateFile L"\\??\\C:\\windows\\system32\\msacm.msg711" not found (c0000034)
0024:warn:file:NtCreateFile L"\\??\\C:\\windows\\system\\msacm.msg711" not found (c000003a)
0024:warn:file:NtCreateFile L"\\??\\C:\\windows\\msacm.msg711" not found (c0000034)
0024:warn:file:NtCreateFile L"\\??\\Z:\\var\\mobile\\Documents\\JuiceData\\imported-files\\chocolate-doom-3.1.1-win64\\msacm.msg711" not found (c0000034)
0024:warn:file:NtCreateFile L"\\??\\C:\\windows\\system32\\msacm.msg711" not found (c0000034)
0024:warn:file:NtCreateFile L"\\??\\C:\\windows\\msacm.msg711" not found (c0000034)
0024:warn:file:NtCreateFile L"\\??\\C:\\windows\\system32\\wbem\\msacm.msg711" not found (c0000034)
0024:warn:file:NtCreateFile L"\\??\\C:\\windows\\system32\\WindowsPowershell\\v1.0\\msacm.msg711" not found (c0000034)
0024:warn:module:load_dll Failed to load module L"msacm.msg711"; status=c0000135
0024:warn:file:NtCreateFile L"\\??\\Z:\\var\\mobile\\Documents\\JuiceData\\imported-files\\chocolate-doom-3.1.1-win64\\msg711.acm" not found (c0000034)
0024:warn:file:NtCreateFile L"\\??\\C:\\windows\\system32\\msg711.acm" not found (c0000034)
0024:warn:file:NtCreateFile L"\\??\\C:\\windows\\system\\msg711.acm" not found (c000003a)
0024:warn:file:NtCreateFile L"\\??\\C:\\windows\\msg711.acm" not found (c0000034)
0024:warn:file:NtCreateFile L"\\??\\Z:\\var\\mobile\\Documents\\JuiceData\\imported-files\\chocolate-doom-3.1.1-win64\\msg711.acm" not found (c0000034)
0024:warn:file:NtCreateFile L"\\??\\C:\\windows\\system32\\msg711.acm" not found (c0000034)
0024:warn:file:NtCreateFile L"\\??\\C:\\windows\\msg711.acm" not found (c0000034)
0024:warn:file:NtCreateFile L"\\??\\C:\\windows\\system32\\wbem\\msg711.acm" not found (c0000034)
0024:warn:file:NtCreateFile L"\\??\\C:\\windows\\system32\\WindowsPowershell\\v1.0\\msg711.acm" not found (c0000034)
0024:warn:module:load_dll Failed to load module L"msg711.acm"; status=c0000135
0024:warn:msacm:acmDriverOpen failed: ret = 00000006
0024:warn:msacm:MSACM_RegisterDriver Couldn't load cache for ACM driver (L"msg711.acm")
0024:warn:file:NtCreateFile L"\\??\\Z:\\var\\mobile\\Documents\\JuiceData\\imported-files\\chocolate-doom-3.1.1-win64\\msacm.l3acm" not found (c0000034)
0024:warn:file:NtCreateFile L"\\??\\C:\\windows\\system32\\msacm.l3acm" not found (c0000034)
0024:warn:file:NtCreateFile L"\\??\\C:\\windows\\system\\msacm.l3acm" not found (c000003a)
0024:warn:file:NtCreateFile L"\\??\\C:\\windows\\msacm.l3acm" not found (c0000034)
0024:warn:file:NtCreateFile L"\\??\\Z:\\var\\mobile\\Documents\\JuiceData\\imported-files\\chocolate-doom-3.1.1-win64\\msacm.l3acm" not found (c0000034)
0024:warn:file:NtCreateFile L"\\??\\C:\\windows\\system32\\msacm.l3acm" not found (c0000034)
0024:warn:file:NtCreateFile L"\\??\\C:\\windows\\msacm.l3acm" not found (c0000034)
0024:warn:file:NtCreateFile L"\\??\\C:\\windows\\system32\\wbem\\msacm.l3acm" not found (c0000034)
0024:warn:file:NtCreateFile L"\\??\\C:\\windows\\system32\\WindowsPowershell\\v1.0\\msacm.l3acm" not found (c0000034)
0024:warn:module:load_dll Failed to load module L"msacm.l3acm"; status=c0000135
0024:warn:file:NtCreateFile L"\\??\\Z:\\var\\mobile\\Documents\\JuiceData\\imported-files\\chocolate-doom-3.1.1-win64\\l3codeca.acm" not found (c0000034)
0024:warn:file:NtCreateFile L"\\??\\C:\\windows\\system32\\l3codeca.acm" not found (c0000034)
0024:warn:file:NtCreateFile L"\\??\\C:\\windows\\system\\l3codeca.acm" not found (c000003a)
0024:warn:file:NtCreateFile L"\\??\\C:\\windows\\l3codeca.acm" not found (c0000034)
0024:warn:file:NtCreateFile L"\\??\\Z:\\var\\mobile\\Documents\\JuiceData\\imported-files\\chocolate-doom-3.1.1-win64\\l3codeca.acm" not found (c0000034)
0024:warn:file:NtCreateFile L"\\??\\C:\\windows\\system32\\l3codeca.acm" not found (c0000034)
0024:warn:file:NtCreateFile L"\\??\\C:\\windows\\l3codeca.acm" not found (c0000034)
0024:warn:file:NtCreateFile L"\\??\\C:\\windows\\system32\\wbem\\l3codeca.acm" not found (c0000034)
0024:warn:file:NtCreateFile L"\\??\\C:\\windows\\system32\\WindowsPowershell\\v1.0\\l3codeca.acm" not found (c0000034)
0024:warn:module:load_dll Failed to load module L"l3codeca.acm"; status=c0000135
0024:warn:msacm:acmDriverOpen failed: ret = 00000006
0024:warn:msacm:MSACM_RegisterDriver Couldn't load cache for ACM driver (L"l3codeca.acm")
0024:warn:file:NtCreateFile L"\\??\\Z:\\var\\mobile\\Documents\\JuiceData\\imported-files\\chocolate-doom-3.1.1-win64\\msacm.msgsm610" not found (c0000034)
0024:warn:file:NtCreateFile L"\\??\\C:\\windows\\system32\\msacm.msgsm610" not found (c0000034)
0024:warn:file:NtCreateFile L"\\??\\C:\\windows\\system\\msacm.msgsm610" not found (c000003a)
0024:warn:file:NtCreateFile L"\\??\\C:\\windows\\msacm.msgsm610" not found (c0000034)
0024:warn:file:NtCreateFile L"\\??\\Z:\\var\\mobile\\Documents\\JuiceData\\imported-files\\chocolate-doom-3.1.1-win64\\msacm.msgsm610" not found (c0000034)
0024:warn:file:NtCreateFile L"\\??\\C:\\windows\\system32\\msacm.msgsm610" not found (c0000034)
0024:warn:file:NtCreateFile L"\\??\\C:\\windows\\msacm.msgsm610" not found (c0000034)
0024:warn:file:NtCreateFile L"\\??\\C:\\windows\\system32\\wbem\\msacm.msgsm610" not found (c0000034)
0024:warn:file:NtCreateFile L"\\??\\C:\\windows\\system32\\WindowsPowershell\\v1.0\\msacm.msgsm610" not found (c0000034)
0024:warn:module:load_dll Failed to load module L"msacm.msgsm610"; status=c0000135
0024:warn:file:NtCreateFile L"\\??\\Z:\\var\\mobile\\Documents\\JuiceData\\imported-files\\chocolate-doom-3.1.1-win64\\msgsm32.acm" not found (c0000034)
0024:warn:file:NtCreateFile L"\\??\\C:\\windows\\system32\\msgsm32.acm" not found (c0000034)
0024:warn:file:NtCreateFile L"\\??\\C:\\windows\\system\\msgsm32.acm" not found (c000003a)
0024:warn:file:NtCreateFile L"\\??\\C:\\windows\\msgsm32.acm" not found (c0000034)
0024:warn:file:NtCreateFile L"\\??\\Z:\\var\\mobile\\Documents\\JuiceData\\imported-files\\chocolate-doom-3.1.1-win64\\msgsm32.acm" not found (c0000034)
0024:warn:file:NtCreateFile L"\\??\\C:\\windows\\system32\\msgsm32.acm" not found (c0000034)
0024:warn:file:NtCreateFile L"\\??\\C:\\windows\\msgsm32.acm" not found (c0000034)
0024:warn:file:NtCreateFile L"\\??\\C:\\windows\\system32\\wbem\\msgsm32.acm" not found (c0000034)
0024:warn:file:NtCreateFile L"\\??\\C:\\windows\\system32\\WindowsPowershell\\v1.0\\msgsm32.acm" not found (c0000034)
0024:warn:module:load_dll Failed to load module L"msgsm32.acm"; status=c0000135
0024:warn:msacm:acmDriverOpen failed: ret = 00000006
0024:warn:msacm:MSACM_RegisterDriver Couldn't load cache for ACM driver (L"msgsm32.acm")
0024:err:module:juice_trace_arm64ec_dispatch [JuiceHybrid] after dependency process attach module=00000002C5CD0000 slot=00000002C5D80740 value=00000002D74A7B60 expected=00000002D74A7B60
0024:err:module:juice_trace_arm64ec_dispatch [JuiceHybrid] loader_init exit module=00000002C5CD0000 slot=00000002C5D80740 value=00000002D74A7B60 expected=00000002D74A7B60
0024:warn:file:NtCreateFile L"\\??\\Z:\\var\\mobile\\Documents\\JuiceData\\imported-files\\chocolate-doom-3.1.1-win64\\" not found (c0000035)
0024:warn:file:NtCreateFile L"\\??\\Z:\\var\\mobile\\Documents\\JuiceData\\imported-files\\chocolate-doom-3.1.1-win64\\chocolate-doom.cfg" not found (c0000034)
0024:warn:file:CreateFileW Unable to create file L"Z:\\var\\mobile\\Documents\\JuiceData\\imported-files\\chocolate-doom-3.1.1-win64\\chocolate-doom.cfg" (status c0000034)
0024:warn:msvcrt:_wsopen_dispatch :failed-last error (2)
0024:warn:file:NtCreateFile L"\\??\\C:\\users\\mobile\\AppData\\Roaming" not found (c0000035)
0024:warn:file:NtCreateFile L"\\??\\C:\\users\\mobile\\AppData\\Roaming\\chocolate-doom" not found (c0000035)
0024:warn:file:NtCreateFile L"\\??\\C:\\users\\mobile\\AppData\\Roaming\\chocolate-doom\\autoload" not found (c0000035)
0024:warn:file:NtCreateFile L"\\??\\C:\\users\\mobile\\AppData\\Roaming\\chocolate-doom\\autoload\\doom-all" not found (c0000035)
0024:warn:file:NtCreateFile L"\\??\\C:\\users\\mobile\\AppData\\Roaming\\chocolate-doom\\autoload\\doom-all\\." not found (c0000033)
0024:warn:file:CreateFileW Unable to create file L"\\\\?\\C:\\users\\mobile\\AppData\\Roaming\\chocolate-doom\\autoload\\doom-all\\." (status c0000033)
0024:warn:file:NtCreateFile L"\\??\\C:\\users\\mobile\\AppData\\Roaming\\chocolate-doom\\autoload\\doom-all\\.." not found (c0000033)
0024:warn:file:CreateFileW Unable to create file L"\\\\?\\C:\\users\\mobile\\AppData\\Roaming\\chocolate-doom\\autoload\\doom-all\\.." (status c0000033)
0024:warn:file:NtCreateFile L"\\??\\C:\\users\\mobile\\AppData\\Roaming\\chocolate-doom\\autoload\\doom-all\\." not found (c0000033)
0024:warn:file:CreateFileW Unable to create file L"\\\\?\\C:\\users\\mobile\\AppData\\Roaming\\chocolate-doom\\autoload\\doom-all\\." (status c0000033)
0024:warn:file:NtCreateFile L"\\??\\C:\\users\\mobile\\AppData\\Roaming\\chocolate-doom\\autoload\\doom-all\\.." not found (c0000033)
0024:warn:file:CreateFileW Unable to create file L"\\\\?\\C:\\users\\mobile\\AppData\\Roaming\\chocolate-doom\\autoload\\doom-all\\.." (status c0000033)
0024:warn:file:NtCreateFile L"\\??\\C:\\users\\mobile\\AppData\\Roaming\\chocolate-doom\\autoload" not found (c0000035)
0024:warn:file:NtCreateFile L"\\??\\C:\\users\\mobile\\AppData\\Roaming\\chocolate-doom\\autoload\\freedoom2.wad" not found (c0000035)
0024:warn:file:NtCreateFile L"\\??\\C:\\users\\mobile\\AppData\\Roaming\\chocolate-doom\\autoload\\freedoom2.wad\\." not found (c0000033)
0024:warn:file:CreateFileW Unable to create file L"\\\\?\\C:\\users\\mobile\\AppData\\Roaming\\chocolate-doom\\autoload\\freedoom2.wad\\." (status c0000033)
0024:warn:file:NtCreateFile L"\\??\\C:\\users\\mobile\\AppData\\Roaming\\chocolate-doom\\autoload\\freedoom2.wad\\.." not found (c0000033)
0024:warn:file:CreateFileW Unable to create file L"\\\\?\\C:\\users\\mobile\\AppData\\Roaming\\chocolate-doom\\autoload\\freedoom2.wad\\.." (status c0000033)
0024:warn:file:NtCreateFile L"\\??\\C:\\users\\mobile\\AppData\\Roaming\\chocolate-doom\\autoload\\freedoom2.wad\\." not found (c0000033)
0024:warn:file:CreateFileW Unable to create file L"\\\\?\\C:\\users\\mobile\\AppData\\Roaming\\chocolate-doom\\autoload\\freedoom2.wad\\." (status c0000033)
0024:warn:file:NtCreateFile L"\\??\\C:\\users\\mobile\\AppData\\Roaming\\chocolate-doom\\autoload\\freedoom2.wad\\.." not found (c0000033)
0024:warn:file:CreateFileW Unable to create file L"\\\\?\\C:\\users\\mobile\\AppData\\Roaming\\chocolate-doom\\autoload\\freedoom2.wad\\.." (status c0000033)
                         Chocolate Doom 3.1.1
Z_Init: Init zone memory allocation daemon. 
zone memory: 0000000118E60040, 2000000 allocated for zone
V_Init: allocate screens.
M_LoadDefaults: Load system defaults.
	default file: juice-doom-software.cfg
saving config in juice-doom-software.cfg
W_Init: Init WADfiles.
 adding freedoom2.wad
===========================================================================
                           Freedoom: Phase 2
===========================================================================
 Chocolate Doom is free software, covered by the GNU General Public
 License.  There is NO warranty; not even for MERCHANTABILITY or FITNESS
 FOR A PARTICULAR PURPOSE. You are welcome to change and distribute
 copies under certain conditions. See the source for more information.
===========================================================================
[JuiceStage] init_syscall_frame entered; entry=0x2bec51200 arg=0x1150393c0 teb=0x2d7ff4000 data=0x116cc0000 frame=0x116dcfb00 stack_base=0x11d170000 stack_limit=0x11cf78000
[JuiceStage] calling signal_set_full_context; ctx=0x11d16fc70 target_pc=0x2d79b0354 target_sp=0x11d170000 target_x18=0x2d7ff4000 LdrInitializeThunk=0x2d79b0388 RtlUserThreadStart=0x2d79b0354
[JuiceStage] signal_set_full_context returned; status=00000000 frame_pc=0x2d79b0354 frame_sp=0x11d170000 frame_x18=0x2d7ff4000 restore=00400007
[JuiceStage] init_syscall_frame complete; dispatcher_pc=0x2d79b0388 user_sp=0x11d16fc70 x16=0x2d79b0388 x17=0x11d16fc70 x18=0x2d7ff4000 restore=00400007
0024:warn:file:NtCreateFile L"\\??\\C:\\users\\mobile\\AppData\\Roaming" not found (c0000035)
0024:warn:file:NtCreateFile L"\\??\\C:\\users\\mobile\\AppData\\Roaming\\chocolate-doom" not found (c0000035)
0024:warn:file:NtCreateFile L"\\??\\C:\\users\\mobile\\AppData\\Roaming\\chocolate-doom\\" not found (c0000035)
0024:warn:file:NtCreateFile L"\\??\\C:\\users\\mobile\\AppData\\Roaming\\chocolate-doom\\music-packs" not found (c0000035)
[JuiceFEX] call-ret live allocation=0x2ab840000-0x2abc60000 committed=0x2ab850000 default=0x2ab950000 state=0x2ab950000
0028:err:module:juice_trace_arm64ec_dispatch [JuiceHybrid] loader_init exit module=00000002C5CD0000 slot=00000002C5D80740 value=00000002D74A7B60 expected=00000002D74A7B60
0028:warn:threadname:NtSetInformationThread Thread renamed to L"SDLTimer"
[JuiceHybrid] open name=/private/var/containers/Bundle/Application/F3BC928B-CF6E-41E9-AA5B-114329A364D0/Juice.app/Grape-X64/build/wine-ios/dlls/wineios.drv/aarch64-windows/wineios.drv machine=0000 status=c0000135
[JuiceHybrid] open name=/private/var/containers/Bundle/Application/F3BC928B-CF6E-41E9-AA5B-114329A364D0/Juice.app/Grape-X64/build/wine-ios/programs/wineios.drv/aarch64-windows/wineios.drv machine=0000 status=c0000135
[JuiceHybrid] open name=/var/containers/Bundle/Application/F3BC928B-CF6E-41E9-AA5B-114329A364D0/Juice.app/Grape-X64/runtime/lib/wine/aarch64-windows/wineios.drv machine=0000 status=00000000
[JuiceWine] anonymous PE executable section .text at 0x2a9f20000 size=65536
[JuiceWine] anonymous PE executable section .hexpthk at 0x2a9f30000 size=65536
[JuiceHybrid] map name=/var/containers/Bundle/Application/F3BC928B-CF6E-41E9-AA5B-114329A364D0/Juice.app/Grape-X64/runtime/lib/wine/aarch64-windows/wineios.drv status=40000003 module=0x2a9f10000 size=f0000
0024:err:seh:arm64ec_update_hybrid_metadata [JuiceHybrid] metadata module=00000002A9F10000 slot=40068 exit=00000002D74A7B60
0024:err:seh:arm64ec_update_hybrid_metadata [JuiceHybrid] metadata stored address=00000002A9F50068 value=00000002D74A7B60
0024:err:module:juice_trace_arm64ec_dispatch [JuiceHybrid] after import fixup module=00000002A9F10000 slot=00000002A9F50068 value=00000002D74A7B60 expected=00000002D74A7B60
[JuiceInput] display connected path=/var/mobile/Documents/JuiceData/proofs/cdoom-v9jit/display.sock desktop=1024x768 dpi=96
[JuiceInput] queue fd registered fd=16 tid=0x24
[JuiceDriver] ios init set driver create=0x1151dce78 client_surface=0x1151dd9fc size=1216
[JuiceDriver] install prev=0x11707d3a8 lazy=0x11707d3a8 null=0x1170a9f10 candidate=0x10180d200 create=0x1151dce78 installed=1
[JuiceDriver] direct-load status=00000000 driver=0x10180d200
JUICE_TEXT_HOST_HELLO pid=25604 desktop=1024x768 dpi=96
0024:warn:vulkan:vulkan_init_once Extension "VK_KHR_surface_protected_capabilities" is not supported.
0024:warn:vulkan:vulkan_init_once Extension "VK_MVK_ios_surface" is not supported.
0024:warn:vulkan:vulkan_init_once Extension "VK_MVK_moltenvk" is not supported.
JUICE_MOLTENVK_DRIVER_READY version=48 handle=0x2fcd20
[mvk-info] MoltenVK version 1.4.2, supporting Vulkan version 1.4.357.
	The following 152 Vulkan extensions are supported:
	VK_KHR_16bit_storage v1
	VK_KHR_8bit_storage v1
	VK_KHR_bind_memory2 v1
	VK_KHR_buffer_device_address v1
	VK_KHR_calibrated_timestamps v1
	VK_KHR_copy_commands2 v1
	VK_KHR_create_renderpass2 v1
	VK_KHR_dedicated_allocation v3
	VK_KHR_deferred_host_operations v4
	VK_KHR_depth_stencil_resolve v1
	VK_KHR_descriptor_update_template v1
	VK_KHR_device_group v4
	VK_KHR_device_group_creation v1
	VK_KHR_driver_properties v1
	VK_KHR_dynamic_rendering v1
	VK_KHR_dynamic_rendering_local_read v1
	VK_KHR_external_fence v1
	VK_KHR_external_fence_capabilities v1
	VK_KHR_external_memory v1
	VK_KHR_external_memory_capabilities v1
	VK_KHR_external_semaphore v1
	VK_KHR_external_semaphore_capabilities v1
	VK_KHR_format_feature_flags2 v2
	VK_KHR_fragment_shader_barycentric v1
	VK_KHR_get_memory_requirements2 v1
	VK_KHR_get_physical_device_properties2 v2
	VK_KHR_get_surface_capabilities2 v1
	VK_KHR_global_priority v1
	VK_KHR_image_format_list v1
	VK_KHR_imageless_framebuffer v1
	VK_KHR_incremental_present v2
	VK_KHR_index_type_uint8 v1
	VK_KHR_line_rasterization v1
	VK_KHR_load_store_op_none v1
	VK_KHR_maintenance1 v2
	VK_KHR_maintenance2 v1
	VK_KHR_maintenance3 v1
	VK_KHR_maintenance4 v2
	VK_KHR_maintenance5 v1
	VK_KHR_maintenance6 v1
	VK_KHR_maintenance7 v1
	VK_KHR_maintenance8 v1
	VK_KHR_maintenance9 v1
	VK_KHR_map_memory2 v1
	VK_KHR_multiview v1
	VK_KHR_portability_subset v1
	VK_KHR_present_id v1
	VK_KHR_present_id2 v1
	VK_KHR_present_wait v1
	VK_KHR_present_wait2 v1
	VK_KHR_push_descriptor v2
	VK_KHR_relaxed_block_layout v1
	VK_KHR_robustness2 v1
	VK_KHR_sampler_mirror_clamp_to_edge v3
	VK_KHR_sampler_ycbcr_conversion v14
	VK_KHR_separate_depth_stencil_layouts v1
	VK_KHR_shader_draw_parameters v1
	VK_KHR_shader_expect_assume v1
	VK_KHR_shader_float_controls v4
	VK_KHR_shader_float_controls2 v1
	VK_KHR_shader_float16_int8 v1
	VK_KHR_shader_fma v1
	VK_KHR_shader_integer_dot_product v1
	VK_KHR_shader_maximal_reconvergence v1
	VK_KHR_shader_non_semantic_info v1
	VK_KHR_shader_quad_control v1
	VK_KHR_shader_relaxed_extended_instruction v1
	VK_KHR_shader_subgroup_extended_types v1
	VK_KHR_shader_subgroup_rotate v2
	VK_KHR_shader_subgroup_uniform_control_flow v1
	VK_KHR_shader_terminate_invocation v1
	VK_KHR_spirv_1_4 v1
	VK_KHR_storage_buffer_storage_class v1
	VK_KHR_surface v25
	VK_KHR_surface_maintenance1 v1
	VK_KHR_surface_protected_capabilities v1
	VK_KHR_swapchain v70
	VK_KHR_swapchain_maintenance1 v1
	VK_KHR_swapchain_mutable_format v1
	VK_KHR_synchronization2 v1
	VK_KHR_timeline_semaphore v2
	VK_KHR_uniform_buffer_standard_layout v1
	VK_KHR_variable_pointers v1
	VK_KHR_vertex_attribute_divisor v1
	VK_KHR_vulkan_memory_model v3
	VK_KHR_zero_initialize_workgroup_memory v1
	VK_EXT_4444_formats v1
	VK_EXT_buffer_device_address v2
	VK_EXT_calibrated_timestamps v2
	VK_EXT_debug_marker v4
	VK_EXT_debug_report v10
	VK_EXT_debug_utils v2
	VK_EXT_depth_clip_control v1
	VK_EXT_descriptor_indexing v2
	VK_EXT_extended_dynamic_state v1
	VK_EXT_extended_dynamic_state2 v1
	VK_EXT_extended_dynamic_state3 v2
	VK_EXT_external_memory_host v1
	VK_EXT_external_memory_metal v1
	VK_EXT_fragment_shader_interlock v1
	VK_EXT_global_priority v2
	VK_EXT_global_priority_query v1
	VK_EXT_headless_surface v1
	VK_EXT_host_image_copy v1
	VK_EXT_host_query_reset v1
	VK_EXT_image_2d_view_of_3d v1
	VK_EXT_image_robustness v1
	VK_EXT_index_type_uint8 v1
	VK_EXT_inline_uniform_block v1
	VK_EXT_layer_settings v2
	VK_EXT_legacy_dithering v2
	VK_EXT_line_rasterization v1
	VK_EXT_load_store_op_none v1
	VK_EXT_memory_budget v1
	VK_EXT_metal_objects v2
	VK_EXT_metal_surface v1
	VK_EXT_non_seamless_cube_map v1
	VK_EXT_pipeline_creation_cache_control v3
	VK_EXT_pipeline_creation_feedback v1
	VK_EXT_pipeline_robustness v1
	VK_EXT_post_depth_coverage v1
	VK_EXT_primitive_topology_list_restart v1
	VK_EXT_private_data v1
	VK_EXT_provoking_vertex v1
	VK_EXT_robustness2 v1
	VK_EXT_sample_locations v1
	VK_EXT_scalar_block_layout v1
	VK_EXT_separate_stencil_usage v1
	VK_EXT_shader_atomic_float v1
	VK_EXT_shader_demote_to_helper_invocation v1
	VK_EXT_shader_stencil_export v1
	VK_EXT_shader_subgroup_ballot v1
	VK_EXT_shader_subgroup_vote v1
	VK_EXT_shader_viewport_index_layer v1
	VK_EXT_subgroup_size_control v2
	VK_EXT_surface_maintenance1 v1
	VK_EXT_swapchain_colorspace v5
	VK_EXT_swapchain_maintenance1 v1
	VK_EXT_texel_buffer_alignment v1
	VK_EXT_texture_compression_astc_hdr v1
	VK_EXT_tooling_info v1
	VK_EXT_vertex_attribute_divisor v3
	VK_AMD_gpu_shader_half_float v2
	VK_AMD_negative_viewport_height v1
	VK_AMD_shader_image_load_store_lod v1
	VK_AMD_shader_trinary_minmax v1
	VK_GOOGLE_display_timing v1
	VK_IMG_format_pvrtc v1
	VK_INTEL_shader_integer_functions2 v1
	VK_MVK_ios_surface v3
	VK_MVK_moltenvk v37
	VK_NV_fragment_shader_barycentric v1
[mvk-error] VK_ERROR_INCOMPATIBLE_DRIVER: Vulkan is not supported on this device. MoltenVK requires Metal, which is not available on this device.
[mvk-info] Created VkInstance for Vulkan version 1.0.357, as requested by app, with the following 3 Vulkan extensions enabled:
	VK_KHR_external_fence_capabilities v1
	VK_KHR_external_semaphore_capabilities v1
	VK_KHR_get_physical_device_properties2 v2
[mvk-info] Destroying VkInstance for Vulkan version 1.0.357 with 3 Vulkan extensions enabled.
0024:warn:vulkan:win32u_vkCreateInstance Failed to create vulkan instance, res -9
0024:warn:vulkan:vulkan_instance_create Failed to create instance, res -9
0024:warn:d3dkmt:d3dkmt_init_vulkan Failed to create the vulkan instance
0024:warn:system:lock_display_devices Failed to find any Vulkan GPU
0024:warn:wgl:egl_init EGL support not compiled in!
0024:fixme:iosdrv:ios_OpenGLInit OpenGL unavailable; Metal translation backend required
0024:warn:wgl:display_funcs_init Failed to initialize the driver OpenGL functions, status 0xc00000bb
0024:warn:wgl:display_funcs_init glAccum not found.
0024:warn:wgl:display_funcs_init glAlphaFunc not found.
0024:warn:wgl:display_funcs_init glAreTexturesResident not found.
0024:warn:wgl:display_funcs_init glArrayElement not found.
0024:warn:wgl:display_funcs_init glBegin not found.
0024:warn:wgl:display_funcs_init glBindTexture not found.
0024:warn:wgl:display_funcs_init glBitmap not found.
0024:warn:wgl:display_funcs_init glBlendFunc not found.
0024:warn:wgl:display_funcs_init glCallList not found.
0024:warn:wgl:display_funcs_init glCallLists not found.
0024:warn:wgl:display_funcs_init glClear not found.
0024:warn:wgl:display_funcs_init glClearAccum not found.
0024:warn:wgl:display_funcs_init glClearColor not found.
0024:warn:wgl:display_funcs_init glClearDepth not found.
0024:warn:wgl:display_funcs_init glClearIndex not found.
0024:warn:wgl:display_funcs_init glClearStencil not found.
0024:warn:wgl:display_funcs_init glClipPlane not found.
0024:warn:wgl:display_funcs_init glColor3b not found.
0024:warn:wgl:display_funcs_init glColor3bv not found.
0024:warn:wgl:display_funcs_init glColor3d not found.
0024:warn:wgl:display_funcs_init glColor3dv not found.
0024:warn:wgl:display_funcs_init glColor3f not found.
0024:warn:wgl:display_funcs_init glColor3fv not found.
0024:warn:wgl:display_funcs_init glColor3i not found.
0024:warn:wgl:display_funcs_init glColor3iv not found.
0024:warn:wgl:display_funcs_init glColor3s not found.
0024:warn:wgl:display_funcs_init glColor3sv not found.
0024:warn:wgl:display_funcs_init glColor3ub not found.
0024:warn:wgl:display_funcs_init glColor3ubv not found.
0024:warn:wgl:display_funcs_init glColor3ui not found.
0024:warn:wgl:display_funcs_init glColor3uiv not found.
0024:warn:wgl:display_funcs_init glColor3us not found.
0024:warn:wgl:display_funcs_init glColor3usv not found.
0024:warn:wgl:display_funcs_init glColor4b not found.
0024:warn:wgl:display_funcs_init glColor4bv not found.
0024:warn:wgl:display_funcs_init glColor4d not found.
0024:warn:wgl:display_funcs_init glColor4dv not found.
0024:warn:wgl:display_funcs_init glColor4f not found.
0024:warn:wgl:display_funcs_init glColor4fv not found.
0024:warn:wgl:display_funcs_init glColor4i not found.
0024:warn:wgl:display_funcs_init glColor4iv not found.
0024:warn:wgl:display_funcs_init glColor4s not found.
0024:warn:wgl:display_funcs_init glColor4sv not found.
0024:warn:wgl:display_funcs_init glColor4ub not found.
0024:warn:wgl:display_funcs_init glColor4ubv not found.
0024:warn:wgl:display_funcs_init glColor4ui not found.
0024:warn:wgl:display_funcs_init glColor4uiv not found.
0024:warn:wgl:display_funcs_init glColor4us not found.
0024:warn:wgl:display_funcs_init glColor4usv not found.
0024:warn:wgl:display_funcs_init glColorMask not found.
0024:warn:wgl:display_funcs_init glColorMaterial not found.
0024:warn:wgl:display_funcs_init glColorPointer not found.
0024:warn:wgl:display_funcs_init glCopyPixels not found.
0024:warn:wgl:display_funcs_init glCopyTexImage1D not found.
0024:warn:wgl:display_funcs_init glCopyTexImage2D not found.
0024:warn:wgl:display_funcs_init glCopyTexSubImage1D not found.
0024:warn:wgl:display_funcs_init glCopyTexSubImage2D not found.
0024:warn:wgl:display_funcs_init glCullFace not found.
0024:warn:wgl:display_funcs_init glDeleteLists not found.
0024:warn:wgl:display_funcs_init glDeleteTextures not found.
0024:warn:wgl:display_funcs_init glDepthFunc not found.
0024:warn:wgl:display_funcs_init glDepthMask not found.
0024:warn:wgl:display_funcs_init glDepthRange not found.
0024:warn:wgl:display_funcs_init glDisable not found.
0024:warn:wgl:display_funcs_init glDisableClientState not found.
0024:warn:wgl:display_funcs_init glDrawArrays not found.
0024:warn:wgl:display_funcs_init glDrawBuffer not found.
0024:warn:wgl:display_funcs_init glDrawElements not found.
0024:warn:wgl:display_funcs_init glDrawPixels not found.
0024:warn:wgl:display_funcs_init glEdgeFlag not found.
0024:warn:wgl:display_funcs_init glEdgeFlagPointer not found.
0024:warn:wgl:display_funcs_init glEdgeFlagv not found.
0024:warn:wgl:display_funcs_init glEnable not found.
0024:warn:wgl:display_funcs_init glEnableClientState not found.
0024:warn:wgl:display_funcs_init glEnd not found.
0024:warn:wgl:display_funcs_init glEndList not found.
0024:warn:wgl:display_funcs_init glEvalCoord1d not found.
0024:warn:wgl:display_funcs_init glEvalCoord1dv not found.
0024:warn:wgl:display_funcs_init glEvalCoord1f not found.
0024:warn:wgl:display_funcs_init glEvalCoord1fv not found.
0024:warn:wgl:display_funcs_init glEvalCoord2d not found.
0024:warn:wgl:display_funcs_init glEvalCoord2dv not found.
0024:warn:wgl:display_funcs_init glEvalCoord2f not found.
0024:warn:wgl:display_funcs_init glEvalCoord2fv not found.
0024:warn:wgl:display_funcs_init glEvalMesh1 not found.
0024:warn:wgl:display_funcs_init glEvalMesh2 not found.
0024:warn:wgl:display_funcs_init glEvalPoint1 not found.
0024:warn:wgl:display_funcs_init glEvalPoint2 not found.
0024:warn:wgl:display_funcs_init glFeedbackBuffer not found.
0024:warn:wgl:display_funcs_init glFinish not found.
0024:warn:wgl:display_funcs_init glFlush not found.
0024:warn:wgl:display_funcs_init glFogf not found.
0024:warn:wgl:display_funcs_init glFogfv not found.
0024:warn:wgl:display_funcs_init glFogi not found.
0024:warn:wgl:display_funcs_init glFogiv not found.
0024:warn:wgl:display_funcs_init glFrontFace not found.
0024:warn:wgl:display_funcs_init glFrustum not found.
0024:warn:wgl:display_funcs_init glGenLists not found.
0024:warn:wgl:display_funcs_init glGenTextures not found.
0024:warn:wgl:display_funcs_init glGetBooleanv not found.
0024:warn:wgl:display_funcs_init glGetClipPlane not found.
0024:warn:wgl:display_funcs_init glGetDoublev not found.
0024:warn:wgl:display_funcs_init glGetError not found.
0024:warn:wgl:display_funcs_init glGetFloatv not found.
0024:warn:wgl:display_funcs_init glGetIntegerv not found.
0024:warn:wgl:display_funcs_init glGetLightfv not found.
0024:warn:wgl:display_funcs_init glGetLightiv not found.
0024:warn:wgl:display_funcs_init glGetMapdv not found.
0024:warn:wgl:display_funcs_init glGetMapfv not found.
0024:warn:wgl:display_funcs_init glGetMapiv not found.
0024:warn:wgl:display_funcs_init glGetMaterialfv not found.
0024:warn:wgl:display_funcs_init glGetMaterialiv not found.
0024:warn:wgl:display_funcs_init glGetPixelMapfv not found.
0024:warn:wgl:display_funcs_init glGetPixelMapuiv not found.
0024:warn:wgl:display_funcs_init glGetPixelMapusv not found.
0024:warn:wgl:display_funcs_init glGetPointerv not found.
0024:warn:wgl:display_funcs_init glGetPolygonStipple not found.
0024:warn:wgl:display_funcs_init glGetString not found.
0024:warn:wgl:display_funcs_init glGetTexEnvfv not found.
0024:warn:wgl:display_funcs_init glGetTexEnviv not found.
0024:warn:wgl:display_funcs_init glGetTexGendv not found.
0024:warn:wgl:display_funcs_init glGetTexGenfv not found.
0024:warn:wgl:display_funcs_init glGetTexGeniv not found.
0024:warn:wgl:display_funcs_init glGetTexImage not found.
0024:warn:wgl:display_funcs_init glGetTexLevelParameterfv not found.
0024:warn:wgl:display_funcs_init glGetTexLevelParameteriv not found.
0024:warn:wgl:display_funcs_init glGetTexParameterfv not found.
0024:warn:wgl:display_funcs_init glGetTexParameteriv not found.
0024:warn:wgl:display_funcs_init glHint not found.
0024:warn:wgl:display_funcs_init glIndexMask not found.
0024:warn:wgl:display_funcs_init glIndexPointer not found.
0024:warn:wgl:display_funcs_init glIndexd not found.
0024:warn:wgl:display_funcs_init glIndexdv not found.
0024:warn:wgl:display_funcs_init glIndexf not found.
0024:warn:wgl:display_funcs_init glIndexfv not found.
0024:warn:wgl:display_funcs_init glIndexi not found.
0024:warn:wgl:display_funcs_init glIndexiv not found.
0024:warn:wgl:display_funcs_init glIndexs not found.
0024:warn:wgl:display_funcs_init glIndexsv not found.
0024:warn:wgl:display_funcs_init glIndexub not found.
0024:warn:wgl:display_funcs_init glIndexubv not found.
0024:warn:wgl:display_funcs_init glInitNames not found.
0024:warn:wgl:display_funcs_init glInterleavedArrays not found.
0024:warn:wgl:display_funcs_init glIsEnabled not found.
0024:warn:wgl:display_funcs_init glIsList not found.
0024:warn:wgl:display_funcs_init glIsTexture not found.
0024:warn:wgl:display_funcs_init glLightModelf not found.
0024:warn:wgl:display_funcs_init glLightModelfv not found.
0024:warn:wgl:display_funcs_init glLightModeli not found.
0024:warn:wgl:display_funcs_init glLightModeliv not found.
0024:warn:wgl:display_funcs_init glLightf not found.
0024:warn:wgl:display_funcs_init glLightfv not found.
0024:warn:wgl:display_funcs_init glLighti not found.
0024:warn:wgl:display_funcs_init glLightiv not found.
0024:warn:wgl:display_funcs_init glLineStipple not found.
0024:warn:wgl:display_funcs_init glLineWidth not found.
0024:warn:wgl:display_funcs_init glListBase not found.
0024:warn:wgl:display_funcs_init glLoadIdentity not found.
0024:warn:wgl:display_funcs_init glLoadMatrixd not found.
0024:warn:wgl:display_funcs_init glLoadMatrixf not found.
0024:warn:wgl:display_funcs_init glLoadName not found.
0024:warn:wgl:display_funcs_init glLogicOp not found.
0024:warn:wgl:display_funcs_init glMap1d not found.
0024:warn:wgl:display_funcs_init glMap1f not found.
0024:warn:wgl:display_funcs_init glMap2d not found.
0024:warn:wgl:display_funcs_init glMap2f not found.
0024:warn:wgl:display_funcs_init glMapGrid1d not found.
0024:warn:wgl:display_funcs_init glMapGrid1f not found.
0024:warn:wgl:display_funcs_init glMapGrid2d not found.
0024:warn:wgl:display_funcs_init glMapGrid2f not found.
0024:warn:wgl:display_funcs_init glMaterialf not found.
0024:warn:wgl:display_funcs_init glMaterialfv not found.
0024:warn:wgl:display_funcs_init glMateriali not found.
0024:warn:wgl:display_funcs_init glMaterialiv not found.
0024:warn:wgl:display_funcs_init glMatrixMode not found.
0024:warn:wgl:display_funcs_init glMultMatrixd not found.
0024:warn:wgl:display_funcs_init glMultMatrixf not found.
0024:warn:wgl:display_funcs_init glNewList not found.
0024:warn:wgl:display_funcs_init glNormal3b not found.
0024:warn:wgl:display_funcs_init glNormal3bv not found.
0024:warn:wgl:display_funcs_init glNormal3d not found.
0024:warn:wgl:display_funcs_init glNormal3dv not found.
0024:warn:wgl:display_funcs_init glNormal3f not found.
0024:warn:wgl:display_funcs_init glNormal3fv not found.
0024:warn:wgl:display_funcs_init glNormal3i not found.
0024:warn:wgl:display_funcs_init glNormal3iv not found.
0024:warn:wgl:display_funcs_init glNormal3s not found.
0024:warn:wgl:display_funcs_init glNormal3sv not found.
0024:warn:wgl:display_funcs_init glNormalPointer not found.
0024:warn:wgl:display_funcs_init glOrtho not found.
0024:warn:wgl:display_funcs_init glPassThrough not found.
0024:warn:wgl:display_funcs_init glPixelMapfv not found.
0024:warn:wgl:display_funcs_init glPixelMapuiv not found.
0024:warn:wgl:display_funcs_init glPixelMapusv not found.
0024:warn:wgl:display_funcs_init glPixelStoref not found.
0024:warn:wgl:display_funcs_init glPixelStorei not found.
0024:warn:wgl:display_funcs_init glPixelTransferf not found.
0024:warn:wgl:display_funcs_init glPixelTransferi not found.
0024:warn:wgl:display_funcs_init glPixelZoom not found.
0024:warn:wgl:display_funcs_init glPointSize not found.
0024:warn:wgl:display_funcs_init glPolygonMode not found.
0024:warn:wgl:display_funcs_init glPolygonOffset not found.
0024:warn:wgl:display_funcs_init glPolygonStipple not found.
0024:warn:wgl:display_funcs_init glPopAttrib not found.
0024:warn:wgl:display_funcs_init glPopClientAttrib not found.
0024:warn:wgl:display_funcs_init glPopMatrix not found.
0024:warn:wgl:display_funcs_init glPopName not found.
0024:warn:wgl:display_funcs_init glPrioritizeTextures not found.
0024:warn:wgl:display_funcs_init glPushAttrib not found.
0024:warn:wgl:display_funcs_init glPushClientAttrib not found.
0024:warn:wgl:display_funcs_init glPushMatrix not found.
0024:warn:wgl:display_funcs_init glPushName not found.
0024:warn:wgl:display_funcs_init glRasterPos2d not found.
0024:warn:wgl:display_funcs_init glRasterPos2dv not found.
0024:warn:wgl:display_funcs_init glRasterPos2f not found.
0024:warn:wgl:display_funcs_init glRasterPos2fv not found.
0024:warn:wgl:display_funcs_init glRasterPos2i not found.
0024:warn:wgl:display_funcs_init glRasterPos2iv not found.
0024:warn:wgl:display_funcs_init glRasterPos2s not found.
0024:warn:wgl:display_funcs_init glRasterPos2sv not found.
0024:warn:wgl:display_funcs_init glRasterPos3d not found.
0024:warn:wgl:display_funcs_init glRasterPos3dv not found.
0024:warn:wgl:display_funcs_init glRasterPos3f not found.
0024:warn:wgl:display_funcs_init glRasterPos3fv not found.
0024:warn:wgl:display_funcs_init glRasterPos3i not found.
0024:warn:wgl:display_funcs_init glRasterPos3iv not found.
0024:warn:wgl:display_funcs_init glRasterPos3s not found.
0024:warn:wgl:display_funcs_init glRasterPos3sv not found.
0024:warn:wgl:display_funcs_init glRasterPos4d not found.
0024:warn:wgl:display_funcs_init glRasterPos4dv not found.
0024:warn:wgl:display_funcs_init glRasterPos4f not found.
0024:warn:wgl:display_funcs_init glRasterPos4fv not found.
0024:warn:wgl:display_funcs_init glRasterPos4i not found.
0024:warn:wgl:display_funcs_init glRasterPos4iv not found.
0024:warn:wgl:display_funcs_init glRasterPos4s not found.
0024:warn:wgl:display_funcs_init glRasterPos4sv not found.
0024:warn:wgl:display_funcs_init glReadBuffer not found.
0024:warn:wgl:display_funcs_init glReadPixels not found.
0024:warn:wgl:display_funcs_init glRectd not found.
0024:warn:wgl:display_funcs_init glRectdv not found.
0024:warn:wgl:display_funcs_init glRectf not found.
0024:warn:wgl:display_funcs_init glRectfv not found.
0024:warn:wgl:display_funcs_init glRecti not found.
0024:warn:wgl:display_funcs_init glRectiv not found.
0024:warn:wgl:display_funcs_init glRects not found.
0024:warn:wgl:display_funcs_init glRectsv not found.
0024:warn:wgl:display_funcs_init glRenderMode not found.
0024:warn:wgl:display_funcs_init glRotated not found.
0024:warn:wgl:display_funcs_init glRotatef not found.
0024:warn:wgl:display_funcs_init glScaled not found.
0024:warn:wgl:display_funcs_init glScalef not found.
0024:warn:wgl:display_funcs_init glScissor not found.
0024:warn:wgl:display_funcs_init glSelectBuffer not found.
0024:warn:wgl:display_funcs_init glShadeModel not found.
0024:warn:wgl:display_funcs_init glStencilFunc not found.
0024:warn:wgl:display_funcs_init glStencilMask not found.
0024:warn:wgl:display_funcs_init glStencilOp not found.
0024:warn:wgl:display_funcs_init glTexCoord1d not found.
0024:warn:wgl:display_funcs_init glTexCoord1dv not found.
0024:warn:wgl:display_funcs_init glTexCoord1f not found.
0024:warn:wgl:display_funcs_init glTexCoord1fv not found.
0024:warn:wgl:display_funcs_init glTexCoord1i not found.
0024:warn:wgl:display_funcs_init glTexCoord1iv not found.
0024:warn:wgl:display_funcs_init glTexCoord1s not found.
0024:warn:wgl:display_funcs_init glTexCoord1sv not found.
0024:warn:wgl:display_funcs_init glTexCoord2d not found.
0024:warn:wgl:display_funcs_init glTexCoord2dv not found.
0024:warn:wgl:display_funcs_init glTexCoord2f not found.
0024:warn:wgl:display_funcs_init glTexCoord2fv not found.
0024:warn:wgl:display_funcs_init glTexCoord2i not found.
0024:warn:wgl:display_funcs_init glTexCoord2iv not found.
0024:warn:wgl:display_funcs_init glTexCoord2s not found.
0024:warn:wgl:display_funcs_init glTexCoord2sv not found.
0024:warn:wgl:display_funcs_init glTexCoord3d not found.
0024:warn:wgl:display_funcs_init glTexCoord3dv not found.
0024:warn:wgl:display_funcs_init glTexCoord3f not found.
0024:warn:wgl:display_funcs_init glTexCoord3fv not found.
0024:warn:wgl:display_funcs_init glTexCoord3i not found.
0024:warn:wgl:display_funcs_init glTexCoord3iv not found.
0024:warn:wgl:display_funcs_init glTexCoord3s not found.
0024:warn:wgl:display_funcs_init glTexCoord3sv not found.
0024:warn:wgl:display_funcs_init glTexCoord4d not found.
0024:warn:wgl:display_funcs_init glTexCoord4dv not found.
0024:warn:wgl:display_funcs_init glTexCoord4f not found.
0024:warn:wgl:display_funcs_init glTexCoord4fv not found.
0024:warn:wgl:display_funcs_init glTexCoord4i not found.
0024:warn:wgl:display_funcs_init glTexCoord4iv not found.
0024:warn:wgl:display_funcs_init glTexCoord4s not found.
0024:warn:wgl:display_funcs_init glTexCoord4sv not found.
0024:warn:wgl:display_funcs_init glTexCoordPointer not found.
0024:warn:wgl:display_funcs_init glTexEnvf not found.
0024:warn:wgl:display_funcs_init glTexEnvfv not found.
0024:warn:wgl:display_funcs_init glTexEnvi not found.
0024:warn:wgl:display_funcs_init glTexEnviv not found.
0024:warn:wgl:display_funcs_init glTexGend not found.
0024:warn:wgl:display_funcs_init glTexGendv not found.
0024:warn:wgl:display_funcs_init glTexGenf not found.
0024:warn:wgl:display_funcs_init glTexGenfv not found.
0024:warn:wgl:display_funcs_init glTexGeni not found.
0024:warn:wgl:display_funcs_init glTexGeniv not found.
0024:warn:wgl:display_funcs_init glTexImage1D not found.
0024:warn:wgl:display_funcs_init glTexImage2D not found.
0024:warn:wgl:display_funcs_init glTexParameterf not found.
0024:warn:wgl:display_funcs_init glTexParameterfv not found.
0024:warn:wgl:display_funcs_init glTexParameteri not found.
0024:warn:wgl:display_funcs_init glTexParameteriv not found.
0024:warn:wgl:display_funcs_init glTexSubImage1D not found.
0024:warn:wgl:display_funcs_init glTexSubImage2D not found.
0024:warn:wgl:display_funcs_init glTranslated not found.
0024:warn:wgl:display_funcs_init glTranslatef not found.
0024:warn:wgl:display_funcs_init glVertex2d not found.
0024:warn:wgl:display_funcs_init glVertex2dv not found.
0024:warn:wgl:display_funcs_init glVertex2f not found.
0024:warn:wgl:display_funcs_init glVertex2fv not found.
0024:warn:wgl:display_funcs_init glVertex2i not found.
0024:warn:wgl:display_funcs_init glVertex2iv not found.
0024:warn:wgl:display_funcs_init glVertex2s not found.
0024:warn:wgl:display_funcs_init glVertex2sv not found.
0024:warn:wgl:display_funcs_init glVertex3d not found.
0024:warn:wgl:display_funcs_init glVertex3dv not found.
0024:warn:wgl:display_funcs_init glVertex3f not found.
0024:warn:wgl:display_funcs_init glVertex3fv not found.
0024:warn:wgl:display_funcs_init glVertex3i not found.
0024:warn:wgl:display_funcs_init glVertex3iv not found.
0024:warn:wgl:display_funcs_init glVertex3s not found.
0024:warn:wgl:display_funcs_init glVertex3sv not found.
0024:warn:wgl:display_funcs_init glVertex4d not found.
0024:warn:wgl:display_funcs_init glVertex4dv not found.
0024:warn:wgl:display_funcs_init glVertex4f not found.
0024:warn:wgl:display_funcs_init glVertex4fv not found.
0024:warn:wgl:display_funcs_init glVertex4i not found.
0024:warn:wgl:display_funcs_init glVertex4iv not found.
0024:warn:wgl:display_funcs_init glVertex4s not found.
0024:warn:wgl:display_funcs_init glVertex4sv not found.
0024:warn:wgl:display_funcs_init glVertexPointer not found.
0024:warn:wgl:display_funcs_init glViewport not found.
0024:warn:wgl:display_funcs_init glAccumxOES not found.
0024:warn:wgl:display_funcs_init glAcquireKeyedMutexWin32EXT not found.
0024:warn:wgl:display_funcs_init glActiveProgramEXT not found.
0024:warn:wgl:display_funcs_init glActiveShaderProgram not found.
0024:warn:wgl:display_funcs_init glActiveStencilFaceEXT not found.
0024:warn:wgl:display_funcs_init glActiveTexture not found.
0024:warn:wgl:display_funcs_init glActiveTextureARB not found.
0024:warn:wgl:display_funcs_init glActiveVaryingNV not found.
0024:warn:wgl:display_funcs_init glAlphaFragmentOp1ATI not found.
0024:warn:wgl:display_funcs_init glAlphaFragmentOp2ATI not found.
0024:warn:wgl:display_funcs_init glAlphaFragmentOp3ATI not found.
0024:warn:wgl:display_funcs_init glAlphaFuncQCOM not found.
0024:warn:wgl:display_funcs_init glAlphaFuncx not found.
0024:warn:wgl:display_funcs_init glAlphaFuncxOES not found.
0024:warn:wgl:display_funcs_init glAlphaToCoverageDitherControlNV not found.
0024:warn:wgl:display_funcs_init glApplyFramebufferAttachmentCMAAINTEL not found.
0024:warn:wgl:display_funcs_init glApplyTextureEXT not found.
0024:warn:wgl:display_funcs_init glAreProgramsResidentNV not found.
0024:warn:wgl:display_funcs_init glAreTexturesResidentEXT not found.
0024:warn:wgl:display_funcs_init glArrayElementEXT not found.
0024:warn:wgl:display_funcs_init glArrayObjectATI not found.
0024:warn:wgl:display_funcs_init glAsyncCopyBufferSubDataNVX not found.
0024:warn:wgl:display_funcs_init glAsyncCopyImageSubDataNVX not found.
0024:warn:wgl:display_funcs_init glAsyncMarkerSGIX not found.
0024:warn:wgl:display_funcs_init glAttachObjectARB not found.
0024:warn:wgl:display_funcs_init glAttachShader not found.
0024:warn:wgl:display_funcs_init glBeginConditionalRender not found.
0024:warn:wgl:display_funcs_init glBeginConditionalRenderNV not found.
0024:warn:wgl:display_funcs_init glBeginConditionalRenderNVX not found.
0024:warn:wgl:display_funcs_init glBeginFragmentShaderATI not found.
0024:warn:wgl:display_funcs_init glBeginOcclusionQueryNV not found.
0024:warn:wgl:display_funcs_init glBeginPerfMonitorAMD not found.
0024:warn:wgl:display_funcs_init glBeginPerfQueryINTEL not found.
0024:warn:wgl:display_funcs_init glBeginQuery not found.
0024:warn:wgl:display_funcs_init glBeginQueryARB not found.
0024:warn:wgl:display_funcs_init glBeginQueryEXT not found.
0024:warn:wgl:display_funcs_init glBeginQueryIndexed not found.
0024:warn:wgl:display_funcs_init glBeginTransformFeedback not found.
0024:warn:wgl:display_funcs_init glBeginTransformFeedbackEXT not found.
0024:warn:wgl:display_funcs_init glBeginTransformFeedbackNV not found.
0024:warn:wgl:display_funcs_init glBeginVertexShaderEXT not found.
0024:warn:wgl:display_funcs_init glBeginVideoCaptureNV not found.
0024:warn:wgl:display_funcs_init glBindAttribLocation not found.
0024:warn:wgl:display_funcs_init glBindAttribLocationARB not found.
0024:warn:wgl:display_funcs_init glBindBuffer not found.
0024:warn:wgl:display_funcs_init glBindBufferARB not found.
0024:warn:wgl:display_funcs_init glBindBufferBase not found.
0024:warn:wgl:display_funcs_init glBindBufferBaseEXT not found.
0024:warn:wgl:display_funcs_init glBindBufferBaseNV not found.
0024:warn:wgl:display_funcs_init glBindBufferOffsetEXT not found.
0024:warn:wgl:display_funcs_init glBindBufferOffsetNV not found.
0024:warn:wgl:display_funcs_init glBindBufferRange not found.
0024:warn:wgl:display_funcs_init glBindBufferRangeEXT not found.
0024:warn:wgl:display_funcs_init glBindBufferRangeNV not found.
0024:warn:wgl:display_funcs_init glBindBuffersBase not found.
0024:warn:wgl:display_funcs_init glBindBuffersRange not found.
0024:warn:wgl:display_funcs_init glBindFragDataLocation not found.
0024:warn:wgl:display_funcs_init glBindFragDataLocationEXT not found.
0024:warn:wgl:display_funcs_init glBindFragDataLocationIndexed not found.
0024:warn:wgl:display_funcs_init glBindFragDataLocationIndexedEXT not found.
0024:warn:wgl:display_funcs_init glBindFragmentShaderATI not found.
0024:warn:wgl:display_funcs_init glBindFramebuffer not found.
0024:warn:wgl:display_funcs_init glBindFramebufferEXT not found.
0024:warn:wgl:display_funcs_init glBindFramebufferOES not found.
0024:warn:wgl:display_funcs_init glBindImageTexture not found.
0024:warn:wgl:display_funcs_init glBindImageTextureEXT not found.
0024:warn:wgl:display_funcs_init glBindImageTextures not found.
0024:warn:wgl:display_funcs_init glBindLightParameterEXT not found.
0024:warn:wgl:display_funcs_init glBindMaterialParameterEXT not found.
0024:warn:wgl:display_funcs_init glBindMultiTextureEXT not found.
0024:warn:wgl:display_funcs_init glBindParameterEXT not found.
0024:warn:wgl:display_funcs_init glBindProgramARB not found.
0024:warn:wgl:display_funcs_init glBindProgramNV not found.
0024:warn:wgl:display_funcs_init glBindProgramPipeline not found.
0024:warn:wgl:display_funcs_init glBindRenderbuffer not found.
0024:warn:wgl:display_funcs_init glBindRenderbufferEXT not found.
0024:warn:wgl:display_funcs_init glBindRenderbufferOES not found.
0024:warn:wgl:display_funcs_init glBindSampler not found.
0024:warn:wgl:display_funcs_init glBindSamplers not found.
0024:warn:wgl:display_funcs_init glBindShadingRateImageNV not found.
0024:warn:wgl:display_funcs_init glBindTexGenParameterEXT not found.
0024:warn:wgl:display_funcs_init glBindTextureEXT not found.
0024:warn:wgl:display_funcs_init glBindTextureUnit not found.
0024:warn:wgl:display_funcs_init glBindTextureUnitParameterEXT not found.
0024:warn:wgl:display_funcs_init glBindTextures not found.
0024:warn:wgl:display_funcs_init glBindTransformFeedback not found.
0024:warn:wgl:display_funcs_init glBindTransformFeedbackNV not found.
0024:warn:wgl:display_funcs_init glBindVertexArray not found.
0024:warn:wgl:display_funcs_init glBindVertexArrayAPPLE not found.
0024:warn:wgl:display_funcs_init glBindVertexArrayOES not found.
0024:warn:wgl:display_funcs_init glBindVertexBuffer not found.
0024:warn:wgl:display_funcs_init glBindVertexBuffers not found.
0024:warn:wgl:display_funcs_init glBindVertexShaderEXT not found.
0024:warn:wgl:display_funcs_init glBindVideoCaptureStreamBufferNV not found.
0024:warn:wgl:display_funcs_init glBindVideoCaptureStreamTextureNV not found.
0024:warn:wgl:display_funcs_init glBinormal3bEXT not found.
0024:warn:wgl:display_funcs_init glBinormal3bvEXT not found.
0024:warn:wgl:display_funcs_init glBinormal3dEXT not found.
0024:warn:wgl:display_funcs_init glBinormal3dvEXT not found.
0024:warn:wgl:display_funcs_init glBinormal3fEXT not found.
0024:warn:wgl:display_funcs_init glBinormal3fvEXT not found.
0024:warn:wgl:display_funcs_init glBinormal3iEXT not found.
0024:warn:wgl:display_funcs_init glBinormal3ivEXT not found.
0024:warn:wgl:display_funcs_init glBinormal3sEXT not found.
0024:warn:wgl:display_funcs_init glBinormal3svEXT not found.
0024:warn:wgl:display_funcs_init glBinormalPointerEXT not found.
0024:warn:wgl:display_funcs_init glBitmapxOES not found.
0024:warn:wgl:display_funcs_init glBlendBarrier not found.
0024:warn:wgl:display_funcs_init glBlendBarrierKHR not found.
0024:warn:wgl:display_funcs_init glBlendBarrierNV not found.
0024:warn:wgl:display_funcs_init glBlendColor not found.
0024:warn:wgl:display_funcs_init glBlendColorEXT not found.
0024:warn:wgl:display_funcs_init glBlendColorxOES not found.
0024:warn:wgl:display_funcs_init glBlendEquation not found.
0024:warn:wgl:display_funcs_init glBlendEquationEXT not found.
0024:warn:wgl:display_funcs_init glBlendEquationIndexedAMD not found.
0024:warn:wgl:display_funcs_init glBlendEquationOES not found.
0024:warn:wgl:display_funcs_init glBlendEquationSeparate not found.
0024:warn:wgl:display_funcs_init glBlendEquationSeparateEXT not found.
0024:warn:wgl:display_funcs_init glBlendEquationSeparateIndexedAMD not found.
0024:warn:wgl:display_funcs_init glBlendEquationSeparateOES not found.
0024:warn:wgl:display_funcs_init glBlendEquationSeparatei not found.
0024:warn:wgl:display_funcs_init glBlendEquationSeparateiARB not found.
0024:warn:wgl:display_funcs_init glBlendEquationSeparateiEXT not found.
0024:warn:wgl:display_funcs_init glBlendEquationSeparateiOES not found.
0024:warn:wgl:display_funcs_init glBlendEquationi not found.
0024:warn:wgl:display_funcs_init glBlendEquationiARB not found.
0024:warn:wgl:display_funcs_init glBlendEquationiEXT not found.
0024:warn:wgl:display_funcs_init glBlendEquationiOES not found.
0024:warn:wgl:display_funcs_init glBlendFuncIndexedAMD not found.
0024:warn:wgl:display_funcs_init glBlendFuncSeparate not found.
0024:warn:wgl:display_funcs_init glBlendFuncSeparateEXT not found.
0024:warn:wgl:display_funcs_init glBlendFuncSeparateINGR not found.
0024:warn:wgl:display_funcs_init glBlendFuncSeparateIndexedAMD not found.
0024:warn:wgl:display_funcs_init glBlendFuncSeparateOES not found.
0024:warn:wgl:display_funcs_init glBlendFuncSeparatei not found.
0024:warn:wgl:display_funcs_init glBlendFuncSeparateiARB not found.
0024:warn:wgl:display_funcs_init glBlendFuncSeparateiEXT not found.
0024:warn:wgl:display_funcs_init glBlendFuncSeparateiOES not found.
0024:warn:wgl:display_funcs_init glBlendFunci not found.
0024:warn:wgl:display_funcs_init glBlendFunciARB not found.
0024:warn:wgl:display_funcs_init glBlendFunciEXT not found.
0024:warn:wgl:display_funcs_init glBlendFunciOES not found.
0024:warn:wgl:display_funcs_init glBlendParameteriNV not found.
0024:warn:wgl:display_funcs_init glBlitFramebuffer not found.
0024:warn:wgl:display_funcs_init glBlitFramebufferANGLE not found.
0024:warn:wgl:display_funcs_init glBlitFramebufferEXT not found.
0024:warn:wgl:display_funcs_init glBlitFramebufferLayerEXT not found.
0024:warn:wgl:display_funcs_init glBlitFramebufferLayersEXT not found.
0024:warn:wgl:display_funcs_init glBlitFramebufferNV not found.
0024:warn:wgl:display_funcs_init glBlitNamedFramebuffer not found.
0024:warn:wgl:display_funcs_init glBufferAddressRangeNV not found.
0024:warn:wgl:display_funcs_init glBufferAttachMemoryNV not found.
0024:warn:wgl:display_funcs_init glBufferData not found.
0024:warn:wgl:display_funcs_init glBufferDataARB not found.
0024:warn:wgl:display_funcs_init glBufferPageCommitmentARB not found.
0024:warn:wgl:display_funcs_init glBufferPageCommitmentMemNV not found.
0024:warn:wgl:display_funcs_init glBufferParameteriAPPLE not found.
0024:warn:wgl:display_funcs_init glBufferRegionEnabled not found.
0024:warn:wgl:display_funcs_init glBufferStorage not found.
0024:warn:wgl:display_funcs_init glBufferStorageEXT not found.
0024:warn:wgl:display_funcs_init glBufferStorageMemEXT not found.
0024:warn:wgl:display_funcs_init glBufferSubData not found.
0024:warn:wgl:display_funcs_init glBufferSubDataARB not found.
0024:warn:wgl:display_funcs_init glCallCommandListNV not found.
0024:warn:wgl:display_funcs_init glCheckFramebufferStatus not found.
0024:warn:wgl:display_funcs_init glCheckFramebufferStatusEXT not found.
0024:warn:wgl:display_funcs_init glCheckFramebufferStatusOES not found.
0024:warn:wgl:display_funcs_init glCheckNamedFramebufferStatus not found.
0024:warn:wgl:display_funcs_init glCheckNamedFramebufferStatusEXT not found.
0024:warn:wgl:display_funcs_init glClampColor not found.
0024:warn:wgl:display_funcs_init glClampColorARB not found.
0024:warn:wgl:display_funcs_init glClearAccumxOES not found.
0024:warn:wgl:display_funcs_init glClearBufferData not found.
0024:warn:wgl:display_funcs_init glClearBufferSubData not found.
0024:warn:wgl:display_funcs_init glClearBufferfi not found.
0024:warn:wgl:display_funcs_init glClearBufferfv not found.
0024:warn:wgl:display_funcs_init glClearBufferiv not found.
0024:warn:wgl:display_funcs_init glClearBufferuiv not found.
0024:warn:wgl:display_funcs_init glClearColorIiEXT not found.
0024:warn:wgl:display_funcs_init glClearColorIuiEXT not found.
0024:warn:wgl:display_funcs_init glClearColorx not found.
0024:warn:wgl:display_funcs_init glClearColorxOES not found.
0024:warn:wgl:display_funcs_init glClearDepthdNV not found.
0024:warn:wgl:display_funcs_init glClearDepthf not found.
0024:warn:wgl:display_funcs_init glClearDepthfOES not found.
0024:warn:wgl:display_funcs_init glClearDepthx not found.
0024:warn:wgl:display_funcs_init glClearDepthxOES not found.
0024:warn:wgl:display_funcs_init glClearNamedBufferData not found.
0024:warn:wgl:display_funcs_init glClearNamedBufferDataEXT not found.
0024:warn:wgl:display_funcs_init glClearNamedBufferSubData not found.
0024:warn:wgl:display_funcs_init glClearNamedBufferSubDataEXT not found.
0024:warn:wgl:display_funcs_init glClearNamedFramebufferfi not found.
0024:warn:wgl:display_funcs_init glClearNamedFramebufferfv not found.
0024:warn:wgl:display_funcs_init glClearNamedFramebufferiv not found.
0024:warn:wgl:display_funcs_init glClearNamedFramebufferuiv not found.
0024:warn:wgl:display_funcs_init glClearPixelLocalStorageuiEXT not found.
0024:warn:wgl:display_funcs_init glClearTexImage not found.
0024:warn:wgl:display_funcs_init glClearTexImageEXT not found.
0024:warn:wgl:display_funcs_init glClearTexSubImage not found.
0024:warn:wgl:display_funcs_init glClearTexSubImageEXT not found.
0024:warn:wgl:display_funcs_init glClientActiveTexture not found.
0024:warn:wgl:display_funcs_init glClientActiveTextureARB not found.
0024:warn:wgl:display_funcs_init glClientActiveVertexStreamATI not found.
0024:warn:wgl:display_funcs_init glClientAttribDefaultEXT not found.
0024:warn:wgl:display_funcs_init glClientWaitSemaphoreui64NVX not found.
0024:warn:wgl:display_funcs_init glClientWaitSync not found.
0024:warn:wgl:display_funcs_init glClientWaitSyncAPPLE not found.
0024:warn:wgl:display_funcs_init glClipControl not found.
0024:warn:wgl:display_funcs_init glClipControlEXT not found.
0024:warn:wgl:display_funcs_init glClipPlanef not found.
0024:warn:wgl:display_funcs_init glClipPlanefIMG not found.
0024:warn:wgl:display_funcs_init glClipPlanefOES not found.
0024:warn:wgl:display_funcs_init glClipPlanex not found.
0024:warn:wgl:display_funcs_init glClipPlanexIMG not found.
0024:warn:wgl:display_funcs_init glClipPlanexOES not found.
0024:warn:wgl:display_funcs_init glColor3fVertex3fSUN not found.
0024:warn:wgl:display_funcs_init glColor3fVertex3fvSUN not found.
0024:warn:wgl:display_funcs_init glColor3hNV not found.
0024:warn:wgl:display_funcs_init glColor3hvNV not found.
0024:warn:wgl:display_funcs_init glColor3xOES not found.
0024:warn:wgl:display_funcs_init glColor3xvOES not found.
0024:warn:wgl:display_funcs_init glColor4fNormal3fVertex3fSUN not found.
0024:warn:wgl:display_funcs_init glColor4fNormal3fVertex3fvSUN not found.
0024:warn:wgl:display_funcs_init glColor4hNV not found.
0024:warn:wgl:display_funcs_init glColor4hvNV not found.
0024:warn:wgl:display_funcs_init glColor4ubVertex2fSUN not found.
0024:warn:wgl:display_funcs_init glColor4ubVertex2fvSUN not found.
0024:warn:wgl:display_funcs_init glColor4ubVertex3fSUN not found.
0024:warn:wgl:display_funcs_init glColor4ubVertex3fvSUN not found.
0024:warn:wgl:display_funcs_init glColor4x not found.
0024:warn:wgl:display_funcs_init glColor4xOES not found.
0024:warn:wgl:display_funcs_init glColor4xvOES not found.
0024:warn:wgl:display_funcs_init glColorFormatNV not found.
0024:warn:wgl:display_funcs_init glColorFragmentOp1ATI not found.
0024:warn:wgl:display_funcs_init glColorFragmentOp2ATI not found.
0024:warn:wgl:display_funcs_init glColorFragmentOp3ATI not found.
0024:warn:wgl:display_funcs_init glColorMaskIndexedEXT not found.
0024:warn:wgl:display_funcs_init glColorMaski not found.
0024:warn:wgl:display_funcs_init glColorMaskiEXT not found.
0024:warn:wgl:display_funcs_init glColorMaskiOES not found.
0024:warn:wgl:display_funcs_init glColorP3ui not found.
0024:warn:wgl:display_funcs_init glColorP3uiv not found.
0024:warn:wgl:display_funcs_init glColorP4ui not found.
0024:warn:wgl:display_funcs_init glColorP4uiv not found.
0024:warn:wgl:display_funcs_init glColorPointerEXT not found.
0024:warn:wgl:display_funcs_init glColorPointerListIBM not found.
0024:warn:wgl:display_funcs_init glColorPointervINTEL not found.
0024:warn:wgl:display_funcs_init glColorSubTable not found.
0024:warn:wgl:display_funcs_init glColorSubTableEXT not found.
0024:warn:wgl:display_funcs_init glColorTable not found.
0024:warn:wgl:display_funcs_init glColorTableEXT not found.
0024:warn:wgl:display_funcs_init glColorTableParameterfv not found.
0024:warn:wgl:display_funcs_init glColorTableParameterfvSGI not found.
0024:warn:wgl:display_funcs_init glColorTableParameteriv not found.
0024:warn:wgl:display_funcs_init glColorTableParameterivSGI not found.
0024:warn:wgl:display_funcs_init glColorTableSGI not found.
0024:warn:wgl:display_funcs_init glCombinerInputNV not found.
0024:warn:wgl:display_funcs_init glCombinerOutputNV not found.
0024:warn:wgl:display_funcs_init glCombinerParameterfNV not found.
0024:warn:wgl:display_funcs_init glCombinerParameterfvNV not found.
0024:warn:wgl:display_funcs_init glCombinerParameteriNV not found.
0024:warn:wgl:display_funcs_init glCombinerParameterivNV not found.
0024:warn:wgl:display_funcs_init glCombinerStageParameterfvNV not found.
0024:warn:wgl:display_funcs_init glCommandListSegmentsNV not found.
0024:warn:wgl:display_funcs_init glCompileCommandListNV not found.
0024:warn:wgl:display_funcs_init glCompileShader not found.
0024:warn:wgl:display_funcs_init glCompileShaderARB not found.
0024:warn:wgl:display_funcs_init glCompileShaderIncludeARB not found.
0024:warn:wgl:display_funcs_init glCompressedMultiTexImage1DEXT not found.
0024:warn:wgl:display_funcs_init glCompressedMultiTexImage2DEXT not found.
0024:warn:wgl:display_funcs_init glCompressedMultiTexImage3DEXT not found.
0024:warn:wgl:display_funcs_init glCompressedMultiTexSubImage1DEXT not found.
0024:warn:wgl:display_funcs_init glCompressedMultiTexSubImage2DEXT not found.
0024:warn:wgl:display_funcs_init glCompressedMultiTexSubImage3DEXT not found.
0024:warn:wgl:display_funcs_init glCompressedTexImage1D not found.
0024:warn:wgl:display_funcs_init glCompressedTexImage1DARB not found.
0024:warn:wgl:display_funcs_init glCompressedTexImage2D not found.
0024:warn:wgl:display_funcs_init glCompressedTexImage2DARB not found.
0024:warn:wgl:display_funcs_init glCompressedTexImage3D not found.
0024:warn:wgl:display_funcs_init glCompressedTexImage3DARB not found.
0024:warn:wgl:display_funcs_init glCompressedTexImage3DOES not found.
0024:warn:wgl:display_funcs_init glCompressedTexSubImage1D not found.
0024:warn:wgl:display_funcs_init glCompressedTexSubImage1DARB not found.
0024:warn:wgl:display_funcs_init glCompressedTexSubImage2D not found.
0024:warn:wgl:display_funcs_init glCompressedTexSubImage2DARB not found.
0024:warn:wgl:display_funcs_init glCompressedTexSubImage3D not found.
0024:warn:wgl:display_funcs_init glCompressedTexSubImage3DARB not found.
0024:warn:wgl:display_funcs_init glCompressedTexSubImage3DOES not found.
0024:warn:wgl:display_funcs_init glCompressedTextureImage1DEXT not found.
0024:warn:wgl:display_funcs_init glCompressedTextureImage2DEXT not found.
0024:warn:wgl:display_funcs_init glCompressedTextureImage3DEXT not found.
0024:warn:wgl:display_funcs_init glCompressedTextureSubImage1D not found.
0024:warn:wgl:display_funcs_init glCompressedTextureSubImage1DEXT not found.
0024:warn:wgl:display_funcs_init glCompressedTextureSubImage2D not found.
0024:warn:wgl:display_funcs_init glCompressedTextureSubImage2DEXT not found.
0024:warn:wgl:display_funcs_init glCompressedTextureSubImage3D not found.
0024:warn:wgl:display_funcs_init glCompressedTextureSubImage3DEXT not found.
0024:warn:wgl:display_funcs_init glConservativeRasterParameterfNV not found.
0024:warn:wgl:display_funcs_init glConservativeRasterParameteriNV not found.
0024:warn:wgl:display_funcs_init glConvolutionFilter1D not found.
0024:warn:wgl:display_funcs_init glConvolutionFilter1DEXT not found.
0024:warn:wgl:display_funcs_init glConvolutionFilter2D not found.
0024:warn:wgl:display_funcs_init glConvolutionFilter2DEXT not found.
0024:warn:wgl:display_funcs_init glConvolutionParameterf not found.
0024:warn:wgl:display_funcs_init glConvolutionParameterfEXT not found.
0024:warn:wgl:display_funcs_init glConvolutionParameterfv not found.
0024:warn:wgl:display_funcs_init glConvolutionParameterfvEXT not found.
0024:warn:wgl:display_funcs_init glConvolutionParameteri not found.
0024:warn:wgl:display_funcs_init glConvolutionParameteriEXT not found.
0024:warn:wgl:display_funcs_init glConvolutionParameteriv not found.
0024:warn:wgl:display_funcs_init glConvolutionParameterivEXT not found.
0024:warn:wgl:display_funcs_init glConvolutionParameterxOES not found.
0024:warn:wgl:display_funcs_init glConvolutionParameterxvOES not found.
0024:warn:wgl:display_funcs_init glCopyBufferSubData not found.
0024:warn:wgl:display_funcs_init glCopyBufferSubDataNV not found.
0024:warn:wgl:display_funcs_init glCopyColorSubTable not found.
0024:warn:wgl:display_funcs_init glCopyColorSubTableEXT not found.
0024:warn:wgl:display_funcs_init glCopyColorTable not found.
0024:warn:wgl:display_funcs_init glCopyColorTableSGI not found.
0024:warn:wgl:display_funcs_init glCopyConvolutionFilter1D not found.
0024:warn:wgl:display_funcs_init glCopyConvolutionFilter1DEXT not found.
0024:warn:wgl:display_funcs_init glCopyConvolutionFilter2D not found.
0024:warn:wgl:display_funcs_init glCopyConvolutionFilter2DEXT not found.
0024:warn:wgl:display_funcs_init glCopyImageSubData not found.
0024:warn:wgl:display_funcs_init glCopyImageSubDataEXT not found.
0024:warn:wgl:display_funcs_init glCopyImageSubDataNV not found.
0024:warn:wgl:display_funcs_init glCopyImageSubDataOES not found.
0024:warn:wgl:display_funcs_init glCopyMultiTexImage1DEXT not found.
0024:warn:wgl:display_funcs_init glCopyMultiTexImage2DEXT not found.
0024:warn:wgl:display_funcs_init glCopyMultiTexSubImage1DEXT not found.
0024:warn:wgl:display_funcs_init glCopyMultiTexSubImage2DEXT not found.
0024:warn:wgl:display_funcs_init glCopyMultiTexSubImage3DEXT not found.
0024:warn:wgl:display_funcs_init glCopyNamedBufferSubData not found.
0024:warn:wgl:display_funcs_init glCopyPathNV not found.
0024:warn:wgl:display_funcs_init glCopyTexImage1DEXT not found.
0024:warn:wgl:display_funcs_init glCopyTexImage2DEXT not found.
0024:warn:wgl:display_funcs_init glCopyTexSubImage1DEXT not found.
0024:warn:wgl:display_funcs_init glCopyTexSubImage2DEXT not found.
0024:warn:wgl:display_funcs_init glCopyTexSubImage3D not found.
0024:warn:wgl:display_funcs_init glCopyTexSubImage3DEXT not found.
0024:warn:wgl:display_funcs_init glCopyTexSubImage3DOES not found.
0024:warn:wgl:display_funcs_init glCopyTextureImage1DEXT not found.
0024:warn:wgl:display_funcs_init glCopyTextureImage2DEXT not found.
0024:warn:wgl:display_funcs_init glCopyTextureLevelsAPPLE not found.
0024:warn:wgl:display_funcs_init glCopyTextureSubImage1D not found.
0024:warn:wgl:display_funcs_init glCopyTextureSubImage1DEXT not found.
0024:warn:wgl:display_funcs_init glCopyTextureSubImage2D not found.
0024:warn:wgl:display_funcs_init glCopyTextureSubImage2DEXT not found.
0024:warn:wgl:display_funcs_init glCopyTextureSubImage3D not found.
0024:warn:wgl:display_funcs_init glCopyTextureSubImage3DEXT not found.
0024:warn:wgl:display_funcs_init glCoverFillPathInstancedNV not found.
0024:warn:wgl:display_funcs_init glCoverFillPathNV not found.
0024:warn:wgl:display_funcs_init glCoverStrokePathInstancedNV not found.
0024:warn:wgl:display_funcs_init glCoverStrokePathNV not found.
0024:warn:wgl:display_funcs_init glCoverageMaskNV not found.
0024:warn:wgl:display_funcs_init glCoverageModulationNV not found.
0024:warn:wgl:display_funcs_init glCoverageModulationTableNV not found.
0024:warn:wgl:display_funcs_init glCoverageOperationNV not found.
0024:warn:wgl:display_funcs_init glCreateBuffers not found.
0024:warn:wgl:display_funcs_init glCreateCommandListsNV not found.
0024:warn:wgl:display_funcs_init glCreateFramebuffers not found.
0024:warn:wgl:display_funcs_init glCreateMemoryObjectsEXT not found.
0024:warn:wgl:display_funcs_init glCreatePerfQueryINTEL not found.
0024:warn:wgl:display_funcs_init glCreateProgram not found.
0024:warn:wgl:display_funcs_init glCreateProgramObjectARB not found.
0024:warn:wgl:display_funcs_init glCreateProgramPipelines not found.
0024:warn:wgl:display_funcs_init glCreateProgressFenceNVX not found.
0024:warn:wgl:display_funcs_init glCreateQueries not found.
0024:warn:wgl:display_funcs_init glCreateRenderbuffers not found.
0024:warn:wgl:display_funcs_init glCreateSamplers not found.
0024:warn:wgl:display_funcs_init glCreateSemaphoresNV not found.
0024:warn:wgl:display_funcs_init glCreateShader not found.
0024:warn:wgl:display_funcs_init glCreateShaderObjectARB not found.
0024:warn:wgl:display_funcs_init glCreateShaderProgramEXT not found.
0024:warn:wgl:display_funcs_init glCreateShaderProgramv not found.
0024:warn:wgl:display_funcs_init glCreateStatesNV not found.
0024:warn:wgl:display_funcs_init glCreateSyncFromCLeventARB not found.
0024:warn:wgl:display_funcs_init glCreateTextures not found.
0024:warn:wgl:display_funcs_init glCreateTransformFeedbacks not found.
0024:warn:wgl:display_funcs_init glCreateVertexArrays not found.
0024:warn:wgl:display_funcs_init glCullParameterdvEXT not found.
0024:warn:wgl:display_funcs_init glCullParameterfvEXT not found.
0024:warn:wgl:display_funcs_init glCurrentPaletteMatrixARB not found.
0024:warn:wgl:display_funcs_init glCurrentPaletteMatrixOES not found.
0024:warn:wgl:display_funcs_init glDebugMessageCallback not found.
0024:warn:wgl:display_funcs_init glDebugMessageCallbackAMD not found.
0024:warn:wgl:display_funcs_init glDebugMessageCallbackARB not found.
0024:warn:wgl:display_funcs_init glDebugMessageControl not found.
0024:warn:wgl:display_funcs_init glDebugMessageControlARB not found.
0024:warn:wgl:display_funcs_init glDebugMessageEnableAMD not found.
0024:warn:wgl:display_funcs_init glDebugMessageInsert not found.
0024:warn:wgl:display_funcs_init glDebugMessageInsertAMD not found.
0024:warn:wgl:display_funcs_init glDebugMessageInsertARB not found.
0024:warn:wgl:display_funcs_init glDeformSGIX not found.
0024:warn:wgl:display_funcs_init glDeformationMap3dSGIX not found.
0024:warn:wgl:display_funcs_init glDeformationMap3fSGIX not found.
0024:warn:wgl:display_funcs_init glDeleteAsyncMarkersSGIX not found.
0024:warn:wgl:display_funcs_init glDeleteBufferRegion not found.
0024:warn:wgl:display_funcs_init glDeleteBuffers not found.
0024:warn:wgl:display_funcs_init glDeleteBuffersARB not found.
0024:warn:wgl:display_funcs_init glDeleteCommandListsNV not found.
0024:warn:wgl:display_funcs_init glDeleteFencesAPPLE not found.
0024:warn:wgl:display_funcs_init glDeleteFencesNV not found.
0024:warn:wgl:display_funcs_init glDeleteFragmentShaderATI not found.
0024:warn:wgl:display_funcs_init glDeleteFramebuffers not found.
0024:warn:wgl:display_funcs_init glDeleteFramebuffersEXT not found.
0024:warn:wgl:display_funcs_init glDeleteFramebuffersOES not found.
0024:warn:wgl:display_funcs_init glDeleteMemoryObjectsEXT not found.
0024:warn:wgl:display_funcs_init glDeleteNamedStringARB not found.
0024:warn:wgl:display_funcs_init glDeleteNamesAMD not found.
0024:warn:wgl:display_funcs_init glDeleteObjectARB not found.
0024:warn:wgl:display_funcs_init glDeleteObjectBufferATI not found.
0024:warn:wgl:display_funcs_init glDeleteOcclusionQueriesNV not found.
0024:warn:wgl:display_funcs_init glDeletePathsNV not found.
0024:warn:wgl:display_funcs_init glDeletePerfMonitorsAMD not found.
0024:warn:wgl:display_funcs_init glDeletePerfQueryINTEL not found.
0024:warn:wgl:display_funcs_init glDeleteProgram not found.
0024:warn:wgl:display_funcs_init glDeleteProgramPipelines not found.
0024:warn:wgl:display_funcs_init glDeleteProgramsARB not found.
0024:warn:wgl:display_funcs_init glDeleteProgramsNV not found.
0024:warn:wgl:display_funcs_init glDeleteQueries not found.
0024:warn:wgl:display_funcs_init glDeleteQueriesARB not found.
0024:warn:wgl:display_funcs_init glDeleteQueriesEXT not found.
0024:warn:wgl:display_funcs_init glDeleteQueryResourceTagNV not found.
0024:warn:wgl:display_funcs_init glDeleteRenderbuffers not found.
0024:warn:wgl:display_funcs_init glDeleteRenderbuffersEXT not found.
0024:warn:wgl:display_funcs_init glDeleteRenderbuffersOES not found.
0024:warn:wgl:display_funcs_init glDeleteSamplers not found.
0024:warn:wgl:display_funcs_init glDeleteSemaphoresEXT not found.
0024:warn:wgl:display_funcs_init glDeleteShader not found.
0024:warn:wgl:display_funcs_init glDeleteStatesNV not found.
0024:warn:wgl:display_funcs_init glDeleteSync not found.
0024:warn:wgl:display_funcs_init glDeleteSyncAPPLE not found.
0024:warn:wgl:display_funcs_init glDeleteTexturesEXT not found.
0024:warn:wgl:display_funcs_init glDeleteTransformFeedbacks not found.
0024:warn:wgl:display_funcs_init glDeleteTransformFeedbacksNV not found.
0024:warn:wgl:display_funcs_init glDeleteVertexArrays not found.
0024:warn:wgl:display_funcs_init glDeleteVertexArraysAPPLE not found.
0024:warn:wgl:display_funcs_init glDeleteVertexArraysOES not found.
0024:warn:wgl:display_funcs_init glDeleteVertexShaderEXT not found.
0024:warn:wgl:display_funcs_init glDepthBoundsEXT not found.
0024:warn:wgl:display_funcs_init glDepthBoundsdNV not found.
0024:warn:wgl:display_funcs_init glDepthRangeArraydvNV not found.
0024:warn:wgl:display_funcs_init glDepthRangeArrayfvNV not found.
0024:warn:wgl:display_funcs_init glDepthRangeArrayfvOES not found.
0024:warn:wgl:display_funcs_init glDepthRangeArrayv not found.
0024:warn:wgl:display_funcs_init glDepthRangeIndexed not found.
0024:warn:wgl:display_funcs_init glDepthRangeIndexeddNV not found.
0024:warn:wgl:display_funcs_init glDepthRangeIndexedfNV not found.
0024:warn:wgl:display_funcs_init glDepthRangeIndexedfOES not found.
0024:warn:wgl:display_funcs_init glDepthRangedNV not found.
0024:warn:wgl:display_funcs_init glDepthRangef not found.
0024:warn:wgl:display_funcs_init glDepthRangefOES not found.
0024:warn:wgl:display_funcs_init glDepthRangex not found.
0024:warn:wgl:display_funcs_init glDepthRangexOES not found.
0024:warn:wgl:display_funcs_init glDetachObjectARB not found.
0024:warn:wgl:display_funcs_init glDetachShader not found.
0024:warn:wgl:display_funcs_init glDetailTexFuncSGIS not found.
0024:warn:wgl:display_funcs_init glDisableClientStateIndexedEXT not found.
0024:warn:wgl:display_funcs_init glDisableClientStateiEXT not found.
0024:warn:wgl:display_funcs_init glDisableDriverControlQCOM not found.
0024:warn:wgl:display_funcs_init glDisableIndexedEXT not found.
0024:warn:wgl:display_funcs_init glDisableVariantClientStateEXT not found.
0024:warn:wgl:display_funcs_init glDisableVertexArrayAttrib not found.
0024:warn:wgl:display_funcs_init glDisableVertexArrayAttribEXT not found.
0024:warn:wgl:display_funcs_init glDisableVertexArrayEXT not found.
0024:warn:wgl:display_funcs_init glDisableVertexAttribAPPLE not found.
0024:warn:wgl:display_funcs_init glDisableVertexAttribArray not found.
0024:warn:wgl:display_funcs_init glDisableVertexAttribArrayARB not found.
0024:warn:wgl:display_funcs_init glDisablei not found.
0024:warn:wgl:display_funcs_init glDisableiEXT not found.
0024:warn:wgl:display_funcs_init glDisableiNV not found.
0024:warn:wgl:display_funcs_init glDisableiOES not found.
0024:warn:wgl:display_funcs_init glDiscardFramebufferEXT not found.
0024:warn:wgl:display_funcs_init glDispatchCompute not found.
0024:warn:wgl:display_funcs_init glDispatchComputeGroupSizeARB not found.
0024:warn:wgl:display_funcs_init glDispatchComputeIndirect not found.
0024:warn:wgl:display_funcs_init glDrawArraysEXT not found.
0024:warn:wgl:display_funcs_init glDrawArraysIndirect not found.
0024:warn:wgl:display_funcs_init glDrawArraysInstanced not found.
0024:warn:wgl:display_funcs_init glDrawArraysInstancedANGLE not found.
0024:warn:wgl:display_funcs_init glDrawArraysInstancedARB not found.
0024:warn:wgl:display_funcs_init glDrawArraysInstancedBaseInstance not found.
0024:warn:wgl:display_funcs_init glDrawArraysInstancedBaseInstanceEXT not found.
0024:warn:wgl:display_funcs_init glDrawArraysInstancedEXT not found.
0024:warn:wgl:display_funcs_init glDrawArraysInstancedNV not found.
0024:warn:wgl:display_funcs_init glDrawBufferRegion not found.
0024:warn:wgl:display_funcs_init glDrawBuffers not found.
0024:warn:wgl:display_funcs_init glDrawBuffersARB not found.
0024:warn:wgl:display_funcs_init glDrawBuffersATI not found.
0024:warn:wgl:display_funcs_init glDrawBuffersEXT not found.
0024:warn:wgl:display_funcs_init glDrawBuffersIndexedEXT not found.
0024:warn:wgl:display_funcs_init glDrawBuffersNV not found.
0024:warn:wgl:display_funcs_init glDrawCommandsAddressNV not found.
0024:warn:wgl:display_funcs_init glDrawCommandsNV not found.
0024:warn:wgl:display_funcs_init glDrawCommandsStatesAddressNV not found.
0024:warn:wgl:display_funcs_init glDrawCommandsStatesNV not found.
0024:warn:wgl:display_funcs_init glDrawElementArrayAPPLE not found.
0024:warn:wgl:display_funcs_init glDrawElementArrayATI not found.
0024:warn:wgl:display_funcs_init glDrawElementsBaseVertex not found.
0024:warn:wgl:display_funcs_init glDrawElementsBaseVertexEXT not found.
0024:warn:wgl:display_funcs_init glDrawElementsBaseVertexOES not found.
0024:warn:wgl:display_funcs_init glDrawElementsIndirect not found.
0024:warn:wgl:display_funcs_init glDrawElementsInstanced not found.
0024:warn:wgl:display_funcs_init glDrawElementsInstancedANGLE not found.
0024:warn:wgl:display_funcs_init glDrawElementsInstancedARB not found.
0024:warn:wgl:display_funcs_init glDrawElementsInstancedBaseInstance not found.
0024:warn:wgl:display_funcs_init glDrawElementsInstancedBaseInstanceEXT not found.
0024:warn:wgl:display_funcs_init glDrawElementsInstancedBaseVertex not found.
0024:warn:wgl:display_funcs_init glDrawElementsInstancedBaseVertexBaseInstance not found.
0024:warn:wgl:display_funcs_init glDrawElementsInstancedBaseVertexBaseInstanceEXT not found.
0024:warn:wgl:display_funcs_init glDrawElementsInstancedBaseVertexEXT not found.
0024:warn:wgl:display_funcs_init glDrawElementsInstancedBaseVertexOES not found.
0024:warn:wgl:display_funcs_init glDrawElementsInstancedEXT not found.
0024:warn:wgl:display_funcs_init glDrawElementsInstancedNV not found.
0024:warn:wgl:display_funcs_init glDrawMeshArraysSUN not found.
0024:warn:wgl:display_funcs_init glDrawMeshTasksEXT not found.
0024:warn:wgl:display_funcs_init glDrawMeshTasksIndirectEXT not found.
0024:warn:wgl:display_funcs_init glDrawMeshTasksIndirectNV not found.
0024:warn:wgl:display_funcs_init glDrawMeshTasksNV not found.
0024:warn:wgl:display_funcs_init glDrawRangeElementArrayAPPLE not found.
0024:warn:wgl:display_funcs_init glDrawRangeElementArrayATI not found.
0024:warn:wgl:display_funcs_init glDrawRangeElements not found.
0024:warn:wgl:display_funcs_init glDrawRangeElementsBaseVertex not found.
0024:warn:wgl:display_funcs_init glDrawRangeElementsBaseVertexEXT not found.
0024:warn:wgl:display_funcs_init glDrawRangeElementsBaseVertexOES not found.
0024:warn:wgl:display_funcs_init glDrawRangeElementsEXT not found.
0024:warn:wgl:display_funcs_init glDrawTexfOES not found.
0024:warn:wgl:display_funcs_init glDrawTexfvOES not found.
0024:warn:wgl:display_funcs_init glDrawTexiOES not found.
0024:warn:wgl:display_funcs_init glDrawTexivOES not found.
0024:warn:wgl:display_funcs_init glDrawTexsOES not found.
0024:warn:wgl:display_funcs_init glDrawTexsvOES not found.
0024:warn:wgl:display_funcs_init glDrawTextureNV not found.
0024:warn:wgl:display_funcs_init glDrawTexxOES not found.
0024:warn:wgl:display_funcs_init glDrawTexxvOES not found.
0024:warn:wgl:display_funcs_init glDrawTransformFeedback not found.
0024:warn:wgl:display_funcs_init glDrawTransformFeedbackEXT not found.
0024:warn:wgl:display_funcs_init glDrawTransformFeedbackInstanced not found.
0024:warn:wgl:display_funcs_init glDrawTransformFeedbackInstancedEXT not found.
0024:warn:wgl:display_funcs_init glDrawTransformFeedbackNV not found.
0024:warn:wgl:display_funcs_init glDrawTransformFeedbackStream not found.
0024:warn:wgl:display_funcs_init glDrawTransformFeedbackStreamInstanced not found.
0024:warn:wgl:display_funcs_init glDrawVkImageNV not found.
0024:warn:wgl:display_funcs_init glEGLImageTargetRenderbufferStorageOES not found.
0024:warn:wgl:display_funcs_init glEGLImageTargetTexStorageEXT not found.
0024:warn:wgl:display_funcs_init glEGLImageTargetTexture2DOES not found.
0024:warn:wgl:display_funcs_init glEGLImageTargetTextureStorageEXT not found.
0024:warn:wgl:display_funcs_init glEdgeFlagFormatNV not found.
0024:warn:wgl:display_funcs_init glEdgeFlagPointerEXT not found.
0024:warn:wgl:display_funcs_init glEdgeFlagPointerListIBM not found.
0024:warn:wgl:display_funcs_init glElementPointerAPPLE not found.
0024:warn:wgl:display_funcs_init glElementPointerATI not found.
0024:warn:wgl:display_funcs_init glEnableClientStateIndexedEXT not found.
0024:warn:wgl:display_funcs_init glEnableClientStateiEXT not found.
0024:warn:wgl:display_funcs_init glEnableDriverControlQCOM not found.
0024:warn:wgl:display_funcs_init glEnableIndexedEXT not found.
0024:warn:wgl:display_funcs_init glEnableVariantClientStateEXT not found.
0024:warn:wgl:display_funcs_init glEnableVertexArrayAttrib not found.
0024:warn:wgl:display_funcs_init glEnableVertexArrayAttribEXT not found.
0024:warn:wgl:display_funcs_init glEnableVertexArrayEXT not found.
0024:warn:wgl:display_funcs_init glEnableVertexAttribAPPLE not found.
0024:warn:wgl:display_funcs_init glEnableVertexAttribArray not found.
0024:warn:wgl:display_funcs_init glEnableVertexAttribArrayARB not found.
0024:warn:wgl:display_funcs_init glEnablei not found.
0024:warn:wgl:display_funcs_init glEnableiEXT not found.
0024:warn:wgl:display_funcs_init glEnableiNV not found.
0024:warn:wgl:display_funcs_init glEnableiOES not found.
0024:warn:wgl:display_funcs_init glEndConditionalRender not found.
0024:warn:wgl:display_funcs_init glEndConditionalRenderNV not found.
0024:warn:wgl:display_funcs_init glEndConditionalRenderNVX not found.
0024:warn:wgl:display_funcs_init glEndFragmentShaderATI not found.
0024:warn:wgl:display_funcs_init glEndOcclusionQueryNV not found.
0024:warn:wgl:display_funcs_init glEndPerfMonitorAMD not found.
0024:warn:wgl:display_funcs_init glEndPerfQueryINTEL not found.
0024:warn:wgl:display_funcs_init glEndQuery not found.
0024:warn:wgl:display_funcs_init glEndQueryARB not found.
0024:warn:wgl:display_funcs_init glEndQueryEXT not found.
0024:warn:wgl:display_funcs_init glEndQueryIndexed not found.
0024:warn:wgl:display_funcs_init glEndTilingQCOM not found.
0024:warn:wgl:display_funcs_init glEndTransformFeedback not found.
0024:warn:wgl:display_funcs_init glEndTransformFeedbackEXT not found.
0024:warn:wgl:display_funcs_init glEndTransformFeedbackNV not found.
0024:warn:wgl:display_funcs_init glEndVertexShaderEXT not found.
0024:warn:wgl:display_funcs_init glEndVideoCaptureNV not found.
0024:warn:wgl:display_funcs_init glEvalCoord1xOES not found.
0024:warn:wgl:display_funcs_init glEvalCoord1xvOES not found.
0024:warn:wgl:display_funcs_init glEvalCoord2xOES not found.
0024:warn:wgl:display_funcs_init glEvalCoord2xvOES not found.
0024:warn:wgl:display_funcs_init glEvalMapsNV not found.
0024:warn:wgl:display_funcs_init glEvaluateDepthValuesARB not found.
0024:warn:wgl:display_funcs_init glExecuteProgramNV not found.
0024:warn:wgl:display_funcs_init glExtGetBufferPointervQCOM not found.
0024:warn:wgl:display_funcs_init glExtGetBuffersQCOM not found.
0024:warn:wgl:display_funcs_init glExtGetFramebuffersQCOM not found.
0024:warn:wgl:display_funcs_init glExtGetProgramBinarySourceQCOM not found.
0024:warn:wgl:display_funcs_init glExtGetProgramsQCOM not found.
0024:warn:wgl:display_funcs_init glExtGetRenderbuffersQCOM not found.
0024:warn:wgl:display_funcs_init glExtGetShadersQCOM not found.
0024:warn:wgl:display_funcs_init glExtGetTexLevelParameterivQCOM not found.
0024:warn:wgl:display_funcs_init glExtGetTexSubImageQCOM not found.
0024:warn:wgl:display_funcs_init glExtGetTexturesQCOM not found.
0024:warn:wgl:display_funcs_init glExtIsProgramBinaryQCOM not found.
0024:warn:wgl:display_funcs_init glExtTexObjectStateOverrideiQCOM not found.
0024:warn:wgl:display_funcs_init glExtractComponentEXT not found.
0024:warn:wgl:display_funcs_init glExtrapolateTex2DQCOM not found.
0024:warn:wgl:display_funcs_init glFeedbackBufferxOES not found.
0024:warn:wgl:display_funcs_init glFenceSync not found.
0024:warn:wgl:display_funcs_init glFenceSyncAPPLE not found.
0024:warn:wgl:display_funcs_init glFinalCombinerInputNV not found.
0024:warn:wgl:display_funcs_init glFinishAsyncSGIX not found.
0024:warn:wgl:display_funcs_init glFinishFenceAPPLE not found.
0024:warn:wgl:display_funcs_init glFinishFenceNV not found.
0024:warn:wgl:display_funcs_init glFinishObjectAPPLE not found.
0024:warn:wgl:display_funcs_init glFinishTextureSUNX not found.
0024:warn:wgl:display_funcs_init glFlushMappedBufferRange not found.
0024:warn:wgl:display_funcs_init glFlushMappedBufferRangeAPPLE not found.
0024:warn:wgl:display_funcs_init glFlushMappedBufferRangeEXT not found.
0024:warn:wgl:display_funcs_init glFlushMappedNamedBufferRange not found.
0024:warn:wgl:display_funcs_init glFlushMappedNamedBufferRangeEXT not found.
0024:warn:wgl:display_funcs_init glFlushPixelDataRangeNV not found.
0024:warn:wgl:display_funcs_init glFlushRasterSGIX not found.
0024:warn:wgl:display_funcs_init glFlushStaticDataIBM not found.
0024:warn:wgl:display_funcs_init glFlushVertexArrayRangeAPPLE not found.
0024:warn:wgl:display_funcs_init glFlushVertexArrayRangeNV not found.
0024:warn:wgl:display_funcs_init glFogCoordFormatNV not found.
0024:warn:wgl:display_funcs_init glFogCoordPointer not found.
0024:warn:wgl:display_funcs_init glFogCoordPointerEXT not found.
0024:warn:wgl:display_funcs_init glFogCoordPointerListIBM not found.
0024:warn:wgl:display_funcs_init glFogCoordd not found.
0024:warn:wgl:display_funcs_init glFogCoorddEXT not found.
0024:warn:wgl:display_funcs_init glFogCoorddv not found.
0024:warn:wgl:display_funcs_init glFogCoorddvEXT not found.
0024:warn:wgl:display_funcs_init glFogCoordf not found.
0024:warn:wgl:display_funcs_init glFogCoordfEXT not found.
0024:warn:wgl:display_funcs_init glFogCoordfv not found.
0024:warn:wgl:display_funcs_init glFogCoordfvEXT not found.
0024:warn:wgl:display_funcs_init glFogCoordhNV not found.
0024:warn:wgl:display_funcs_init glFogCoordhvNV not found.
0024:warn:wgl:display_funcs_init glFogFuncSGIS not found.
0024:warn:wgl:display_funcs_init glFogx not found.
0024:warn:wgl:display_funcs_init glFogxOES not found.
0024:warn:wgl:display_funcs_init glFogxv not found.
0024:warn:wgl:display_funcs_init glFogxvOES not found.
0024:warn:wgl:display_funcs_init glFragmentColorMaterialSGIX not found.
0024:warn:wgl:display_funcs_init glFragmentCoverageColorNV not found.
0024:warn:wgl:display_funcs_init glFragmentLightModelfSGIX not found.
0024:warn:wgl:display_funcs_init glFragmentLightModelfvSGIX not found.
0024:warn:wgl:display_funcs_init glFragmentLightModeliSGIX not found.
0024:warn:wgl:display_funcs_init glFragmentLightModelivSGIX not found.
0024:warn:wgl:display_funcs_init glFragmentLightfSGIX not found.
0024:warn:wgl:display_funcs_init glFragmentLightfvSGIX not found.
0024:warn:wgl:display_funcs_init glFragmentLightiSGIX not found.
0024:warn:wgl:display_funcs_init glFragmentLightivSGIX not found.
0024:warn:wgl:display_funcs_init glFragmentMaterialfSGIX not found.
0024:warn:wgl:display_funcs_init glFragmentMaterialfvSGIX not found.
0024:warn:wgl:display_funcs_init glFragmentMaterialiSGIX not found.
0024:warn:wgl:display_funcs_init glFragmentMaterialivSGIX not found.
0024:warn:wgl:display_funcs_init glFrameTerminatorGREMEDY not found.
0024:warn:wgl:display_funcs_init glFrameZoomSGIX not found.
0024:warn:wgl:display_funcs_init glFramebufferDrawBufferEXT not found.
0024:warn:wgl:display_funcs_init glFramebufferDrawBuffersEXT not found.
0024:warn:wgl:display_funcs_init glFramebufferFetchBarrierEXT not found.
0024:warn:wgl:display_funcs_init glFramebufferFetchBarrierQCOM not found.
0024:warn:wgl:display_funcs_init glFramebufferFoveationConfigQCOM not found.
0024:warn:wgl:display_funcs_init glFramebufferFoveationParametersQCOM not found.
0024:warn:wgl:display_funcs_init glFramebufferParameteri not found.
0024:warn:wgl:display_funcs_init glFramebufferParameteriMESA not found.
0024:warn:wgl:display_funcs_init glFramebufferPixelLocalStorageSizeEXT not found.
0024:warn:wgl:display_funcs_init glFramebufferReadBufferEXT not found.
0024:warn:wgl:display_funcs_init glFramebufferRenderbuffer not found.
0024:warn:wgl:display_funcs_init glFramebufferRenderbufferEXT not found.
0024:warn:wgl:display_funcs_init glFramebufferRenderbufferOES not found.
0024:warn:wgl:display_funcs_init glFramebufferSampleLocationsfvARB not found.
0024:warn:wgl:display_funcs_init glFramebufferSampleLocationsfvNV not found.
0024:warn:wgl:display_funcs_init glFramebufferSamplePositionsfvAMD not found.
0024:warn:wgl:display_funcs_init glFramebufferShadingRateEXT not found.
0024:warn:wgl:display_funcs_init glFramebufferTexture not found.
0024:warn:wgl:display_funcs_init glFramebufferTexture1D not found.
0024:warn:wgl:display_funcs_init glFramebufferTexture1DEXT not found.
0024:warn:wgl:display_funcs_init glFramebufferTexture2D not found.
0024:warn:wgl:display_funcs_init glFramebufferTexture2DDownsampleIMG not found.
0024:warn:wgl:display_funcs_init glFramebufferTexture2DEXT not found.
0024:warn:wgl:display_funcs_init glFramebufferTexture2DMultisampleEXT not found.
0024:warn:wgl:display_funcs_init glFramebufferTexture2DMultisampleIMG not found.
0024:warn:wgl:display_funcs_init glFramebufferTexture2DOES not found.
0024:warn:wgl:display_funcs_init glFramebufferTexture3D not found.
0024:warn:wgl:display_funcs_init glFramebufferTexture3DEXT not found.
0024:warn:wgl:display_funcs_init glFramebufferTexture3DOES not found.
0024:warn:wgl:display_funcs_init glFramebufferTextureARB not found.
0024:warn:wgl:display_funcs_init glFramebufferTextureEXT not found.
0024:warn:wgl:display_funcs_init glFramebufferTextureFaceARB not found.
0024:warn:wgl:display_funcs_init glFramebufferTextureFaceEXT not found.
0024:warn:wgl:display_funcs_init glFramebufferTextureLayer not found.
0024:warn:wgl:display_funcs_init glFramebufferTextureLayerARB not found.
0024:warn:wgl:display_funcs_init glFramebufferTextureLayerDownsampleIMG not found.
0024:warn:wgl:display_funcs_init glFramebufferTextureLayerEXT not found.
0024:warn:wgl:display_funcs_init glFramebufferTextureMultisampleMultiviewOVR not found.
0024:warn:wgl:display_funcs_init glFramebufferTextureMultiviewOVR not found.
0024:warn:wgl:display_funcs_init glFramebufferTextureOES not found.
0024:warn:wgl:display_funcs_init glFreeObjectBufferATI not found.
0024:warn:wgl:display_funcs_init glFrustumf not found.
0024:warn:wgl:display_funcs_init glFrustumfOES not found.
0024:warn:wgl:display_funcs_init glFrustumx not found.
0024:warn:wgl:display_funcs_init glFrustumxOES not found.
0024:warn:wgl:display_funcs_init glGenAsyncMarkersSGIX not found.
0024:warn:wgl:display_funcs_init glGenBuffers not found.
0024:warn:wgl:display_funcs_init glGenBuffersARB not found.
0024:warn:wgl:display_funcs_init glGenFencesAPPLE not found.
0024:warn:wgl:display_funcs_init glGenFencesNV not found.
0024:warn:wgl:display_funcs_init glGenFragmentShadersATI not found.
0024:warn:wgl:display_funcs_init glGenFramebuffers not found.
0024:warn:wgl:display_funcs_init glGenFramebuffersEXT not found.
0024:warn:wgl:display_funcs_init glGenFramebuffersOES not found.
0024:warn:wgl:display_funcs_init glGenNamesAMD not found.
0024:warn:wgl:display_funcs_init glGenOcclusionQueriesNV not found.
0024:warn:wgl:display_funcs_init glGenPathsNV not found.
0024:warn:wgl:display_funcs_init glGenPerfMonitorsAMD not found.
0024:warn:wgl:display_funcs_init glGenProgramPipelines not found.
0024:warn:wgl:display_funcs_init glGenProgramsARB not found.
0024:warn:wgl:display_funcs_init glGenProgramsNV not found.
0024:warn:wgl:display_funcs_init glGenQueries not found.
0024:warn:wgl:display_funcs_init glGenQueriesARB not found.
0024:warn:wgl:display_funcs_init glGenQueriesEXT not found.
0024:warn:wgl:display_funcs_init glGenQueryResourceTagNV not found.
0024:warn:wgl:display_funcs_init glGenRenderbuffers not found.
0024:warn:wgl:display_funcs_init glGenRenderbuffersEXT not found.
0024:warn:wgl:display_funcs_init glGenRenderbuffersOES not found.
0024:warn:wgl:display_funcs_init glGenSamplers not found.
0024:warn:wgl:display_funcs_init glGenSemaphoresEXT not found.
0024:warn:wgl:display_funcs_init glGenSymbolsEXT not found.
0024:warn:wgl:display_funcs_init glGenTexturesEXT not found.
0024:warn:wgl:display_funcs_init glGenTransformFeedbacks not found.
0024:warn:wgl:display_funcs_init glGenTransformFeedbacksNV not found.
0024:warn:wgl:display_funcs_init glGenVertexArrays not found.
0024:warn:wgl:display_funcs_init glGenVertexArraysAPPLE not found.
0024:warn:wgl:display_funcs_init glGenVertexArraysOES not found.
0024:warn:wgl:display_funcs_init glGenVertexShadersEXT not found.
0024:warn:wgl:display_funcs_init glGenerateMipmap not found.
0024:warn:wgl:display_funcs_init glGenerateMipmapEXT not found.
0024:warn:wgl:display_funcs_init glGenerateMipmapOES not found.
0024:warn:wgl:display_funcs_init glGenerateMultiTexMipmapEXT not found.
0024:warn:wgl:display_funcs_init glGenerateTextureMipmap not found.
0024:warn:wgl:display_funcs_init glGenerateTextureMipmapEXT not found.
0024:warn:wgl:display_funcs_init glGetActiveAtomicCounterBufferiv not found.
0024:warn:wgl:display_funcs_init glGetActiveAttrib not found.
0024:warn:wgl:display_funcs_init glGetActiveAttribARB not found.
0024:warn:wgl:display_funcs_init glGetActiveSubroutineName not found.
0024:warn:wgl:display_funcs_init glGetActiveSubroutineUniformName not found.
0024:warn:wgl:display_funcs_init glGetActiveSubroutineUniformiv not found.
0024:warn:wgl:display_funcs_init glGetActiveUniform not found.
0024:warn:wgl:display_funcs_init glGetActiveUniformARB not found.
0024:warn:wgl:display_funcs_init glGetActiveUniformBlockName not found.
0024:warn:wgl:display_funcs_init glGetActiveUniformBlockiv not found.
0024:warn:wgl:display_funcs_init glGetActiveUniformName not found.
0024:warn:wgl:display_funcs_init glGetActiveUniformsiv not found.
0024:warn:wgl:display_funcs_init glGetActiveVaryingNV not found.
0024:warn:wgl:display_funcs_init glGetArrayObjectfvATI not found.
0024:warn:wgl:display_funcs_init glGetArrayObjectivATI not found.
0024:warn:wgl:display_funcs_init glGetAttachedObjectsARB not found.
0024:warn:wgl:display_funcs_init glGetAttachedShaders not found.
0024:warn:wgl:display_funcs_init glGetAttribLocation not found.
0024:warn:wgl:display_funcs_init glGetAttribLocationARB not found.
0024:warn:wgl:display_funcs_init glGetBooleanIndexedvEXT not found.
0024:warn:wgl:display_funcs_init glGetBooleani_v not found.
0024:warn:wgl:display_funcs_init glGetBufferParameteri64v not found.
0024:warn:wgl:display_funcs_init glGetBufferParameteriv not found.
0024:warn:wgl:display_funcs_init glGetBufferParameterivARB not found.
0024:warn:wgl:display_funcs_init glGetBufferParameterui64vNV not found.
0024:warn:wgl:display_funcs_init glGetBufferPointerv not found.
0024:warn:wgl:display_funcs_init glGetBufferPointervARB not found.
0024:warn:wgl:display_funcs_init glGetBufferPointervOES not found.
0024:warn:wgl:display_funcs_init glGetBufferSubData not found.
0024:warn:wgl:display_funcs_init glGetBufferSubDataARB not found.
0024:warn:wgl:display_funcs_init glGetClipPlanef not found.
0024:warn:wgl:display_funcs_init glGetClipPlanefOES not found.
0024:warn:wgl:display_funcs_init glGetClipPlanex not found.
0024:warn:wgl:display_funcs_init glGetClipPlanexOES not found.
0024:warn:wgl:display_funcs_init glGetColorTable not found.
0024:warn:wgl:display_funcs_init glGetColorTableEXT not found.
0024:warn:wgl:display_funcs_init glGetColorTableParameterfv not found.
0024:warn:wgl:display_funcs_init glGetColorTableParameterfvEXT not found.
0024:warn:wgl:display_funcs_init glGetColorTableParameterfvSGI not found.
0024:warn:wgl:display_funcs_init glGetColorTableParameteriv not found.
0024:warn:wgl:display_funcs_init glGetColorTableParameterivEXT not found.
0024:warn:wgl:display_funcs_init glGetColorTableParameterivSGI not found.
0024:warn:wgl:display_funcs_init glGetColorTableSGI not found.
0024:warn:wgl:display_funcs_init glGetCombinerInputParameterfvNV not found.
0024:warn:wgl:display_funcs_init glGetCombinerInputParameterivNV not found.
0024:warn:wgl:display_funcs_init glGetCombinerOutputParameterfvNV not found.
0024:warn:wgl:display_funcs_init glGetCombinerOutputParameterivNV not found.
0024:warn:wgl:display_funcs_init glGetCombinerStageParameterfvNV not found.
0024:warn:wgl:display_funcs_init glGetCommandHeaderNV not found.
0024:warn:wgl:display_funcs_init glGetCompressedMultiTexImageEXT not found.
0024:warn:wgl:display_funcs_init glGetCompressedTexImage not found.
0024:warn:wgl:display_funcs_init glGetCompressedTexImageARB not found.
0024:warn:wgl:display_funcs_init glGetCompressedTextureImage not found.
0024:warn:wgl:display_funcs_init glGetCompressedTextureImageEXT not found.
0024:warn:wgl:display_funcs_init glGetCompressedTextureSubImage not found.
0024:warn:wgl:display_funcs_init glGetConvolutionFilter not found.
0024:warn:wgl:display_funcs_init glGetConvolutionFilterEXT not found.
0024:warn:wgl:display_funcs_init glGetConvolutionParameterfv not found.
0024:warn:wgl:display_funcs_init glGetConvolutionParameterfvEXT not found.
0024:warn:wgl:display_funcs_init glGetConvolutionParameteriv not found.
0024:warn:wgl:display_funcs_init glGetConvolutionParameterivEXT not found.
0024:warn:wgl:display_funcs_init glGetConvolutionParameterxvOES not found.
0024:warn:wgl:display_funcs_init glGetCoverageModulationTableNV not found.
0024:warn:wgl:display_funcs_init glGetDebugMessageLog not found.
0024:warn:wgl:display_funcs_init glGetDebugMessageLogAMD not found.
0024:warn:wgl:display_funcs_init glGetDebugMessageLogARB not found.
0024:warn:wgl:display_funcs_init glGetDetailTexFuncSGIS not found.
0024:warn:wgl:display_funcs_init glGetDoubleIndexedvEXT not found.
0024:warn:wgl:display_funcs_init glGetDoublei_v not found.
0024:warn:wgl:display_funcs_init glGetDoublei_vEXT not found.
0024:warn:wgl:display_funcs_init glGetDriverControlStringQCOM not found.
0024:warn:wgl:display_funcs_init glGetDriverControlsQCOM not found.
0024:warn:wgl:display_funcs_init glGetFenceivNV not found.
0024:warn:wgl:display_funcs_init glGetFinalCombinerInputParameterfvNV not found.
0024:warn:wgl:display_funcs_init glGetFinalCombinerInputParameterivNV not found.
0024:warn:wgl:display_funcs_init glGetFirstPerfQueryIdINTEL not found.
0024:warn:wgl:display_funcs_init glGetFixedv not found.
0024:warn:wgl:display_funcs_init glGetFixedvOES not found.
0024:warn:wgl:display_funcs_init glGetFloatIndexedvEXT not found.
0024:warn:wgl:display_funcs_init glGetFloati_v not found.
0024:warn:wgl:display_funcs_init glGetFloati_vEXT not found.
0024:warn:wgl:display_funcs_init glGetFloati_vNV not found.
0024:warn:wgl:display_funcs_init glGetFloati_vOES not found.
0024:warn:wgl:display_funcs_init glGetFogFuncSGIS not found.
0024:warn:wgl:display_funcs_init glGetFragDataIndex not found.
0024:warn:wgl:display_funcs_init glGetFragDataIndexEXT not found.
0024:warn:wgl:display_funcs_init glGetFragDataLocation not found.
0024:warn:wgl:display_funcs_init glGetFragDataLocationEXT not found.
0024:warn:wgl:display_funcs_init glGetFragmentLightfvSGIX not found.
0024:warn:wgl:display_funcs_init glGetFragmentLightivSGIX not found.
0024:warn:wgl:display_funcs_init glGetFragmentMaterialfvSGIX not found.
0024:warn:wgl:display_funcs_init glGetFragmentMaterialivSGIX not found.
0024:warn:wgl:display_funcs_init glGetFragmentShadingRatesEXT not found.
0024:warn:wgl:display_funcs_init glGetFramebufferAttachmentParameteriv not found.
0024:warn:wgl:display_funcs_init glGetFramebufferAttachmentParameterivEXT not found.
0024:warn:wgl:display_funcs_init glGetFramebufferAttachmentParameterivOES not found.
0024:warn:wgl:display_funcs_init glGetFramebufferParameterfvAMD not found.
0024:warn:wgl:display_funcs_init glGetFramebufferParameteriv not found.
0024:warn:wgl:display_funcs_init glGetFramebufferParameterivEXT not found.
0024:warn:wgl:display_funcs_init glGetFramebufferParameterivMESA not found.
0024:warn:wgl:display_funcs_init glGetFramebufferPixelLocalStorageSizeEXT not found.
0024:warn:wgl:display_funcs_init glGetGraphicsResetStatus not found.
0024:warn:wgl:display_funcs_init glGetGraphicsResetStatusARB not found.
0024:warn:wgl:display_funcs_init glGetGraphicsResetStatusEXT not found.
0024:warn:wgl:display_funcs_init glGetHandleARB not found.
0024:warn:wgl:display_funcs_init glGetHistogram not found.
0024:warn:wgl:display_funcs_init glGetHistogramEXT not found.
0024:warn:wgl:display_funcs_init glGetHistogramParameterfv not found.
0024:warn:wgl:display_funcs_init glGetHistogramParameterfvEXT not found.
0024:warn:wgl:display_funcs_init glGetHistogramParameteriv not found.
0024:warn:wgl:display_funcs_init glGetHistogramParameterivEXT not found.
0024:warn:wgl:display_funcs_init glGetHistogramParameterxvOES not found.
0024:warn:wgl:display_funcs_init glGetImageHandleARB not found.
0024:warn:wgl:display_funcs_init glGetImageHandleNV not found.
0024:warn:wgl:display_funcs_init glGetImageTransformParameterfvHP not found.
0024:warn:wgl:display_funcs_init glGetImageTransformParameterivHP not found.
0024:warn:wgl:display_funcs_init glGetInfoLogARB not found.
0024:warn:wgl:display_funcs_init glGetInstrumentsSGIX not found.
0024:warn:wgl:display_funcs_init glGetInteger64i_v not found.
0024:warn:wgl:display_funcs_init glGetInteger64v not found.
0024:warn:wgl:display_funcs_init glGetInteger64vAPPLE not found.
0024:warn:wgl:display_funcs_init glGetInteger64vEXT not found.
0024:warn:wgl:display_funcs_init glGetIntegerIndexedvEXT not found.
0024:warn:wgl:display_funcs_init glGetIntegeri_v not found.
0024:warn:wgl:display_funcs_init glGetIntegeri_vEXT not found.
0024:warn:wgl:display_funcs_init glGetIntegerui64i_vNV not found.
0024:warn:wgl:display_funcs_init glGetIntegerui64vNV not found.
0024:warn:wgl:display_funcs_init glGetInternalformatSampleivNV not found.
0024:warn:wgl:display_funcs_init glGetInternalformati64v not found.
0024:warn:wgl:display_funcs_init glGetInternalformativ not found.
0024:warn:wgl:display_funcs_init glGetInvariantBooleanvEXT not found.
0024:warn:wgl:display_funcs_init glGetInvariantFloatvEXT not found.
0024:warn:wgl:display_funcs_init glGetInvariantIntegervEXT not found.
0024:warn:wgl:display_funcs_init glGetLightxOES not found.
0024:warn:wgl:display_funcs_init glGetLightxv not found.
0024:warn:wgl:display_funcs_init glGetListParameterfvSGIX not found.
0024:warn:wgl:display_funcs_init glGetListParameterivSGIX not found.
0024:warn:wgl:display_funcs_init glGetLocalConstantBooleanvEXT not found.
0024:warn:wgl:display_funcs_init glGetLocalConstantFloatvEXT not found.
0024:warn:wgl:display_funcs_init glGetLocalConstantIntegervEXT not found.
0024:warn:wgl:display_funcs_init glGetMapAttribParameterfvNV not found.
0024:warn:wgl:display_funcs_init glGetMapAttribParameterivNV not found.
0024:warn:wgl:display_funcs_init glGetMapControlPointsNV not found.
0024:warn:wgl:display_funcs_init glGetMapParameterfvNV not found.
0024:warn:wgl:display_funcs_init glGetMapParameterivNV not found.
0024:warn:wgl:display_funcs_init glGetMapxvOES not found.
0024:warn:wgl:display_funcs_init glGetMaterialxOES not found.
0024:warn:wgl:display_funcs_init glGetMaterialxv not found.
0024:warn:wgl:display_funcs_init glGetMemoryObjectDetachedResourcesuivNV not found.
0024:warn:wgl:display_funcs_init glGetMemoryObjectParameterivEXT not found.
0024:warn:wgl:display_funcs_init glGetMinmax not found.
0024:warn:wgl:display_funcs_init glGetMinmaxEXT not found.
0024:warn:wgl:display_funcs_init glGetMinmaxParameterfv not found.
0024:warn:wgl:display_funcs_init glGetMinmaxParameterfvEXT not found.
0024:warn:wgl:display_funcs_init glGetMinmaxParameteriv not found.
0024:warn:wgl:display_funcs_init glGetMinmaxParameterivEXT not found.
0024:warn:wgl:display_funcs_init glGetMultiTexEnvfvEXT not found.
0024:warn:wgl:display_funcs_init glGetMultiTexEnvivEXT not found.
0024:warn:wgl:display_funcs_init glGetMultiTexGendvEXT not found.
0024:warn:wgl:display_funcs_init glGetMultiTexGenfvEXT not found.
0024:warn:wgl:display_funcs_init glGetMultiTexGenivEXT not found.
0024:warn:wgl:display_funcs_init glGetMultiTexImageEXT not found.
0024:warn:wgl:display_funcs_init glGetMultiTexLevelParameterfvEXT not found.
0024:warn:wgl:display_funcs_init glGetMultiTexLevelParameterivEXT not found.
0024:warn:wgl:display_funcs_init glGetMultiTexParameterIivEXT not found.
0024:warn:wgl:display_funcs_init glGetMultiTexParameterIuivEXT not found.
0024:warn:wgl:display_funcs_init glGetMultiTexParameterfvEXT not found.
0024:warn:wgl:display_funcs_init glGetMultiTexParameterivEXT not found.
0024:warn:wgl:display_funcs_init glGetMultisamplefv not found.
0024:warn:wgl:display_funcs_init glGetMultisamplefvNV not found.
0024:warn:wgl:display_funcs_init glGetNamedBufferParameteri64v not found.
0024:warn:wgl:display_funcs_init glGetNamedBufferParameteriv not found.
0024:warn:wgl:display_funcs_init glGetNamedBufferParameterivEXT not found.
0024:warn:wgl:display_funcs_init glGetNamedBufferParameterui64vNV not found.
0024:warn:wgl:display_funcs_init glGetNamedBufferPointerv not found.
0024:warn:wgl:display_funcs_init glGetNamedBufferPointervEXT not found.
0024:warn:wgl:display_funcs_init glGetNamedBufferSubData not found.
0024:warn:wgl:display_funcs_init glGetNamedBufferSubDataEXT not found.
0024:warn:wgl:display_funcs_init glGetNamedFramebufferAttachmentParameteriv not found.
0024:warn:wgl:display_funcs_init glGetNamedFramebufferAttachmentParameterivEXT not found.
0024:warn:wgl:display_funcs_init glGetNamedFramebufferParameterfvAMD not found.
0024:warn:wgl:display_funcs_init glGetNamedFramebufferParameteriv not found.
0024:warn:wgl:display_funcs_init glGetNamedFramebufferParameterivEXT not found.
0024:warn:wgl:display_funcs_init glGetNamedProgramLocalParameterIivEXT not found.
0024:warn:wgl:display_funcs_init glGetNamedProgramLocalParameterIuivEXT not found.
0024:warn:wgl:display_funcs_init glGetNamedProgramLocalParameterdvEXT not found.
0024:warn:wgl:display_funcs_init glGetNamedProgramLocalParameterfvEXT not found.
0024:warn:wgl:display_funcs_init glGetNamedProgramStringEXT not found.
0024:warn:wgl:display_funcs_init glGetNamedProgramivEXT not found.
0024:warn:wgl:display_funcs_init glGetNamedRenderbufferParameteriv not found.
0024:warn:wgl:display_funcs_init glGetNamedRenderbufferParameterivEXT not found.
0024:warn:wgl:display_funcs_init glGetNamedStringARB not found.
0024:warn:wgl:display_funcs_init glGetNamedStringivARB not found.
0024:warn:wgl:display_funcs_init glGetNextPerfQueryIdINTEL not found.
0024:warn:wgl:display_funcs_init glGetObjectBufferfvATI not found.
0024:warn:wgl:display_funcs_init glGetObjectBufferivATI not found.
0024:warn:wgl:display_funcs_init glGetObjectLabel not found.
0024:warn:wgl:display_funcs_init glGetObjectLabelEXT not found.
0024:warn:wgl:display_funcs_init glGetObjectParameterfvARB not found.
0024:warn:wgl:display_funcs_init glGetObjectParameterivAPPLE not found.
0024:warn:wgl:display_funcs_init glGetObjectParameterivARB not found.
0024:warn:wgl:display_funcs_init glGetObjectPtrLabel not found.
0024:warn:wgl:display_funcs_init glGetOcclusionQueryivNV not found.
0024:warn:wgl:display_funcs_init glGetOcclusionQueryuivNV not found.
0024:warn:wgl:display_funcs_init glGetPathColorGenfvNV not found.
0024:warn:wgl:display_funcs_init glGetPathColorGenivNV not found.
0024:warn:wgl:display_funcs_init glGetPathCommandsNV not found.
0024:warn:wgl:display_funcs_init glGetPathCoordsNV not found.
0024:warn:wgl:display_funcs_init glGetPathDashArrayNV not found.
0024:warn:wgl:display_funcs_init glGetPathLengthNV not found.
0024:warn:wgl:display_funcs_init glGetPathMetricRangeNV not found.
0024:warn:wgl:display_funcs_init glGetPathMetricsNV not found.
0024:warn:wgl:display_funcs_init glGetPathParameterfvNV not found.
0024:warn:wgl:display_funcs_init glGetPathParameterivNV not found.
0024:warn:wgl:display_funcs_init glGetPathSpacingNV not found.
0024:warn:wgl:display_funcs_init glGetPathTexGenfvNV not found.
0024:warn:wgl:display_funcs_init glGetPathTexGenivNV not found.
0024:warn:wgl:display_funcs_init glGetPerfCounterInfoINTEL not found.
0024:warn:wgl:display_funcs_init glGetPerfMonitorCounterDataAMD not found.
0024:warn:wgl:display_funcs_init glGetPerfMonitorCounterInfoAMD not found.
0024:warn:wgl:display_funcs_init glGetPerfMonitorCounterStringAMD not found.
0024:warn:wgl:display_funcs_init glGetPerfMonitorCountersAMD not found.
0024:warn:wgl:display_funcs_init glGetPerfMonitorGroupStringAMD not found.
0024:warn:wgl:display_funcs_init glGetPerfMonitorGroupsAMD not found.
0024:warn:wgl:display_funcs_init glGetPerfQueryDataINTEL not found.
0024:warn:wgl:display_funcs_init glGetPerfQueryIdByNameINTEL not found.
0024:warn:wgl:display_funcs_init glGetPerfQueryInfoINTEL not found.
0024:warn:wgl:display_funcs_init glGetPixelMapxv not found.
0024:warn:wgl:display_funcs_init glGetPixelTexGenParameterfvSGIS not found.
0024:warn:wgl:display_funcs_init glGetPixelTexGenParameterivSGIS not found.
0024:warn:wgl:display_funcs_init glGetPixelTransformParameterfvEXT not found.
0024:warn:wgl:display_funcs_init glGetPixelTransformParameterivEXT not found.
0024:warn:wgl:display_funcs_init glGetPointerIndexedvEXT not found.
0024:warn:wgl:display_funcs_init glGetPointeri_vEXT not found.
0024:warn:wgl:display_funcs_init glGetPointervEXT not found.
0024:warn:wgl:display_funcs_init glGetProgramBinary not found.
0024:warn:wgl:display_funcs_init glGetProgramBinaryOES not found.
0024:warn:wgl:display_funcs_init glGetProgramEnvParameterIivNV not found.
0024:warn:wgl:display_funcs_init glGetProgramEnvParameterIuivNV not found.
0024:warn:wgl:display_funcs_init glGetProgramEnvParameterdvARB not found.
0024:warn:wgl:display_funcs_init glGetProgramEnvParameterfvARB not found.
0024:warn:wgl:display_funcs_init glGetProgramInfoLog not found.
0024:warn:wgl:display_funcs_init glGetProgramInterfaceiv not found.
0024:warn:wgl:display_funcs_init glGetProgramLocalParameterIivNV not found.
0024:warn:wgl:display_funcs_init glGetProgramLocalParameterIuivNV not found.
0024:warn:wgl:display_funcs_init glGetProgramLocalParameterdvARB not found.
0024:warn:wgl:display_funcs_init glGetProgramLocalParameterfvARB not found.
0024:warn:wgl:display_funcs_init glGetProgramNamedParameterdvNV not found.
0024:warn:wgl:display_funcs_init glGetProgramNamedParameterfvNV not found.
0024:warn:wgl:display_funcs_init glGetProgramParameterdvNV not found.
0024:warn:wgl:display_funcs_init glGetProgramParameterfvNV not found.
0024:warn:wgl:display_funcs_init glGetProgramPipelineInfoLog not found.
0024:warn:wgl:display_funcs_init glGetProgramPipelineiv not found.
0024:warn:wgl:display_funcs_init glGetProgramResourceIndex not found.
0024:warn:wgl:display_funcs_init glGetProgramResourceLocation not found.
0024:warn:wgl:display_funcs_init glGetProgramResourceLocationIndex not found.
0024:warn:wgl:display_funcs_init glGetProgramResourceLocationIndexEXT not found.
0024:warn:wgl:display_funcs_init glGetProgramResourceName not found.
0024:warn:wgl:display_funcs_init glGetProgramResourcefvNV not found.
0024:warn:wgl:display_funcs_init glGetProgramResourceiv not found.
0024:warn:wgl:display_funcs_init glGetProgramStageiv not found.
0024:warn:wgl:display_funcs_init glGetProgramStringARB not found.
0024:warn:wgl:display_funcs_init glGetProgramStringNV not found.
0024:warn:wgl:display_funcs_init glGetProgramSubroutineParameteruivNV not found.
0024:warn:wgl:display_funcs_init glGetProgramiv not found.
0024:warn:wgl:display_funcs_init glGetProgramivARB not found.
0024:warn:wgl:display_funcs_init glGetProgramivNV not found.
0024:warn:wgl:display_funcs_init glGetQueryBufferObjecti64v not found.
0024:warn:wgl:display_funcs_init glGetQueryBufferObjectiv not found.
0024:warn:wgl:display_funcs_init glGetQueryBufferObjectui64v not found.
0024:warn:wgl:display_funcs_init glGetQueryBufferObjectuiv not found.
0024:warn:wgl:display_funcs_init glGetQueryIndexediv not found.
0024:warn:wgl:display_funcs_init glGetQueryObjecti64v not found.
0024:warn:wgl:display_funcs_init glGetQueryObjecti64vEXT not found.
0024:warn:wgl:display_funcs_init glGetQueryObjectiv not found.
0024:warn:wgl:display_funcs_init glGetQueryObjectivARB not found.
0024:warn:wgl:display_funcs_init glGetQueryObjectivEXT not found.
0024:warn:wgl:display_funcs_init glGetQueryObjectui64v not found.
0024:warn:wgl:display_funcs_init glGetQueryObjectui64vEXT not found.
0024:warn:wgl:display_funcs_init glGetQueryObjectuiv not found.
0024:warn:wgl:display_funcs_init glGetQueryObjectuivARB not found.
0024:warn:wgl:display_funcs_init glGetQueryObjectuivEXT not found.
0024:warn:wgl:display_funcs_init glGetQueryiv not found.
0024:warn:wgl:display_funcs_init glGetQueryivARB not found.
0024:warn:wgl:display_funcs_init glGetQueryivEXT not found.
0024:warn:wgl:display_funcs_init glGetRenderbufferParameteriv not found.
0024:warn:wgl:display_funcs_init glGetRenderbufferParameterivEXT not found.
0024:warn:wgl:display_funcs_init glGetRenderbufferParameterivOES not found.
0024:warn:wgl:display_funcs_init glGetSamplerParameterIiv not found.
0024:warn:wgl:display_funcs_init glGetSamplerParameterIivEXT not found.
0024:warn:wgl:display_funcs_init glGetSamplerParameterIivOES not found.
0024:warn:wgl:display_funcs_init glGetSamplerParameterIuiv not found.
0024:warn:wgl:display_funcs_init glGetSamplerParameterIuivEXT not found.
0024:warn:wgl:display_funcs_init glGetSamplerParameterIuivOES not found.
0024:warn:wgl:display_funcs_init glGetSamplerParameterfv not found.
0024:warn:wgl:display_funcs_init glGetSamplerParameteriv not found.
0024:warn:wgl:display_funcs_init glGetSemaphoreParameterivNV not found.
0024:warn:wgl:display_funcs_init glGetSemaphoreParameterui64vEXT not found.
0024:warn:wgl:display_funcs_init glGetSeparableFilter not found.
0024:warn:wgl:display_funcs_init glGetSeparableFilterEXT not found.
0024:warn:wgl:display_funcs_init glGetShaderInfoLog not found.
0024:warn:wgl:display_funcs_init glGetShaderPrecisionFormat not found.
0024:warn:wgl:display_funcs_init glGetShaderSource not found.
0024:warn:wgl:display_funcs_init glGetShaderSourceARB not found.
0024:warn:wgl:display_funcs_init glGetShaderiv not found.
0024:warn:wgl:display_funcs_init glGetShadingRateImagePaletteNV not found.
0024:warn:wgl:display_funcs_init glGetShadingRateSampleLocationivNV not found.
0024:warn:wgl:display_funcs_init glGetSharpenTexFuncSGIS not found.
0024:warn:wgl:display_funcs_init glGetStageIndexNV not found.
0024:warn:wgl:display_funcs_init glGetStringi not found.
0024:warn:wgl:display_funcs_init glGetSubroutineIndex not found.
0024:warn:wgl:display_funcs_init glGetSubroutineUniformLocation not found.
0024:warn:wgl:display_funcs_init glGetSynciv not found.
0024:warn:wgl:display_funcs_init glGetSyncivAPPLE not found.
0024:warn:wgl:display_funcs_init glGetTexBumpParameterfvATI not found.
0024:warn:wgl:display_funcs_init glGetTexBumpParameterivATI not found.
0024:warn:wgl:display_funcs_init glGetTexEnvxv not found.
0024:warn:wgl:display_funcs_init glGetTexEnvxvOES not found.
0024:warn:wgl:display_funcs_init glGetTexFilterFuncSGIS not found.
0024:warn:wgl:display_funcs_init glGetTexGenfvOES not found.
0024:warn:wgl:display_funcs_init glGetTexGenivOES not found.
0024:warn:wgl:display_funcs_init glGetTexGenxvOES not found.
0024:warn:wgl:display_funcs_init glGetTexLevelParameterxvOES not found.
0024:warn:wgl:display_funcs_init glGetTexParameterIiv not found.
0024:warn:wgl:display_funcs_init glGetTexParameterIivEXT not found.
0024:warn:wgl:display_funcs_init glGetTexParameterIivOES not found.
0024:warn:wgl:display_funcs_init glGetTexParameterIuiv not found.
0024:warn:wgl:display_funcs_init glGetTexParameterIuivEXT not found.
0024:warn:wgl:display_funcs_init glGetTexParameterIuivOES not found.
0024:warn:wgl:display_funcs_init glGetTexParameterPointervAPPLE not found.
0024:warn:wgl:display_funcs_init glGetTexParameterxv not found.
0024:warn:wgl:display_funcs_init glGetTexParameterxvOES not found.
0024:warn:wgl:display_funcs_init glGetTextureHandleARB not found.
0024:warn:wgl:display_funcs_init glGetTextureHandleIMG not found.
0024:warn:wgl:display_funcs_init glGetTextureHandleNV not found.
0024:warn:wgl:display_funcs_init glGetTextureImage not found.
0024:warn:wgl:display_funcs_init glGetTextureImageEXT not found.
0024:warn:wgl:display_funcs_init glGetTextureLevelParameterfv not found.
0024:warn:wgl:display_funcs_init glGetTextureLevelParameterfvEXT not found.
0024:warn:wgl:display_funcs_init glGetTextureLevelParameteriv not found.
0024:warn:wgl:display_funcs_init glGetTextureLevelParameterivEXT not found.
0024:warn:wgl:display_funcs_init glGetTextureParameterIiv not found.
0024:warn:wgl:display_funcs_init glGetTextureParameterIivEXT not found.
0024:warn:wgl:display_funcs_init glGetTextureParameterIuiv not found.
0024:warn:wgl:display_funcs_init glGetTextureParameterIuivEXT not found.
0024:warn:wgl:display_funcs_init glGetTextureParameterfv not found.
0024:warn:wgl:display_funcs_init glGetTextureParameterfvEXT not found.
0024:warn:wgl:display_funcs_init glGetTextureParameteriv not found.
0024:warn:wgl:display_funcs_init glGetTextureParameterivEXT not found.
0024:warn:wgl:display_funcs_init glGetTextureSamplerHandleARB not found.
0024:warn:wgl:display_funcs_init glGetTextureSamplerHandleIMG not found.
0024:warn:wgl:display_funcs_init glGetTextureSamplerHandleNV not found.
0024:warn:wgl:display_funcs_init glGetTextureSubImage not found.
0024:warn:wgl:display_funcs_init glGetTrackMatrixivNV not found.
0024:warn:wgl:display_funcs_init glGetTransformFeedbackVarying not found.
0024:warn:wgl:display_funcs_init glGetTransformFeedbackVaryingEXT not found.
0024:warn:wgl:display_funcs_init glGetTransformFeedbackVaryingNV not found.
0024:warn:wgl:display_funcs_init glGetTransformFeedbacki64_v not found.
0024:warn:wgl:display_funcs_init glGetTransformFeedbacki_v not found.
0024:warn:wgl:display_funcs_init glGetTransformFeedbackiv not found.
0024:warn:wgl:display_funcs_init glGetTranslatedShaderSourceANGLE not found.
0024:warn:wgl:display_funcs_init glGetUniformBlockIndex not found.
0024:warn:wgl:display_funcs_init glGetUniformBufferSizeEXT not found.
0024:warn:wgl:display_funcs_init glGetUniformIndices not found.
0024:warn:wgl:display_funcs_init glGetUniformLocation not found.
0024:warn:wgl:display_funcs_init glGetUniformLocationARB not found.
0024:warn:wgl:display_funcs_init glGetUniformOffsetEXT not found.
0024:warn:wgl:display_funcs_init glGetUniformSubroutineuiv not found.
0024:warn:wgl:display_funcs_init glGetUniformdv not found.
0024:warn:wgl:display_funcs_init glGetUniformfv not found.
0024:warn:wgl:display_funcs_init glGetUniformfvARB not found.
0024:warn:wgl:display_funcs_init glGetUniformi64vARB not found.
0024:warn:wgl:display_funcs_init glGetUniformi64vNV not found.
0024:warn:wgl:display_funcs_init glGetUniformiv not found.
0024:warn:wgl:display_funcs_init glGetUniformivARB not found.
0024:warn:wgl:display_funcs_init glGetUniformui64vARB not found.
0024:warn:wgl:display_funcs_init glGetUniformui64vNV not found.
0024:warn:wgl:display_funcs_init glGetUniformuiv not found.
0024:warn:wgl:display_funcs_init glGetUniformuivEXT not found.
0024:warn:wgl:display_funcs_init glGetUnsignedBytei_vEXT not found.
0024:warn:wgl:display_funcs_init glGetUnsignedBytevEXT not found.
0024:warn:wgl:display_funcs_init glGetVariantArrayObjectfvATI not found.
0024:warn:wgl:display_funcs_init glGetVariantArrayObjectivATI not found.
0024:warn:wgl:display_funcs_init glGetVariantBooleanvEXT not found.
0024:warn:wgl:display_funcs_init glGetVariantFloatvEXT not found.
0024:warn:wgl:display_funcs_init glGetVariantIntegervEXT not found.
0024:warn:wgl:display_funcs_init glGetVariantPointervEXT not found.
0024:warn:wgl:display_funcs_init glGetVaryingLocationNV not found.
0024:warn:wgl:display_funcs_init glGetVertexArrayIndexed64iv not found.
0024:warn:wgl:display_funcs_init glGetVertexArrayIndexediv not found.
0024:warn:wgl:display_funcs_init glGetVertexArrayIntegeri_vEXT not found.
0024:warn:wgl:display_funcs_init glGetVertexArrayIntegervEXT not found.
0024:warn:wgl:display_funcs_init glGetVertexArrayPointeri_vEXT not found.
0024:warn:wgl:display_funcs_init glGetVertexArrayPointervEXT not found.
0024:warn:wgl:display_funcs_init glGetVertexArrayiv not found.
0024:warn:wgl:display_funcs_init glGetVertexAttribArrayObjectfvATI not found.
0024:warn:wgl:display_funcs_init glGetVertexAttribArrayObjectivATI not found.
0024:warn:wgl:display_funcs_init glGetVertexAttribIiv not found.
0024:warn:wgl:display_funcs_init glGetVertexAttribIivEXT not found.
0024:warn:wgl:display_funcs_init glGetVertexAttribIuiv not found.
0024:warn:wgl:display_funcs_init glGetVertexAttribIuivEXT not found.
0024:warn:wgl:display_funcs_init glGetVertexAttribLdv not found.
0024:warn:wgl:display_funcs_init glGetVertexAttribLdvEXT not found.
0024:warn:wgl:display_funcs_init glGetVertexAttribLi64vNV not found.
0024:warn:wgl:display_funcs_init glGetVertexAttribLui64vARB not found.
0024:warn:wgl:display_funcs_init glGetVertexAttribLui64vNV not found.
0024:warn:wgl:display_funcs_init glGetVertexAttribPointerv not found.
0024:warn:wgl:display_funcs_init glGetVertexAttribPointervARB not found.
0024:warn:wgl:display_funcs_init glGetVertexAttribPointervNV not found.
0024:warn:wgl:display_funcs_init glGetVertexAttribdv not found.
0024:warn:wgl:display_funcs_init glGetVertexAttribdvARB not found.
0024:warn:wgl:display_funcs_init glGetVertexAttribdvNV not found.
0024:warn:wgl:display_funcs_init glGetVertexAttribfv not found.
0024:warn:wgl:display_funcs_init glGetVertexAttribfvARB not found.
0024:warn:wgl:display_funcs_init glGetVertexAttribfvNV not found.
0024:warn:wgl:display_funcs_init glGetVertexAttribiv not found.
0024:warn:wgl:display_funcs_init glGetVertexAttribivARB not found.
0024:warn:wgl:display_funcs_init glGetVertexAttribivNV not found.
0024:warn:wgl:display_funcs_init glGetVideoCaptureStreamdvNV not found.
0024:warn:wgl:display_funcs_init glGetVideoCaptureStreamfvNV not found.
0024:warn:wgl:display_funcs_init glGetVideoCaptureStreamivNV not found.
0024:warn:wgl:display_funcs_init glGetVideoCaptureivNV not found.
0024:warn:wgl:display_funcs_init glGetVideoi64vNV not found.
0024:warn:wgl:display_funcs_init glGetVideoivNV not found.
0024:warn:wgl:display_funcs_init glGetVideoui64vNV not found.
0024:warn:wgl:display_funcs_init glGetVideouivNV not found.
0024:warn:wgl:display_funcs_init glGetVkProcAddrNV not found.
0024:warn:wgl:display_funcs_init glGetnColorTable not found.
0024:warn:wgl:display_funcs_init glGetnColorTableARB not found.
0024:warn:wgl:display_funcs_init glGetnCompressedTexImage not found.
0024:warn:wgl:display_funcs_init glGetnCompressedTexImageARB not found.
0024:warn:wgl:display_funcs_init glGetnConvolutionFilter not found.
0024:warn:wgl:display_funcs_init glGetnConvolutionFilterARB not found.
0024:warn:wgl:display_funcs_init glGetnHistogram not found.
0024:warn:wgl:display_funcs_init glGetnHistogramARB not found.
0024:warn:wgl:display_funcs_init glGetnMapdv not found.
0024:warn:wgl:display_funcs_init glGetnMapdvARB not found.
0024:warn:wgl:display_funcs_init glGetnMapfv not found.
0024:warn:wgl:display_funcs_init glGetnMapfvARB not found.
0024:warn:wgl:display_funcs_init glGetnMapiv not found.
0024:warn:wgl:display_funcs_init glGetnMapivARB not found.
0024:warn:wgl:display_funcs_init glGetnMinmax not found.
0024:warn:wgl:display_funcs_init glGetnMinmaxARB not found.
0024:warn:wgl:display_funcs_init glGetnPixelMapfv not found.
0024:warn:wgl:display_funcs_init glGetnPixelMapfvARB not found.
0024:warn:wgl:display_funcs_init glGetnPixelMapuiv not found.
0024:warn:wgl:display_funcs_init glGetnPixelMapuivARB not found.
0024:warn:wgl:display_funcs_init glGetnPixelMapusv not found.
0024:warn:wgl:display_funcs_init glGetnPixelMapusvARB not found.
0024:warn:wgl:display_funcs_init glGetnPolygonStipple not found.
0024:warn:wgl:display_funcs_init glGetnPolygonStippleARB not found.
0024:warn:wgl:display_funcs_init glGetnSeparableFilter not found.
0024:warn:wgl:display_funcs_init glGetnSeparableFilterARB not found.
0024:warn:wgl:display_funcs_init glGetnTexImage not found.
0024:warn:wgl:display_funcs_init glGetnTexImageARB not found.
0024:warn:wgl:display_funcs_init glGetnUniformdv not found.
0024:warn:wgl:display_funcs_init glGetnUniformdvARB not found.
0024:warn:wgl:display_funcs_init glGetnUniformfv not found.
0024:warn:wgl:display_funcs_init glGetnUniformfvARB not found.
0024:warn:wgl:display_funcs_init glGetnUniformfvEXT not found.
0024:warn:wgl:display_funcs_init glGetnUniformi64vARB not found.
0024:warn:wgl:display_funcs_init glGetnUniformiv not found.
0024:warn:wgl:display_funcs_init glGetnUniformivARB not found.
0024:warn:wgl:display_funcs_init glGetnUniformivEXT not found.
0024:warn:wgl:display_funcs_init glGetnUniformui64vARB not found.
0024:warn:wgl:display_funcs_init glGetnUniformuiv not found.
0024:warn:wgl:display_funcs_init glGetnUniformuivARB not found.
0024:warn:wgl:display_funcs_init glGlobalAlphaFactorbSUN not found.
0024:warn:wgl:display_funcs_init glGlobalAlphaFactordSUN not found.
0024:warn:wgl:display_funcs_init glGlobalAlphaFactorfSUN not found.
0024:warn:wgl:display_funcs_init glGlobalAlphaFactoriSUN not found.
0024:warn:wgl:display_funcs_init glGlobalAlphaFactorsSUN not found.
0024:warn:wgl:display_funcs_init glGlobalAlphaFactorubSUN not found.
0024:warn:wgl:display_funcs_init glGlobalAlphaFactoruiSUN not found.
0024:warn:wgl:display_funcs_init glGlobalAlphaFactorusSUN not found.
0024:warn:wgl:display_funcs_init glHintPGI not found.
0024:warn:wgl:display_funcs_init glHistogram not found.
0024:warn:wgl:display_funcs_init glHistogramEXT not found.
0024:warn:wgl:display_funcs_init glIglooInterfaceSGIX not found.
0024:warn:wgl:display_funcs_init glImageTransformParameterfHP not found.
0024:warn:wgl:display_funcs_init glImageTransformParameterfvHP not found.
0024:warn:wgl:display_funcs_init glImageTransformParameteriHP not found.
0024:warn:wgl:display_funcs_init glImageTransformParameterivHP not found.
0024:warn:wgl:display_funcs_init glImportMemoryFdEXT not found.
0024:warn:wgl:display_funcs_init glImportMemoryWin32HandleEXT not found.
0024:warn:wgl:display_funcs_init glImportMemoryWin32NameEXT not found.
0024:warn:wgl:display_funcs_init glImportSemaphoreFdEXT not found.
0024:warn:wgl:display_funcs_init glImportSemaphoreWin32HandleEXT not found.
0024:warn:wgl:display_funcs_init glImportSemaphoreWin32NameEXT not found.
0024:warn:wgl:display_funcs_init glImportSyncEXT not found.
0024:warn:wgl:display_funcs_init glIndexFormatNV not found.
0024:warn:wgl:display_funcs_init glIndexFuncEXT not found.
0024:warn:wgl:display_funcs_init glIndexMaterialEXT not found.
0024:warn:wgl:display_funcs_init glIndexPointerEXT not found.
0024:warn:wgl:display_funcs_init glIndexPointerListIBM not found.
0024:warn:wgl:display_funcs_init glIndexxOES not found.
0024:warn:wgl:display_funcs_init glIndexxvOES not found.
0024:warn:wgl:display_funcs_init glInsertComponentEXT not found.
0024:warn:wgl:display_funcs_init glInsertEventMarkerEXT not found.
0024:warn:wgl:display_funcs_init glInstrumentsBufferSGIX not found.
0024:warn:wgl:display_funcs_init glInterpolatePathsNV not found.
0024:warn:wgl:display_funcs_init glInvalidateBufferData not found.
0024:warn:wgl:display_funcs_init glInvalidateBufferSubData not found.
0024:warn:wgl:display_funcs_init glInvalidateFramebuffer not found.
0024:warn:wgl:display_funcs_init glInvalidateNamedFramebufferData not found.
0024:warn:wgl:display_funcs_init glInvalidateNamedFramebufferSubData not found.
0024:warn:wgl:display_funcs_init glInvalidateSubFramebuffer not found.
0024:warn:wgl:display_funcs_init glInvalidateTexImage not found.
0024:warn:wgl:display_funcs_init glInvalidateTexSubImage not found.
0024:warn:wgl:display_funcs_init glIsAsyncMarkerSGIX not found.
0024:warn:wgl:display_funcs_init glIsBuffer not found.
0024:warn:wgl:display_funcs_init glIsBufferARB not found.
0024:warn:wgl:display_funcs_init glIsBufferResidentNV not found.
0024:warn:wgl:display_funcs_init glIsCommandListNV not found.
0024:warn:wgl:display_funcs_init glIsEnabledIndexedEXT not found.
0024:warn:wgl:display_funcs_init glIsEnabledi not found.
0024:warn:wgl:display_funcs_init glIsEnablediEXT not found.
0024:warn:wgl:display_funcs_init glIsEnablediNV not found.
0024:warn:wgl:display_funcs_init glIsEnablediOES not found.
0024:warn:wgl:display_funcs_init glIsFenceAPPLE not found.
0024:warn:wgl:display_funcs_init glIsFenceNV not found.
0024:warn:wgl:display_funcs_init glIsFramebuffer not found.
0024:warn:wgl:display_funcs_init glIsFramebufferEXT not found.
0024:warn:wgl:display_funcs_init glIsFramebufferOES not found.
0024:warn:wgl:display_funcs_init glIsImageHandleResidentARB not found.
0024:warn:wgl:display_funcs_init glIsImageHandleResidentNV not found.
0024:warn:wgl:display_funcs_init glIsMemoryObjectEXT not found.
0024:warn:wgl:display_funcs_init glIsNameAMD not found.
0024:warn:wgl:display_funcs_init glIsNamedBufferResidentNV not found.
0024:warn:wgl:display_funcs_init glIsNamedStringARB not found.
0024:warn:wgl:display_funcs_init glIsObjectBufferATI not found.
0024:warn:wgl:display_funcs_init glIsOcclusionQueryNV not found.
0024:warn:wgl:display_funcs_init glIsPathNV not found.
0024:warn:wgl:display_funcs_init glIsPointInFillPathNV not found.
0024:warn:wgl:display_funcs_init glIsPointInStrokePathNV not found.
0024:warn:wgl:display_funcs_init glIsProgram not found.
0024:warn:wgl:display_funcs_init glIsProgramARB not found.
0024:warn:wgl:display_funcs_init glIsProgramNV not found.
0024:warn:wgl:display_funcs_init glIsProgramPipeline not found.
0024:warn:wgl:display_funcs_init glIsQuery not found.
0024:warn:wgl:display_funcs_init glIsQueryARB not found.
0024:warn:wgl:display_funcs_init glIsQueryEXT not found.
0024:warn:wgl:display_funcs_init glIsRenderbuffer not found.
0024:warn:wgl:display_funcs_init glIsRenderbufferEXT not found.
0024:warn:wgl:display_funcs_init glIsRenderbufferOES not found.
0024:warn:wgl:display_funcs_init glIsSampler not found.
0024:warn:wgl:display_funcs_init glIsSemaphoreEXT not found.
0024:warn:wgl:display_funcs_init glIsShader not found.
0024:warn:wgl:display_funcs_init glIsStateNV not found.
0024:warn:wgl:display_funcs_init glIsSync not found.
0024:warn:wgl:display_funcs_init glIsSyncAPPLE not found.
0024:warn:wgl:display_funcs_init glIsTextureEXT not found.
0024:warn:wgl:display_funcs_init glIsTextureHandleResidentARB not found.
0024:warn:wgl:display_funcs_init glIsTextureHandleResidentNV not found.
0024:warn:wgl:display_funcs_init glIsTransformFeedback not found.
0024:warn:wgl:display_funcs_init glIsTransformFeedbackNV not found.
0024:warn:wgl:display_funcs_init glIsVariantEnabledEXT not found.
0024:warn:wgl:display_funcs_init glIsVertexArray not found.
0024:warn:wgl:display_funcs_init glIsVertexArrayAPPLE not found.
0024:warn:wgl:display_funcs_init glIsVertexArrayOES not found.
0024:warn:wgl:display_funcs_init glIsVertexAttribEnabledAPPLE not found.
0024:warn:wgl:display_funcs_init glLGPUCopyImageSubDataNVX not found.
0024:warn:wgl:display_funcs_init glLGPUInterlockNVX not found.
0024:warn:wgl:display_funcs_init glLGPUNamedBufferSubDataNVX not found.
0024:warn:wgl:display_funcs_init glLabelObjectEXT not found.
0024:warn:wgl:display_funcs_init glLightEnviSGIX not found.
0024:warn:wgl:display_funcs_init glLightModelx not found.
0024:warn:wgl:display_funcs_init glLightModelxOES not found.
0024:warn:wgl:display_funcs_init glLightModelxv not found.
0024:warn:wgl:display_funcs_init glLightModelxvOES not found.
0024:warn:wgl:display_funcs_init glLightx not found.
0024:warn:wgl:display_funcs_init glLightxOES not found.
0024:warn:wgl:display_funcs_init glLightxv not found.
0024:warn:wgl:display_funcs_init glLightxvOES not found.
0024:warn:wgl:display_funcs_init glLineWidthx not found.
0024:warn:wgl:display_funcs_init glLineWidthxOES not found.
0024:warn:wgl:display_funcs_init glLinkProgram not found.
0024:warn:wgl:display_funcs_init glLinkProgramARB not found.
0024:warn:wgl:display_funcs_init glListDrawCommandsStatesClientNV not found.
0024:warn:wgl:display_funcs_init glListParameterfSGIX not found.
0024:warn:wgl:display_funcs_init glListParameterfvSGIX not found.
0024:warn:wgl:display_funcs_init glListParameteriSGIX not found.
0024:warn:wgl:display_funcs_init glListParameterivSGIX not found.
0024:warn:wgl:display_funcs_init glLoadIdentityDeformationMapSGIX not found.
0024:warn:wgl:display_funcs_init glLoadMatrixx not found.
0024:warn:wgl:display_funcs_init glLoadMatrixxOES not found.
0024:warn:wgl:display_funcs_init glLoadPaletteFromModelViewMatrixOES not found.
0024:warn:wgl:display_funcs_init glLoadProgramNV not found.
0024:warn:wgl:display_funcs_init glLoadTransposeMatrixd not found.
0024:warn:wgl:display_funcs_init glLoadTransposeMatrixdARB not found.
0024:warn:wgl:display_funcs_init glLoadTransposeMatrixf not found.
0024:warn:wgl:display_funcs_init glLoadTransposeMatrixfARB not found.
0024:warn:wgl:display_funcs_init glLoadTransposeMatrixxOES not found.
0024:warn:wgl:display_funcs_init glLockArraysEXT not found.
0024:warn:wgl:display_funcs_init glMTexCoord2fSGIS not found.
0024:warn:wgl:display_funcs_init glMTexCoord2fvSGIS not found.
0024:warn:wgl:display_funcs_init glMakeBufferNonResidentNV not found.
0024:warn:wgl:display_funcs_init glMakeBufferResidentNV not found.
0024:warn:wgl:display_funcs_init glMakeImageHandleNonResidentARB not found.
0024:warn:wgl:display_funcs_init glMakeImageHandleNonResidentNV not found.
0024:warn:wgl:display_funcs_init glMakeImageHandleResidentARB not found.
0024:warn:wgl:display_funcs_init glMakeImageHandleResidentNV not found.
0024:warn:wgl:display_funcs_init glMakeNamedBufferNonResidentNV not found.
0024:warn:wgl:display_funcs_init glMakeNamedBufferResidentNV not found.
0024:warn:wgl:display_funcs_init glMakeTextureHandleNonResidentARB not found.
0024:warn:wgl:display_funcs_init glMakeTextureHandleNonResidentNV not found.
0024:warn:wgl:display_funcs_init glMakeTextureHandleResidentARB not found.
0024:warn:wgl:display_funcs_init glMakeTextureHandleResidentNV not found.
0024:warn:wgl:display_funcs_init glMap1xOES not found.
0024:warn:wgl:display_funcs_init glMap2xOES not found.
0024:warn:wgl:display_funcs_init glMapBuffer not found.
0024:warn:wgl:display_funcs_init glMapBufferARB not found.
0024:warn:wgl:display_funcs_init glMapBufferOES not found.
0024:warn:wgl:display_funcs_init glMapBufferRange not found.
0024:warn:wgl:display_funcs_init glMapBufferRangeEXT not found.
0024:warn:wgl:display_funcs_init glMapControlPointsNV not found.
0024:warn:wgl:display_funcs_init glMapGrid1xOES not found.
0024:warn:wgl:display_funcs_init glMapGrid2xOES not found.
0024:warn:wgl:display_funcs_init glMapNamedBuffer not found.
0024:warn:wgl:display_funcs_init glMapNamedBufferEXT not found.
0024:warn:wgl:display_funcs_init glMapNamedBufferRange not found.
0024:warn:wgl:display_funcs_init glMapNamedBufferRangeEXT not found.
0024:warn:wgl:display_funcs_init glMapObjectBufferATI not found.
0024:warn:wgl:display_funcs_init glMapParameterfvNV not found.
0024:warn:wgl:display_funcs_init glMapParameterivNV not found.
0024:warn:wgl:display_funcs_init glMapTexture2DINTEL not found.
0024:warn:wgl:display_funcs_init glMapVertexAttrib1dAPPLE not found.
0024:warn:wgl:display_funcs_init glMapVertexAttrib1fAPPLE not found.
0024:warn:wgl:display_funcs_init glMapVertexAttrib2dAPPLE not found.
0024:warn:wgl:display_funcs_init glMapVertexAttrib2fAPPLE not found.
0024:warn:wgl:display_funcs_init glMaterialx not found.
0024:warn:wgl:display_funcs_init glMaterialxOES not found.
0024:warn:wgl:display_funcs_init glMaterialxv not found.
0024:warn:wgl:display_funcs_init glMaterialxvOES not found.
0024:warn:wgl:display_funcs_init glMatrixFrustumEXT not found.
0024:warn:wgl:display_funcs_init glMatrixIndexPointerARB not found.
0024:warn:wgl:display_funcs_init glMatrixIndexPointerOES not found.
0024:warn:wgl:display_funcs_init glMatrixIndexubvARB not found.
0024:warn:wgl:display_funcs_init glMatrixIndexuivARB not found.
0024:warn:wgl:display_funcs_init glMatrixIndexusvARB not found.
0024:warn:wgl:display_funcs_init glMatrixLoad3x2fNV not found.
0024:warn:wgl:display_funcs_init glMatrixLoad3x3fNV not found.
0024:warn:wgl:display_funcs_init glMatrixLoadIdentityEXT not found.
0024:warn:wgl:display_funcs_init glMatrixLoadTranspose3x3fNV not found.
0024:warn:wgl:display_funcs_init glMatrixLoadTransposedEXT not found.
0024:warn:wgl:display_funcs_init glMatrixLoadTransposefEXT not found.
0024:warn:wgl:display_funcs_init glMatrixLoaddEXT not found.
0024:warn:wgl:display_funcs_init glMatrixLoadfEXT not found.
0024:warn:wgl:display_funcs_init glMatrixMult3x2fNV not found.
0024:warn:wgl:display_funcs_init glMatrixMult3x3fNV not found.
0024:warn:wgl:display_funcs_init glMatrixMultTranspose3x3fNV not found.
0024:warn:wgl:display_funcs_init glMatrixMultTransposedEXT not found.
0024:warn:wgl:display_funcs_init glMatrixMultTransposefEXT not found.
0024:warn:wgl:display_funcs_init glMatrixMultdEXT not found.
0024:warn:wgl:display_funcs_init glMatrixMultfEXT not found.
0024:warn:wgl:display_funcs_init glMatrixOrthoEXT not found.
0024:warn:wgl:display_funcs_init glMatrixPopEXT not found.
0024:warn:wgl:display_funcs_init glMatrixPushEXT not found.
0024:warn:wgl:display_funcs_init glMatrixRotatedEXT not found.
0024:warn:wgl:display_funcs_init glMatrixRotatefEXT not found.
0024:warn:wgl:display_funcs_init glMatrixScaledEXT not found.
0024:warn:wgl:display_funcs_init glMatrixScalefEXT not found.
0024:warn:wgl:display_funcs_init glMatrixTranslatedEXT not found.
0024:warn:wgl:display_funcs_init glMatrixTranslatefEXT not found.
0024:warn:wgl:display_funcs_init glMaxActiveShaderCoresARM not found.
0024:warn:wgl:display_funcs_init glMaxShaderCompilerThreadsARB not found.
0024:warn:wgl:display_funcs_init glMaxShaderCompilerThreadsKHR not found.
0024:warn:wgl:display_funcs_init glMemoryBarrier not found.
0024:warn:wgl:display_funcs_init glMemoryBarrierByRegion not found.
0024:warn:wgl:display_funcs_init glMemoryBarrierEXT not found.
0024:warn:wgl:display_funcs_init glMemoryObjectParameterivEXT not found.
0024:warn:wgl:display_funcs_init glMinSampleShading not found.
0024:warn:wgl:display_funcs_init glMinSampleShadingARB not found.
0024:warn:wgl:display_funcs_init glMinSampleShadingOES not found.
0024:warn:wgl:display_funcs_init glMinmax not found.
0024:warn:wgl:display_funcs_init glMinmaxEXT not found.
0024:warn:wgl:display_funcs_init glMultMatrixx not found.
0024:warn:wgl:display_funcs_init glMultMatrixxOES not found.
0024:warn:wgl:display_funcs_init glMultTransposeMatrixd not found.
0024:warn:wgl:display_funcs_init glMultTransposeMatrixdARB not found.
0024:warn:wgl:display_funcs_init glMultTransposeMatrixf not found.
0024:warn:wgl:display_funcs_init glMultTransposeMatrixfARB not found.
0024:warn:wgl:display_funcs_init glMultTransposeMatrixxOES not found.
0024:warn:wgl:display_funcs_init glMultiDrawArrays not found.
0024:warn:wgl:display_funcs_init glMultiDrawArraysEXT not found.
0024:warn:wgl:display_funcs_init glMultiDrawArraysIndirect not found.
0024:warn:wgl:display_funcs_init glMultiDrawArraysIndirectAMD not found.
0024:warn:wgl:display_funcs_init glMultiDrawArraysIndirectBindlessCountNV not found.
0024:warn:wgl:display_funcs_init glMultiDrawArraysIndirectBindlessNV not found.
0024:warn:wgl:display_funcs_init glMultiDrawArraysIndirectCount not found.
0024:warn:wgl:display_funcs_init glMultiDrawArraysIndirectCountARB not found.
0024:warn:wgl:display_funcs_init glMultiDrawArraysIndirectEXT not found.
0024:warn:wgl:display_funcs_init glMultiDrawElementArrayAPPLE not found.
0024:warn:wgl:display_funcs_init glMultiDrawElements not found.
0024:warn:wgl:display_funcs_init glMultiDrawElementsBaseVertex not found.
0024:warn:wgl:display_funcs_init glMultiDrawElementsBaseVertexEXT not found.
0024:warn:wgl:display_funcs_init glMultiDrawElementsEXT not found.
0024:warn:wgl:display_funcs_init glMultiDrawElementsIndirect not found.
0024:warn:wgl:display_funcs_init glMultiDrawElementsIndirectAMD not found.
0024:warn:wgl:display_funcs_init glMultiDrawElementsIndirectBindlessCountNV not found.
0024:warn:wgl:display_funcs_init glMultiDrawElementsIndirectBindlessNV not found.
0024:warn:wgl:display_funcs_init glMultiDrawElementsIndirectCount not found.
0024:warn:wgl:display_funcs_init glMultiDrawElementsIndirectCountARB not found.
0024:warn:wgl:display_funcs_init glMultiDrawElementsIndirectEXT not found.
0024:warn:wgl:display_funcs_init glMultiDrawMeshTasksIndirectCountEXT not found.
0024:warn:wgl:display_funcs_init glMultiDrawMeshTasksIndirectCountNV not found.
0024:warn:wgl:display_funcs_init glMultiDrawMeshTasksIndirectEXT not found.
0024:warn:wgl:display_funcs_init glMultiDrawMeshTasksIndirectNV not found.
0024:warn:wgl:display_funcs_init glMultiDrawRangeElementArrayAPPLE not found.
0024:warn:wgl:display_funcs_init glMultiModeDrawArraysIBM not found.
0024:warn:wgl:display_funcs_init glMultiModeDrawElementsIBM not found.
0024:warn:wgl:display_funcs_init glMultiTexBufferEXT not found.
0024:warn:wgl:display_funcs_init glMultiTexCoord1bOES not found.
0024:warn:wgl:display_funcs_init glMultiTexCoord1bvOES not found.
0024:warn:wgl:display_funcs_init glMultiTexCoord1d not found.
0024:warn:wgl:display_funcs_init glMultiTexCoord1dARB not found.
0024:warn:wgl:display_funcs_init glMultiTexCoord1dSGIS not found.
0024:warn:wgl:display_funcs_init glMultiTexCoord1dv not found.
0024:warn:wgl:display_funcs_init glMultiTexCoord1dvARB not found.
0024:warn:wgl:display_funcs_init glMultiTexCoord1dvSGIS not found.
0024:warn:wgl:display_funcs_init glMultiTexCoord1f not found.
0024:warn:wgl:display_funcs_init glMultiTexCoord1fARB not found.
0024:warn:wgl:display_funcs_init glMultiTexCoord1fSGIS not found.
0024:warn:wgl:display_funcs_init glMultiTexCoord1fv not found.
0024:warn:wgl:display_funcs_init glMultiTexCoord1fvARB not found.
0024:warn:wgl:display_funcs_init glMultiTexCoord1fvSGIS not found.
0024:warn:wgl:display_funcs_init glMultiTexCoord1hNV not found.
0024:warn:wgl:display_funcs_init glMultiTexCoord1hvNV not found.
0024:warn:wgl:display_funcs_init glMultiTexCoord1i not found.
0024:warn:wgl:display_funcs_init glMultiTexCoord1iARB not found.
0024:warn:wgl:display_funcs_init glMultiTexCoord1iSGIS not found.
0024:warn:wgl:display_funcs_init glMultiTexCoord1iv not found.
0024:warn:wgl:display_funcs_init glMultiTexCoord1ivARB not found.
0024:warn:wgl:display_funcs_init glMultiTexCoord1ivSGIS not found.
0024:warn:wgl:display_funcs_init glMultiTexCoord1s not found.
0024:warn:wgl:display_funcs_init glMultiTexCoord1sARB not found.
0024:warn:wgl:display_funcs_init glMultiTexCoord1sSGIS not found.
0024:warn:wgl:display_funcs_init glMultiTexCoord1sv not found.
0024:warn:wgl:display_funcs_init glMultiTexCoord1svARB not found.
0024:warn:wgl:display_funcs_init glMultiTexCoord1svSGIS not found.
0024:warn:wgl:display_funcs_init glMultiTexCoord1xOES not found.
0024:warn:wgl:display_funcs_init glMultiTexCoord1xvOES not found.
0024:warn:wgl:display_funcs_init glMultiTexCoord2bOES not found.
0024:warn:wgl:display_funcs_init glMultiTexCoord2bvOES not found.
0024:warn:wgl:display_funcs_init glMultiTexCoord2d not found.
0024:warn:wgl:display_funcs_init glMultiTexCoord2dARB not found.
0024:warn:wgl:display_funcs_init glMultiTexCoord2dSGIS not found.
0024:warn:wgl:display_funcs_init glMultiTexCoord2dv not found.
0024:warn:wgl:display_funcs_init glMultiTexCoord2dvARB not found.
0024:warn:wgl:display_funcs_init glMultiTexCoord2dvSGIS not found.
0024:warn:wgl:display_funcs_init glMultiTexCoord2f not found.
0024:warn:wgl:display_funcs_init glMultiTexCoord2fARB not found.
0024:warn:wgl:display_funcs_init glMultiTexCoord2fSGIS not found.
0024:warn:wgl:display_funcs_init glMultiTexCoord2fv not found.
0024:warn:wgl:display_funcs_init glMultiTexCoord2fvARB not found.
0024:warn:wgl:display_funcs_init glMultiTexCoord2fvSGIS not found.
0024:warn:wgl:display_funcs_init glMultiTexCoord2hNV not found.
0024:warn:wgl:display_funcs_init glMultiTexCoord2hvNV not found.
0024:warn:wgl:display_funcs_init glMultiTexCoord2i not found.
0024:warn:wgl:display_funcs_init glMultiTexCoord2iARB not found.
0024:warn:wgl:display_funcs_init glMultiTexCoord2iSGIS not found.
0024:warn:wgl:display_funcs_init glMultiTexCoord2iv not found.
0024:warn:wgl:display_funcs_init glMultiTexCoord2ivARB not found.
0024:warn:wgl:display_funcs_init glMultiTexCoord2ivSGIS not found.
0024:warn:wgl:display_funcs_init glMultiTexCoord2s not found.
0024:warn:wgl:display_funcs_init glMultiTexCoord2sARB not found.
0024:warn:wgl:display_funcs_init glMultiTexCoord2sSGIS not found.
0024:warn:wgl:display_funcs_init glMultiTexCoord2sv not found.
0024:warn:wgl:display_funcs_init glMultiTexCoord2svARB not found.
0024:warn:wgl:display_funcs_init glMultiTexCoord2svSGIS not found.
0024:warn:wgl:display_funcs_init glMultiTexCoord2xOES not found.
0024:warn:wgl:display_funcs_init glMultiTexCoord2xvOES not found.
0024:warn:wgl:display_funcs_init glMultiTexCoord3bOES not found.
0024:warn:wgl:display_funcs_init glMultiTexCoord3bvOES not found.
0024:warn:wgl:display_funcs_init glMultiTexCoord3d not found.
0024:warn:wgl:display_funcs_init glMultiTexCoord3dARB not found.
0024:warn:wgl:display_funcs_init glMultiTexCoord3dSGIS not found.
0024:warn:wgl:display_funcs_init glMultiTexCoord3dv not found.
0024:warn:wgl:display_funcs_init glMultiTexCoord3dvARB not found.
0024:warn:wgl:display_funcs_init glMultiTexCoord3dvSGIS not found.
0024:warn:wgl:display_funcs_init glMultiTexCoord3f not found.
0024:warn:wgl:display_funcs_init glMultiTexCoord3fARB not found.
0024:warn:wgl:display_funcs_init glMultiTexCoord3fSGIS not found.
0024:warn:wgl:display_funcs_init glMultiTexCoord3fv not found.
0024:warn:wgl:display_funcs_init glMultiTexCoord3fvARB not found.
0024:warn:wgl:display_funcs_init glMultiTexCoord3fvSGIS not found.
0024:warn:wgl:display_funcs_init glMultiTexCoord3hNV not found.
0024:warn:wgl:display_funcs_init glMultiTexCoord3hvNV not found.
0024:warn:wgl:display_funcs_init glMultiTexCoord3i not found.
0024:warn:wgl:display_funcs_init glMultiTexCoord3iARB not found.
0024:warn:wgl:display_funcs_init glMultiTexCoord3iSGIS not found.
0024:warn:wgl:display_funcs_init glMultiTexCoord3iv not found.
0024:warn:wgl:display_funcs_init glMultiTexCoord3ivARB not found.
0024:warn:wgl:display_funcs_init glMultiTexCoord3ivSGIS not found.
0024:warn:wgl:display_funcs_init glMultiTexCoord3s not found.
0024:warn:wgl:display_funcs_init glMultiTexCoord3sARB not found.
0024:warn:wgl:display_funcs_init glMultiTexCoord3sSGIS not found.
0024:warn:wgl:display_funcs_init glMultiTexCoord3sv not found.
0024:warn:wgl:display_funcs_init glMultiTexCoord3svARB not found.
0024:warn:wgl:display_funcs_init glMultiTexCoord3svSGIS not found.
0024:warn:wgl:display_funcs_init glMultiTexCoord3xOES not found.
0024:warn:wgl:display_funcs_init glMultiTexCoord3xvOES not found.
0024:warn:wgl:display_funcs_init glMultiTexCoord4bOES not found.
0024:warn:wgl:display_funcs_init glMultiTexCoord4bvOES not found.
0024:warn:wgl:display_funcs_init glMultiTexCoord4d not found.
0024:warn:wgl:display_funcs_init glMultiTexCoord4dARB not found.
0024:warn:wgl:display_funcs_init glMultiTexCoord4dSGIS not found.
0024:warn:wgl:display_funcs_init glMultiTexCoord4dv not found.
0024:warn:wgl:display_funcs_init glMultiTexCoord4dvARB not found.
0024:warn:wgl:display_funcs_init glMultiTexCoord4dvSGIS not found.
0024:warn:wgl:display_funcs_init glMultiTexCoord4f not found.
0024:warn:wgl:display_funcs_init glMultiTexCoord4fARB not found.
0024:warn:wgl:display_funcs_init glMultiTexCoord4fSGIS not found.
0024:warn:wgl:display_funcs_init glMultiTexCoord4fv not found.
0024:warn:wgl:display_funcs_init glMultiTexCoord4fvARB not found.
0024:warn:wgl:display_funcs_init glMultiTexCoord4fvSGIS not found.
0024:warn:wgl:display_funcs_init glMultiTexCoord4hNV not found.
0024:warn:wgl:display_funcs_init glMultiTexCoord4hvNV not found.
0024:warn:wgl:display_funcs_init glMultiTexCoord4i not found.
0024:warn:wgl:display_funcs_init glMultiTexCoord4iARB not found.
0024:warn:wgl:display_funcs_init glMultiTexCoord4iSGIS not found.
0024:warn:wgl:display_funcs_init glMultiTexCoord4iv not found.
0024:warn:wgl:display_funcs_init glMultiTexCoord4ivARB not found.
0024:warn:wgl:display_funcs_init glMultiTexCoord4ivSGIS not found.
0024:warn:wgl:display_funcs_init glMultiTexCoord4s not found.
0024:warn:wgl:display_funcs_init glMultiTexCoord4sARB not found.
0024:warn:wgl:display_funcs_init glMultiTexCoord4sSGIS not found.
0024:warn:wgl:display_funcs_init glMultiTexCoord4sv not found.
0024:warn:wgl:display_funcs_init glMultiTexCoord4svARB not found.
0024:warn:wgl:display_funcs_init glMultiTexCoord4svSGIS not found.
0024:warn:wgl:display_funcs_init glMultiTexCoord4x not found.
0024:warn:wgl:display_funcs_init glMultiTexCoord4xOES not found.
0024:warn:wgl:display_funcs_init glMultiTexCoord4xvOES not found.
0024:warn:wgl:display_funcs_init glMultiTexCoordP1ui not found.
0024:warn:wgl:display_funcs_init glMultiTexCoordP1uiv not found.
0024:warn:wgl:display_funcs_init glMultiTexCoordP2ui not found.
0024:warn:wgl:display_funcs_init glMultiTexCoordP2uiv not found.
0024:warn:wgl:display_funcs_init glMultiTexCoordP3ui not found.
0024:warn:wgl:display_funcs_init glMultiTexCoordP3uiv not found.
0024:warn:wgl:display_funcs_init glMultiTexCoordP4ui not found.
0024:warn:wgl:display_funcs_init glMultiTexCoordP4uiv not found.
0024:warn:wgl:display_funcs_init glMultiTexCoordPointerEXT not found.
0024:warn:wgl:display_funcs_init glMultiTexCoordPointerSGIS not found.
0024:warn:wgl:display_funcs_init glMultiTexEnvfEXT not found.
0024:warn:wgl:display_funcs_init glMultiTexEnvfvEXT not found.
0024:warn:wgl:display_funcs_init glMultiTexEnviEXT not found.
0024:warn:wgl:display_funcs_init glMultiTexEnvivEXT not found.
0024:warn:wgl:display_funcs_init glMultiTexGendEXT not found.
0024:warn:wgl:display_funcs_init glMultiTexGendvEXT not found.
0024:warn:wgl:display_funcs_init glMultiTexGenfEXT not found.
0024:warn:wgl:display_funcs_init glMultiTexGenfvEXT not found.
0024:warn:wgl:display_funcs_init glMultiTexGeniEXT not found.
0024:warn:wgl:display_funcs_init glMultiTexGenivEXT not found.
0024:warn:wgl:display_funcs_init glMultiTexImage1DEXT not found.
0024:warn:wgl:display_funcs_init glMultiTexImage2DEXT not found.
0024:warn:wgl:display_funcs_init glMultiTexImage3DEXT not found.
0024:warn:wgl:display_funcs_init glMultiTexParameterIivEXT not found.
0024:warn:wgl:display_funcs_init glMultiTexParameterIuivEXT not found.
0024:warn:wgl:display_funcs_init glMultiTexParameterfEXT not found.
0024:warn:wgl:display_funcs_init glMultiTexParameterfvEXT not found.
0024:warn:wgl:display_funcs_init glMultiTexParameteriEXT not found.
0024:warn:wgl:display_funcs_init glMultiTexParameterivEXT not found.
0024:warn:wgl:display_funcs_init glMultiTexRenderbufferEXT not found.
0024:warn:wgl:display_funcs_init glMultiTexSubImage1DEXT not found.
0024:warn:wgl:display_funcs_init glMultiTexSubImage2DEXT not found.
0024:warn:wgl:display_funcs_init glMultiTexSubImage3DEXT not found.
0024:warn:wgl:display_funcs_init glMulticastBarrierNV not found.
0024:warn:wgl:display_funcs_init glMulticastBlitFramebufferNV not found.
0024:warn:wgl:display_funcs_init glMulticastBufferSubDataNV not found.
0024:warn:wgl:display_funcs_init glMulticastCopyBufferSubDataNV not found.
0024:warn:wgl:display_funcs_init glMulticastCopyImageSubDataNV not found.
0024:warn:wgl:display_funcs_init glMulticastFramebufferSampleLocationsfvNV not found.
0024:warn:wgl:display_funcs_init glMulticastGetQueryObjecti64vNV not found.
0024:warn:wgl:display_funcs_init glMulticastGetQueryObjectivNV not found.
0024:warn:wgl:display_funcs_init glMulticastGetQueryObjectui64vNV not found.
0024:warn:wgl:display_funcs_init glMulticastGetQueryObjectuivNV not found.
0024:warn:wgl:display_funcs_init glMulticastScissorArrayvNVX not found.
0024:warn:wgl:display_funcs_init glMulticastViewportArrayvNVX not found.
0024:warn:wgl:display_funcs_init glMulticastViewportPositionWScaleNVX not found.
0024:warn:wgl:display_funcs_init glMulticastWaitSyncNV not found.
0024:warn:wgl:display_funcs_init glNamedBufferAttachMemoryNV not found.
0024:warn:wgl:display_funcs_init glNamedBufferData not found.
0024:warn:wgl:display_funcs_init glNamedBufferDataEXT not found.
0024:warn:wgl:display_funcs_init glNamedBufferPageCommitmentARB not found.
0024:warn:wgl:display_funcs_init glNamedBufferPageCommitmentEXT not found.
0024:warn:wgl:display_funcs_init glNamedBufferPageCommitmentMemNV not found.
0024:warn:wgl:display_funcs_init glNamedBufferStorage not found.
0024:warn:wgl:display_funcs_init glNamedBufferStorageEXT not found.
0024:warn:wgl:display_funcs_init glNamedBufferStorageMemEXT not found.
0024:warn:wgl:display_funcs_init glNamedBufferSubData not found.
0024:warn:wgl:display_funcs_init glNamedBufferSubDataEXT not found.
0024:warn:wgl:display_funcs_init glNamedCopyBufferSubDataEXT not found.
0024:warn:wgl:display_funcs_init glNamedFramebufferDrawBuffer not found.
0024:warn:wgl:display_funcs_init glNamedFramebufferDrawBuffers not found.
0024:warn:wgl:display_funcs_init glNamedFramebufferParameteri not found.
0024:warn:wgl:display_funcs_init glNamedFramebufferParameteriEXT not found.
0024:warn:wgl:display_funcs_init glNamedFramebufferReadBuffer not found.
0024:warn:wgl:display_funcs_init glNamedFramebufferRenderbuffer not found.
0024:warn:wgl:display_funcs_init glNamedFramebufferRenderbufferEXT not found.
0024:warn:wgl:display_funcs_init glNamedFramebufferSampleLocationsfvARB not found.
0024:warn:wgl:display_funcs_init glNamedFramebufferSampleLocationsfvNV not found.
0024:warn:wgl:display_funcs_init glNamedFramebufferSamplePositionsfvAMD not found.
0024:warn:wgl:display_funcs_init glNamedFramebufferTexture not found.
0024:warn:wgl:display_funcs_init glNamedFramebufferTexture1DEXT not found.
0024:warn:wgl:display_funcs_init glNamedFramebufferTexture2DEXT not found.
0024:warn:wgl:display_funcs_init glNamedFramebufferTexture3DEXT not found.
0024:warn:wgl:display_funcs_init glNamedFramebufferTextureEXT not found.
0024:warn:wgl:display_funcs_init glNamedFramebufferTextureFaceEXT not found.
0024:warn:wgl:display_funcs_init glNamedFramebufferTextureLayer not found.
0024:warn:wgl:display_funcs_init glNamedFramebufferTextureLayerEXT not found.
0024:warn:wgl:display_funcs_init glNamedFramebufferTextureMultiviewOVR not found.
0024:warn:wgl:display_funcs_init glNamedProgramLocalParameter4dEXT not found.
0024:warn:wgl:display_funcs_init glNamedProgramLocalParameter4dvEXT not found.
0024:warn:wgl:display_funcs_init glNamedProgramLocalParameter4fEXT not found.
0024:warn:wgl:display_funcs_init glNamedProgramLocalParameter4fvEXT not found.
0024:warn:wgl:display_funcs_init glNamedProgramLocalParameterI4iEXT not found.
0024:warn:wgl:display_funcs_init glNamedProgramLocalParameterI4ivEXT not found.
0024:warn:wgl:display_funcs_init glNamedProgramLocalParameterI4uiEXT not found.
0024:warn:wgl:display_funcs_init glNamedProgramLocalParameterI4uivEXT not found.
0024:warn:wgl:display_funcs_init glNamedProgramLocalParameters4fvEXT not found.
0024:warn:wgl:display_funcs_init glNamedProgramLocalParametersI4ivEXT not found.
0024:warn:wgl:display_funcs_init glNamedProgramLocalParametersI4uivEXT not found.
0024:warn:wgl:display_funcs_init glNamedProgramStringEXT not found.
0024:warn:wgl:display_funcs_init glNamedRenderbufferStorage not found.
0024:warn:wgl:display_funcs_init glNamedRenderbufferStorageEXT not found.
0024:warn:wgl:display_funcs_init glNamedRenderbufferStorageMultisample not found.
0024:warn:wgl:display_funcs_init glNamedRenderbufferStorageMultisampleAdvancedAMD not found.
0024:warn:wgl:display_funcs_init glNamedRenderbufferStorageMultisampleCoverageEXT not found.
0024:warn:wgl:display_funcs_init glNamedRenderbufferStorageMultisampleEXT not found.
0024:warn:wgl:display_funcs_init glNamedStringARB not found.
0024:warn:wgl:display_funcs_init glNewBufferRegion not found.
0024:warn:wgl:display_funcs_init glNewObjectBufferATI not found.
0024:warn:wgl:display_funcs_init glNormal3fVertex3fSUN not found.
0024:warn:wgl:display_funcs_init glNormal3fVertex3fvSUN not found.
0024:warn:wgl:display_funcs_init glNormal3hNV not found.
0024:warn:wgl:display_funcs_init glNormal3hvNV not found.
0024:warn:wgl:display_funcs_init glNormal3x not found.
0024:warn:wgl:display_funcs_init glNormal3xOES not found.
0024:warn:wgl:display_funcs_init glNormal3xvOES not found.
0024:warn:wgl:display_funcs_init glNormalFormatNV not found.
0024:warn:wgl:display_funcs_init glNormalP3ui not found.
0024:warn:wgl:display_funcs_init glNormalP3uiv not found.
0024:warn:wgl:display_funcs_init glNormalPointerEXT not found.
0024:warn:wgl:display_funcs_init glNormalPointerListIBM not found.
0024:warn:wgl:display_funcs_init glNormalPointervINTEL not found.
0024:warn:wgl:display_funcs_init glNormalStream3bATI not found.
0024:warn:wgl:display_funcs_init glNormalStream3bvATI not found.
0024:warn:wgl:display_funcs_init glNormalStream3dATI not found.
0024:warn:wgl:display_funcs_init glNormalStream3dvATI not found.
0024:warn:wgl:display_funcs_init glNormalStream3fATI not found.
0024:warn:wgl:display_funcs_init glNormalStream3fvATI not found.
0024:warn:wgl:display_funcs_init glNormalStream3iATI not found.
0024:warn:wgl:display_funcs_init glNormalStream3ivATI not found.
0024:warn:wgl:display_funcs_init glNormalStream3sATI not found.
0024:warn:wgl:display_funcs_init glNormalStream3svATI not found.
0024:warn:wgl:display_funcs_init glObjectLabel not found.
0024:warn:wgl:display_funcs_init glObjectPtrLabel not found.
0024:warn:wgl:display_funcs_init glObjectPurgeableAPPLE not found.
0024:warn:wgl:display_funcs_init glObjectUnpurgeableAPPLE not found.
0024:warn:wgl:display_funcs_init glOrthof not found.
0024:warn:wgl:display_funcs_init glOrthofOES not found.
0024:warn:wgl:display_funcs_init glOrthox not found.
0024:warn:wgl:display_funcs_init glOrthoxOES not found.
0024:warn:wgl:display_funcs_init glPNTrianglesfATI not found.
0024:warn:wgl:display_funcs_init glPNTrianglesiATI not found.
0024:warn:wgl:display_funcs_init glPassTexCoordATI not found.
0024:warn:wgl:display_funcs_init glPassThroughxOES not found.
0024:warn:wgl:display_funcs_init glPatchParameterfv not found.
0024:warn:wgl:display_funcs_init glPatchParameteri not found.
0024:warn:wgl:display_funcs_init glPatchParameteriEXT not found.
0024:warn:wgl:display_funcs_init glPatchParameteriOES not found.
0024:warn:wgl:display_funcs_init glPathColorGenNV not found.
0024:warn:wgl:display_funcs_init glPathCommandsNV not found.
0024:warn:wgl:display_funcs_init glPathCoordsNV not found.
0024:warn:wgl:display_funcs_init glPathCoverDepthFuncNV not found.
0024:warn:wgl:display_funcs_init glPathDashArrayNV not found.
0024:warn:wgl:display_funcs_init glPathFogGenNV not found.
0024:warn:wgl:display_funcs_init glPathGlyphIndexArrayNV not found.
0024:warn:wgl:display_funcs_init glPathGlyphIndexRangeNV not found.
0024:warn:wgl:display_funcs_init glPathGlyphRangeNV not found.
0024:warn:wgl:display_funcs_init glPathGlyphsNV not found.
0024:warn:wgl:display_funcs_init glPathMemoryGlyphIndexArrayNV not found.
0024:warn:wgl:display_funcs_init glPathParameterfNV not found.
0024:warn:wgl:display_funcs_init glPathParameterfvNV not found.
0024:warn:wgl:display_funcs_init glPathParameteriNV not found.
0024:warn:wgl:display_funcs_init glPathParameterivNV not found.
0024:warn:wgl:display_funcs_init glPathStencilDepthOffsetNV not found.
0024:warn:wgl:display_funcs_init glPathStencilFuncNV not found.
0024:warn:wgl:display_funcs_init glPathStringNV not found.
0024:warn:wgl:display_funcs_init glPathSubCommandsNV not found.
0024:warn:wgl:display_funcs_init glPathSubCoordsNV not found.
0024:warn:wgl:display_funcs_init glPathTexGenNV not found.
0024:warn:wgl:display_funcs_init glPauseTransformFeedback not found.
0024:warn:wgl:display_funcs_init glPauseTransformFeedbackNV not found.
0024:warn:wgl:display_funcs_init glPixelDataRangeNV not found.
0024:warn:wgl:display_funcs_init glPixelMapx not found.
0024:warn:wgl:display_funcs_init glPixelStorex not found.
0024:warn:wgl:display_funcs_init glPixelTexGenParameterfSGIS not found.
0024:warn:wgl:display_funcs_init glPixelTexGenParameterfvSGIS not found.
0024:warn:wgl:display_funcs_init glPixelTexGenParameteriSGIS not found.
0024:warn:wgl:display_funcs_init glPixelTexGenParameterivSGIS not found.
0024:warn:wgl:display_funcs_init glPixelTexGenSGIX not found.
0024:warn:wgl:display_funcs_init glPixelTransferxOES not found.
0024:warn:wgl:display_funcs_init glPixelTransformParameterfEXT not found.
0024:warn:wgl:display_funcs_init glPixelTransformParameterfvEXT not found.
0024:warn:wgl:display_funcs_init glPixelTransformParameteriEXT not found.
0024:warn:wgl:display_funcs_init glPixelTransformParameterivEXT not found.
0024:warn:wgl:display_funcs_init glPixelZoomxOES not found.
0024:warn:wgl:display_funcs_init glPointAlongPathNV not found.
0024:warn:wgl:display_funcs_init glPointParameterf not found.
0024:warn:wgl:display_funcs_init glPointParameterfARB not found.
0024:warn:wgl:display_funcs_init glPointParameterfEXT not found.
0024:warn:wgl:display_funcs_init glPointParameterfSGIS not found.
0024:warn:wgl:display_funcs_init glPointParameterfv not found.
0024:warn:wgl:display_funcs_init glPointParameterfvARB not found.
0024:warn:wgl:display_funcs_init glPointParameterfvEXT not found.
0024:warn:wgl:display_funcs_init glPointParameterfvSGIS not found.
0024:warn:wgl:display_funcs_init glPointParameteri not found.
0024:warn:wgl:display_funcs_init glPointParameteriNV not found.
0024:warn:wgl:display_funcs_init glPointParameteriv not found.
0024:warn:wgl:display_funcs_init glPointParameterivNV not found.
0024:warn:wgl:display_funcs_init glPointParameterx not found.
0024:warn:wgl:display_funcs_init glPointParameterxv not found.
0024:warn:wgl:display_funcs_init glPointParameterxvOES not found.
0024:warn:wgl:display_funcs_init glPointSizePointerOES not found.
0024:warn:wgl:display_funcs_init glPointSizex not found.
0024:warn:wgl:display_funcs_init glPointSizexOES not found.
0024:warn:wgl:display_funcs_init glPollAsyncSGIX not found.
0024:warn:wgl:display_funcs_init glPollInstrumentsSGIX not found.
0024:warn:wgl:display_funcs_init glPolygonModeNV not found.
0024:warn:wgl:display_funcs_init glPolygonOffsetClamp not found.
0024:warn:wgl:display_funcs_init glPolygonOffsetClampEXT not found.
0024:warn:wgl:display_funcs_init glPolygonOffsetEXT not found.
0024:warn:wgl:display_funcs_init glPolygonOffsetx not found.
0024:warn:wgl:display_funcs_init glPolygonOffsetxOES not found.
0024:warn:wgl:display_funcs_init glPopDebugGroup not found.
0024:warn:wgl:display_funcs_init glPopGroupMarkerEXT not found.
0024:warn:wgl:display_funcs_init glPresentFrameDualFillNV not found.
0024:warn:wgl:display_funcs_init glPresentFrameKeyedNV not found.
0024:warn:wgl:display_funcs_init glPrimitiveBoundingBox not found.
0024:warn:wgl:display_funcs_init glPrimitiveBoundingBoxARB not found.
0024:warn:wgl:display_funcs_init glPrimitiveBoundingBoxEXT not found.
0024:warn:wgl:display_funcs_init glPrimitiveBoundingBoxOES not found.
0024:warn:wgl:display_funcs_init glPrimitiveRestartIndex not found.
0024:warn:wgl:display_funcs_init glPrimitiveRestartIndexNV not found.
0024:warn:wgl:display_funcs_init glPrimitiveRestartNV not found.
0024:warn:wgl:display_funcs_init glPrioritizeTexturesEXT not found.
0024:warn:wgl:display_funcs_init glPrioritizeTexturesxOES not found.
0024:warn:wgl:display_funcs_init glProgramBinary not found.
0024:warn:wgl:display_funcs_init glProgramBinaryOES not found.
0024:warn:wgl:display_funcs_init glProgramBufferParametersIivNV not found.
0024:warn:wgl:display_funcs_init glProgramBufferParametersIuivNV not found.
0024:warn:wgl:display_funcs_init glProgramBufferParametersfvNV not found.
0024:warn:wgl:display_funcs_init glProgramEnvParameter4dARB not found.
0024:warn:wgl:display_funcs_init glProgramEnvParameter4dvARB not found.
0024:warn:wgl:display_funcs_init glProgramEnvParameter4fARB not found.
0024:warn:wgl:display_funcs_init glProgramEnvParameter4fvARB not found.
0024:warn:wgl:display_funcs_init glProgramEnvParameterI4iNV not found.
0024:warn:wgl:display_funcs_init glProgramEnvParameterI4ivNV not found.
0024:warn:wgl:display_funcs_init glProgramEnvParameterI4uiNV not found.
0024:warn:wgl:display_funcs_init glProgramEnvParameterI4uivNV not found.
0024:warn:wgl:display_funcs_init glProgramEnvParameters4fvEXT not found.
0024:warn:wgl:display_funcs_init glProgramEnvParametersI4ivNV not found.
0024:warn:wgl:display_funcs_init glProgramEnvParametersI4uivNV not found.
0024:warn:wgl:display_funcs_init glProgramLocalParameter4dARB not found.
0024:warn:wgl:display_funcs_init glProgramLocalParameter4dvARB not found.
0024:warn:wgl:display_funcs_init glProgramLocalParameter4fARB not found.
0024:warn:wgl:display_funcs_init glProgramLocalParameter4fvARB not found.
0024:warn:wgl:display_funcs_init glProgramLocalParameterI4iNV not found.
0024:warn:wgl:display_funcs_init glProgramLocalParameterI4ivNV not found.
0024:warn:wgl:display_funcs_init glProgramLocalParameterI4uiNV not found.
0024:warn:wgl:display_funcs_init glProgramLocalParameterI4uivNV not found.
0024:warn:wgl:display_funcs_init glProgramLocalParameters4fvEXT not found.
0024:warn:wgl:display_funcs_init glProgramLocalParametersI4ivNV not found.
0024:warn:wgl:display_funcs_init glProgramLocalParametersI4uivNV not found.
0024:warn:wgl:display_funcs_init glProgramNamedParameter4dNV not found.
0024:warn:wgl:display_funcs_init glProgramNamedParameter4dvNV not found.
0024:warn:wgl:display_funcs_init glProgramNamedParameter4fNV not found.
0024:warn:wgl:display_funcs_init glProgramNamedParameter4fvNV not found.
0024:warn:wgl:display_funcs_init glProgramParameter4dNV not found.
0024:warn:wgl:display_funcs_init glProgramParameter4dvNV not found.
0024:warn:wgl:display_funcs_init glProgramParameter4fNV not found.
0024:warn:wgl:display_funcs_init glProgramParameter4fvNV not found.
0024:warn:wgl:display_funcs_init glProgramParameteri not found.
0024:warn:wgl:display_funcs_init glProgramParameteriARB not found.
0024:warn:wgl:display_funcs_init glProgramParameteriEXT not found.
0024:warn:wgl:display_funcs_init glProgramParameters4dvNV not found.
0024:warn:wgl:display_funcs_init glProgramParameters4fvNV not found.
0024:warn:wgl:display_funcs_init glProgramPathFragmentInputGenNV not found.
0024:warn:wgl:display_funcs_init glProgramStringARB not found.
0024:warn:wgl:display_funcs_init glProgramSubroutineParametersuivNV not found.
0024:warn:wgl:display_funcs_init glProgramUniform1d not found.
0024:warn:wgl:display_funcs_init glProgramUniform1dEXT not found.
0024:warn:wgl:display_funcs_init glProgramUniform1dv not found.
0024:warn:wgl:display_funcs_init glProgramUniform1dvEXT not found.
0024:warn:wgl:display_funcs_init glProgramUniform1f not found.
0024:warn:wgl:display_funcs_init glProgramUniform1fEXT not found.
0024:warn:wgl:display_funcs_init glProgramUniform1fv not found.
0024:warn:wgl:display_funcs_init glProgramUniform1fvEXT not found.
0024:warn:wgl:display_funcs_init glProgramUniform1i not found.
0024:warn:wgl:display_funcs_init glProgramUniform1i64ARB not found.
0024:warn:wgl:display_funcs_init glProgramUniform1i64NV not found.
0024:warn:wgl:display_funcs_init glProgramUniform1i64vARB not found.
0024:warn:wgl:display_funcs_init glProgramUniform1i64vNV not found.
0024:warn:wgl:display_funcs_init glProgramUniform1iEXT not found.
0024:warn:wgl:display_funcs_init glProgramUniform1iv not found.
0024:warn:wgl:display_funcs_init glProgramUniform1ivEXT not found.
0024:warn:wgl:display_funcs_init glProgramUniform1ui not found.
0024:warn:wgl:display_funcs_init glProgramUniform1ui64ARB not found.
0024:warn:wgl:display_funcs_init glProgramUniform1ui64NV not found.
0024:warn:wgl:display_funcs_init glProgramUniform1ui64vARB not found.
0024:warn:wgl:display_funcs_init glProgramUniform1ui64vNV not found.
0024:warn:wgl:display_funcs_init glProgramUniform1uiEXT not found.
0024:warn:wgl:display_funcs_init glProgramUniform1uiv not found.
0024:warn:wgl:display_funcs_init glProgramUniform1uivEXT not found.
0024:warn:wgl:display_funcs_init glProgramUniform2d not found.
0024:warn:wgl:display_funcs_init glProgramUniform2dEXT not found.
0024:warn:wgl:display_funcs_init glProgramUniform2dv not found.
0024:warn:wgl:display_funcs_init glProgramUniform2dvEXT not found.
0024:warn:wgl:display_funcs_init glProgramUniform2f not found.
0024:warn:wgl:display_funcs_init glProgramUniform2fEXT not found.
0024:warn:wgl:display_funcs_init glProgramUniform2fv not found.
0024:warn:wgl:display_funcs_init glProgramUniform2fvEXT not found.
0024:warn:wgl:display_funcs_init glProgramUniform2i not found.
0024:warn:wgl:display_funcs_init glProgramUniform2i64ARB not found.
0024:warn:wgl:display_funcs_init glProgramUniform2i64NV not found.
0024:warn:wgl:display_funcs_init glProgramUniform2i64vARB not found.
0024:warn:wgl:display_funcs_init glProgramUniform2i64vNV not found.
0024:warn:wgl:display_funcs_init glProgramUniform2iEXT not found.
0024:warn:wgl:display_funcs_init glProgramUniform2iv not found.
0024:warn:wgl:display_funcs_init glProgramUniform2ivEXT not found.
0024:warn:wgl:display_funcs_init glProgramUniform2ui not found.
0024:warn:wgl:display_funcs_init glProgramUniform2ui64ARB not found.
0024:warn:wgl:display_funcs_init glProgramUniform2ui64NV not found.
0024:warn:wgl:display_funcs_init glProgramUniform2ui64vARB not found.
0024:warn:wgl:display_funcs_init glProgramUniform2ui64vNV not found.
0024:warn:wgl:display_funcs_init glProgramUniform2uiEXT not found.
0024:warn:wgl:display_funcs_init glProgramUniform2uiv not found.
0024:warn:wgl:display_funcs_init glProgramUniform2uivEXT not found.
0024:warn:wgl:display_funcs_init glProgramUniform3d not found.
0024:warn:wgl:display_funcs_init glProgramUniform3dEXT not found.
0024:warn:wgl:display_funcs_init glProgramUniform3dv not found.
0024:warn:wgl:display_funcs_init glProgramUniform3dvEXT not found.
0024:warn:wgl:display_funcs_init glProgramUniform3f not found.
0024:warn:wgl:display_funcs_init glProgramUniform3fEXT not found.
0024:warn:wgl:display_funcs_init glProgramUniform3fv not found.
0024:warn:wgl:display_funcs_init glProgramUniform3fvEXT not found.
0024:warn:wgl:display_funcs_init glProgramUniform3i not found.
0024:warn:wgl:display_funcs_init glProgramUniform3i64ARB not found.
0024:warn:wgl:display_funcs_init glProgramUniform3i64NV not found.
0024:warn:wgl:display_funcs_init glProgramUniform3i64vARB not found.
0024:warn:wgl:display_funcs_init glProgramUniform3i64vNV not found.
0024:warn:wgl:display_funcs_init glProgramUniform3iEXT not found.
0024:warn:wgl:display_funcs_init glProgramUniform3iv not found.
0024:warn:wgl:display_funcs_init glProgramUniform3ivEXT not found.
0024:warn:wgl:display_funcs_init glProgramUniform3ui not found.
0024:warn:wgl:display_funcs_init glProgramUniform3ui64ARB not found.
0024:warn:wgl:display_funcs_init glProgramUniform3ui64NV not found.
0024:warn:wgl:display_funcs_init glProgramUniform3ui64vARB not found.
0024:warn:wgl:display_funcs_init glProgramUniform3ui64vNV not found.
0024:warn:wgl:display_funcs_init glProgramUniform3uiEXT not found.
0024:warn:wgl:display_funcs_init glProgramUniform3uiv not found.
0024:warn:wgl:display_funcs_init glProgramUniform3uivEXT not found.
0024:warn:wgl:display_funcs_init glProgramUniform4d not found.
0024:warn:wgl:display_funcs_init glProgramUniform4dEXT not found.
0024:warn:wgl:display_funcs_init glProgramUniform4dv not found.
0024:warn:wgl:display_funcs_init glProgramUniform4dvEXT not found.
0024:warn:wgl:display_funcs_init glProgramUniform4f not found.
0024:warn:wgl:display_funcs_init glProgramUniform4fEXT not found.
0024:warn:wgl:display_funcs_init glProgramUniform4fv not found.
0024:warn:wgl:display_funcs_init glProgramUniform4fvEXT not found.
0024:warn:wgl:display_funcs_init glProgramUniform4i not found.
0024:warn:wgl:display_funcs_init glProgramUniform4i64ARB not found.
0024:warn:wgl:display_funcs_init glProgramUniform4i64NV not found.
0024:warn:wgl:display_funcs_init glProgramUniform4i64vARB not found.
0024:warn:wgl:display_funcs_init glProgramUniform4i64vNV not found.
0024:warn:wgl:display_funcs_init glProgramUniform4iEXT not found.
0024:warn:wgl:display_funcs_init glProgramUniform4iv not found.
0024:warn:wgl:display_funcs_init glProgramUniform4ivEXT not found.
0024:warn:wgl:display_funcs_init glProgramUniform4ui not found.
0024:warn:wgl:display_funcs_init glProgramUniform4ui64ARB not found.
0024:warn:wgl:display_funcs_init glProgramUniform4ui64NV not found.
0024:warn:wgl:display_funcs_init glProgramUniform4ui64vARB not found.
0024:warn:wgl:display_funcs_init glProgramUniform4ui64vNV not found.
0024:warn:wgl:display_funcs_init glProgramUniform4uiEXT not found.
0024:warn:wgl:display_funcs_init glProgramUniform4uiv not found.
0024:warn:wgl:display_funcs_init glProgramUniform4uivEXT not found.
0024:warn:wgl:display_funcs_init glProgramUniformHandleui64ARB not found.
0024:warn:wgl:display_funcs_init glProgramUniformHandleui64IMG not found.
0024:warn:wgl:display_funcs_init glProgramUniformHandleui64NV not found.
0024:warn:wgl:display_funcs_init glProgramUniformHandleui64vARB not found.
0024:warn:wgl:display_funcs_init glProgramUniformHandleui64vIMG not found.
0024:warn:wgl:display_funcs_init glProgramUniformHandleui64vNV not found.
0024:warn:wgl:display_funcs_init glProgramUniformMatrix2dv not found.
0024:warn:wgl:display_funcs_init glProgramUniformMatrix2dvEXT not found.
0024:warn:wgl:display_funcs_init glProgramUniformMatrix2fv not found.
0024:warn:wgl:display_funcs_init glProgramUniformMatrix2fvEXT not found.
0024:warn:wgl:display_funcs_init glProgramUniformMatrix2x3dv not found.
0024:warn:wgl:display_funcs_init glProgramUniformMatrix2x3dvEXT not found.
0024:warn:wgl:display_funcs_init glProgramUniformMatrix2x3fv not found.
0024:warn:wgl:display_funcs_init glProgramUniformMatrix2x3fvEXT not found.
0024:warn:wgl:display_funcs_init glProgramUniformMatrix2x4dv not found.
0024:warn:wgl:display_funcs_init glProgramUniformMatrix2x4dvEXT not found.
0024:warn:wgl:display_funcs_init glProgramUniformMatrix2x4fv not found.
0024:warn:wgl:display_funcs_init glProgramUniformMatrix2x4fvEXT not found.
0024:warn:wgl:display_funcs_init glProgramUniformMatrix3dv not found.
0024:warn:wgl:display_funcs_init glProgramUniformMatrix3dvEXT not found.
0024:warn:wgl:display_funcs_init glProgramUniformMatrix3fv not found.
0024:warn:wgl:display_funcs_init glProgramUniformMatrix3fvEXT not found.
0024:warn:wgl:display_funcs_init glProgramUniformMatrix3x2dv not found.
0024:warn:wgl:display_funcs_init glProgramUniformMatrix3x2dvEXT not found.
0024:warn:wgl:display_funcs_init glProgramUniformMatrix3x2fv not found.
0024:warn:wgl:display_funcs_init glProgramUniformMatrix3x2fvEXT not found.
0024:warn:wgl:display_funcs_init glProgramUniformMatrix3x4dv not found.
0024:warn:wgl:display_funcs_init glProgramUniformMatrix3x4dvEXT not found.
0024:warn:wgl:display_funcs_init glProgramUniformMatrix3x4fv not found.
0024:warn:wgl:display_funcs_init glProgramUniformMatrix3x4fvEXT not found.
0024:warn:wgl:display_funcs_init glProgramUniformMatrix4dv not found.
0024:warn:wgl:display_funcs_init glProgramUniformMatrix4dvEXT not found.
0024:warn:wgl:display_funcs_init glProgramUniformMatrix4fv not found.
0024:warn:wgl:display_funcs_init glProgramUniformMatrix4fvEXT not found.
0024:warn:wgl:display_funcs_init glProgramUniformMatrix4x2dv not found.
0024:warn:wgl:display_funcs_init glProgramUniformMatrix4x2dvEXT not found.
0024:warn:wgl:display_funcs_init glProgramUniformMatrix4x2fv not found.
0024:warn:wgl:display_funcs_init glProgramUniformMatrix4x2fvEXT not found.
0024:warn:wgl:display_funcs_init glProgramUniformMatrix4x3dv not found.
0024:warn:wgl:display_funcs_init glProgramUniformMatrix4x3dvEXT not found.
0024:warn:wgl:display_funcs_init glProgramUniformMatrix4x3fv not found.
0024:warn:wgl:display_funcs_init glProgramUniformMatrix4x3fvEXT not found.
0024:warn:wgl:display_funcs_init glProgramUniformui64NV not found.
0024:warn:wgl:display_funcs_init glProgramUniformui64vNV not found.
0024:warn:wgl:display_funcs_init glProgramVertexLimitNV not found.
0024:warn:wgl:display_funcs_init glProvokingVertex not found.
0024:warn:wgl:display_funcs_init glProvokingVertexEXT not found.
0024:warn:wgl:display_funcs_init glPushClientAttribDefaultEXT not found.
0024:warn:wgl:display_funcs_init glPushDebugGroup not found.
0024:warn:wgl:display_funcs_init glPushGroupMarkerEXT not found.
0024:warn:wgl:display_funcs_init glQueryCounter not found.
0024:warn:wgl:display_funcs_init glQueryCounterEXT not found.
0024:warn:wgl:display_funcs_init glQueryMatrixxOES not found.
0024:warn:wgl:display_funcs_init glQueryObjectParameteruiAMD not found.
0024:warn:wgl:display_funcs_init glQueryResourceNV not found.
0024:warn:wgl:display_funcs_init glQueryResourceTagNV not found.
0024:warn:wgl:display_funcs_init glRasterPos2xOES not found.
0024:warn:wgl:display_funcs_init glRasterPos2xvOES not found.
0024:warn:wgl:display_funcs_init glRasterPos3xOES not found.
0024:warn:wgl:display_funcs_init glRasterPos3xvOES not found.
0024:warn:wgl:display_funcs_init glRasterPos4xOES not found.
0024:warn:wgl:display_funcs_init glRasterPos4xvOES not found.
0024:warn:wgl:display_funcs_init glRasterSamplesEXT not found.
0024:warn:wgl:display_funcs_init glReadBufferIndexedEXT not found.
0024:warn:wgl:display_funcs_init glReadBufferNV not found.
0024:warn:wgl:display_funcs_init glReadBufferRegion not found.
0024:warn:wgl:display_funcs_init glReadInstrumentsSGIX not found.
0024:warn:wgl:display_funcs_init glReadnPixels not found.
0024:warn:wgl:display_funcs_init glReadnPixelsARB not found.
0024:warn:wgl:display_funcs_init glReadnPixelsEXT not found.
0024:warn:wgl:display_funcs_init glRectxOES not found.
0024:warn:wgl:display_funcs_init glRectxvOES not found.
0024:warn:wgl:display_funcs_init glReferencePlaneSGIX not found.
0024:warn:wgl:display_funcs_init glReleaseKeyedMutexWin32EXT not found.
0024:warn:wgl:display_funcs_init glReleaseShaderCompiler not found.
0024:warn:wgl:display_funcs_init glRenderGpuMaskNV not found.
0024:warn:wgl:display_funcs_init glRenderbufferStorage not found.
0024:warn:wgl:display_funcs_init glRenderbufferStorageEXT not found.
0024:warn:wgl:display_funcs_init glRenderbufferStorageMultisample not found.
0024:warn:wgl:display_funcs_init glRenderbufferStorageMultisampleANGLE not found.
0024:warn:wgl:display_funcs_init glRenderbufferStorageMultisampleAPPLE not found.
0024:warn:wgl:display_funcs_init glRenderbufferStorageMultisampleAdvancedAMD not found.
0024:warn:wgl:display_funcs_init glRenderbufferStorageMultisampleCoverageNV not found.
0024:warn:wgl:display_funcs_init glRenderbufferStorageMultisampleEXT not found.
0024:warn:wgl:display_funcs_init glRenderbufferStorageMultisampleIMG not found.
0024:warn:wgl:display_funcs_init glRenderbufferStorageMultisampleNV not found.
0024:warn:wgl:display_funcs_init glRenderbufferStorageOES not found.
0024:warn:wgl:display_funcs_init glReplacementCodePointerSUN not found.
0024:warn:wgl:display_funcs_init glReplacementCodeubSUN not found.
0024:warn:wgl:display_funcs_init glReplacementCodeubvSUN not found.
0024:warn:wgl:display_funcs_init glReplacementCodeuiColor3fVertex3fSUN not found.
0024:warn:wgl:display_funcs_init glReplacementCodeuiColor3fVertex3fvSUN not found.
0024:warn:wgl:display_funcs_init glReplacementCodeuiColor4fNormal3fVertex3fSUN not found.
0024:warn:wgl:display_funcs_init glReplacementCodeuiColor4fNormal3fVertex3fvSUN not found.
0024:warn:wgl:display_funcs_init glReplacementCodeuiColor4ubVertex3fSUN not found.
0024:warn:wgl:display_funcs_init glReplacementCodeuiColor4ubVertex3fvSUN not found.
0024:warn:wgl:display_funcs_init glReplacementCodeuiNormal3fVertex3fSUN not found.
0024:warn:wgl:display_funcs_init glReplacementCodeuiNormal3fVertex3fvSUN not found.
0024:warn:wgl:display_funcs_init glReplacementCodeuiSUN not found.
0024:warn:wgl:display_funcs_init glReplacementCodeuiTexCoord2fColor4fNormal3fVertex3fSUN not found.
0024:warn:wgl:display_funcs_init glReplacementCodeuiTexCoord2fColor4fNormal3fVertex3fvSUN not found.
0024:warn:wgl:display_funcs_init glReplacementCodeuiTexCoord2fNormal3fVertex3fSUN not found.
0024:warn:wgl:display_funcs_init glReplacementCodeuiTexCoord2fNormal3fVertex3fvSUN not found.
0024:warn:wgl:display_funcs_init glReplacementCodeuiTexCoord2fVertex3fSUN not found.
0024:warn:wgl:display_funcs_init glReplacementCodeuiTexCoord2fVertex3fvSUN not found.
0024:warn:wgl:display_funcs_init glReplacementCodeuiVertex3fSUN not found.
0024:warn:wgl:display_funcs_init glReplacementCodeuiVertex3fvSUN not found.
0024:warn:wgl:display_funcs_init glReplacementCodeuivSUN not found.
0024:warn:wgl:display_funcs_init glReplacementCodeusSUN not found.
0024:warn:wgl:display_funcs_init glReplacementCodeusvSUN not found.
0024:warn:wgl:display_funcs_init glRequestResidentProgramsNV not found.
0024:warn:wgl:display_funcs_init glResetHistogram not found.
0024:warn:wgl:display_funcs_init glResetHistogramEXT not found.
0024:warn:wgl:display_funcs_init glResetMemoryObjectParameterNV not found.
0024:warn:wgl:display_funcs_init glResetMinmax not found.
0024:warn:wgl:display_funcs_init glResetMinmaxEXT not found.
0024:warn:wgl:display_funcs_init glResizeBuffersMESA not found.
0024:warn:wgl:display_funcs_init glResolveDepthValuesNV not found.
0024:warn:wgl:display_funcs_init glResolveMultisampleFramebufferAPPLE not found.
0024:warn:wgl:display_funcs_init glResumeTransformFeedback not found.
0024:warn:wgl:display_funcs_init glResumeTransformFeedbackNV not found.
0024:warn:wgl:display_funcs_init glRotatex not found.
0024:warn:wgl:display_funcs_init glRotatexOES not found.
0024:warn:wgl:display_funcs_init glSampleCoverage not found.
0024:warn:wgl:display_funcs_init glSampleCoverageARB not found.
0024:warn:wgl:display_funcs_init glSampleCoveragex not found.
0024:warn:wgl:display_funcs_init glSampleMapATI not found.
0024:warn:wgl:display_funcs_init glSampleMaskEXT not found.
0024:warn:wgl:display_funcs_init glSampleMaskIndexedNV not found.
0024:warn:wgl:display_funcs_init glSampleMaskSGIS not found.
0024:warn:wgl:display_funcs_init glSampleMaski not found.
0024:warn:wgl:display_funcs_init glSamplePatternEXT not found.
0024:warn:wgl:display_funcs_init glSamplePatternSGIS not found.
0024:warn:wgl:display_funcs_init glSamplerParameterIiv not found.
0024:warn:wgl:display_funcs_init glSamplerParameterIivEXT not found.
0024:warn:wgl:display_funcs_init glSamplerParameterIivOES not found.
0024:warn:wgl:display_funcs_init glSamplerParameterIuiv not found.
0024:warn:wgl:display_funcs_init glSamplerParameterIuivEXT not found.
0024:warn:wgl:display_funcs_init glSamplerParameterIuivOES not found.
0024:warn:wgl:display_funcs_init glSamplerParameterf not found.
0024:warn:wgl:display_funcs_init glSamplerParameterfv not found.
0024:warn:wgl:display_funcs_init glSamplerParameteri not found.
0024:warn:wgl:display_funcs_init glSamplerParameteriv not found.
0024:warn:wgl:display_funcs_init glScalex not found.
0024:warn:wgl:display_funcs_init glScalexOES not found.
0024:warn:wgl:display_funcs_init glScissorArrayv not found.
0024:warn:wgl:display_funcs_init glScissorArrayvNV not found.
0024:warn:wgl:display_funcs_init glScissorArrayvOES not found.
0024:warn:wgl:display_funcs_init glScissorExclusiveArrayvNV not found.
0024:warn:wgl:display_funcs_init glScissorExclusiveNV not found.
0024:warn:wgl:display_funcs_init glScissorIndexed not found.
0024:warn:wgl:display_funcs_init glScissorIndexedNV not found.
0024:warn:wgl:display_funcs_init glScissorIndexedOES not found.
0024:warn:wgl:display_funcs_init glScissorIndexedv not found.
0024:warn:wgl:display_funcs_init glScissorIndexedvNV not found.
0024:warn:wgl:display_funcs_init glScissorIndexedvOES not found.
0024:warn:wgl:display_funcs_init glSecondaryColor3b not found.
0024:warn:wgl:display_funcs_init glSecondaryColor3bEXT not found.
0024:warn:wgl:display_funcs_init glSecondaryColor3bv not found.
0024:warn:wgl:display_funcs_init glSecondaryColor3bvEXT not found.
0024:warn:wgl:display_funcs_init glSecondaryColor3d not found.
0024:warn:wgl:display_funcs_init glSecondaryColor3dEXT not found.
0024:warn:wgl:display_funcs_init glSecondaryColor3dv not found.
0024:warn:wgl:display_funcs_init glSecondaryColor3dvEXT not found.
0024:warn:wgl:display_funcs_init glSecondaryColor3f not found.
0024:warn:wgl:display_funcs_init glSecondaryColor3fEXT not found.
0024:warn:wgl:display_funcs_init glSecondaryColor3fv not found.
0024:warn:wgl:display_funcs_init glSecondaryColor3fvEXT not found.
0024:warn:wgl:display_funcs_init glSecondaryColor3hNV not found.
0024:warn:wgl:display_funcs_init glSecondaryColor3hvNV not found.
0024:warn:wgl:display_funcs_init glSecondaryColor3i not found.
0024:warn:wgl:display_funcs_init glSecondaryColor3iEXT not found.
0024:warn:wgl:display_funcs_init glSecondaryColor3iv not found.
0024:warn:wgl:display_funcs_init glSecondaryColor3ivEXT not found.
0024:warn:wgl:display_funcs_init glSecondaryColor3s not found.
0024:warn:wgl:display_funcs_init glSecondaryColor3sEXT not found.
0024:warn:wgl:display_funcs_init glSecondaryColor3sv not found.
0024:warn:wgl:display_funcs_init glSecondaryColor3svEXT not found.
0024:warn:wgl:display_funcs_init glSecondaryColor3ub not found.
0024:warn:wgl:display_funcs_init glSecondaryColor3ubEXT not found.
0024:warn:wgl:display_funcs_init glSecondaryColor3ubv not found.
0024:warn:wgl:display_funcs_init glSecondaryColor3ubvEXT not found.
0024:warn:wgl:display_funcs_init glSecondaryColor3ui not found.
0024:warn:wgl:display_funcs_init glSecondaryColor3uiEXT not found.
0024:warn:wgl:display_funcs_init glSecondaryColor3uiv not found.
0024:warn:wgl:display_funcs_init glSecondaryColor3uivEXT not found.
0024:warn:wgl:display_funcs_init glSecondaryColor3us not found.
0024:warn:wgl:display_funcs_init glSecondaryColor3usEXT not found.
0024:warn:wgl:display_funcs_init glSecondaryColor3usv not found.
0024:warn:wgl:display_funcs_init glSecondaryColor3usvEXT not found.
0024:warn:wgl:display_funcs_init glSecondaryColorFormatNV not found.
0024:warn:wgl:display_funcs_init glSecondaryColorP3ui not found.
0024:warn:wgl:display_funcs_init glSecondaryColorP3uiv not found.
0024:warn:wgl:display_funcs_init glSecondaryColorPointer not found.
0024:warn:wgl:display_funcs_init glSecondaryColorPointerEXT not found.
0024:warn:wgl:display_funcs_init glSecondaryColorPointerListIBM not found.
0024:warn:wgl:display_funcs_init glSelectPerfMonitorCountersAMD not found.
0024:warn:wgl:display_funcs_init glSelectTextureCoordSetSGIS not found.
0024:warn:wgl:display_funcs_init glSelectTextureSGIS not found.
0024:warn:wgl:display_funcs_init glSemaphoreParameterivNV not found.
0024:warn:wgl:display_funcs_init glSemaphoreParameterui64vEXT not found.
0024:warn:wgl:display_funcs_init glSeparableFilter2D not found.
0024:warn:wgl:display_funcs_init glSeparableFilter2DEXT not found.
0024:warn:wgl:display_funcs_init glSetFenceAPPLE not found.
0024:warn:wgl:display_funcs_init glSetFenceNV not found.
0024:warn:wgl:display_funcs_init glSetFragmentShaderConstantATI not found.
0024:warn:wgl:display_funcs_init glSetInvariantEXT not found.
0024:warn:wgl:display_funcs_init glSetLocalConstantEXT not found.
0024:warn:wgl:display_funcs_init glSetMultisamplefvAMD not found.
0024:warn:wgl:display_funcs_init glShaderBinary not found.
0024:warn:wgl:display_funcs_init glShaderOp1EXT not found.
0024:warn:wgl:display_funcs_init glShaderOp2EXT not found.
0024:warn:wgl:display_funcs_init glShaderOp3EXT not found.
0024:warn:wgl:display_funcs_init glShaderSource not found.
0024:warn:wgl:display_funcs_init glShaderSourceARB not found.
0024:warn:wgl:display_funcs_init glShaderStorageBlockBinding not found.
0024:warn:wgl:display_funcs_init glShadingRateCombinerOpsEXT not found.
0024:warn:wgl:display_funcs_init glShadingRateEXT not found.
0024:warn:wgl:display_funcs_init glShadingRateImageBarrierNV not found.
0024:warn:wgl:display_funcs_init glShadingRateImagePaletteNV not found.
0024:warn:wgl:display_funcs_init glShadingRateQCOM not found.
0024:warn:wgl:display_funcs_init glShadingRateSampleOrderCustomNV not found.
0024:warn:wgl:display_funcs_init glShadingRateSampleOrderNV not found.
0024:warn:wgl:display_funcs_init glSharpenTexFuncSGIS not found.
0024:warn:wgl:display_funcs_init glSignalSemaphoreEXT not found.
0024:warn:wgl:display_funcs_init glSignalSemaphoreui64NVX not found.
0024:warn:wgl:display_funcs_init glSignalVkFenceNV not found.
0024:warn:wgl:display_funcs_init glSignalVkSemaphoreNV not found.
0024:warn:wgl:display_funcs_init glSpecializeShader not found.
0024:warn:wgl:display_funcs_init glSpecializeShaderARB not found.
0024:warn:wgl:display_funcs_init glSpriteParameterfSGIX not found.
0024:warn:wgl:display_funcs_init glSpriteParameterfvSGIX not found.
0024:warn:wgl:display_funcs_init glSpriteParameteriSGIX not found.
0024:warn:wgl:display_funcs_init glSpriteParameterivSGIX not found.
0024:warn:wgl:display_funcs_init glStartInstrumentsSGIX not found.
0024:warn:wgl:display_funcs_init glStartTilingQCOM not found.
0024:warn:wgl:display_funcs_init glStateCaptureNV not found.
0024:warn:wgl:display_funcs_init glStencilClearTagEXT not found.
0024:warn:wgl:display_funcs_init glStencilFillPathInstancedNV not found.
0024:warn:wgl:display_funcs_init glStencilFillPathNV not found.
0024:warn:wgl:display_funcs_init glStencilFuncSeparate not found.
0024:warn:wgl:display_funcs_init glStencilFuncSeparateATI not found.
0024:warn:wgl:display_funcs_init glStencilMaskSeparate not found.
0024:warn:wgl:display_funcs_init glStencilOpSeparate not found.
0024:warn:wgl:display_funcs_init glStencilOpSeparateATI not found.
0024:warn:wgl:display_funcs_init glStencilOpValueAMD not found.
0024:warn:wgl:display_funcs_init glStencilStrokePathInstancedNV not found.
0024:warn:wgl:display_funcs_init glStencilStrokePathNV not found.
0024:warn:wgl:display_funcs_init glStencilThenCoverFillPathInstancedNV not found.
0024:warn:wgl:display_funcs_init glStencilThenCoverFillPathNV not found.
0024:warn:wgl:display_funcs_init glStencilThenCoverStrokePathInstancedNV not found.
0024:warn:wgl:display_funcs_init glStencilThenCoverStrokePathNV not found.
0024:warn:wgl:display_funcs_init glStopInstrumentsSGIX not found.
0024:warn:wgl:display_funcs_init glStringMarkerGREMEDY not found.
0024:warn:wgl:display_funcs_init glSubpixelPrecisionBiasNV not found.
0024:warn:wgl:display_funcs_init glSwizzleEXT not found.
0024:warn:wgl:display_funcs_init glSyncTextureINTEL not found.
0024:warn:wgl:display_funcs_init glTagSampleBufferSGIX not found.
0024:warn:wgl:display_funcs_init glTangent3bEXT not found.
0024:warn:wgl:display_funcs_init glTangent3bvEXT not found.
0024:warn:wgl:display_funcs_init glTangent3dEXT not found.
0024:warn:wgl:display_funcs_init glTangent3dvEXT not found.
0024:warn:wgl:display_funcs_init glTangent3fEXT not found.
0024:warn:wgl:display_funcs_init glTangent3fvEXT not found.
0024:warn:wgl:display_funcs_init glTangent3iEXT not found.
0024:warn:wgl:display_funcs_init glTangent3ivEXT not found.
0024:warn:wgl:display_funcs_init glTangent3sEXT not found.
0024:warn:wgl:display_funcs_init glTangent3svEXT not found.
0024:warn:wgl:display_funcs_init glTangentPointerEXT not found.
0024:warn:wgl:display_funcs_init glTbufferMask3DFX not found.
0024:warn:wgl:display_funcs_init glTessellationFactorAMD not found.
0024:warn:wgl:display_funcs_init glTessellationModeAMD not found.
0024:warn:wgl:display_funcs_init glTestFenceAPPLE not found.
0024:warn:wgl:display_funcs_init glTestFenceNV not found.
0024:warn:wgl:display_funcs_init glTestObjectAPPLE not found.
0024:warn:wgl:display_funcs_init glTexAttachMemoryNV not found.
0024:warn:wgl:display_funcs_init glTexBuffer not found.
0024:warn:wgl:display_funcs_init glTexBufferARB not found.
0024:warn:wgl:display_funcs_init glTexBufferEXT not found.
0024:warn:wgl:display_funcs_init glTexBufferOES not found.
0024:warn:wgl:display_funcs_init glTexBufferRange not found.
0024:warn:wgl:display_funcs_init glTexBufferRangeEXT not found.
0024:warn:wgl:display_funcs_init glTexBufferRangeOES not found.
0024:warn:wgl:display_funcs_init glTexBumpParameterfvATI not found.
0024:warn:wgl:display_funcs_init glTexBumpParameterivATI not found.
0024:warn:wgl:display_funcs_init glTexCoord1bOES not found.
0024:warn:wgl:display_funcs_init glTexCoord1bvOES not found.
0024:warn:wgl:display_funcs_init glTexCoord1hNV not found.
0024:warn:wgl:display_funcs_init glTexCoord1hvNV not found.
0024:warn:wgl:display_funcs_init glTexCoord1xOES not found.
0024:warn:wgl:display_funcs_init glTexCoord1xvOES not found.
0024:warn:wgl:display_funcs_init glTexCoord2bOES not found.
0024:warn:wgl:display_funcs_init glTexCoord2bvOES not found.
0024:warn:wgl:display_funcs_init glTexCoord2fColor3fVertex3fSUN not found.
0024:warn:wgl:display_funcs_init glTexCoord2fColor3fVertex3fvSUN not found.
0024:warn:wgl:display_funcs_init glTexCoord2fColor4fNormal3fVertex3fSUN not found.
0024:warn:wgl:display_funcs_init glTexCoord2fColor4fNormal3fVertex3fvSUN not found.
0024:warn:wgl:display_funcs_init glTexCoord2fColor4ubVertex3fSUN not found.
0024:warn:wgl:display_funcs_init glTexCoord2fColor4ubVertex3fvSUN not found.
0024:warn:wgl:display_funcs_init glTexCoord2fNormal3fVertex3fSUN not found.
0024:warn:wgl:display_funcs_init glTexCoord2fNormal3fVertex3fvSUN not found.
0024:warn:wgl:display_funcs_init glTexCoord2fVertex3fSUN not found.
0024:warn:wgl:display_funcs_init glTexCoord2fVertex3fvSUN not found.
0024:warn:wgl:display_funcs_init glTexCoord2hNV not found.
0024:warn:wgl:display_funcs_init glTexCoord2hvNV not found.
0024:warn:wgl:display_funcs_init glTexCoord2xOES not found.
0024:warn:wgl:display_funcs_init glTexCoord2xvOES not found.
0024:warn:wgl:display_funcs_init glTexCoord3bOES not found.
0024:warn:wgl:display_funcs_init glTexCoord3bvOES not found.
0024:warn:wgl:display_funcs_init glTexCoord3hNV not found.
0024:warn:wgl:display_funcs_init glTexCoord3hvNV not found.
0024:warn:wgl:display_funcs_init glTexCoord3xOES not found.
0024:warn:wgl:display_funcs_init glTexCoord3xvOES not found.
0024:warn:wgl:display_funcs_init glTexCoord4bOES not found.
0024:warn:wgl:display_funcs_init glTexCoord4bvOES not found.
0024:warn:wgl:display_funcs_init glTexCoord4fColor4fNormal3fVertex4fSUN not found.
0024:warn:wgl:display_funcs_init glTexCoord4fColor4fNormal3fVertex4fvSUN not found.
0024:warn:wgl:display_funcs_init glTexCoord4fVertex4fSUN not found.
0024:warn:wgl:display_funcs_init glTexCoord4fVertex4fvSUN not found.
0024:warn:wgl:display_funcs_init glTexCoord4hNV not found.
0024:warn:wgl:display_funcs_init glTexCoord4hvNV not found.
0024:warn:wgl:display_funcs_init glTexCoord4xOES not found.
0024:warn:wgl:display_funcs_init glTexCoord4xvOES not found.
0024:warn:wgl:display_funcs_init glTexCoordFormatNV not found.
0024:warn:wgl:display_funcs_init glTexCoordP1ui not found.
0024:warn:wgl:display_funcs_init glTexCoordP1uiv not found.
0024:warn:wgl:display_funcs_init glTexCoordP2ui not found.
0024:warn:wgl:display_funcs_init glTexCoordP2uiv not found.
0024:warn:wgl:display_funcs_init glTexCoordP3ui not found.
0024:warn:wgl:display_funcs_init glTexCoordP3uiv not found.
0024:warn:wgl:display_funcs_init glTexCoordP4ui not found.
0024:warn:wgl:display_funcs_init glTexCoordP4uiv not found.
0024:warn:wgl:display_funcs_init glTexCoordPointerEXT not found.
0024:warn:wgl:display_funcs_init glTexCoordPointerListIBM not found.
0024:warn:wgl:display_funcs_init glTexCoordPointervINTEL not found.
0024:warn:wgl:display_funcs_init glTexEnvx not found.
0024:warn:wgl:display_funcs_init glTexEnvxOES not found.
0024:warn:wgl:display_funcs_init glTexEnvxv not found.
0024:warn:wgl:display_funcs_init glTexEnvxvOES not found.
0024:warn:wgl:display_funcs_init glTexEstimateMotionQCOM not found.
0024:warn:wgl:display_funcs_init glTexEstimateMotionRegionsQCOM not found.
0024:warn:wgl:display_funcs_init glTexFilterFuncSGIS not found.
0024:warn:wgl:display_funcs_init glTexGenfOES not found.
0024:warn:wgl:display_funcs_init glTexGenfvOES not found.
0024:warn:wgl:display_funcs_init glTexGeniOES not found.
0024:warn:wgl:display_funcs_init glTexGenivOES not found.
0024:warn:wgl:display_funcs_init glTexGenxOES not found.
0024:warn:wgl:display_funcs_init glTexGenxvOES not found.
0024:warn:wgl:display_funcs_init glTexImage2DMultisample not found.
0024:warn:wgl:display_funcs_init glTexImage2DMultisampleCoverageNV not found.
0024:warn:wgl:display_funcs_init glTexImage3D not found.
0024:warn:wgl:display_funcs_init glTexImage3DEXT not found.
0024:warn:wgl:display_funcs_init glTexImage3DMultisample not found.
0024:warn:wgl:display_funcs_init glTexImage3DMultisampleCoverageNV not found.
0024:warn:wgl:display_funcs_init glTexImage3DOES not found.
0024:warn:wgl:display_funcs_init glTexImage4DSGIS not found.
0024:warn:wgl:display_funcs_init glTexPageCommitmentARB not found.
0024:warn:wgl:display_funcs_init glTexPageCommitmentEXT not found.
0024:warn:wgl:display_funcs_init glTexPageCommitmentMemNV not found.
0024:warn:wgl:display_funcs_init glTexParameterIiv not found.
0024:warn:wgl:display_funcs_init glTexParameterIivEXT not found.
0024:warn:wgl:display_funcs_init glTexParameterIivOES not found.
0024:warn:wgl:display_funcs_init glTexParameterIuiv not found.
0024:warn:wgl:display_funcs_init glTexParameterIuivEXT not found.
0024:warn:wgl:display_funcs_init glTexParameterIuivOES not found.
0024:warn:wgl:display_funcs_init glTexParameterx not found.
0024:warn:wgl:display_funcs_init glTexParameterxOES not found.
0024:warn:wgl:display_funcs_init glTexParameterxv not found.
0024:warn:wgl:display_funcs_init glTexParameterxvOES not found.
0024:warn:wgl:display_funcs_init glTexRenderbufferNV not found.
0024:warn:wgl:display_funcs_init glTexStorage1D not found.
0024:warn:wgl:display_funcs_init glTexStorage1DEXT not found.
0024:warn:wgl:display_funcs_init glTexStorage2D not found.
0024:warn:wgl:display_funcs_init glTexStorage2DEXT not found.
0024:warn:wgl:display_funcs_init glTexStorage2DMultisample not found.
0024:warn:wgl:display_funcs_init glTexStorage3D not found.
0024:warn:wgl:display_funcs_init glTexStorage3DEXT not found.
0024:warn:wgl:display_funcs_init glTexStorage3DMultisample not found.
0024:warn:wgl:display_funcs_init glTexStorage3DMultisampleOES not found.
0024:warn:wgl:display_funcs_init glTexStorageAttribs2DEXT not found.
0024:warn:wgl:display_funcs_init glTexStorageAttribs3DEXT not found.
0024:warn:wgl:display_funcs_init glTexStorageMem1DEXT not found.
0024:warn:wgl:display_funcs_init glTexStorageMem2DEXT not found.
0024:warn:wgl:display_funcs_init glTexStorageMem2DMultisampleEXT not found.
0024:warn:wgl:display_funcs_init glTexStorageMem3DEXT not found.
0024:warn:wgl:display_funcs_init glTexStorageMem3DMultisampleEXT not found.
0024:warn:wgl:display_funcs_init glTexStorageSparseAMD not found.
0024:warn:wgl:display_funcs_init glTexSubImage1DEXT not found.
0024:warn:wgl:display_funcs_init glTexSubImage2DEXT not found.
0024:warn:wgl:display_funcs_init glTexSubImage3D not found.
0024:warn:wgl:display_funcs_init glTexSubImage3DEXT not found.
0024:warn:wgl:display_funcs_init glTexSubImage3DOES not found.
0024:warn:wgl:display_funcs_init glTexSubImage4DSGIS not found.
0024:warn:wgl:display_funcs_init glTextureAttachMemoryNV not found.
0024:warn:wgl:display_funcs_init glTextureBarrier not found.
0024:warn:wgl:display_funcs_init glTextureBarrierNV not found.
0024:warn:wgl:display_funcs_init glTextureBuffer not found.
0024:warn:wgl:display_funcs_init glTextureBufferEXT not found.
0024:warn:wgl:display_funcs_init glTextureBufferRange not found.
0024:warn:wgl:display_funcs_init glTextureBufferRangeEXT not found.
0024:warn:wgl:display_funcs_init glTextureColorMaskSGIS not found.
0024:warn:wgl:display_funcs_init glTextureFoveationParametersQCOM not found.
0024:warn:wgl:display_funcs_init glTextureImage1DEXT not found.
0024:warn:wgl:display_funcs_init glTextureImage2DEXT not found.
0024:warn:wgl:display_funcs_init glTextureImage2DMultisampleCoverageNV not found.
0024:warn:wgl:display_funcs_init glTextureImage2DMultisampleNV not found.
0024:warn:wgl:display_funcs_init glTextureImage3DEXT not found.
0024:warn:wgl:display_funcs_init glTextureImage3DMultisampleCoverageNV not found.
0024:warn:wgl:display_funcs_init glTextureImage3DMultisampleNV not found.
0024:warn:wgl:display_funcs_init glTextureLightEXT not found.
0024:warn:wgl:display_funcs_init glTextureMaterialEXT not found.
0024:warn:wgl:display_funcs_init glTextureNormalEXT not found.
0024:warn:wgl:display_funcs_init glTexturePageCommitmentEXT not found.
0024:warn:wgl:display_funcs_init glTexturePageCommitmentMemNV not found.
0024:warn:wgl:display_funcs_init glTextureParameterIiv not found.
0024:warn:wgl:display_funcs_init glTextureParameterIivEXT not found.
0024:warn:wgl:display_funcs_init glTextureParameterIuiv not found.
0024:warn:wgl:display_funcs_init glTextureParameterIuivEXT not found.
0024:warn:wgl:display_funcs_init glTextureParameterf not found.
0024:warn:wgl:display_funcs_init glTextureParameterfEXT not found.
0024:warn:wgl:display_funcs_init glTextureParameterfv not found.
0024:warn:wgl:display_funcs_init glTextureParameterfvEXT not found.
0024:warn:wgl:display_funcs_init glTextureParameteri not found.
0024:warn:wgl:display_funcs_init glTextureParameteriEXT not found.
0024:warn:wgl:display_funcs_init glTextureParameteriv not found.
0024:warn:wgl:display_funcs_init glTextureParameterivEXT not found.
0024:warn:wgl:display_funcs_init glTextureRangeAPPLE not found.
0024:warn:wgl:display_funcs_init glTextureRenderbufferEXT not found.
0024:warn:wgl:display_funcs_init glTextureStorage1D not found.
0024:warn:wgl:display_funcs_init glTextureStorage1DEXT not found.
0024:warn:wgl:display_funcs_init glTextureStorage2D not found.
0024:warn:wgl:display_funcs_init glTextureStorage2DEXT not found.
0024:warn:wgl:display_funcs_init glTextureStorage2DMultisample not found.
0024:warn:wgl:display_funcs_init glTextureStorage2DMultisampleEXT not found.
0024:warn:wgl:display_funcs_init glTextureStorage3D not found.
0024:warn:wgl:display_funcs_init glTextureStorage3DEXT not found.
0024:warn:wgl:display_funcs_init glTextureStorage3DMultisample not found.
0024:warn:wgl:display_funcs_init glTextureStorage3DMultisampleEXT not found.
0024:warn:wgl:display_funcs_init glTextureStorageMem1DEXT not found.
0024:warn:wgl:display_funcs_init glTextureStorageMem2DEXT not found.
0024:warn:wgl:display_funcs_init glTextureStorageMem2DMultisampleEXT not found.
0024:warn:wgl:display_funcs_init glTextureStorageMem3DEXT not found.
0024:warn:wgl:display_funcs_init glTextureStorageMem3DMultisampleEXT not found.
0024:warn:wgl:display_funcs_init glTextureStorageSparseAMD not found.
0024:warn:wgl:display_funcs_init glTextureSubImage1D not found.
0024:warn:wgl:display_funcs_init glTextureSubImage1DEXT not found.
0024:warn:wgl:display_funcs_init glTextureSubImage2D not found.
0024:warn:wgl:display_funcs_init glTextureSubImage2DEXT not found.
0024:warn:wgl:display_funcs_init glTextureSubImage3D not found.
0024:warn:wgl:display_funcs_init glTextureSubImage3DEXT not found.
0024:warn:wgl:display_funcs_init glTextureView not found.
0024:warn:wgl:display_funcs_init glTextureViewEXT not found.
0024:warn:wgl:display_funcs_init glTextureViewOES not found.
0024:warn:wgl:display_funcs_init glTrackMatrixNV not found.
0024:warn:wgl:display_funcs_init glTransformFeedbackAttribsNV not found.
0024:warn:wgl:display_funcs_init glTransformFeedbackBufferBase not found.
0024:warn:wgl:display_funcs_init glTransformFeedbackBufferRange not found.
0024:warn:wgl:display_funcs_init glTransformFeedbackStreamAttribsNV not found.
0024:warn:wgl:display_funcs_init glTransformFeedbackVaryings not found.
0024:warn:wgl:display_funcs_init glTransformFeedbackVaryingsEXT not found.
0024:warn:wgl:display_funcs_init glTransformFeedbackVaryingsNV not found.
0024:warn:wgl:display_funcs_init glTransformPathNV not found.
0024:warn:wgl:display_funcs_init glTranslatex not found.
0024:warn:wgl:display_funcs_init glTranslatexOES not found.
0024:warn:wgl:display_funcs_init glUniform1d not found.
0024:warn:wgl:display_funcs_init glUniform1dv not found.
0024:warn:wgl:display_funcs_init glUniform1f not found.
0024:warn:wgl:display_funcs_init glUniform1fARB not found.
0024:warn:wgl:display_funcs_init glUniform1fv not found.
0024:warn:wgl:display_funcs_init glUniform1fvARB not found.
0024:warn:wgl:display_funcs_init glUniform1i not found.
0024:warn:wgl:display_funcs_init glUniform1i64ARB not found.
0024:warn:wgl:display_funcs_init glUniform1i64NV not found.
0024:warn:wgl:display_funcs_init glUniform1i64vARB not found.
0024:warn:wgl:display_funcs_init glUniform1i64vNV not found.
0024:warn:wgl:display_funcs_init glUniform1iARB not found.
0024:warn:wgl:display_funcs_init glUniform1iv not found.
0024:warn:wgl:display_funcs_init glUniform1ivARB not found.
0024:warn:wgl:display_funcs_init glUniform1ui not found.
0024:warn:wgl:display_funcs_init glUniform1ui64ARB not found.
0024:warn:wgl:display_funcs_init glUniform1ui64NV not found.
0024:warn:wgl:display_funcs_init glUniform1ui64vARB not found.
0024:warn:wgl:display_funcs_init glUniform1ui64vNV not found.
0024:warn:wgl:display_funcs_init glUniform1uiEXT not found.
0024:warn:wgl:display_funcs_init glUniform1uiv not found.
0024:warn:wgl:display_funcs_init glUniform1uivEXT not found.
0024:warn:wgl:display_funcs_init glUniform2d not found.
0024:warn:wgl:display_funcs_init glUniform2dv not found.
0024:warn:wgl:display_funcs_init glUniform2f not found.
0024:warn:wgl:display_funcs_init glUniform2fARB not found.
0024:warn:wgl:display_funcs_init glUniform2fv not found.
0024:warn:wgl:display_funcs_init glUniform2fvARB not found.
0024:warn:wgl:display_funcs_init glUniform2i not found.
0024:warn:wgl:display_funcs_init glUniform2i64ARB not found.
0024:warn:wgl:display_funcs_init glUniform2i64NV not found.
0024:warn:wgl:display_funcs_init glUniform2i64vARB not found.
0024:warn:wgl:display_funcs_init glUniform2i64vNV not found.
0024:warn:wgl:display_funcs_init glUniform2iARB not found.
0024:warn:wgl:display_funcs_init glUniform2iv not found.
0024:warn:wgl:display_funcs_init glUniform2ivARB not found.
0024:warn:wgl:display_funcs_init glUniform2ui not found.
0024:warn:wgl:display_funcs_init glUniform2ui64ARB not found.
0024:warn:wgl:display_funcs_init glUniform2ui64NV not found.
0024:warn:wgl:display_funcs_init glUniform2ui64vARB not found.
0024:warn:wgl:display_funcs_init glUniform2ui64vNV not found.
0024:warn:wgl:display_funcs_init glUniform2uiEXT not found.
0024:warn:wgl:display_funcs_init glUniform2uiv not found.
0024:warn:wgl:display_funcs_init glUniform2uivEXT not found.
0024:warn:wgl:display_funcs_init glUniform3d not found.
0024:warn:wgl:display_funcs_init glUniform3dv not found.
0024:warn:wgl:display_funcs_init glUniform3f not found.
0024:warn:wgl:display_funcs_init glUniform3fARB not found.
0024:warn:wgl:display_funcs_init glUniform3fv not found.
0024:warn:wgl:display_funcs_init glUniform3fvARB not found.
0024:warn:wgl:display_funcs_init glUniform3i not found.
0024:warn:wgl:display_funcs_init glUniform3i64ARB not found.
0024:warn:wgl:display_funcs_init glUniform3i64NV not found.
0024:warn:wgl:display_funcs_init glUniform3i64vARB not found.
0024:warn:wgl:display_funcs_init glUniform3i64vNV not found.
0024:warn:wgl:display_funcs_init glUniform3iARB not found.
0024:warn:wgl:display_funcs_init glUniform3iv not found.
0024:warn:wgl:display_funcs_init glUniform3ivARB not found.
0024:warn:wgl:display_funcs_init glUniform3ui not found.
0024:warn:wgl:display_funcs_init glUniform3ui64ARB not found.
0024:warn:wgl:display_funcs_init glUniform3ui64NV not found.
0024:warn:wgl:display_funcs_init glUniform3ui64vARB not found.
0024:warn:wgl:display_funcs_init glUniform3ui64vNV not found.
0024:warn:wgl:display_funcs_init glUniform3uiEXT not found.
0024:warn:wgl:display_funcs_init glUniform3uiv not found.
0024:warn:wgl:display_funcs_init glUniform3uivEXT not found.
0024:warn:wgl:display_funcs_init glUniform4d not found.
0024:warn:wgl:display_funcs_init glUniform4dv not found.
0024:warn:wgl:display_funcs_init glUniform4f not found.
0024:warn:wgl:display_funcs_init glUniform4fARB not found.
0024:warn:wgl:display_funcs_init glUniform4fv not found.
0024:warn:wgl:display_funcs_init glUniform4fvARB not found.
0024:warn:wgl:display_funcs_init glUniform4i not found.
0024:warn:wgl:display_funcs_init glUniform4i64ARB not found.
0024:warn:wgl:display_funcs_init glUniform4i64NV not found.
0024:warn:wgl:display_funcs_init glUniform4i64vARB not found.
0024:warn:wgl:display_funcs_init glUniform4i64vNV not found.
0024:warn:wgl:display_funcs_init glUniform4iARB not found.
0024:warn:wgl:display_funcs_init glUniform4iv not found.
0024:warn:wgl:display_funcs_init glUniform4ivARB not found.
0024:warn:wgl:display_funcs_init glUniform4ui not found.
0024:warn:wgl:display_funcs_init glUniform4ui64ARB not found.
0024:warn:wgl:display_funcs_init glUniform4ui64NV not found.
0024:warn:wgl:display_funcs_init glUniform4ui64vARB not found.
0024:warn:wgl:display_funcs_init glUniform4ui64vNV not found.
0024:warn:wgl:display_funcs_init glUniform4uiEXT not found.
0024:warn:wgl:display_funcs_init glUniform4uiv not found.
0024:warn:wgl:display_funcs_init glUniform4uivEXT not found.
0024:warn:wgl:display_funcs_init glUniformBlockBinding not found.
0024:warn:wgl:display_funcs_init glUniformBufferEXT not found.
0024:warn:wgl:display_funcs_init glUniformHandleui64ARB not found.
0024:warn:wgl:display_funcs_init glUniformHandleui64IMG not found.
0024:warn:wgl:display_funcs_init glUniformHandleui64NV not found.
0024:warn:wgl:display_funcs_init glUniformHandleui64vARB not found.
0024:warn:wgl:display_funcs_init glUniformHandleui64vIMG not found.
0024:warn:wgl:display_funcs_init glUniformHandleui64vNV not found.
0024:warn:wgl:display_funcs_init glUniformMatrix2dv not found.
0024:warn:wgl:display_funcs_init glUniformMatrix2fv not found.
0024:warn:wgl:display_funcs_init glUniformMatrix2fvARB not found.
0024:warn:wgl:display_funcs_init glUniformMatrix2x3dv not found.
0024:warn:wgl:display_funcs_init glUniformMatrix2x3fv not found.
0024:warn:wgl:display_funcs_init glUniformMatrix2x3fvNV not found.
0024:warn:wgl:display_funcs_init glUniformMatrix2x4dv not found.
0024:warn:wgl:display_funcs_init glUniformMatrix2x4fv not found.
0024:warn:wgl:display_funcs_init glUniformMatrix2x4fvNV not found.
0024:warn:wgl:display_funcs_init glUniformMatrix3dv not found.
0024:warn:wgl:display_funcs_init glUniformMatrix3fv not found.
0024:warn:wgl:display_funcs_init glUniformMatrix3fvARB not found.
0024:warn:wgl:display_funcs_init glUniformMatrix3x2dv not found.
0024:warn:wgl:display_funcs_init glUniformMatrix3x2fv not found.
0024:warn:wgl:display_funcs_init glUniformMatrix3x2fvNV not found.
0024:warn:wgl:display_funcs_init glUniformMatrix3x4dv not found.
0024:warn:wgl:display_funcs_init glUniformMatrix3x4fv not found.
0024:warn:wgl:display_funcs_init glUniformMatrix3x4fvNV not found.
0024:warn:wgl:display_funcs_init glUniformMatrix4dv not found.
0024:warn:wgl:display_funcs_init glUniformMatrix4fv not found.
0024:warn:wgl:display_funcs_init glUniformMatrix4fvARB not found.
0024:warn:wgl:display_funcs_init glUniformMatrix4x2dv not found.
0024:warn:wgl:display_funcs_init glUniformMatrix4x2fv not found.
0024:warn:wgl:display_funcs_init glUniformMatrix4x2fvNV not found.
0024:warn:wgl:display_funcs_init glUniformMatrix4x3dv not found.
0024:warn:wgl:display_funcs_init glUniformMatrix4x3fv not found.
0024:warn:wgl:display_funcs_init glUniformMatrix4x3fvNV not found.
0024:warn:wgl:display_funcs_init glUniformSubroutinesuiv not found.
0024:warn:wgl:display_funcs_init glUniformui64NV not found.
0024:warn:wgl:display_funcs_init glUniformui64vNV not found.
0024:warn:wgl:display_funcs_init glUnlockArraysEXT not found.
0024:warn:wgl:display_funcs_init glUnmapBuffer not found.
0024:warn:wgl:display_funcs_init glUnmapBufferARB not found.
0024:warn:wgl:display_funcs_init glUnmapBufferOES not found.
0024:warn:wgl:display_funcs_init glUnmapNamedBuffer not found.
0024:warn:wgl:display_funcs_init glUnmapNamedBufferEXT not found.
0024:warn:wgl:display_funcs_init glUnmapObjectBufferATI not found.
0024:warn:wgl:display_funcs_init glUnmapTexture2DINTEL not found.
0024:warn:wgl:display_funcs_init glUpdateObjectBufferATI not found.
0024:warn:wgl:display_funcs_init glUploadGpuMaskNVX not found.
0024:warn:wgl:display_funcs_init glUseProgram not found.
0024:warn:wgl:display_funcs_init glUseProgramObjectARB not found.
0024:warn:wgl:display_funcs_init glUseProgramStages not found.
0024:warn:wgl:display_funcs_init glUseShaderProgramEXT not found.
0024:warn:wgl:display_funcs_init glVDPAUFiniNV not found.
0024:warn:wgl:display_funcs_init glVDPAUGetSurfaceivNV not found.
0024:warn:wgl:display_funcs_init glVDPAUInitNV not found.
0024:warn:wgl:display_funcs_init glVDPAUIsSurfaceNV not found.
0024:warn:wgl:display_funcs_init glVDPAUMapSurfacesNV not found.
0024:warn:wgl:display_funcs_init glVDPAURegisterOutputSurfaceNV not found.
0024:warn:wgl:display_funcs_init glVDPAURegisterVideoSurfaceNV not found.
0024:warn:wgl:display_funcs_init glVDPAURegisterVideoSurfaceWithPictureStructureNV not found.
0024:warn:wgl:display_funcs_init glVDPAUSurfaceAccessNV not found.
0024:warn:wgl:display_funcs_init glVDPAUUnmapSurfacesNV not found.
0024:warn:wgl:display_funcs_init glVDPAUUnregisterSurfaceNV not found.
0024:warn:wgl:display_funcs_init glValidateProgram not found.
0024:warn:wgl:display_funcs_init glValidateProgramARB not found.
0024:warn:wgl:display_funcs_init glValidateProgramPipeline not found.
0024:warn:wgl:display_funcs_init glVariantArrayObjectATI not found.
0024:warn:wgl:display_funcs_init glVariantPointerEXT not found.
0024:warn:wgl:display_funcs_init glVariantbvEXT not found.
0024:warn:wgl:display_funcs_init glVariantdvEXT not found.
0024:warn:wgl:display_funcs_init glVariantfvEXT not found.
0024:warn:wgl:display_funcs_init glVariantivEXT not found.
0024:warn:wgl:display_funcs_init glVariantsvEXT not found.
0024:warn:wgl:display_funcs_init glVariantubvEXT not found.
0024:warn:wgl:display_funcs_init glVariantuivEXT not found.
0024:warn:wgl:display_funcs_init glVariantusvEXT not found.
0024:warn:wgl:display_funcs_init glVertex2bOES not found.
0024:warn:wgl:display_funcs_init glVertex2bvOES not found.
0024:warn:wgl:display_funcs_init glVertex2hNV not found.
0024:warn:wgl:display_funcs_init glVertex2hvNV not found.
0024:warn:wgl:display_funcs_init glVertex2xOES not found.
0024:warn:wgl:display_funcs_init glVertex2xvOES not found.
0024:warn:wgl:display_funcs_init glVertex3bOES not found.
0024:warn:wgl:display_funcs_init glVertex3bvOES not found.
0024:warn:wgl:display_funcs_init glVertex3hNV not found.
0024:warn:wgl:display_funcs_init glVertex3hvNV not found.
0024:warn:wgl:display_funcs_init glVertex3xOES not found.
0024:warn:wgl:display_funcs_init glVertex3xvOES not found.
0024:warn:wgl:display_funcs_init glVertex4bOES not found.
0024:warn:wgl:display_funcs_init glVertex4bvOES not found.
0024:warn:wgl:display_funcs_init glVertex4hNV not found.
0024:warn:wgl:display_funcs_init glVertex4hvNV not found.
0024:warn:wgl:display_funcs_init glVertex4xOES not found.
0024:warn:wgl:display_funcs_init glVertex4xvOES not found.
0024:warn:wgl:display_funcs_init glVertexArrayAttribBinding not found.
0024:warn:wgl:display_funcs_init glVertexArrayAttribFormat not found.
0024:warn:wgl:display_funcs_init glVertexArrayAttribIFormat not found.
0024:warn:wgl:display_funcs_init glVertexArrayAttribLFormat not found.
0024:warn:wgl:display_funcs_init glVertexArrayBindVertexBufferEXT not found.
0024:warn:wgl:display_funcs_init glVertexArrayBindingDivisor not found.
0024:warn:wgl:display_funcs_init glVertexArrayColorOffsetEXT not found.
0024:warn:wgl:display_funcs_init glVertexArrayEdgeFlagOffsetEXT not found.
0024:warn:wgl:display_funcs_init glVertexArrayElementBuffer not found.
0024:warn:wgl:display_funcs_init glVertexArrayFogCoordOffsetEXT not found.
0024:warn:wgl:display_funcs_init glVertexArrayIndexOffsetEXT not found.
0024:warn:wgl:display_funcs_init glVertexArrayMultiTexCoordOffsetEXT not found.
0024:warn:wgl:display_funcs_init glVertexArrayNormalOffsetEXT not found.
0024:warn:wgl:display_funcs_init glVertexArrayParameteriAPPLE not found.
0024:warn:wgl:display_funcs_init glVertexArrayRangeAPPLE not found.
0024:warn:wgl:display_funcs_init glVertexArrayRangeNV not found.
0024:warn:wgl:display_funcs_init glVertexArraySecondaryColorOffsetEXT not found.
0024:warn:wgl:display_funcs_init glVertexArrayTexCoordOffsetEXT not found.
0024:warn:wgl:display_funcs_init glVertexArrayVertexAttribBindingEXT not found.
0024:warn:wgl:display_funcs_init glVertexArrayVertexAttribDivisorEXT not found.
0024:warn:wgl:display_funcs_init glVertexArrayVertexAttribFormatEXT not found.
0024:warn:wgl:display_funcs_init glVertexArrayVertexAttribIFormatEXT not found.
0024:warn:wgl:display_funcs_init glVertexArrayVertexAttribIOffsetEXT not found.
0024:warn:wgl:display_funcs_init glVertexArrayVertexAttribLFormatEXT not found.
0024:warn:wgl:display_funcs_init glVertexArrayVertexAttribLOffsetEXT not found.
0024:warn:wgl:display_funcs_init glVertexArrayVertexAttribOffsetEXT not found.
0024:warn:wgl:display_funcs_init glVertexArrayVertexBindingDivisorEXT not found.
0024:warn:wgl:display_funcs_init glVertexArrayVertexBuffer not found.
0024:warn:wgl:display_funcs_init glVertexArrayVertexBuffers not found.
0024:warn:wgl:display_funcs_init glVertexArrayVertexOffsetEXT not found.
0024:warn:wgl:display_funcs_init glVertexAttrib1d not found.
0024:warn:wgl:display_funcs_init glVertexAttrib1dARB not found.
0024:warn:wgl:display_funcs_init glVertexAttrib1dNV not found.
0024:warn:wgl:display_funcs_init glVertexAttrib1dv not found.
0024:warn:wgl:display_funcs_init glVertexAttrib1dvARB not found.
0024:warn:wgl:display_funcs_init glVertexAttrib1dvNV not found.
0024:warn:wgl:display_funcs_init glVertexAttrib1f not found.
0024:warn:wgl:display_funcs_init glVertexAttrib1fARB not found.
0024:warn:wgl:display_funcs_init glVertexAttrib1fNV not found.
0024:warn:wgl:display_funcs_init glVertexAttrib1fv not found.
0024:warn:wgl:display_funcs_init glVertexAttrib1fvARB not found.
0024:warn:wgl:display_funcs_init glVertexAttrib1fvNV not found.
0024:warn:wgl:display_funcs_init glVertexAttrib1hNV not found.
0024:warn:wgl:display_funcs_init glVertexAttrib1hvNV not found.
0024:warn:wgl:display_funcs_init glVertexAttrib1s not found.
0024:warn:wgl:display_funcs_init glVertexAttrib1sARB not found.
0024:warn:wgl:display_funcs_init glVertexAttrib1sNV not found.
0024:warn:wgl:display_funcs_init glVertexAttrib1sv not found.
0024:warn:wgl:display_funcs_init glVertexAttrib1svARB not found.
0024:warn:wgl:display_funcs_init glVertexAttrib1svNV not found.
0024:warn:wgl:display_funcs_init glVertexAttrib2d not found.
0024:warn:wgl:display_funcs_init glVertexAttrib2dARB not found.
0024:warn:wgl:display_funcs_init glVertexAttrib2dNV not found.
0024:warn:wgl:display_funcs_init glVertexAttrib2dv not found.
0024:warn:wgl:display_funcs_init glVertexAttrib2dvARB not found.
0024:warn:wgl:display_funcs_init glVertexAttrib2dvNV not found.
0024:warn:wgl:display_funcs_init glVertexAttrib2f not found.
0024:warn:wgl:display_funcs_init glVertexAttrib2fARB not found.
0024:warn:wgl:display_funcs_init glVertexAttrib2fNV not found.
0024:warn:wgl:display_funcs_init glVertexAttrib2fv not found.
0024:warn:wgl:display_funcs_init glVertexAttrib2fvARB not found.
0024:warn:wgl:display_funcs_init glVertexAttrib2fvNV not found.
0024:warn:wgl:display_funcs_init glVertexAttrib2hNV not found.
0024:warn:wgl:display_funcs_init glVertexAttrib2hvNV not found.
0024:warn:wgl:display_funcs_init glVertexAttrib2s not found.
0024:warn:wgl:display_funcs_init glVertexAttrib2sARB not found.
0024:warn:wgl:display_funcs_init glVertexAttrib2sNV not found.
0024:warn:wgl:display_funcs_init glVertexAttrib2sv not found.
0024:warn:wgl:display_funcs_init glVertexAttrib2svARB not found.
0024:warn:wgl:display_funcs_init glVertexAttrib2svNV not found.
0024:warn:wgl:display_funcs_init glVertexAttrib3d not found.
0024:warn:wgl:display_funcs_init glVertexAttrib3dARB not found.
0024:warn:wgl:display_funcs_init glVertexAttrib3dNV not found.
0024:warn:wgl:display_funcs_init glVertexAttrib3dv not found.
0024:warn:wgl:display_funcs_init glVertexAttrib3dvARB not found.
0024:warn:wgl:display_funcs_init glVertexAttrib3dvNV not found.
0024:warn:wgl:display_funcs_init glVertexAttrib3f not found.
0024:warn:wgl:display_funcs_init glVertexAttrib3fARB not found.
0024:warn:wgl:display_funcs_init glVertexAttrib3fNV not found.
0024:warn:wgl:display_funcs_init glVertexAttrib3fv not found.
0024:warn:wgl:display_funcs_init glVertexAttrib3fvARB not found.
0024:warn:wgl:display_funcs_init glVertexAttrib3fvNV not found.
0024:warn:wgl:display_funcs_init glVertexAttrib3hNV not found.
0024:warn:wgl:display_funcs_init glVertexAttrib3hvNV not found.
0024:warn:wgl:display_funcs_init glVertexAttrib3s not found.
0024:warn:wgl:display_funcs_init glVertexAttrib3sARB not found.
0024:warn:wgl:display_funcs_init glVertexAttrib3sNV not found.
0024:warn:wgl:display_funcs_init glVertexAttrib3sv not found.
0024:warn:wgl:display_funcs_init glVertexAttrib3svARB not found.
0024:warn:wgl:display_funcs_init glVertexAttrib3svNV not found.
0024:warn:wgl:display_funcs_init glVertexAttrib4Nbv not found.
0024:warn:wgl:display_funcs_init glVertexAttrib4NbvARB not found.
0024:warn:wgl:display_funcs_init glVertexAttrib4Niv not found.
0024:warn:wgl:display_funcs_init glVertexAttrib4NivARB not found.
0024:warn:wgl:display_funcs_init glVertexAttrib4Nsv not found.
0024:warn:wgl:display_funcs_init glVertexAttrib4NsvARB not found.
0024:warn:wgl:display_funcs_init glVertexAttrib4Nub not found.
0024:warn:wgl:display_funcs_init glVertexAttrib4NubARB not found.
0024:warn:wgl:display_funcs_init glVertexAttrib4Nubv not found.
0024:warn:wgl:display_funcs_init glVertexAttrib4NubvARB not found.
0024:warn:wgl:display_funcs_init glVertexAttrib4Nuiv not found.
0024:warn:wgl:display_funcs_init glVertexAttrib4NuivARB not found.
0024:warn:wgl:display_funcs_init glVertexAttrib4Nusv not found.
0024:warn:wgl:display_funcs_init glVertexAttrib4NusvARB not found.
0024:warn:wgl:display_funcs_init glVertexAttrib4bv not found.
0024:warn:wgl:display_funcs_init glVertexAttrib4bvARB not found.
0024:warn:wgl:display_funcs_init glVertexAttrib4d not found.
0024:warn:wgl:display_funcs_init glVertexAttrib4dARB not found.
0024:warn:wgl:display_funcs_init glVertexAttrib4dNV not found.
0024:warn:wgl:display_funcs_init glVertexAttrib4dv not found.
0024:warn:wgl:display_funcs_init glVertexAttrib4dvARB not found.
0024:warn:wgl:display_funcs_init glVertexAttrib4dvNV not found.
0024:warn:wgl:display_funcs_init glVertexAttrib4f not found.
0024:warn:wgl:display_funcs_init glVertexAttrib4fARB not found.
0024:warn:wgl:display_funcs_init glVertexAttrib4fNV not found.
0024:warn:wgl:display_funcs_init glVertexAttrib4fv not found.
0024:warn:wgl:display_funcs_init glVertexAttrib4fvARB not found.
0024:warn:wgl:display_funcs_init glVertexAttrib4fvNV not found.
0024:warn:wgl:display_funcs_init glVertexAttrib4hNV not found.
0024:warn:wgl:display_funcs_init glVertexAttrib4hvNV not found.
0024:warn:wgl:display_funcs_init glVertexAttrib4iv not found.
0024:warn:wgl:display_funcs_init glVertexAttrib4ivARB not found.
0024:warn:wgl:display_funcs_init glVertexAttrib4s not found.
0024:warn:wgl:display_funcs_init glVertexAttrib4sARB not found.
0024:warn:wgl:display_funcs_init glVertexAttrib4sNV not found.
0024:warn:wgl:display_funcs_init glVertexAttrib4sv not found.
0024:warn:wgl:display_funcs_init glVertexAttrib4svARB not found.
0024:warn:wgl:display_funcs_init glVertexAttrib4svNV not found.
0024:warn:wgl:display_funcs_init glVertexAttrib4ubNV not found.
0024:warn:wgl:display_funcs_init glVertexAttrib4ubv not found.
0024:warn:wgl:display_funcs_init glVertexAttrib4ubvARB not found.
0024:warn:wgl:display_funcs_init glVertexAttrib4ubvNV not found.
0024:warn:wgl:display_funcs_init glVertexAttrib4uiv not found.
0024:warn:wgl:display_funcs_init glVertexAttrib4uivARB not found.
0024:warn:wgl:display_funcs_init glVertexAttrib4usv not found.
0024:warn:wgl:display_funcs_init glVertexAttrib4usvARB not found.
0024:warn:wgl:display_funcs_init glVertexAttribArrayObjectATI not found.
0024:warn:wgl:display_funcs_init glVertexAttribBinding not found.
0024:warn:wgl:display_funcs_init glVertexAttribDivisor not found.
0024:warn:wgl:display_funcs_init glVertexAttribDivisorANGLE not found.
0024:warn:wgl:display_funcs_init glVertexAttribDivisorARB not found.
0024:warn:wgl:display_funcs_init glVertexAttribDivisorEXT not found.
0024:warn:wgl:display_funcs_init glVertexAttribDivisorNV not found.
0024:warn:wgl:display_funcs_init glVertexAttribFormat not found.
0024:warn:wgl:display_funcs_init glVertexAttribFormatNV not found.
0024:warn:wgl:display_funcs_init glVertexAttribI1i not found.
0024:warn:wgl:display_funcs_init glVertexAttribI1iEXT not found.
0024:warn:wgl:display_funcs_init glVertexAttribI1iv not found.
0024:warn:wgl:display_funcs_init glVertexAttribI1ivEXT not found.
0024:warn:wgl:display_funcs_init glVertexAttribI1ui not found.
0024:warn:wgl:display_funcs_init glVertexAttribI1uiEXT not found.
0024:warn:wgl:display_funcs_init glVertexAttribI1uiv not found.
0024:warn:wgl:display_funcs_init glVertexAttribI1uivEXT not found.
0024:warn:wgl:display_funcs_init glVertexAttribI2i not found.
0024:warn:wgl:display_funcs_init glVertexAttribI2iEXT not found.
0024:warn:wgl:display_funcs_init glVertexAttribI2iv not found.
0024:warn:wgl:display_funcs_init glVertexAttribI2ivEXT not found.
0024:warn:wgl:display_funcs_init glVertexAttribI2ui not found.
0024:warn:wgl:display_funcs_init glVertexAttribI2uiEXT not found.
0024:warn:wgl:display_funcs_init glVertexAttribI2uiv not found.
0024:warn:wgl:display_funcs_init glVertexAttribI2uivEXT not found.
0024:warn:wgl:display_funcs_init glVertexAttribI3i not found.
0024:warn:wgl:display_funcs_init glVertexAttribI3iEXT not found.
0024:warn:wgl:display_funcs_init glVertexAttribI3iv not found.
0024:warn:wgl:display_funcs_init glVertexAttribI3ivEXT not found.
0024:warn:wgl:display_funcs_init glVertexAttribI3ui not found.
0024:warn:wgl:display_funcs_init glVertexAttribI3uiEXT not found.
0024:warn:wgl:display_funcs_init glVertexAttribI3uiv not found.
0024:warn:wgl:display_funcs_init glVertexAttribI3uivEXT not found.
0024:warn:wgl:display_funcs_init glVertexAttribI4bv not found.
0024:warn:wgl:display_funcs_init glVertexAttribI4bvEXT not found.
0024:warn:wgl:display_funcs_init glVertexAttribI4i not found.
0024:warn:wgl:display_funcs_init glVertexAttribI4iEXT not found.
0024:warn:wgl:display_funcs_init glVertexAttribI4iv not found.
0024:warn:wgl:display_funcs_init glVertexAttribI4ivEXT not found.
0024:warn:wgl:display_funcs_init glVertexAttribI4sv not found.
0024:warn:wgl:display_funcs_init glVertexAttribI4svEXT not found.
0024:warn:wgl:display_funcs_init glVertexAttribI4ubv not found.
0024:warn:wgl:display_funcs_init glVertexAttribI4ubvEXT not found.
0024:warn:wgl:display_funcs_init glVertexAttribI4ui not found.
0024:warn:wgl:display_funcs_init glVertexAttribI4uiEXT not found.
0024:warn:wgl:display_funcs_init glVertexAttribI4uiv not found.
0024:warn:wgl:display_funcs_init glVertexAttribI4uivEXT not found.
0024:warn:wgl:display_funcs_init glVertexAttribI4usv not found.
0024:warn:wgl:display_funcs_init glVertexAttribI4usvEXT not found.
0024:warn:wgl:display_funcs_init glVertexAttribIFormat not found.
0024:warn:wgl:display_funcs_init glVertexAttribIFormatNV not found.
0024:warn:wgl:display_funcs_init glVertexAttribIPointer not found.
0024:warn:wgl:display_funcs_init glVertexAttribIPointerEXT not found.
0024:warn:wgl:display_funcs_init glVertexAttribL1d not found.
0024:warn:wgl:display_funcs_init glVertexAttribL1dEXT not found.
0024:warn:wgl:display_funcs_init glVertexAttribL1dv not found.
0024:warn:wgl:display_funcs_init glVertexAttribL1dvEXT not found.
0024:warn:wgl:display_funcs_init glVertexAttribL1i64NV not found.
0024:warn:wgl:display_funcs_init glVertexAttribL1i64vNV not found.
0024:warn:wgl:display_funcs_init glVertexAttribL1ui64ARB not found.
0024:warn:wgl:display_funcs_init glVertexAttribL1ui64NV not found.
0024:warn:wgl:display_funcs_init glVertexAttribL1ui64vARB not found.
0024:warn:wgl:display_funcs_init glVertexAttribL1ui64vNV not found.
0024:warn:wgl:display_funcs_init glVertexAttribL2d not found.
0024:warn:wgl:display_funcs_init glVertexAttribL2dEXT not found.
0024:warn:wgl:display_funcs_init glVertexAttribL2dv not found.
0024:warn:wgl:display_funcs_init glVertexAttribL2dvEXT not found.
0024:warn:wgl:display_funcs_init glVertexAttribL2i64NV not found.
0024:warn:wgl:display_funcs_init glVertexAttribL2i64vNV not found.
0024:warn:wgl:display_funcs_init glVertexAttribL2ui64NV not found.
0024:warn:wgl:display_funcs_init glVertexAttribL2ui64vNV not found.
0024:warn:wgl:display_funcs_init glVertexAttribL3d not found.
0024:warn:wgl:display_funcs_init glVertexAttribL3dEXT not found.
0024:warn:wgl:display_funcs_init glVertexAttribL3dv not found.
0024:warn:wgl:display_funcs_init glVertexAttribL3dvEXT not found.
0024:warn:wgl:display_funcs_init glVertexAttribL3i64NV not found.
0024:warn:wgl:display_funcs_init glVertexAttribL3i64vNV not found.
0024:warn:wgl:display_funcs_init glVertexAttribL3ui64NV not found.
0024:warn:wgl:display_funcs_init glVertexAttribL3ui64vNV not found.
0024:warn:wgl:display_funcs_init glVertexAttribL4d not found.
0024:warn:wgl:display_funcs_init glVertexAttribL4dEXT not found.
0024:warn:wgl:display_funcs_init glVertexAttribL4dv not found.
0024:warn:wgl:display_funcs_init glVertexAttribL4dvEXT not found.
0024:warn:wgl:display_funcs_init glVertexAttribL4i64NV not found.
0024:warn:wgl:display_funcs_init glVertexAttribL4i64vNV not found.
0024:warn:wgl:display_funcs_init glVertexAttribL4ui64NV not found.
0024:warn:wgl:display_funcs_init glVertexAttribL4ui64vNV not found.
0024:warn:wgl:display_funcs_init glVertexAttribLFormat not found.
0024:warn:wgl:display_funcs_init glVertexAttribLFormatNV not found.
0024:warn:wgl:display_funcs_init glVertexAttribLPointer not found.
0024:warn:wgl:display_funcs_init glVertexAttribLPointerEXT not found.
0024:warn:wgl:display_funcs_init glVertexAttribP1ui not found.
0024:warn:wgl:display_funcs_init glVertexAttribP1uiv not found.
0024:warn:wgl:display_funcs_init glVertexAttribP2ui not found.
0024:warn:wgl:display_funcs_init glVertexAttribP2uiv not found.
0024:warn:wgl:display_funcs_init glVertexAttribP3ui not found.
0024:warn:wgl:display_funcs_init glVertexAttribP3uiv not found.
0024:warn:wgl:display_funcs_init glVertexAttribP4ui not found.
0024:warn:wgl:display_funcs_init glVertexAttribP4uiv not found.
0024:warn:wgl:display_funcs_init glVertexAttribParameteriAMD not found.
0024:warn:wgl:display_funcs_init glVertexAttribPointer not found.
0024:warn:wgl:display_funcs_init glVertexAttribPointerARB not found.
0024:warn:wgl:display_funcs_init glVertexAttribPointerNV not found.
0024:warn:wgl:display_funcs_init glVertexAttribs1dvNV not found.
0024:warn:wgl:display_funcs_init glVertexAttribs1fvNV not found.
0024:warn:wgl:display_funcs_init glVertexAttribs1hvNV not found.
0024:warn:wgl:display_funcs_init glVertexAttribs1svNV not found.
0024:warn:wgl:display_funcs_init glVertexAttribs2dvNV not found.
0024:warn:wgl:display_funcs_init glVertexAttribs2fvNV not found.
0024:warn:wgl:display_funcs_init glVertexAttribs2hvNV not found.
0024:warn:wgl:display_funcs_init glVertexAttribs2svNV not found.
0024:warn:wgl:display_funcs_init glVertexAttribs3dvNV not found.
0024:warn:wgl:display_funcs_init glVertexAttribs3fvNV not found.
0024:warn:wgl:display_funcs_init glVertexAttribs3hvNV not found.
0024:warn:wgl:display_funcs_init glVertexAttribs3svNV not found.
0024:warn:wgl:display_funcs_init glVertexAttribs4dvNV not found.
0024:warn:wgl:display_funcs_init glVertexAttribs4fvNV not found.
0024:warn:wgl:display_funcs_init glVertexAttribs4hvNV not found.
0024:warn:wgl:display_funcs_init glVertexAttribs4svNV not found.
0024:warn:wgl:display_funcs_init glVertexAttribs4ubvNV not found.
0024:warn:wgl:display_funcs_init glVertexBindingDivisor not found.
0024:warn:wgl:display_funcs_init glVertexBlendARB not found.
0024:warn:wgl:display_funcs_init glVertexBlendEnvfATI not found.
0024:warn:wgl:display_funcs_init glVertexBlendEnviATI not found.
0024:warn:wgl:display_funcs_init glVertexFormatNV not found.
0024:warn:wgl:display_funcs_init glVertexP2ui not found.
0024:warn:wgl:display_funcs_init glVertexP2uiv not found.
0024:warn:wgl:display_funcs_init glVertexP3ui not found.
0024:warn:wgl:display_funcs_init glVertexP3uiv not found.
0024:warn:wgl:display_funcs_init glVertexP4ui not found.
0024:warn:wgl:display_funcs_init glVertexP4uiv not found.
0024:warn:wgl:display_funcs_init glVertexPointerEXT not found.
0024:warn:wgl:display_funcs_init glVertexPointerListIBM not found.
0024:warn:wgl:display_funcs_init glVertexPointervINTEL not found.
0024:warn:wgl:display_funcs_init glVertexStream1dATI not found.
0024:warn:wgl:display_funcs_init glVertexStream1dvATI not found.
0024:warn:wgl:display_funcs_init glVertexStream1fATI not found.
0024:warn:wgl:display_funcs_init glVertexStream1fvATI not found.
0024:warn:wgl:display_funcs_init glVertexStream1iATI not found.
0024:warn:wgl:display_funcs_init glVertexStream1ivATI not found.
0024:warn:wgl:display_funcs_init glVertexStream1sATI not found.
0024:warn:wgl:display_funcs_init glVertexStream1svATI not found.
0024:warn:wgl:display_funcs_init glVertexStream2dATI not found.
0024:warn:wgl:display_funcs_init glVertexStream2dvATI not found.
0024:warn:wgl:display_funcs_init glVertexStream2fATI not found.
0024:warn:wgl:display_funcs_init glVertexStream2fvATI not found.
0024:warn:wgl:display_funcs_init glVertexStream2iATI not found.
0024:warn:wgl:display_funcs_init glVertexStream2ivATI not found.
0024:warn:wgl:display_funcs_init glVertexStream2sATI not found.
0024:warn:wgl:display_funcs_init glVertexStream2svATI not found.
0024:warn:wgl:display_funcs_init glVertexStream3dATI not found.
0024:warn:wgl:display_funcs_init glVertexStream3dvATI not found.
0024:warn:wgl:display_funcs_init glVertexStream3fATI not found.
0024:warn:wgl:display_funcs_init glVertexStream3fvATI not found.
0024:warn:wgl:display_funcs_init glVertexStream3iATI not found.
0024:warn:wgl:display_funcs_init glVertexStream3ivATI not found.
0024:warn:wgl:display_funcs_init glVertexStream3sATI not found.
0024:warn:wgl:display_funcs_init glVertexStream3svATI not found.
0024:warn:wgl:display_funcs_init glVertexStream4dATI not found.
0024:warn:wgl:display_funcs_init glVertexStream4dvATI not found.
0024:warn:wgl:display_funcs_init glVertexStream4fATI not found.
0024:warn:wgl:display_funcs_init glVertexStream4fvATI not found.
0024:warn:wgl:display_funcs_init glVertexStream4iATI not found.
0024:warn:wgl:display_funcs_init glVertexStream4ivATI not found.
0024:warn:wgl:display_funcs_init glVertexStream4sATI not found.
0024:warn:wgl:display_funcs_init glVertexStream4svATI not found.
0024:warn:wgl:display_funcs_init glVertexWeightPointerEXT not found.
0024:warn:wgl:display_funcs_init glVertexWeightfEXT not found.
0024:warn:wgl:display_funcs_init glVertexWeightfvEXT not found.
0024:warn:wgl:display_funcs_init glVertexWeighthNV not found.
0024:warn:wgl:display_funcs_init glVertexWeighthvNV not found.
0024:warn:wgl:display_funcs_init glVideoCaptureNV not found.
0024:warn:wgl:display_funcs_init glVideoCaptureStreamParameterdvNV not found.
0024:warn:wgl:display_funcs_init glVideoCaptureStreamParameterfvNV not found.
0024:warn:wgl:display_funcs_init glVideoCaptureStreamParameterivNV not found.
0024:warn:wgl:display_funcs_init glViewportArrayv not found.
0024:warn:wgl:display_funcs_init glViewportArrayvNV not found.
0024:warn:wgl:display_funcs_init glViewportArrayvOES not found.
0024:warn:wgl:display_funcs_init glViewportIndexedf not found.
0024:warn:wgl:display_funcs_init glViewportIndexedfNV not found.
0024:warn:wgl:display_funcs_init glViewportIndexedfOES not found.
0024:warn:wgl:display_funcs_init glViewportIndexedfv not found.
0024:warn:wgl:display_funcs_init glViewportIndexedfvNV not found.
0024:warn:wgl:display_funcs_init glViewportIndexedfvOES not found.
0024:warn:wgl:display_funcs_init glViewportPositionWScaleNV not found.
0024:warn:wgl:display_funcs_init glViewportSwizzleNV not found.
0024:warn:wgl:display_funcs_init glWaitSemaphoreEXT not found.
0024:warn:wgl:display_funcs_init glWaitSemaphoreui64NVX not found.
0024:warn:wgl:display_funcs_init glWaitSync not found.
0024:warn:wgl:display_funcs_init glWaitSyncAPPLE not found.
0024:warn:wgl:display_funcs_init glWaitVkSemaphoreNV not found.
0024:warn:wgl:display_funcs_init glWeightPathsNV not found.
0024:warn:wgl:display_funcs_init glWeightPointerARB not found.
0024:warn:wgl:display_funcs_init glWeightPointerOES not found.
0024:warn:wgl:display_funcs_init glWeightbvARB not found.
0024:warn:wgl:display_funcs_init glWeightdvARB not found.
0024:warn:wgl:display_funcs_init glWeightfvARB not found.
0024:warn:wgl:display_funcs_init glWeightivARB not found.
0024:warn:wgl:display_funcs_init glWeightsvARB not found.
0024:warn:wgl:display_funcs_init glWeightubvARB not found.
0024:warn:wgl:display_funcs_init glWeightuivARB not found.
0024:warn:wgl:display_funcs_init glWeightusvARB not found.
0024:warn:wgl:display_funcs_init glWindowPos2d not found.
0024:warn:wgl:display_funcs_init glWindowPos2dARB not found.
0024:warn:wgl:display_funcs_init glWindowPos2dMESA not found.
0024:warn:wgl:display_funcs_init glWindowPos2dv not found.
0024:warn:wgl:display_funcs_init glWindowPos2dvARB not found.
0024:warn:wgl:display_funcs_init glWindowPos2dvMESA not found.
0024:warn:wgl:display_funcs_init glWindowPos2f not found.
0024:warn:wgl:display_funcs_init glWindowPos2fARB not found.
0024:warn:wgl:display_funcs_init glWindowPos2fMESA not found.
0024:warn:wgl:display_funcs_init glWindowPos2fv not found.
0024:warn:wgl:display_funcs_init glWindowPos2fvARB not found.
0024:warn:wgl:display_funcs_init glWindowPos2fvMESA not found.
0024:warn:wgl:display_funcs_init glWindowPos2i not found.
0024:warn:wgl:display_funcs_init glWindowPos2iARB not found.
0024:warn:wgl:display_funcs_init glWindowPos2iMESA not found.
0024:warn:wgl:display_funcs_init glWindowPos2iv not found.
0024:warn:wgl:display_funcs_init glWindowPos2ivARB not found.
0024:warn:wgl:display_funcs_init glWindowPos2ivMESA not found.
0024:warn:wgl:display_funcs_init glWindowPos2s not found.
0024:warn:wgl:display_funcs_init glWindowPos2sARB not found.
0024:warn:wgl:display_funcs_init glWindowPos2sMESA not found.
0024:warn:wgl:display_funcs_init glWindowPos2sv not found.
0024:warn:wgl:display_funcs_init glWindowPos2svARB not found.
0024:warn:wgl:display_funcs_init glWindowPos2svMESA not found.
0024:warn:wgl:display_funcs_init glWindowPos3d not found.
0024:warn:wgl:display_funcs_init glWindowPos3dARB not found.
0024:warn:wgl:display_funcs_init glWindowPos3dMESA not found.
0024:warn:wgl:display_funcs_init glWindowPos3dv not found.
0024:warn:wgl:display_funcs_init glWindowPos3dvARB not found.
0024:warn:wgl:display_funcs_init glWindowPos3dvMESA not found.
0024:warn:wgl:display_funcs_init glWindowPos3f not found.
0024:warn:wgl:display_funcs_init glWindowPos3fARB not found.
0024:warn:wgl:display_funcs_init glWindowPos3fMESA not found.
0024:warn:wgl:display_funcs_init glWindowPos3fv not found.
0024:warn:wgl:display_funcs_init glWindowPos3fvARB not found.
0024:warn:wgl:display_funcs_init glWindowPos3fvMESA not found.
0024:warn:wgl:display_funcs_init glWindowPos3i not found.
0024:warn:wgl:display_funcs_init glWindowPos3iARB not found.
0024:warn:wgl:display_funcs_init glWindowPos3iMESA not found.
0024:warn:wgl:display_funcs_init glWindowPos3iv not found.
0024:warn:wgl:display_funcs_init glWindowPos3ivARB not found.
0024:warn:wgl:display_funcs_init glWindowPos3ivMESA not found.
0024:warn:wgl:display_funcs_init glWindowPos3s not found.
0024:warn:wgl:display_funcs_init glWindowPos3sARB not found.
0024:warn:wgl:display_funcs_init glWindowPos3sMESA not found.
0024:warn:wgl:display_funcs_init glWindowPos3sv not found.
0024:warn:wgl:display_funcs_init glWindowPos3svARB not found.
0024:warn:wgl:display_funcs_init glWindowPos3svMESA not found.
0024:warn:wgl:display_funcs_init glWindowPos4dMESA not found.
0024:warn:wgl:display_funcs_init glWindowPos4dvMESA not found.
0024:warn:wgl:display_funcs_init glWindowPos4fMESA not found.
0024:warn:wgl:display_funcs_init glWindowPos4fvMESA not found.
0024:warn:wgl:display_funcs_init glWindowPos4iMESA not found.
0024:warn:wgl:display_funcs_init glWindowPos4ivMESA not found.
0024:warn:wgl:display_funcs_init glWindowPos4sMESA not found.
0024:warn:wgl:display_funcs_init glWindowPos4svMESA not found.
0024:warn:wgl:display_funcs_init glWindowRectanglesEXT not found.
0024:warn:wgl:display_funcs_init glWriteMaskEXT not found.
0024:warn:wgl:internal_context_create Failed to create internal thread context
[JuiceWine parent] bundle libraries path=/private/var/containers/Bundle/Application/F3BC928B-CF6E-41E9-AA5B-114329A364D0/Juice.app/Libraries:/var/containers/Bundle/Application/F3BC928B-CF6E-41E9-AA5B-114329A364D0/Juice.app/Libraries:/var/jb/usr/lib
[JuiceWine parent] launching /private/var/containers/Bundle/Application/F3BC928B-CF6E-41E9-AA5B-114329A364D0/Juice.app/Grape-X64/build/wine-ios/loader/wine
[JuiceWine parent] child PID=25615
[JuiceWine] iOS low-VA release start=0x10000 end=0x100000000 status=0 OK
[JuiceWine] PT_TRACE_ME succeeded; csflags=0x3280780d CS_DEBUGGED=YES
[JuiceWine] requesting controlled tracer detach
[JuiceWine parent] child stopped pid=25615 signal=17 (Suspended (signal): 17)
[JuiceWine parent] PT_DETACH pid=25615 result=0
[JuiceWine parent] child now running untraced
[JuiceWine] resumed after tracer detach; csflags=0x3280780d CS_DEBUGGED=YES
[JuiceHybrid] open name=/private/var/containers/Bundle/Application/F3BC928B-CF6E-41E9-AA5B-114329A364D0/Juice.app/Grape-X64/build/wine-ios/dlls/explorer.exe/aarch64-windows/explorer.exe machine=aa64 status=c0000135
[JuiceHybrid] open name=/private/var/containers/Bundle/Application/F3BC928B-CF6E-41E9-AA5B-114329A364D0/Juice.app/Grape-X64/build/wine-ios/programs/explorer/aarch64-windows/explorer.exe machine=aa64 status=c0000135
[JuiceHybrid] open name=/var/containers/Bundle/Application/F3BC928B-CF6E-41E9-AA5B-114329A364D0/Juice.app/Grape-X64/runtime/lib/wine/aarch64-windows/explorer.exe machine=aa64 status=00000000
[JuiceWine] anonymous PE executable section .text at 0x140010000 size=65536
[JuiceHybrid] map name=/var/containers/Bundle/Application/F3BC928B-CF6E-41E9-AA5B-114329A364D0/Juice.app/Grape-X64/runtime/lib/wine/aarch64-windows/explorer.exe status=00000000 module=0x140000000 size=110000
[JuiceStage] loading Windows ntdll; transfer=0x14001d3dc teb=0x2d7ff8000 peb=0x2d7ffc000
[JuiceHybrid] open name=/private/var/containers/Bundle/Application/F3BC928B-CF6E-41E9-AA5B-114329A364D0/Juice.app/Grape-X64/build/wine-ios/dlls/ntdll/aarch64-windows/ntdll.dll machine=aa64 status=00000000
[JuiceWine] anonymous PE executable section .text at 0x2d78f0000 size=983040
[JuiceWine] anonymous PE executable section .hexpthk at 0x2d79e0000 size=65536
[JuiceHybrid] map name=/private/var/containers/Bundle/Application/F3BC928B-CF6E-41E9-AA5B-114329A364D0/Juice.app/Grape-X64/build/wine-ios/dlls/ntdll/aarch64-windows/ntdll.dll status=40000003 module=0x2d78e0000 size=6a0000
[JuiceStage] load_ntdll returned; transfer=0x14001d3dc
[JuiceStage] load_wow64_ntdll returned
[JuiceStage] calling load_apiset_dll
[JuiceStage] load_apiset_dll returned; stack_base=0x105910000 stack_limit=0x105818000
[JuiceStage] calling server_init_process_done
[JuiceStage] server_init_process_done entered
[JuiceStage] calling signal_init_process; teb=0x2d7ff8000
[JuiceStage] signal_init_process returned
[JuiceStage] init_teb_data returned; syscall_frame=0x10580fcd0 stack_base=0x105910000 stack_limit=0x105818000
[JuiceStage] init_process_done server call returned; status=00000000 suspend=1 transfer=0x14001d3dc teb=0x2d7ff8000 peb=0x2d7ffc000
[JuiceStage] calling signal_start_thread
[JuiceStage] init_syscall_frame entered; entry=0x14001d3dc arg=0x2d7ffc000 teb=0x2d7ff8000 data=0x105700000 frame=0x10580fcd0 stack_base=0x105910000 stack_limit=0x105818000
[JuiceStage] calling signal_set_full_context; ctx=0x10590fc70 target_pc=0x2d7949650 target_sp=0x105910000 target_x18=0x2d7ff8000 LdrInitializeThunk=0x2d7949670 RtlUserThreadStart=0x2d7949650
[JuiceStage] signal_set_full_context returned; status=00000000 frame_pc=0x2d7949650 frame_sp=0x105910000 frame_x18=0x2d7ff8000 restore=00400007
[JuiceStage] init_syscall_frame complete; dispatcher_pc=0x2d7949670 user_sp=0x10590fc70 x16=0x2d7949670 x17=0x10590fc70 x18=0x2d7ff8000 restore=00400007
[JuiceX18] broad #1 pc=0x2d7925920 fault=0x30 instr=f9401a48 x8=0x0 x16=0x2d7949670 x17=0x10590fc70 x18=0x0 teb=0x2d7ff8000
[JuiceX18] broad #2 pc=0x2d794e748 fault=0x30 instr=f9401a48 x8=0x0 x16=0x2d7925920 x17=0x10590fc70 x18=0x0 teb=0x2d7ff8000
[JuiceX18] broad #3 pc=0x2d7950344 fault=0x30 instr=f9401a59 x8=0x10590fa50 x16=0x2d794e748 x17=0x10590fc70 x18=0x0 teb=0x2d7ff8000
[JuiceX18] broad #4 pc=0x2d795037c fault=0x30 instr=f9401a4a x8=0x10590fa50 x16=0x2d7950344 x17=0x10590fc70 x18=0x0 teb=0x2d7ff8000
[JuiceX18] broad #5 pc=0x104b95864 fault=0x378 instr=f941be4a x8=0x18 x16=0x104b95860 x17=0x10590fc70 x18=0x0 teb=0x2d7ff8000
[JuiceX18] broad #6 pc=0x2d7950e88 fault=0x30 instr=f9401a48 x8=0x0 x16=0x2d7947554 x17=0x10590fa40 x18=0x0 teb=0x2d7ff8000
[JuiceX18] broad #7 pc=0x2d794e748 fault=0x30 instr=f9401a48 x8=0x0 x16=0x104e3fff8 x17=0x104e3fff8 x18=0x0 teb=0x2d7ff8000
[JuiceX18] broad #8 pc=0x2d7950344 fault=0x30 instr=f9401a59 x8=0x10590faa0 x16=0x2d7947554 x17=0x10590fa70 x18=0x0 teb=0x2d7ff8000
[JuiceX18] broad #9 pc=0x2d79502b4 fault=0x30 instr=f9401a54 x8=0x10590f3ce x16=0x5c5c x17=0x10590f3cd x18=0x0 teb=0x2d7ff8000
[JuiceX18] broad #10 pc=0x2d79172ec fault=0x30 instr=f9401a48 x8=0x0 x16=0x2d79502b4 x17=0x10590fc70 x18=0x0 teb=0x2d7ff8000
[JuiceX18] broad #11 pc=0x104b95864 fault=0x378 instr=f941be4a x8=0x33 x16=0x104b95860 x17=0x10590fc70 x18=0x0 teb=0x2d7ff8000
[JuiceX18] broad #12 pc=0x2d7940744 fault=0x30 instr=f9401a48 x8=0x0 x16=0x2d7947b74 x17=0x10590f7b0 x18=0x0 teb=0x2d7ff8000
[JuiceX18] broad #13 pc=0x2d7917bac fault=0x30 instr=f9401a48 x8=0x0 x16=0x5c5c x17=0x10590f6ac x18=0x0 teb=0x2d7ff8000
[JuiceX18] broad #14 pc=0x2d7917bac fault=0x30 instr=f9401a48 x8=0x0 x16=0x2d7917bac x17=0x10590fc70 x18=0x0 teb=0x2d7ff8000
[JuiceX18] broad #15 pc=0x2d7917bac fault=0x30 instr=f9401a48 x8=0x0 x16=0x2d7917bac x17=0x10590fc70 x18=0x0 teb=0x2d7ff8000
[JuiceX18] broad #16 pc=0x2d7950344 fault=0x30 instr=f9401a59 x8=0x10590f6d0 x16=0x2d7947914 x17=0x10590f750 x18=0x0 teb=0x2d7ff8000
[JuiceX18] broad #17 pc=0x104b95864 fault=0x378 instr=f941be4a x8=0x17 x16=0x104b95860 x17=0x10590f750 x18=0x0 teb=0x2d7ff8000
[JuiceX18] broad #18 pc=0x2d7950344 fault=0x30 instr=f9401a59 x8=0x10590f930 x16=0x2d7947574 x17=0x10590fae0 x18=0x0 teb=0x2d7ff8000
[JuiceX18] broad #19 pc=0x2d79502b4 fault=0x30 instr=f9401a54 x8=0x10590f8f0 x16=0x5c5c x17=0x10590f8ef x18=0x0 teb=0x2d7ff8000
[JuiceX18] broad #20 pc=0x2d79502b4 fault=0x30 instr=f9401a54 x8=0x10590f683 x16=0x5c5c x17=0x10590f682 x18=0x0 teb=0x2d7ff8000
[JuiceX18] broad #21 pc=0x2d7950344 fault=0x30 instr=f9401a59 x8=0x10590f7a0 x16=0x2d79502b4 x17=0x10590fc70 x18=0x0 teb=0x2d7ff8000
[JuiceHybrid] open name=/private/var/containers/Bundle/Application/F3BC928B-CF6E-41E9-AA5B-114329A364D0/Juice.app/Grape-X64/build/wine-ios/dlls/kernel32/aarch64-windows/kernel32.dll machine=0000 status=c0000135
[JuiceHybrid] open name=/private/var/containers/Bundle/Application/F3BC928B-CF6E-41E9-AA5B-114329A364D0/Juice.app/Grape-X64/build/wine-ios/programs/kernel32.dll/aarch64-windows/kernel32.dll machine=0000 status=c0000135
[JuiceHybrid] open name=/var/containers/Bundle/Application/F3BC928B-CF6E-41E9-AA5B-114329A364D0/Juice.app/Grape-X64/runtime/lib/wine/aarch64-windows/kernel32.dll machine=0000 status=00000000
[JuiceWine] anonymous PE executable section .text at 0x2d75b0000 size=393216
[JuiceWine] anonymous PE executable section .hexpthk at 0x2d7610000 size=65536
[JuiceHybrid] map name=/var/containers/Bundle/Application/F3BC928B-CF6E-41E9-AA5B-114329A364D0/Juice.app/Grape-X64/runtime/lib/wine/aarch64-windows/kernel32.dll status=40000003 module=0x2d75a0000 size=340000
[JuiceX18] broad #22 pc=0x104b95864 fault=0x378 instr=f941be4a x8=0x50 x16=0x104b95860 x17=0x10590f890 x18=0x0 teb=0x2d7ff8000
[JuiceX18] broad #23 pc=0x2d7929e7c fault=0x30 instr=f9401a49 x8=0x48 x16=0x2d7947c54 x17=0x10590f890 x18=0x0 teb=0x2d7ff8000
[JuiceX18] broad #24 pc=0x2d79502b4 fault=0x30 instr=f9401a54 x8=0x5 x16=0x2d7929e7c x17=0x10590fc70 x18=0x0 teb=0x2d7ff8000
[JuiceX18] broad #25 pc=0x2d79286c8 fault=0x30 instr=f9401a48 x8=0x0 x16=0x2d79502b4 x17=0x10590fc70 x18=0x0 teb=0x2d7ff8000
[JuiceHybrid] open name=/private/var/containers/Bundle/Application/F3BC928B-CF6E-41E9-AA5B-114329A364D0/Juice.app/Grape-X64/build/wine-ios/dlls/kernelbase/aarch64-windows/kernelbase.dll machine=0000 status=c0000135
[JuiceHybrid] open name=/private/var/containers/Bundle/Application/F3BC928B-CF6E-41E9-AA5B-114329A364D0/Juice.app/Grape-X64/build/wine-ios/programs/kernelbase.dll/aarch64-windows/kernelbase.dll machine=0000 status=c0000135
[JuiceHybrid] open name=/var/containers/Bundle/Application/F3BC928B-CF6E-41E9-AA5B-114329A364D0/Juice.app/Grape-X64/runtime/lib/wine/aarch64-windows/kernelbase.dll machine=0000 status=00000000
[JuiceWine] anonymous PE executable section .text at 0x2d6e60000 size=1048576
[JuiceWine] anonymous PE executable section .hexpthk at 0x2d6f60000 size=65536
[JuiceHybrid] map name=/var/containers/Bundle/Application/F3BC928B-CF6E-41E9-AA5B-114329A364D0/Juice.app/Grape-X64/runtime/lib/wine/aarch64-windows/kernelbase.dll status=40000003 module=0x2d6e50000 size=750000
[JuiceX18] broad #26 pc=0x104b95864 fault=0x378 instr=f941be4a x8=0x50 x16=0x104b95860 x17=0x10590f2e0 x18=0x0 teb=0x2d7ff8000
[JuiceX18] broad #27 pc=0x2d79286c8 fault=0x30 instr=f9401a48 x8=0x0 x16=0x2d7947c54 x17=0x10590f2e0 x18=0x0 teb=0x2d7ff8000
[JuiceX18] broad #28 pc=0x2d7950344 fault=0x30 instr=f9401a59 x8=0x10590ef60 x16=0x2d7947c54 x17=0x10590ef80 x18=0x0 teb=0x2d7ff8000
[JuiceX18] broad #29 pc=0x104b95864 fault=0x378 instr=f941be4a x8=0x50 x16=0x104b95860 x17=0x10590fc70 x18=0x0 teb=0x2d7ff8000
[JuiceX18] broad #30 pc=0x2d79286c8 fault=0x30 instr=f9401a48 x8=0x0 x16=0x2d7947c54 x17=0x10590f530 x18=0x0 teb=0x2d7ff8000
[JuiceX18] broad #31 pc=0x2d79286c8 fault=0x30 instr=f9401a48 x8=0x0 x16=0x2d79286c8 x17=0x10590fc70 x18=0x0 teb=0x2d7ff8000
[JuiceX18] broad #32 pc=0x2d79286c8 fault=0x30 instr=f9401a48 x8=0x0 x16=0x2d79286c8 x17=0x10590fc70 x18=0x0 teb=0x2d7ff8000
0030:warn:file:NtCreateFile L"\\??\\C:\\windows\\winsxs\\manifests" not found (c000003a)
0030:warn:file:NtCreateFile L"\\??\\C:\\windows\\system32\\Microsoft.Windows.Common-Controls.dll" not found (c0000034)
0030:warn:file:NtCreateFile L"\\??\\C:\\windows\\system32\\Microsoft.Windows.Common-Controls.manifest" not found (c0000034)
0030:warn:file:NtCreateFile L"\\??\\C:\\windows\\system32\\Microsoft.Windows.Common-Controls\\Microsoft.Windows.Common-Controls.dll" not found (c000003a)
0030:warn:file:NtCreateFile L"\\??\\C:\\windows\\system32\\Microsoft.Windows.Common-Controls\\Microsoft.Windows.Common-Controls.manifest" not found (c000003a)
0030:warn:file:NtCreateFile L"\\??\\C:\\windows\\system32\\Microsoft.Windows.Common-Controls.dll" not found (c0000034)
0030:warn:file:NtCreateFile L"\\??\\C:\\windows\\system32\\Microsoft.Windows.Common-Controls.manifest" not found (c0000034)
0030:warn:file:NtCreateFile L"\\??\\C:\\windows\\system32\\Microsoft.Windows.Common-Controls\\Microsoft.Windows.Common-Controls.dll" not found (c000003a)
0030:warn:file:NtCreateFile L"\\??\\C:\\windows\\system32\\Microsoft.Windows.Common-Controls\\Microsoft.Windows.Common-Controls.manifest" not found (c000003a)
0030:fixme:actctx:parse_depend_manifests Could not find dependent assembly L"Microsoft.Windows.Common-Controls" (6.0.0.0)
[JuiceHybrid] open name=/private/var/containers/Bundle/Application/F3BC928B-CF6E-41E9-AA5B-114329A364D0/Juice.app/Grape-X64/build/wine-ios/dlls/rpcrt4/aarch64-windows/rpcrt4.dll machine=0000 status=c0000135
[JuiceHybrid] open name=/private/var/containers/Bundle/Application/F3BC928B-CF6E-41E9-AA5B-114329A364D0/Juice.app/Grape-X64/build/wine-ios/programs/rpcrt4.dll/aarch64-windows/rpcrt4.dll machine=0000 status=c0000135
[JuiceHybrid] open name=/var/containers/Bundle/Application/F3BC928B-CF6E-41E9-AA5B-114329A364D0/Juice.app/Grape-X64/runtime/lib/wine/aarch64-windows/rpcrt4.dll machine=0000 status=00000000
[JuiceWine] anonymous PE executable section .text at 0x2d6a00000 size=655360
[JuiceWine] anonymous PE executable section .hexpthk at 0x2d6aa0000 size=65536
[JuiceHybrid] map name=/var/containers/Bundle/Application/F3BC928B-CF6E-41E9-AA5B-114329A364D0/Juice.app/Grape-X64/runtime/lib/wine/aarch64-windows/rpcrt4.dll status=40000003 module=0x2d69f0000 size=460000
[JuiceHybrid] open name=/private/var/containers/Bundle/Application/F3BC928B-CF6E-41E9-AA5B-114329A364D0/Juice.app/Grape-X64/build/wine-ios/dlls/advapi32/aarch64-windows/advapi32.dll machine=0000 status=c0000135
[JuiceHybrid] open name=/private/var/containers/Bundle/Application/F3BC928B-CF6E-41E9-AA5B-114329A364D0/Juice.app/Grape-X64/build/wine-ios/programs/advapi32.dll/aarch64-windows/advapi32.dll machine=0000 status=c0000135
[JuiceHybrid] open name=/var/containers/Bundle/Application/F3BC928B-CF6E-41E9-AA5B-114329A364D0/Juice.app/Grape-X64/runtime/lib/wine/aarch64-windows/advapi32.dll machine=0000 status=00000000
[JuiceWine] anonymous PE executable section .text at 0x2d67a0000 size=327680
[JuiceWine] anonymous PE executable section .hexpthk at 0x2d67f0000 size=65536
[JuiceHybrid] map name=/var/containers/Bundle/Application/F3BC928B-CF6E-41E9-AA5B-114329A364D0/Juice.app/Grape-X64/runtime/lib/wine/aarch64-windows/advapi32.dll status=40000003 module=0x2d6790000 size=260000
[JuiceHybrid] open name=/private/var/containers/Bundle/Application/F3BC928B-CF6E-41E9-AA5B-114329A364D0/Juice.app/Grape-X64/build/wine-ios/dlls/sechost/aarch64-windows/sechost.dll machine=0000 status=c0000135
[JuiceHybrid] open name=/private/var/containers/Bundle/Application/F3BC928B-CF6E-41E9-AA5B-114329A364D0/Juice.app/Grape-X64/build/wine-ios/programs/sechost.dll/aarch64-windows/sechost.dll machine=0000 status=c0000135
[JuiceHybrid] open name=/var/containers/Bundle/Application/F3BC928B-CF6E-41E9-AA5B-114329A364D0/Juice.app/Grape-X64/runtime/lib/wine/aarch64-windows/sechost.dll machine=0000 status=00000000
[JuiceWine] anonymous PE executable section .text at 0x2d6650000 size=131072
[JuiceWine] anonymous PE executable section .hexpthk at 0x2d6670000 size=65536
[JuiceHybrid] map name=/var/containers/Bundle/Application/F3BC928B-CF6E-41E9-AA5B-114329A364D0/Juice.app/Grape-X64/runtime/lib/wine/aarch64-windows/sechost.dll status=40000003 module=0x2d6640000 size=150000
[JuiceHybrid] open name=/private/var/containers/Bundle/Application/F3BC928B-CF6E-41E9-AA5B-114329A364D0/Juice.app/Grape-X64/build/wine-ios/dlls/ucrtbase/aarch64-windows/ucrtbase.dll machine=0000 status=c0000135
[JuiceHybrid] open name=/private/var/containers/Bundle/Application/F3BC928B-CF6E-41E9-AA5B-114329A364D0/Juice.app/Grape-X64/build/wine-ios/programs/ucrtbase.dll/aarch64-windows/ucrtbase.dll machine=0000 status=c0000135
[JuiceHybrid] open name=/var/containers/Bundle/Application/F3BC928B-CF6E-41E9-AA5B-114329A364D0/Juice.app/Grape-X64/runtime/lib/wine/aarch64-windows/ucrtbase.dll machine=0000 status=00000000
[JuiceWine] anonymous PE executable section .text at 0x2d5fb0000 size=1245184
[JuiceWine] anonymous PE executable section .hexpthk at 0x2d60e0000 size=65536
[JuiceHybrid] map name=/var/containers/Bundle/Application/F3BC928B-CF6E-41E9-AA5B-114329A364D0/Juice.app/Grape-X64/runtime/lib/wine/aarch64-windows/ucrtbase.dll status=40000003 module=0x2d5fa0000 size=6a0000
[JuiceHybrid] open name=/private/var/containers/Bundle/Application/F3BC928B-CF6E-41E9-AA5B-114329A364D0/Juice.app/Grape-X64/build/wine-ios/dlls/msvcrt/aarch64-windows/msvcrt.dll machine=0000 status=c0000135
[JuiceHybrid] open name=/private/var/containers/Bundle/Application/F3BC928B-CF6E-41E9-AA5B-114329A364D0/Juice.app/Grape-X64/build/wine-ios/programs/msvcrt.dll/aarch64-windows/msvcrt.dll machine=0000 status=c0000135
[JuiceHybrid] open name=/var/containers/Bundle/Application/F3BC928B-CF6E-41E9-AA5B-114329A364D0/Juice.app/Grape-X64/runtime/lib/wine/aarch64-windows/msvcrt.dll machine=0000 status=00000000
[JuiceWine] anonymous PE executable section .text at 0x2d59f0000 size=983040
[JuiceWine] anonymous PE executable section .hexpthk at 0x2d5ae0000 size=65536
[JuiceHybrid] map name=/var/containers/Bundle/Application/F3BC928B-CF6E-41E9-AA5B-114329A364D0/Juice.app/Grape-X64/runtime/lib/wine/aarch64-windows/msvcrt.dll status=40000003 module=0x2d59e0000 size=5c0000
[JuiceHybrid] open name=/private/var/containers/Bundle/Application/F3BC928B-CF6E-41E9-AA5B-114329A364D0/Juice.app/Grape-X64/build/wine-ios/dlls/cryptbase/aarch64-windows/cryptbase.dll machine=0000 status=c0000135
[JuiceHybrid] open name=/private/var/containers/Bundle/Application/F3BC928B-CF6E-41E9-AA5B-114329A364D0/Juice.app/Grape-X64/build/wine-ios/programs/cryptbase.dll/aarch64-windows/cryptbase.dll machine=0000 status=c0000135
[JuiceHybrid] open name=/var/containers/Bundle/Application/F3BC928B-CF6E-41E9-AA5B-114329A364D0/Juice.app/Grape-X64/runtime/lib/wine/aarch64-windows/cryptbase.dll machine=0000 status=00000000
[JuiceWine] anonymous PE executable section .text at 0x2d5910000 size=65536
[JuiceWine] anonymous PE executable section .hexpthk at 0x2d5920000 size=65536
[JuiceHybrid] map name=/var/containers/Bundle/Application/F3BC928B-CF6E-41E9-AA5B-114329A364D0/Juice.app/Grape-X64/runtime/lib/wine/aarch64-windows/cryptbase.dll status=40000003 module=0x2d5900000 size=e0000
[JuiceHybrid] open name=/private/var/containers/Bundle/Application/F3BC928B-CF6E-41E9-AA5B-114329A364D0/Juice.app/Grape-X64/build/wine-ios/dlls/user32/aarch64-windows/user32.dll machine=0000 status=c0000135
[JuiceHybrid] open name=/private/var/containers/Bundle/Application/F3BC928B-CF6E-41E9-AA5B-114329A364D0/Juice.app/Grape-X64/build/wine-ios/programs/user32.dll/aarch64-windows/user32.dll machine=0000 status=c0000135
[JuiceHybrid] open name=/var/containers/Bundle/Application/F3BC928B-CF6E-41E9-AA5B-114329A364D0/Juice.app/Grape-X64/runtime/lib/wine/aarch64-windows/user32.dll machine=0000 status=00000000
[JuiceWine] anonymous PE executable section .text at 0x2d5020000 size=1179648
[JuiceWine] anonymous PE executable section .hexpthk at 0x2d5140000 size=65536
[JuiceHybrid] map name=/var/containers/Bundle/Application/F3BC928B-CF6E-41E9-AA5B-114329A364D0/Juice.app/Grape-X64/runtime/lib/wine/aarch64-windows/user32.dll status=40000003 module=0x2d5010000 size=8f0000
[JuiceHybrid] open name=/private/var/containers/Bundle/Application/F3BC928B-CF6E-41E9-AA5B-114329A364D0/Juice.app/Grape-X64/build/wine-ios/dlls/gdi32/aarch64-windows/gdi32.dll machine=0000 status=c0000135
[JuiceHybrid] open name=/private/var/containers/Bundle/Application/F3BC928B-CF6E-41E9-AA5B-114329A364D0/Juice.app/Grape-X64/build/wine-ios/programs/gdi32.dll/aarch64-windows/gdi32.dll machine=0000 status=c0000135
[JuiceHybrid] open name=/var/containers/Bundle/Application/F3BC928B-CF6E-41E9-AA5B-114329A364D0/Juice.app/Grape-X64/runtime/lib/wine/aarch64-windows/gdi32.dll machine=0000 status=00000000
[JuiceWine] anonymous PE executable section .text at 0x2d4b90000 size=655360
[JuiceWine] anonymous PE executable section .hexpthk at 0x2d4c30000 size=65536
[JuiceHybrid] map name=/var/containers/Bundle/Application/F3BC928B-CF6E-41E9-AA5B-114329A364D0/Juice.app/Grape-X64/runtime/lib/wine/aarch64-windows/gdi32.dll status=40000003 module=0x2d4b80000 size=490000
[JuiceHybrid] open name=/private/var/containers/Bundle/Application/F3BC928B-CF6E-41E9-AA5B-114329A364D0/Juice.app/Grape-X64/build/wine-ios/dlls/win32u/aarch64-windows/win32u.dll machine=0000 status=c0000135
[JuiceHybrid] open name=/private/var/containers/Bundle/Application/F3BC928B-CF6E-41E9-AA5B-114329A364D0/Juice.app/Grape-X64/build/wine-ios/programs/win32u.dll/aarch64-windows/win32u.dll machine=0000 status=c0000135
[JuiceHybrid] open name=/var/containers/Bundle/Application/F3BC928B-CF6E-41E9-AA5B-114329A364D0/Juice.app/Grape-X64/runtime/lib/wine/aarch64-windows/win32u.dll machine=0000 status=00000000
[JuiceWine] anonymous PE executable section .text at 0x2d4a60000 size=262144
[JuiceWine] anonymous PE executable section .hexpthk at 0x2d4aa0000 size=65536
[JuiceHybrid] map name=/var/containers/Bundle/Application/F3BC928B-CF6E-41E9-AA5B-114329A364D0/Juice.app/Grape-X64/runtime/lib/wine/aarch64-windows/win32u.dll status=40000003 module=0x2d4a50000 size=130000
0030:warn:file:NtQueryAttributesFile L"\\??\\C:\\windows\\system32\\tzres.dll" not found (c0000034)
0030:warn:file:NtQueryAttributesFile L"\\??\\C:\\windows\\system32\\tzres.dll" not found (c0000034)
0030:warn:globalmem:KernelBaseGetGlobalData semi-stub!
0030:warn:file:NtCreateFile L"\\??\\Z:\\private\\var\\containers\\Bundle\\Application\\F3BC928B-CF6E-41E9-AA5B-114329A364D0\\Juice.app\\Grape-X64\\build\\wine-ios\\fonts" not found (c0000034)
0030:warn:font:opentype_get_ttc_sfnt_v1 unsupported sfnt font: embedded bitmap data.
0030:warn:font:unix_face_create unable to parse font, falling back to FreeType
0030:warn:font:opentype_get_ttc_sfnt_v1 unsupported sfnt font: embedded bitmap data.
0030:warn:font:unix_face_create unable to parse font, falling back to FreeType
[JuiceHybrid] open name=/private/var/containers/Bundle/Application/F3BC928B-CF6E-41E9-AA5B-114329A364D0/Juice.app/Grape-X64/build/wine-ios/dlls/imm32/aarch64-windows/imm32.dll machine=0000 status=c0000135
[JuiceHybrid] open name=/private/var/containers/Bundle/Application/F3BC928B-CF6E-41E9-AA5B-114329A364D0/Juice.app/Grape-X64/build/wine-ios/programs/imm32.dll/aarch64-windows/imm32.dll machine=0000 status=c0000135
[JuiceHybrid] open name=/var/containers/Bundle/Application/F3BC928B-CF6E-41E9-AA5B-114329A364D0/Juice.app/Grape-X64/runtime/lib/wine/aarch64-windows/imm32.dll machine=0000 status=00000000
[JuiceWine] anonymous PE executable section .text at 0x2d48f0000 size=196608
[JuiceWine] anonymous PE executable section .hexpthk at 0x2d4920000 size=65536
[JuiceHybrid] map name=/var/containers/Bundle/Application/F3BC928B-CF6E-41E9-AA5B-114329A364D0/Juice.app/Grape-X64/runtime/lib/wine/aarch64-windows/imm32.dll status=40000003 module=0x2d48e0000 size=170000
0030:warn:msvcrt:_configure_wide_argv (1) stub
[JuiceHybrid] open name=/private/var/containers/Bundle/Application/F3BC928B-CF6E-41E9-AA5B-114329A364D0/Juice.app/Grape-X64/build/wine-ios/dlls/wineios.drv/aarch64-windows/wineios.drv machine=0000 status=c0000135
[JuiceHybrid] open name=/private/var/containers/Bundle/Application/F3BC928B-CF6E-41E9-AA5B-114329A364D0/Juice.app/Grape-X64/build/wine-ios/programs/wineios.drv/aarch64-windows/wineios.drv machine=0000 status=c0000135
[JuiceHybrid] open name=/var/containers/Bundle/Application/F3BC928B-CF6E-41E9-AA5B-114329A364D0/Juice.app/Grape-X64/runtime/lib/wine/aarch64-windows/wineios.drv machine=0000 status=00000000
[JuiceWine] anonymous PE executable section .text at 0x2d4800000 size=65536
[JuiceWine] anonymous PE executable section .hexpthk at 0x2d4810000 size=65536
[JuiceHybrid] map name=/var/containers/Bundle/Application/F3BC928B-CF6E-41E9-AA5B-114329A364D0/Juice.app/Grape-X64/runtime/lib/wine/aarch64-windows/wineios.drv status=40000003 module=0x2d47f0000 size=f0000
[JuiceInput] display connected path=/var/mobile/Documents/JuiceData/proofs/cdoom-v9jit/display.sock desktop=1024x768 dpi=96
[JuiceInput] queue fd registered fd=8 tid=0x30
[JuiceDriver] ios init set driver create=0x1060c4e78 client_surface=0x1060c59fc size=1216
[JuiceDriver] install prev=0x10645d3a8 lazy=0x10645d3a8 null=0x106489f10 candidate=0x12e010600 create=0x1060c4e78 installed=1
JUICE_TEXT_HOST_HELLO pid=25615 desktop=1024x768 dpi=96
[JuiceCreate] ex=00000000 class=0x10590ef10 version=0x0 name=0x10590eef0 style=86000000 x=0 y=0 cx=0 cy=0 parent=0x0 menu=0x0 classinst=0x0 params=0x10590f240 flags=00000000 inst=0x0 classptr=0x8001 ansi=0
[JuiceHybrid] open name=/private/var/containers/Bundle/Application/F3BC928B-CF6E-41E9-AA5B-114329A364D0/Juice.app/Grape-X64/build/wine-ios/dlls/uxtheme/aarch64-windows/uxtheme.dll machine=0000 status=c0000135
[JuiceHybrid] open name=/private/var/containers/Bundle/Application/F3BC928B-CF6E-41E9-AA5B-114329A364D0/Juice.app/Grape-X64/build/wine-ios/programs/uxtheme.dll/aarch64-windows/uxtheme.dll machine=0000 status=c0000135
[JuiceHybrid] open name=/var/containers/Bundle/Application/F3BC928B-CF6E-41E9-AA5B-114329A364D0/Juice.app/Grape-X64/runtime/lib/wine/aarch64-windows/uxtheme.dll machine=0000 status=00000000
[JuiceWine] anonymous PE executable section .text at 0x2d4630000 size=196608
[JuiceWine] anonymous PE executable section .hexpthk at 0x2d4660000 size=65536
[JuiceHybrid] map name=/var/containers/Bundle/Application/F3BC928B-CF6E-41E9-AA5B-114329A364D0/Juice.app/Grape-X64/runtime/lib/wine/aarch64-windows/uxtheme.dll status=40000003 module=0x2d4620000 size=1d0000
0030:warn:file:NtCreateFile L"\\??\\C:\\windows\\resources\\themes\\aero\\aero.msstyles" not found (c0000034)
0030:warn:file:NtQueryAttributesFile L"\\??\\C:\\windows\\resources\\themes\\aero\\aero.msstyles" not found (c0000034)
[JuiceRect] input hwnd=0x10022 dpi=96/1 raw=96/1 win=0,0,0,0 client=0,0,0,0 visible=0,0,0,0
[JuiceRect] mapped hwnd=0x10022 win=0,0,0,0 client=0,0,0,0 visible=0,0,0,0
[JuiceGeom] changed hwnd=0x10022 flags=3c ptr=0x10580f620 window=0,0,0,0 client=0,0,0,0 visible=0,0,0,0 surface=0x10646c4f0 shown=0
[JuiceRect] input hwnd=0x10022 dpi=96/1 raw=96/1 win=0,0,0,0 client=0,0,0,0 visible=0,0,0,0
[JuiceRect] mapped hwnd=0x10022 win=0,0,0,0 client=0,0,0,0 visible=0,0,0,0
[JuiceGeom] changed hwnd=0x10022 flags=18 ptr=0x10580f620 window=0,0,0,0 client=0,0,0,0 visible=0,0,0,0 surface=0x10646c4f0 shown=0
[JuiceDriver] create-enter hwnd=0x10022
[JuiceDriver] create-success hwnd=0x10022
[JuiceCreate] ex=00000000 class=0x10590ef10 version=0x0 name=0x10590eef0 style=86000000 x=0 y=0 cx=100 cy=100 parent=0x0 menu=0x0 classinst=0x0 params=0x0 flags=00000000 inst=0x0 classptr=0x140020ca0 ansi=0
[JuiceRect] input hwnd=0x1002a dpi=96/1 raw=96/1 win=0,0,100,100 client=0,0,100,100 visible=0,0,100,100
[JuiceRect] mapped hwnd=0x1002a win=0,0,100,100 client=0,0,100,100 visible=0,0,100,100
[JuiceGeom] changed hwnd=0x1002a flags=3c ptr=0x10580f620 window=0,0,100,100 client=0,0,100,100 visible=0,0,100,100 surface=0x10646c4f0 shown=0
[JuiceRect] input hwnd=0x1002a dpi=96/1 raw=96/1 win=0,0,100,100 client=0,0,100,100 visible=0,0,100,100
[JuiceRect] mapped hwnd=0x1002a win=0,0,100,100 client=0,0,100,100 visible=0,0,100,100
[JuiceGeom] changed hwnd=0x1002a flags=18 ptr=0x10580f620 window=0,0,100,100 client=0,0,100,100 visible=0,0,100,100 surface=0x10646c4f0 shown=0
[JuiceDriver] create-enter hwnd=0x1002a
[JuiceDriver] create-success hwnd=0x1002a
[JuiceGeom] surface hwnd=0x10022 rect=0,0,1024,768 size=1024x768 previous=0x10646c4f0
[JuiceRect] input hwnd=0x10022 dpi=96/1 raw=96/1 win=0,0,1024,768 client=0,0,1024,768 visible=0,0,1024,768
[JuiceRect] mapped hwnd=0x10022 win=0,0,1024,768 client=0,0,1024,768 visible=0,0,1024,768
[JuiceGeom] changed hwnd=0x10022 flags=8000116a ptr=0x10580f820 window=0,0,1024,768 client=0,0,1024,768 visible=0,0,1024,768 surface=0x12df8d2f0 shown=1
JUICE_TEXT_HOST_WINDOW pid=25615 hwnd=0x10022 rect=0,0 1024x768 visible=1
[JuiceStage] init_syscall_frame entered; entry=0x140012694 arg=0x0 teb=0x2d7ff4000 data=0x1083d0000 frame=0x1084dfb00 stack_base=0x1085e0000 stack_limit=0x1084e8000
[JuiceStage] calling signal_set_full_context; ctx=0x1085dfc70 target_pc=0x2d7949650 target_sp=0x1085e0000 target_x18=0x2d7ff4000 LdrInitializeThunk=0x2d7949670 RtlUserThreadStart=0x2d7949650
[JuiceStage] signal_set_full_context returned; status=00000000 frame_pc=0x2d7949650 frame_sp=0x1085e0000 frame_x18=0x2d7ff4000 restore=00400007
[JuiceStage] init_syscall_frame complete; dispatcher_pc=0x2d7949670 user_sp=0x1085dfc70 x16=0x2d7949670 x17=0x1085dfc70 x18=0x2d7ff4000 restore=00400007
0030:warn:system:find_source_by_index Failed to find source with id 1.
[JuiceCreate] ex=00000000 class=0x1085dfa70 version=0x0 name=0x1085dfa50 style=00000000 x=0 y=0 cx=0 cy=0 parent=0xfffffffffffffffd menu=0x0 classinst=0x0 params=0x0 flags=00000000 inst=0x0 classptr=0x140020500 ansi=0
[JuiceMonitor] callee hwnd=0x10030 hmon=0x1 info=0x1084df550 monitor=0,0,1024,768 work=0,0,1024,768 flags=00000001
[JuiceMinMax] hwnd=0x10030 min=112,27 maxtrack=1036,780 max=106,106 pos=-3,-3
[JuiceStage] init_syscall_frame entered; entry=0x140012c30 arg=0x0 teb=0x2d7ff0000 data=0x1085e0000 frame=0x1086efb00 stack_base=0x1088b0000 stack_limit=0x1087b8000
[JuiceStage] calling signal_set_full_context; ctx=0x1088afc70 target_pc=0x2d7949650 target_sp=0x1088b0000 target_x18=0x2d7ff0000 LdrInitializeThunk=0x2d7949670 RtlUserThreadStart=0x2d7949650
[JuiceStage] signal_set_full_context returned; status=00000000 frame_pc=0x2d7949650 frame_sp=0x1088b0000 frame_x18=0x2d7ff0000 restore=00400007
[JuiceStage] init_syscall_frame complete; dispatcher_pc=0x2d7949670 user_sp=0x1088afc70 x16=0x2d7949670 x17=0x1088afc70 x18=0x2d7ff0000 restore=00400007
[JuiceRect] input hwnd=0x10030 dpi=96/1 raw=96/1 win=0,0,112,27 client=0,0,112,27 visible=0,0,112,27
[JuiceRect] mapped hwnd=0x10030 win=0,0,112,27 client=0,0,112,27 visible=0,0,112,27
[JuiceCreate] ex=00000000 class=0x10590ee90 version=0x0 name=0x10590ee70 style=00000000 x=0 y=0 cx=0 cy=0 parent=0xfffffffffffffffd menu=0x0 classinst=0x0 params=0x0 flags=00000000 inst=0x0 classptr=0x140020140 ansi=0
[JuiceGeom] changed hwnd=0x10030 flags=14 ptr=0x1084df450 window=0,0,112,27 client=0,0,112,27 visible=0,0,112,27 surface=0x0 shown=0
0038:warn:threadname:NtSetInformationThread Thread renamed to L"wine_explorer_display_settings_restorer"
0034:warn:win:NtUserCreateWindowEx 0x10030: aborted by WM_NCCREATE
[JuiceCreate] failed hwnd=0x10030 stage=wm-nccreate
[JuiceCreate] ex=00000000 class=0x1088afc10 version=0x0 name=0x1088afbf0 style=00000000 x=0 y=0 cx=0 cy=0 parent=0xfffffffffffffffd menu=0x0 classinst=0x0 params=0x0 flags=00000000 inst=0x0 classptr=0x140021320 ansi=0
[JuiceMonitor] callee hwnd=0x10034 hmon=0x1 info=0x10580f720 monitor=0,0,1024,768 work=0,0,1024,768 flags=00000001
[JuiceMinMax] hwnd=0x10034 min=112,27 maxtrack=1036,780 max=106,106 pos=-3,-3
[JuiceRect] input hwnd=0x10034 dpi=96/1 raw=96/1 win=0,0,112,27 client=0,0,112,27 visible=0,0,112,27
[JuiceRect] mapped hwnd=0x10034 win=0,0,112,27 client=0,0,112,27 visible=0,0,112,27
[JuiceMonitor] callee hwnd=0x10036 hmon=0x1 info=0x1086ef550 monitor=0,0,1024,768 work=0,0,1024,768 flags=00000001
[JuiceMinMax] hwnd=0x10036 min=112,27 maxtrack=1036,780 max=106,106 pos=-3,-3
[JuiceGeom] changed hwnd=0x10034 flags=14 ptr=0x10580f620 window=0,0,112,27 client=0,0,112,27 visible=0,0,112,27 surface=0x0 shown=0
[JuiceRect] input hwnd=0x10036 dpi=96/1 raw=96/1 win=0,0,112,27 client=0,0,112,27 visible=0,0,112,27
[JuiceRect] mapped hwnd=0x10036 win=0,0,112,27 client=0,0,112,27 visible=0,0,112,27
[JuiceRect] input hwnd=0x10034 dpi=96/1 raw=96/1 win=0,0,112,27 client=3,22,109,24 visible=0,0,112,27
[JuiceGeom] changed hwnd=0x10036 flags=14 ptr=0x1086ef450 window=0,0,112,27 client=0,0,112,27 visible=0,0,112,27 surface=0x0 shown=0
[JuiceRect] mapped hwnd=0x10034 win=0,0,112,27 client=3,22,109,24 visible=0,0,112,27
[JuiceGeom] changed hwnd=0x10034 flags=10 ptr=0x10580f620 window=0,0,112,27 client=3,22,109,24 visible=0,0,112,27 surface=0x0 shown=0
[JuiceDriver] create-enter hwnd=0x10034
[JuiceRect] input hwnd=0x10036 dpi=96/1 raw=96/1 win=0,0,112,27 client=3,22,109,24 visible=0,0,112,27
[JuiceDriver] create-success hwnd=0x10034
[JuiceRect] mapped hwnd=0x10036 win=0,0,112,27 client=3,22,109,24 visible=0,0,112,27
[JuiceGeom] changed hwnd=0x10036 flags=10 ptr=0x1086ef450 window=0,0,112,27 client=3,22,109,24 visible=0,0,112,27 surface=0x0 shown=0
[JuiceDriver] create-enter hwnd=0x10036
[JuiceInput] queue fd registered fd=8 tid=0x38
[JuiceDriver] create-success hwnd=0x10036
[JuiceCreate] ex=00000000 class=0x10590ee80 version=0x0 name=0x10590ee60 style=00c80000 x=-2147483648 y=-2147483648 cx=166 cy=45 parent=0x0 menu=0x0 classinst=0x0 params=0x0 flags=00000000 inst=0x0 classptr=0x140026378 ansi=0
[JuiceMonitor] callee hwnd=0x0 hmon=0x1 info=0x10580fa00 monitor=0,0,1024,768 work=0,0,1024,768 flags=00000001
[JuiceMonitor] caller hwnd=0x0 monitor=0,0,1024,768 work=0,0,1024,768 flags=00000001
[JuiceMonitor] callee hwnd=0x1003a hmon=0x1 info=0x10580f720 monitor=0,0,1024,768 work=0,0,1024,768 flags=00000001
[JuiceMinMax] hwnd=0x1003a min=112,27 maxtrack=1036,780 max=1030,774 pos=-3,-3
[JuiceRect] input hwnd=0x1003a dpi=96/1 raw=96/1 win=0,0,166,45 client=0,0,166,45 visible=0,0,166,45
[JuiceRect] mapped hwnd=0x1003a win=0,0,166,45 client=0,0,166,45 visible=0,0,166,45
[JuiceGeom] changed hwnd=0x1003a flags=3c ptr=0x10580f620 window=0,0,166,45 client=0,0,166,45 visible=0,0,166,45 surface=0x10646c4f0 shown=0
[JuiceCreate] ex=00000000 class=0x10580f590 version=0x0 name=0x10580f580 style=8c000000 x=0 y=0 cx=1 cy=1 parent=0x0 menu=0x0 classinst=0x0 params=0x0 flags=00000000 inst=0x0 classptr=0x0 ansi=0
[JuiceRect] input hwnd=0x10042 dpi=96/1 raw=96/1 win=0,0,1,1 client=0,0,1,1 visible=0,0,1,1
[JuiceRect] mapped hwnd=0x10042 win=0,0,1,1 client=0,0,1,1 visible=0,0,1,1
[JuiceGeom] changed hwnd=0x10042 flags=3c ptr=0x10580eed0 window=0,0,1,1 client=0,0,1,1 visible=0,0,1,1 surface=0x10646c4f0 shown=0
[JuiceRect] input hwnd=0x10042 dpi=96/1 raw=96/1 win=0,0,1,1 client=0,0,1,1 visible=0,0,1,1
[JuiceRect] mapped hwnd=0x10042 win=0,0,1,1 client=0,0,1,1 visible=0,0,1,1
[JuiceGeom] changed hwnd=0x10042 flags=18 ptr=0x10580eed0 window=0,0,1,1 client=0,0,1,1 visible=0,0,1,1 surface=0x10646c4f0 shown=0
[JuiceDriver] create-enter hwnd=0x10042
[JuiceDriver] create-success hwnd=0x10042
[JuiceRect] input hwnd=0x1003a dpi=96/1 raw=96/1 win=0,0,166,45 client=3,22,163,42 visible=0,0,166,45
[JuiceRect] mapped hwnd=0x1003a win=0,0,166,45 client=3,22,163,42 visible=0,0,166,45
[JuiceGeom] changed hwnd=0x1003a flags=18 ptr=0x10580f620 window=0,0,166,45 client=3,22,163,42 visible=0,0,166,45 surface=0x10646c4f0 shown=0
[JuiceDriver] create-enter hwnd=0x1003a
[JuiceDriver] create-success hwnd=0x1003a
0024:warn:file:NtCreateFile L"\\??\\Z:\\var\\mobile\\Documents\\JuiceData\\imported-files\\chocolate-doom-3.1.1-win64\\uxtheme.dll" not found (c0000034)
[JuiceHybrid] open name=/private/var/containers/Bundle/Application/F3BC928B-CF6E-41E9-AA5B-114329A364D0/Juice.app/Grape-X64/build/wine-ios/dlls/shell32/aarch64-windows/shell32.dll machine=0000 status=c0000135
[JuiceHybrid] open name=/private/var/containers/Bundle/Application/F3BC928B-CF6E-41E9-AA5B-114329A364D0/Juice.app/Grape-X64/build/wine-ios/programs/shell32.dll/aarch64-windows/shell32.dll machine=0000 status=c0000135
[JuiceHybrid] open name=/private/var/containers/Bundle/Application/F3BC928B-CF6E-41E9-AA5B-114329A364D0/Juice.app/Grape-X64/build/wine-ios/dlls/uxtheme/aarch64-windows/uxtheme.dll machine=0000 status=c0000135
[JuiceHybrid] open name=/var/containers/Bundle/Application/F3BC928B-CF6E-41E9-AA5B-114329A364D0/Juice.app/Grape-X64/runtime/lib/wine/aarch64-windows/shell32.dll machine=0000 status=00000000
[JuiceHybrid] open name=/private/var/containers/Bundle/Application/F3BC928B-CF6E-41E9-AA5B-114329A364D0/Juice.app/Grape-X64/build/wine-ios/programs/uxtheme.dll/aarch64-windows/uxtheme.dll machine=0000 status=c0000135
[JuiceHybrid] open name=/var/containers/Bundle/Application/F3BC928B-CF6E-41E9-AA5B-114329A364D0/Juice.app/Grape-X64/runtime/lib/wine/aarch64-windows/uxtheme.dll machine=0000 status=00000000
[JuiceWine] anonymous PE executable section .text at 0x2a9d50000 size=196608
[JuiceWine] anonymous PE executable section .hexpthk at 0x2a9d80000 size=65536
[JuiceHybrid] map name=/var/containers/Bundle/Application/F3BC928B-CF6E-41E9-AA5B-114329A364D0/Juice.app/Grape-X64/runtime/lib/wine/aarch64-windows/uxtheme.dll status=40000003 module=0x2a9d40000 size=1d0000
0024:err:seh:arm64ec_update_hybrid_metadata [JuiceHybrid] metadata module=00000002A9D40000 slot=90a00 exit=00000002D74A7B60
0024:err:seh:arm64ec_update_hybrid_metadata [JuiceHybrid] metadata stored address=00000002A9DD0A00 value=00000002D74A7B60
0024:err:module:juice_trace_arm64ec_dispatch [JuiceHybrid] after import fixup module=00000002A9D40000 slot=00000002A9DD0A00 value=00000002D74A7B60 expected=00000002D74A7B60
0024:warn:file:NtCreateFile L"\\??\\C:\\windows\\resources\\themes\\aero\\aero.msstyles" not found (c0000034)
0024:warn:file:NtQueryAttributesFile L"\\??\\C:\\windows\\resources\\themes\\aero\\aero.msstyles" not found (c0000034)
[JuiceWine] anonymous PE executable section .text at 0x2d3650000 size=1048576
[JuiceWine] anonymous PE executable section .hexpthk at 0x2d3750000 size=65536
[JuiceHybrid] map name=/var/containers/Bundle/Application/F3BC928B-CF6E-41E9-AA5B-114329A364D0/Juice.app/Grape-X64/runtime/lib/wine/aarch64-windows/shell32.dll status=40000003 module=0x2d3640000 size=ff0000
[JuiceHybrid] open name=/private/var/containers/Bundle/Application/F3BC928B-CF6E-41E9-AA5B-114329A364D0/Juice.app/Grape-X64/build/wine-ios/dlls/shlwapi/aarch64-windows/shlwapi.dll machine=0000 status=c0000135
[JuiceHybrid] open name=/private/var/containers/Bundle/Application/F3BC928B-CF6E-41E9-AA5B-114329A364D0/Juice.app/Grape-X64/build/wine-ios/programs/shlwapi.dll/aarch64-windows/shlwapi.dll machine=0000 status=c0000135
[JuiceHybrid] open name=/var/containers/Bundle/Application/F3BC928B-CF6E-41E9-AA5B-114329A364D0/Juice.app/Grape-X64/runtime/lib/wine/aarch64-windows/shlwapi.dll machine=0000 status=00000000
0024:warn:ntdll:NtSetThreadExecutionState (0x80000002, 0x103bff95c): stub, harmless.
[JuiceCreate] ex=00000000 class=0x103bff570 version=0x0 name=0x103bff550 style=06cf0000 x=108 y=61 cx=808 cy=627 parent=0x0 menu=0x0 classinst=0x140000000 params=0x0 flags=00000000 inst=0x140000000 classptr=0x11510dad0 ansi=0
[JuiceMonitor] callee hwnd=0x20048 hmon=0x1 info=0x10270f720 monitor=0,0,1024,768 work=0,0,1024,768 flags=00000001
[JuiceMinMax] hwnd=0x20048 min=112,27 maxtrack=1036,780 max=1032,776 pos=-4,-4
[JuiceRect] input hwnd=0x20048 dpi=96/1 raw=96/1 win=108,61,916,688 client=108,61,916,688 visible=108,61,916,688
[JuiceRect] mapped hwnd=0x20048 win=108,61,916,688 client=108,61,916,688 visible=108,61,916,688
[JuiceGeom] changed hwnd=0x20048 flags=4000003c ptr=0x10270f620 window=108,61,916,688 client=108,61,916,688 visible=108,61,916,688 surface=0x11708c4f0 shown=0
[JuiceCreate] ex=00000000 class=0x10270f590 version=0x0 name=0x10270f580 style=8c000000 x=0 y=0 cx=1 cy=1 parent=0x0 menu=0x0 classinst=0x0 params=0x0 flags=00000000 inst=0x0 classptr=0x0 ansi=0
JUICE_TEXT_HOST_WINDOW pid=25604 hwnd=0x20048 rect=108,61 808x627 visible=0
[JuiceRect] input hwnd=0x10052 dpi=96/1 raw=96/1 win=0,0,1,1 client=0,0,1,1 visible=0,0,1,1
[JuiceRect] mapped hwnd=0x10052 win=0,0,1,1 client=0,0,1,1 visible=0,0,1,1
[JuiceGeom] changed hwnd=0x10052 flags=3c ptr=0x10270eed0 window=0,0,1,1 client=0,0,1,1 visible=0,0,1,1 surface=0x11708c4f0 shown=0
[JuiceRect] input hwnd=0x10052 dpi=96/1 raw=96/1 win=0,0,1,1 client=0,0,1,1 visible=0,0,1,1
[JuiceRect] mapped hwnd=0x10052 win=0,0,1,1 client=0,0,1,1 visible=0,0,1,1
[JuiceGeom] changed hwnd=0x10052 flags=18 ptr=0x10270eed0 window=0,0,1,1 client=0,0,1,1 visible=0,0,1,1 surface=0x11708c4f0 shown=0
[JuiceDriver] create-enter hwnd=0x10052
[JuiceDriver] create-success hwnd=0x10052
[JuiceRect] input hwnd=0x20048 dpi=96/1 raw=96/1 win=108,61,916,688 client=112,84,912,684 visible=108,61,916,688
[JuiceRect] mapped hwnd=0x20048 win=108,61,916,688 client=112,84,912,684 visible=108,61,916,688
[JuiceGeom] changed hwnd=0x20048 flags=40000018 ptr=0x10270f620 window=108,61,916,688 client=112,84,912,684 visible=108,61,916,688 surface=0x11708c4f0 shown=0
JUICE_TEXT_HOST_WINDOW pid=25604 hwnd=0x20048 rect=108,61 808x627 visible=0
[JuiceDriver] create-enter hwnd=0x20048
[JuiceDriver] create-success hwnd=0x20048
0024:fixme:win:RegisterTouchWindow hwnd 0000000000020048, flags 0x3 stub!
[JuiceRect] input hwnd=0x20048 dpi=96/1 raw=96/1 win=108,61,916,688 client=112,84,912,684 visible=108,61,916,688
[JuiceRect] mapped hwnd=0x20048 win=108,61,916,688 client=112,84,912,684 visible=108,61,916,688
[JuiceGeom] changed hwnd=0x20048 flags=4000183f ptr=0x10270f820 window=108,61,916,688 client=112,84,912,684 visible=108,61,916,688 surface=0x11708c4f0 shown=0
JUICE_TEXT_HOST_WINDOW pid=25604 hwnd=0x20048 rect=108,61 808x627 visible=0
[JuiceGeom] surface hwnd=0x20048 rect=0,0,896,640 size=896x640 previous=0x11708c4f0
[JuiceRect] input hwnd=0x20048 dpi=96/1 raw=96/1 win=108,61,916,688 client=112,84,912,684 visible=108,61,916,688
[JuiceRect] mapped hwnd=0x20048 win=108,61,916,688 client=112,84,912,684 visible=108,61,916,688
[JuiceGeom] changed hwnd=0x20048 flags=40001967 ptr=0x10270f760 window=108,61,916,688 client=112,84,912,684 visible=108,61,916,688 surface=0x115404aa0 shown=1
JUICE_TEXT_HOST_WINDOW pid=25604 hwnd=0x20048 rect=108,61 808x627 visible=1
[JuiceCreate] ex=00000000 class=0x103bff100 version=0x0 name=0x103bff0e0 style=00000000 x=0 y=0 cx=0 cy=0 parent=0xfffffffffffffffd menu=0x0 classinst=0x2c29e0000 params=0x0 flags=00000000 inst=0x2c29e0000 classptr=0x2c2a6a0c0 ansi=0
[JuiceMonitor] callee hwnd=0x10054 hmon=0x1 info=0x10270e5f0 monitor=0,0,1024,768 work=0,0,1024,768 flags=00000001
[JuiceMinMax] hwnd=0x10054 min=112,27 maxtrack=1036,780 max=106,106 pos=-3,-3
[JuiceRect] input hwnd=0x10054 dpi=96/1 raw=96/1 win=0,0,112,27 client=0,0,112,27 visible=0,0,112,27
[JuiceRect] mapped hwnd=0x10054 win=0,0,112,27 client=0,0,112,27 visible=0,0,112,27
[JuiceGeom] changed hwnd=0x10054 flags=14 ptr=0x10270e4f0 window=0,0,112,27 client=0,0,112,27 visible=0,0,112,27 surface=0x0 shown=0
[JuiceRect] input hwnd=0x10054 dpi=96/1 raw=96/1 win=0,0,112,27 client=3,22,109,24 visible=0,0,112,27
[JuiceRect] mapped hwnd=0x10054 win=0,0,112,27 client=3,22,109,24 visible=0,0,112,27
[JuiceGeom] changed hwnd=0x10054 flags=10 ptr=0x10270e4f0 window=0,0,112,27 client=3,22,109,24 visible=0,0,112,27 surface=0x0 shown=0
[JuiceDriver] create-enter hwnd=0x10054
[JuiceDriver] create-success hwnd=0x10054
0024:err:ole:com_get_class_object class {529a9e6b-6587-4f23-ab9e-9c7d683e3c50} not registered
0024:err:ole:com_get_class_object no class object {529a9e6b-6587-4f23-ab9e-9c7d683e3c50} could be created for context 0x1
[JuiceCreate] ex=00000080 class=0x103bfe900 version=0x0 name=0x103bfe8e0 style=80000000 x=0 y=0 cx=1 cy=1 parent=0x10052 menu=0x0 classinst=0x2bf990000 params=0x0 flags=00000000 inst=0x2bf990000 classptr=0x11506f5f4 ansi=0
[JuiceRect] input hwnd=0x1005a dpi=96/1 raw=96/1 win=0,0,1,1 client=0,0,1,1 visible=0,0,1,1
[JuiceRect] mapped hwnd=0x1005a win=0,0,1,1 client=0,0,1,1 visible=0,0,1,1
[JuiceGeom] changed hwnd=0x1005a flags=3c ptr=0x10270c9f0 window=0,0,1,1 client=0,0,1,1 visible=0,0,1,1 surface=0x11708c4f0 shown=0
[JuiceRect] input hwnd=0x1005a dpi=96/1 raw=96/1 win=0,0,1,1 client=0,0,1,1 visible=0,0,1,1
[JuiceRect] mapped hwnd=0x1005a win=0,0,1,1 client=0,0,1,1 visible=0,0,1,1
[JuiceGeom] changed hwnd=0x1005a flags=18 ptr=0x10270c9f0 window=0,0,1,1 client=0,0,1,1 visible=0,0,1,1 surface=0x11708c4f0 shown=0
[JuiceDriver] create-enter hwnd=0x1005a
[JuiceDriver] create-success hwnd=0x1005a
[JuiceRect] input hwnd=0x1005a dpi=96/1 raw=96/1 win=0,0,1,1 client=0,0,1,1 visible=0,0,1,1
[JuiceRect] mapped hwnd=0x1005a win=0,0,1,1 client=0,0,1,1 visible=0,0,1,1
[JuiceGeom] changed hwnd=0x1005a flags=181b ptr=0x10270cbf0 window=0,0,1,1 client=0,0,1,1 visible=0,0,1,1 surface=0x11708c4f0 shown=0
[JuiceMonitor] callee hwnd=0x20048 hmon=0x1 info=0x10270f570 monitor=0,0,1024,768 work=0,0,1024,768 flags=00000001
[JuiceGeom] surface hwnd=0x20048 rect=0,0,896,640 size=896x640 previous=0x115404aa0
[JuiceRect] input hwnd=0x20048 dpi=96/1 raw=96/1 win=108,61,916,688 client=112,84,912,684 visible=108,61,916,688
[JuiceRect] mapped hwnd=0x20048 win=108,61,916,688 client=112,84,912,684 visible=108,61,916,688
[JuiceGeom] changed hwnd=0x20048 flags=40001917 ptr=0x10270f820 window=108,61,916,688 client=112,84,912,684 visible=108,61,916,688 surface=0x115404aa0 shown=1
[JuiceWine] anonymous PE executable section .text at 0x2d3410000 size=262144
[JuiceWine] anonymous PE executable section .hexpthk at 0x2d3450000 size=65536
[JuiceHybrid] map name=/var/containers/Bundle/Application/F3BC928B-CF6E-41E9-AA5B-114329A364D0/Juice.app/Grape-X64/runtime/lib/wine/aarch64-windows/shlwapi.dll status=40000003 module=0x2d3400000 size=240000
[JuiceHybrid] open name=/private/var/containers/Bundle/Application/F3BC928B-CF6E-41E9-AA5B-114329A364D0/Juice.app/Grape-X64/build/wine-ios/dlls/shcore/aarch64-windows/shcore.dll machine=0000 status=c0000135
[JuiceHybrid] open name=/private/var/containers/Bundle/Application/F3BC928B-CF6E-41E9-AA5B-114329A364D0/Juice.app/Grape-X64/build/wine-ios/programs/shcore.dll/aarch64-windows/shcore.dll machine=0000 status=c0000135
[JuiceHybrid] open name=/var/containers/Bundle/Application/F3BC928B-CF6E-41E9-AA5B-114329A364D0/Juice.app/Grape-X64/runtime/lib/wine/aarch64-windows/shcore.dll machine=0000 status=00000000
JUICE_TEXT_HOST_FRAME hwnd=0x20048 size=896x640 path=/var/mobile/Documents/JuiceData/proofs/cdoom-v9jit/frame-before-input.png
JUICE_TEXT_HOST_WINDOW pid=25604 hwnd=0x20048 rect=108,61 808x627 visible=1
[JuiceWine] anonymous PE executable section .text at 0x2d46f0000 size=131072
[JuiceWine] anonymous PE executable section .hexpthk at 0x2d4710000 size=65536
[JuiceHybrid] map name=/var/containers/Bundle/Application/F3BC928B-CF6E-41E9-AA5B-114329A364D0/Juice.app/Grape-X64/runtime/lib/wine/aarch64-windows/shcore.dll status=40000003 module=0x2d46e0000 size=110000
[JuiceCreate] ex=00000000 class=0x10590ee30 version=0x0 name=0x10590ee10 style=80000000 x=0 y=0 cx=0 cy=0 parent=0x0 menu=0x0 classinst=0x0 params=0x0 flags=00000000 inst=0x0 classptr=0x2d51584f0 ansi=0
[JuiceRect] input hwnd=0x1005e dpi=96/1 raw=96/1 win=0,0,0,0 client=0,0,0,0 visible=0,0,0,0
[JuiceRect] mapped hwnd=0x1005e win=0,0,0,0 client=0,0,0,0 visible=0,0,0,0
[JuiceGeom] changed hwnd=0x1005e flags=3c ptr=0x10580f620 window=0,0,0,0 client=0,0,0,0 visible=0,0,0,0 surface=0x10646c4f0 shown=0
[JuiceRect] input hwnd=0x1005e dpi=96/1 raw=96/1 win=0,0,0,0 client=0,0,0,0 visible=0,0,0,0
[JuiceRect] mapped hwnd=0x1005e win=0,0,0,0 client=0,0,0,0 visible=0,0,0,0
[JuiceGeom] changed hwnd=0x1005e flags=18 ptr=0x10580f620 window=0,0,0,0 client=0,0,0,0 visible=0,0,0,0 surface=0x10646c4f0 shown=0
[JuiceDriver] create-enter hwnd=0x1005e
[JuiceDriver] create-success hwnd=0x1005e
[JuiceCreate] ex=00000000 class=0x10590ee30 version=0x0 name=0x10590ee10 style=80000000 x=0 y=0 cx=0 cy=0 parent=0x0 menu=0x0 classinst=0x0 params=0x0 flags=00000000 inst=0x0 classptr=0x2d5159248 ansi=0
[JuiceRect] input hwnd=0x10060 dpi=96/1 raw=96/1 win=0,0,0,0 client=0,0,0,0 visible=0,0,0,0
[JuiceRect] mapped hwnd=0x10060 win=0,0,0,0 client=0,0,0,0 visible=0,0,0,0
[JuiceGeom] changed hwnd=0x10060 flags=3c ptr=0x10580f620 window=0,0,0,0 client=0,0,0,0 visible=0,0,0,0 surface=0x10646c4f0 shown=0
[JuiceRect] input hwnd=0x10060 dpi=96/1 raw=96/1 win=0,0,0,0 client=0,0,0,0 visible=0,0,0,0
[JuiceRect] mapped hwnd=0x10060 win=0,0,0,0 client=0,0,0,0 visible=0,0,0,0
[JuiceGeom] changed hwnd=0x10060 flags=18 ptr=0x10580f620 window=0,0,0,0 client=0,0,0,0 visible=0,0,0,0 surface=0x10646c4f0 shown=0
[JuiceDriver] create-enter hwnd=0x10060
[JuiceDriver] create-success hwnd=0x10060
[JuiceCreate] ex=00000000 class=0x10590ee30 version=0x0 name=0x10590ee10 style=80000000 x=0 y=0 cx=0 cy=0 parent=0x0 menu=0x0 classinst=0x0 params=0x0 flags=00000000 inst=0x0 classptr=0x2d5159248 ansi=0
[JuiceRect] input hwnd=0x10062 dpi=96/1 raw=96/1 win=0,0,0,0 client=0,0,0,0 visible=0,0,0,0
[JuiceRect] mapped hwnd=0x10062 win=0,0,0,0 client=0,0,0,0 visible=0,0,0,0
[JuiceGeom] changed hwnd=0x10062 flags=3c ptr=0x10580f620 window=0,0,0,0 client=0,0,0,0 visible=0,0,0,0 surface=0x10646c4f0 shown=0
[JuiceRect] input hwnd=0x10062 dpi=96/1 raw=96/1 win=0,0,0,0 client=0,0,0,0 visible=0,0,0,0
[JuiceRect] mapped hwnd=0x10062 win=0,0,0,0 client=0,0,0,0 visible=0,0,0,0
[JuiceGeom] changed hwnd=0x10062 flags=18 ptr=0x10580f620 window=0,0,0,0 client=0,0,0,0 visible=0,0,0,0 surface=0x10646c4f0 shown=0
[JuiceDriver] create-enter hwnd=0x10062
[JuiceDriver] create-success hwnd=0x10062
[JuiceCreate] ex=00000000 class=0x10590ee60 version=0x0 name=0x10590ee40 style=80000000 x=0 y=0 cx=0 cy=0 parent=0x0 menu=0x0 classinst=0x0 params=0x0 flags=00000000 inst=0x0 classptr=0x2d5159248 ansi=0
[JuiceRect] input hwnd=0x10064 dpi=96/1 raw=96/1 win=0,0,0,0 client=0,0,0,0 visible=0,0,0,0
[JuiceRect] mapped hwnd=0x10064 win=0,0,0,0 client=0,0,0,0 visible=0,0,0,0
[JuiceGeom] changed hwnd=0x10064 flags=3c ptr=0x10580f620 window=0,0,0,0 client=0,0,0,0 visible=0,0,0,0 surface=0x10646c4f0 shown=0
[JuiceRect] input hwnd=0x10064 dpi=96/1 raw=96/1 win=0,0,0,0 client=0,0,0,0 visible=0,0,0,0
[JuiceRect] mapped hwnd=0x10064 win=0,0,0,0 client=0,0,0,0 visible=0,0,0,0
[JuiceGeom] changed hwnd=0x10064 flags=18 ptr=0x10580f620 window=0,0,0,0 client=0,0,0,0 visible=0,0,0,0 surface=0x10646c4f0 shown=0
[JuiceDriver] create-enter hwnd=0x10064
[JuiceDriver] create-success hwnd=0x10064
[JuiceHybrid] open name=/private/var/containers/Bundle/Application/F3BC928B-CF6E-41E9-AA5B-114329A364D0/Juice.app/Grape-X64/build/wine-ios/dlls/ole32/aarch64-windows/ole32.dll machine=0000 status=c0000135
[JuiceHybrid] open name=/private/var/containers/Bundle/Application/F3BC928B-CF6E-41E9-AA5B-114329A364D0/Juice.app/Grape-X64/build/wine-ios/programs/ole32.dll/aarch64-windows/ole32.dll machine=0000 status=c0000135
[JuiceHybrid] open name=/var/containers/Bundle/Application/F3BC928B-CF6E-41E9-AA5B-114329A364D0/Juice.app/Grape-X64/runtime/lib/wine/aarch64-windows/ole32.dll machine=0000 status=00000000
[JuiceWine] anonymous PE executable section .text at 0x2d2de0000 size=720896
[JuiceWine] anonymous PE executable section .hexpthk at 0x2d2e90000 size=65536
[JuiceHybrid] map name=/var/containers/Bundle/Application/F3BC928B-CF6E-41E9-AA5B-114329A364D0/Juice.app/Grape-X64/runtime/lib/wine/aarch64-windows/ole32.dll status=40000003 module=0x2d2dd0000 size=630000
[JuiceHybrid] open name=/private/var/containers/Bundle/Application/F3BC928B-CF6E-41E9-AA5B-114329A364D0/Juice.app/Grape-X64/build/wine-ios/dlls/combase/aarch64-windows/combase.dll machine=0000 status=c0000135
[JuiceHybrid] open name=/private/var/containers/Bundle/Application/F3BC928B-CF6E-41E9-AA5B-114329A364D0/Juice.app/Grape-X64/build/wine-ios/programs/combase.dll/aarch64-windows/combase.dll machine=0000 status=c0000135
[JuiceHybrid] open name=/var/containers/Bundle/Application/F3BC928B-CF6E-41E9-AA5B-114329A364D0/Juice.app/Grape-X64/runtime/lib/wine/aarch64-windows/combase.dll machine=0000 status=00000000
[JuiceWine] anonymous PE executable section .text at 0x2d2ae0000 size=393216
[JuiceWine] anonymous PE executable section .hexpthk at 0x2d2b40000 size=65536
[JuiceHybrid] map name=/var/containers/Bundle/Application/F3BC928B-CF6E-41E9-AA5B-114329A364D0/Juice.app/Grape-X64/runtime/lib/wine/aarch64-windows/combase.dll status=40000003 module=0x2d2ad0000 size=300000
[JuiceHybrid] open name=/private/var/containers/Bundle/Application/F3BC928B-CF6E-41E9-AA5B-114329A364D0/Juice.app/Grape-X64/build/wine-ios/dlls/coml2/aarch64-windows/coml2.dll machine=0000 status=c0000135
[JuiceHybrid] open name=/private/var/containers/Bundle/Application/F3BC928B-CF6E-41E9-AA5B-114329A364D0/Juice.app/Grape-X64/build/wine-ios/programs/coml2.dll/aarch64-windows/coml2.dll machine=0000 status=c0000135
[JuiceHybrid] open name=/var/containers/Bundle/Application/F3BC928B-CF6E-41E9-AA5B-114329A364D0/Juice.app/Grape-X64/runtime/lib/wine/aarch64-windows/coml2.dll machine=0000 status=00000000
[JuiceWine] anonymous PE executable section .text at 0x2d29b0000 size=65536
[JuiceWine] anonymous PE executable section .hexpthk at 0x2d29c0000 size=65536
[JuiceHybrid] map name=/var/containers/Bundle/Application/F3BC928B-CF6E-41E9-AA5B-114329A364D0/Juice.app/Grape-X64/runtime/lib/wine/aarch64-windows/coml2.dll status=40000003 module=0x2d29a0000 size=130000
[JuiceCreate] ex=00000000 class=0x10590ee80 version=0x0 name=0x10590ee60 style=00000000 x=0 y=0 cx=0 cy=0 parent=0xfffffffffffffffd menu=0x0 classinst=0x2d2ad0000 params=0x0 flags=00000000 inst=0x2d2ad0000 classptr=0x2d2b53868 ansi=0
[JuiceMonitor] callee hwnd=0x10066 hmon=0x1 info=0x10580f720 monitor=0,0,1024,768 work=0,0,1024,768 flags=00000001
[JuiceMinMax] hwnd=0x10066 min=112,27 maxtrack=1036,780 max=106,106 pos=-3,-3
[JuiceRect] input hwnd=0x10066 dpi=96/1 raw=96/1 win=0,0,112,27 client=0,0,112,27 visible=0,0,112,27
[JuiceRect] mapped hwnd=0x10066 win=0,0,112,27 client=0,0,112,27 visible=0,0,112,27
[JuiceGeom] changed hwnd=0x10066 flags=14 ptr=0x10580f620 window=0,0,112,27 client=0,0,112,27 visible=0,0,112,27 surface=0x0 shown=0
[JuiceRect] input hwnd=0x10066 dpi=96/1 raw=96/1 win=0,0,112,27 client=3,22,109,24 visible=0,0,112,27
[JuiceRect] mapped hwnd=0x10066 win=0,0,112,27 client=3,22,109,24 visible=0,0,112,27
[JuiceGeom] changed hwnd=0x10066 flags=10 ptr=0x10580f620 window=0,0,112,27 client=3,22,109,24 visible=0,0,112,27 surface=0x0 shown=0
[JuiceDriver] create-enter hwnd=0x10066
[JuiceDriver] create-success hwnd=0x10066
0030:warn:module:LdrGetProcedureAddress "DllCanUnloadNow" (ordinal 0) not found in L"C:\\windows\\system32\\ole32.dll"
[JuiceStage] init_syscall_frame entered; entry=0x2d6a35360 arg=0x105e3d8a0 teb=0x2d7fec000 data=0x1088f0000 frame=0x1089ffb00 stack_base=0x108b00000 stack_limit=0x108a08000
[JuiceStage] calling signal_set_full_context; ctx=0x108affc70 target_pc=0x2d7949650 target_sp=0x108b00000 target_x18=0x2d7fec000 LdrInitializeThunk=0x2d7949670 RtlUserThreadStart=0x2d7949650
[JuiceStage] signal_set_full_context returned; status=00000000 frame_pc=0x2d7949650 frame_sp=0x108b00000 frame_x18=0x2d7fec000 restore=00400007
[JuiceStage] init_syscall_frame complete; dispatcher_pc=0x2d7949670 user_sp=0x108affc70 x16=0x2d7949670 x17=0x108affc70 x18=0x2d7fec000 restore=00400007
003c:warn:threadname:NtSetInformationThread Thread renamed to L"wine_rpcrt4_server"
0030:warn:ole:CoGetPSClsid No PSFactoryBuffer object is registered for IID {6d5140c1-7436-11ce-8034-00aa006009fa}
0030:warn:ole:marshal_object couldn't get IPSFactory buffer for interface {6d5140c1-7436-11ce-8034-00aa006009fa}
0030:err:ole:StdMarshalImpl_MarshalInterface Failed to create ifstub, hr 0x80004002
0030:err:ole:CoMarshalInterface Failed to marshal the interface {6d5140c1-7436-11ce-8034-00aa006009fa}, hr 0x80004002
0030:err:ole:apartment_get_local_server_stream Failed: 0x80004002
0030:warn:explorer:shellwindows_init Failed to register ShellWindows object: 80004002
[JuiceGeom] surface hwnd=0x10022 rect=0,0,1024,768 size=1024x768 previous=0x12df8d2f0
[JuiceRect] input hwnd=0x10022 dpi=96/1 raw=96/1 win=0,0,1024,768 client=0,0,1024,768 visible=0,0,1024,768
[JuiceRect] mapped hwnd=0x10022 win=0,0,1024,768 client=0,0,1024,768 visible=0,0,1024,768
[JuiceGeom] changed hwnd=0x10022 flags=8000181b ptr=0x10580f750 window=0,0,1024,768 client=0,0,1024,768 visible=0,0,1024,768 surface=0x12df8d2f0 shown=1
JUICE_TEXT_HOST_WINDOW pid=25615 hwnd=0x10022 rect=0,0 1024x768 visible=1
JUICE_TEXT_HOST_RESULT success=1 marker=/var/mobile/Documents/JuiceData/proofs/cdoom-v9jit/process-started.marker frame=/var/mobile/Documents/JuiceData/proofs/cdoom-v9jit/frame-after-input.png expected_frame=missing child_rc=None
Terminated: 15
