JUICE_HEADLESS_TEST_BEGIN
EXTERNAL_INPUT_READY keyboard=hardware gamecontroller=xinput-v1 state=/var/mobile/Containers/Data/Application/2A4FE42F-DA40-4530-B5B1-96F7C5C63DEB/Documents/JuiceData/controller-v1.bin
DISPLAY_SOCKET path=/var/mobile/Containers/Data/Application/2A4FE42F-DA40-4530-B5B1-96F7C5C63DEB/Documents/j.sock bind=0 listen=0 errno=45
CONTROL_V1_SOCKET path=/var/mobile/Containers/Data/Application/2A4FE42F-DA40-4530-B5B1-96F7C5C63DEB/Documents/jc1.sock bind=0 listen=0 errno=45
EXPERIMENTAL_STATE multi_window=1 x86_64=1
HOST_METAL_DEVICE available=0 name=none
GUI_READY
AUTO_LAUNCH_JUICE_DESKTOP
FULLSCREEN_CHANGED enabled=1
PE_ARCH_DETECTED machine=0xaa64 arch=ARM64 runtime=Grape path=/private/var/containers/Bundle/Application/124F0A70-2EFF-40C7-B2F9-D71B571C9E11/Juice.app/Grape/runtime/lib/wine/aarch64-windows/explorer.exe
PROCESS_GROUP_STOP reason=new-launch child_pgid=-1 server_pgid=-1 wineserver_kill=0 status=256
PREFIX_HEALTH_OK marker=valid registry=valid prefix=/var/mobile/Containers/Data/Application/2A4FE42F-DA40-4530-B5B1-96F7C5C63DEB/Documents/JuiceData/GrapePrefix
PREFIX_DRIVE_LINKS c=1 z=1 c_error=none z_error=none
RUNTIME_SELECTED runtime=Grape prefix=/var/mobile/Containers/Data/Application/2A4FE42F-DA40-4530-B5B1-96F7C5C63DEB/Documents/JuiceData/GrapePrefix
PREFIX_RUNTIME_LINKS count=22 system32=/var/mobile/Containers/Data/Application/2A4FE42F-DA40-4530-B5B1-96F7C5C63DEB/Documents/JuiceData/GrapePrefix/drive_c/windows/system32
PREFIX_APISET_READY path=/var/mobile/Containers/Data/Application/2A4FE42F-DA40-4530-B5B1-96F7C5C63DEB/Documents/JuiceData/GrapePrefix/drive_c/windows/system32/apisetschema.dll existing=1
Wine server: 0 pid=44692 pgid=44692

GUI launch /private/var/containers/Bundle/Application/124F0A70-2EFF-40C7-B2F9-D71B571C9E11/Juice.app/Grape/runtime/lib/wine/aarch64-windows/explorer.exe: 0 pid=44693 pgid=44693 generation=2
[JuiceWine parent] bundle libraries path=/private/var/containers/Bundle/Application/124F0A70-2EFF-40C7-B2F9-D71B571C9E11/Juice.app/Libraries:/var/jb/usr/lib
[JuiceWine parent] launching /private/var/containers/Bundle/Application/124F0A70-2EFF-40C7-B2F9-D71B571C9E11/Juice.app/Grape/build/wine-ios/loader/wine
[JuiceWine parent] child PID=44694
[JuiceWine] PT_TRACE_ME succeeded; csflags=0x32007005 CS_DEBUGGED=YES
[JuiceWine] requesting controlled tracer detach
[JuiceWine parent] child stopped pid=44694 signal=17 (Suspended (signal): 17)
[JuiceWine parent] PT_DETACH pid=44694 result=0
[JuiceWine parent] child now running untraced
[JuiceWine] resumed after tracer detach; csflags=0x32007005 CS_DEBUGGED=YES
[JuiceStage] wineboot disabled by JUICE_SKIP_WINEBOOT=1
[JuiceWine] anonymous PE executable section .text at 0x140010000 size=65536
[JuiceStage] loading Windows ntdll; transfer=0x14001d65c teb=0x2d7ff8000 peb=0x2d7ffc000
[JuiceWine] anonymous PE executable section .text at 0x2d7c10000 size=524288
[JuiceStage] load_ntdll returned; transfer=0x14001d65c
[JuiceStage] load_wow64_ntdll returned
[JuiceStage] calling load_apiset_dll
0024:err:module:load_apiset_dll failed to load apiset: c000000f
[JuiceStage] load_apiset_dll returned; stack_base=0x103710000 stack_limit=0x103618000
[JuiceStage] calling server_init_process_done
[JuiceStage] server_init_process_done entered
[JuiceStage] calling signal_init_process; teb=0x2d7ff8000
[JuiceStage] signal_init_process returned
[JuiceStage] init_teb_data returned; syscall_frame=0x10360fcd0 stack_base=0x103710000 stack_limit=0x103618000
[JuiceStage] init_process_done server call returned; status=00000000 suspend=0 transfer=0x14001d65c teb=0x2d7ff8000 peb=0x2d7ffc000
[JuiceStage] calling signal_start_thread
[JuiceStage] init_syscall_frame entered; entry=0x14001d65c arg=0x2d7ffc000 teb=0x2d7ff8000 data=0x103500000 frame=0x10360fcd0 stack_base=0x103710000 stack_limit=0x103618000
[JuiceStage] calling signal_set_full_context; ctx=0x10370fc70 target_pc=0x2d7c69650 target_sp=0x103710000 target_x18=0x2d7ff8000 LdrInitializeThunk=0x2d7c69670 RtlUserThreadStart=0x2d7c69650
[JuiceStage] signal_set_full_context returned; status=00000000 frame_pc=0x2d7c69650 frame_sp=0x103710000 frame_x18=0x2d7ff8000 restore=00400007
[JuiceStage] init_syscall_frame complete; dispatcher_pc=0x2d7c69670 user_sp=0x10370fc70 x16=0x2d7c69670 x17=0x10370fc70 x18=0x2d7ff8000 restore=00400007
[JuiceX18] broad #1 pc=0x2d7c45920 fault=0x30 instr=f9401a48 x8=0x0 x16=0x2d7c69670 x17=0x10370fc70 x18=0x0 teb=0x2d7ff8000
[JuiceX18] broad #2 pc=0x2d7c6e748 fault=0x30 instr=f9401a48 x8=0x0 x16=0x2d7c45920 x17=0x10370fc70 x18=0x0 teb=0x2d7ff8000
[JuiceX18] broad #3 pc=0x2d7c70344 fault=0x30 instr=f9401a59 x8=0x10370fa50 x16=0x2d7c6e748 x17=0x10370fc70 x18=0x0 teb=0x2d7ff8000
[JuiceX18] broad #4 pc=0x2d7c7037c fault=0x30 instr=f9401a4a x8=0x10370fa50 x16=0x2d7c70344 x17=0x10370fc70 x18=0x0 teb=0x2d7ff8000
[JuiceX18] broad #5 pc=0x10290d864 fault=0x378 instr=f941be4a x8=0x18 x16=0x10290d860 x17=0x10370fc70 x18=0x0 teb=0x2d7ff8000
[JuiceX18] broad #6 pc=0x2d7c70e88 fault=0x30 instr=f9401a48 x8=0x0 x16=0x2d7c67554 x17=0x10370fa40 x18=0x0 teb=0x2d7ff8000
[JuiceX18] broad #7 pc=0x10290d864 fault=0x378 instr=f941be4a x8=0x18 x16=0x10290d860 x17=0x10370fc70 x18=0x0 teb=0x2d7ff8000
[JuiceX18] broad #8 pc=0x2d7c70344 fault=0x30 instr=f9401a59 x8=0x10370faa0 x16=0x2d7c67554 x17=0x10370fa70 x18=0x0 teb=0x2d7ff8000
[JuiceX18] broad #9 pc=0x2d7c702b4 fault=0x30 instr=f9401a54 x8=0x10370f447 x16=0x5c5c x17=0x10370f446 x18=0x0 teb=0x2d7ff8000
[JuiceX18] broad #10 pc=0x2d7c372ec fault=0x30 instr=f9401a48 x8=0x0 x16=0x2d7c702b4 x17=0x10370fc70 x18=0x0 teb=0x2d7ff8000
[JuiceX18] broad #11 pc=0x2d7c60744 fault=0x30 instr=f9401a48 x8=0x0 x16=0x2d7c67b74 x17=0x10370f7b0 x18=0x0 teb=0x2d7ff8000
[JuiceX18] broad #12 pc=0x2d7c37bac fault=0x30 instr=f9401a48 x8=0x0 x16=0x5c5c x17=0x10370f6ac x18=0x0 teb=0x2d7ff8000
[JuiceX18] broad #13 pc=0x2d7c70344 fault=0x30 instr=f9401a59 x8=0x10370f6d0 x16=0x2d7c67914 x17=0x10370f750 x18=0x0 teb=0x2d7ff8000
[JuiceX18] broad #14 pc=0x2d7c49e9c fault=0x30 instr=f9401a48 x8=0x0 x16=0x2d7c67574 x17=0x10370fae0 x18=0x0 teb=0x2d7ff8000
[JuiceX18] broad #15 pc=0x2d7c70344 fault=0x30 instr=f9401a59 x8=0x10370f930 x16=0x2d7c49e9c x17=0x10370fc70 x18=0x0 teb=0x2d7ff8000
[JuiceX18] broad #16 pc=0x2d7c702b4 fault=0x30 instr=f9401a54 x8=0x10370f969 x16=0x5c5c x17=0x10370f968 x18=0x0 teb=0x2d7ff8000
[JuiceX18] broad #17 pc=0x2d7c702b4 fault=0x30 instr=f9401a54 x8=0x10370f683 x16=0x5c5c x17=0x10370f682 x18=0x0 teb=0x2d7ff8000
[JuiceX18] broad #18 pc=0x2d7c70344 fault=0x30 instr=f9401a59 x8=0x10370f7a0 x16=0x2d7c702b4 x17=0x10370fc70 x18=0x0 teb=0x2d7ff8000
[JuiceWine] anonymous PE executable section .text at 0x2d7a30000 size=196608
[JuiceX18] broad #19 pc=0x10290d864 fault=0x378 instr=f941be4a x8=0x50 x16=0x10290d860 x17=0x10370f890 x18=0x0 teb=0x2d7ff8000
[JuiceX18] broad #20 pc=0x2d7c702b4 fault=0x30 instr=f9401a54 x8=0x5 x16=0x2d7c67c54 x17=0x10370f890 x18=0x0 teb=0x2d7ff8000
[JuiceX18] broad #21 pc=0x2d7c486c8 fault=0x30 instr=f9401a48 x8=0x0 x16=0x2d7c702b4 x17=0x10370fc70 x18=0x0 teb=0x2d7ff8000
[JuiceX18] broad #22 pc=0x2d7c439ec fault=0x30 instr=f9401a48 x8=0x0 x16=0x2d7c67434 x17=0x10370ef70 x18=0x0 teb=0x2d7ff8000
[JuiceWine] anonymous PE executable section .text at 0x2d7620000 size=524288
[JuiceX18] broad #23 pc=0x10290d864 fault=0x378 instr=f941be4a x8=0x50 x16=0x10290d860 x17=0x10370f2e0 x18=0x0 teb=0x2d7ff8000
[JuiceX18] broad #24 pc=0x2d7c486c8 fault=0x30 instr=f9401a48 x8=0x0 x16=0x2d7c67c54 x17=0x10370f2e0 x18=0x0 teb=0x2d7ff8000
[JuiceX18] broad #25 pc=0x10290d864 fault=0x378 instr=f941be4a x8=0x50 x16=0x10290d860 x17=0x10370fc70 x18=0x0 teb=0x2d7ff8000
[JuiceX18] broad #26 pc=0x2d7c70344 fault=0x30 instr=f9401a59 x8=0x10370ef60 x16=0x2d7c67c54 x17=0x10370ef80 x18=0x0 teb=0x2d7ff8000
[JuiceX18] broad #27 pc=0x10290d864 fault=0x378 instr=f941be4a x8=0x50 x16=0x10290d860 x17=0x10370f3b0 x18=0x0 teb=0x2d7ff8000
[JuiceX18] broad #28 pc=0x2d7c486c8 fault=0x30 instr=f9401a48 x8=0x0 x16=0x2d7c67c54 x17=0x10370f530 x18=0x0 teb=0x2d7ff8000
[JuiceX18] broad #29 pc=0x2d7c486c8 fault=0x30 instr=f9401a48 x8=0x0 x16=0x2d7c486c8 x17=0x10370fc70 x18=0x0 teb=0x2d7ff8000
[JuiceX18] broad #30 pc=0x10290d864 fault=0x378 instr=f941be4a x8=0x50 x16=0x10290d860 x17=0x10370f530 x18=0x0 teb=0x2d7ff8000
[JuiceX18] broad #31 pc=0x2d7c6e6e4 fault=0x30 instr=f9401a49 x8=0x24 x16=0x2d7c67434 x17=0x10370f960 x18=0x0 teb=0x2d7ff8000
[JuiceX18] broad #32 pc=0x2d7c5b304 fault=0x30 instr=f9401a48 x8=0x0 x16=0x2d7c6e6e4 x17=0x10370fc70 x18=0x0 teb=0x2d7ff8000
[JuiceWine] anonymous PE executable section .text at 0x2d73a0000 size=327680
[JuiceWine] anonymous PE executable section .text at 0x2d7230000 size=196608
[JuiceWine] anonymous PE executable section .text at 0x2d7150000 size=65536
[JuiceWine] anonymous PE executable section .text at 0x2d6dc0000 size=655360
[JuiceWine] anonymous PE executable section .text at 0x2d6ab0000 size=524288
[JuiceWine] anonymous PE executable section .text at 0x2d69f0000 size=65536
[JuiceWine] anonymous PE executable section .text at 0x2d64e0000 size=589824
[JuiceWine] anonymous PE executable section .text at 0x2d6260000 size=327680
[JuiceWine] anonymous PE executable section .text at 0x2d6170000 size=196608
[JuiceWine] anonymous PE executable section .text at 0x2d6080000 size=65536
[JuiceWine] anonymous PE executable section .text at 0x2d5fb0000 size=65536
DISPLAY_CLIENT_CONNECTED fd=8
[JuiceInput] display connected path=/var/mobile/Containers/Data/Application/2A4FE42F-DA40-4530-B5B1-96F7C5C63DEB/Documents/j.sock desktop=1024x768 dpi=96
DISPLAY_EVENT HELLO fd=8 pid=44694 desktop=1024x768 dpi=96
[JuiceInput] queue fd registered fd=19 tid=0x24
[JuiceDriver] ios init set driver create=0x103e3ce78 client_surface=0x103e3d9fc size=1216
[JuiceDriver] install prev=0x10418d3a8 lazy=0x10418d3a8 null=0x1041b9f10 candidate=0x116009200 create=0x103e3ce78 installed=1
JUICE_MOLTENVK_DRIVER_READY version=48 handle=0xd6dfc0
[mvk-info] MoltenVK version 1.4.2, supporting Vulkan version 1.4.357.
	The following 152 Vulkan extensions are supported:
	VK_KHR_16bit_storage v1
	VK_KHR_8bit_storage v1
	VK_KHR_bind_memory2 v1
	VK_KHR_buffer_device_address v1
	VK_KHR_calibrated_timestamps v1
	VK_KHR_copy_commands2 v1
	VK_KHR_create_renderpass2 v1
	VK_KHR_dedicated_allocation v3
	VK_KHR_deferred_host_operations v4
	VK_KHR_depth_stencil_resolve v1
	VK_KHR_descriptor_update_template v1
	VK_KHR_device_group v4
	VK_KHR_device_group_creation v1
	VK_KHR_driver_properties v1
	VK_KHR_dynamic_rendering v1
	VK_KHR_dynamic_rendering_local_read v1
	VK_KHR_external_fence v1
	VK_KHR_external_fence_capabilities v1
	VK_KHR_external_memory v1
	VK_KHR_external_memory_capabilities v1
	VK_KHR_external_semaphore v1
	VK_KHR_external_semaphore_capabilities v1
	VK_KHR_format_feature_flags2 v2
	VK_KHR_fragment_shader_barycentric v1
	VK_KHR_get_memory_requirements2 v1
	VK_KHR_get_physical_device_properties2 v2
	VK_KHR_get_surface_capabilities2 v1
	VK_KHR_global_priority v1
	VK_KHR_image_format_list v1
	VK_KHR_imageless_framebuffer v1
	VK_KHR_incremental_present v2
	VK_KHR_index_type_uint8 v1
	VK_KHR_line_rasterization v1
	VK_KHR_load_store_op_none v1
	VK_KHR_maintenance1 v2
	VK_KHR_maintenance2 v1
	VK_KHR_maintenance3 v1
	VK_KHR_maintenance4 v2
	VK_KHR_maintenance5 v1
	VK_KHR_maintenance6 v1
	VK_KHR_maintenance7 v1
	VK_KHR_maintenance8 v1
	VK_KHR_maintenance9 v1
	VK_KHR_map_memory2 v1
	VK_KHR_multiview v1
	VK_KHR_portability_subset v1
	VK_KHR_present_id v1
	VK_KHR_present_id2 v1
	VK_KHR_present_wait v1
	VK_KHR_present_wait2 v1
	VK_KHR_push_descriptor v2
	VK_KHR_relaxed_block_layout v1
	VK_KHR_robustness2 v1
	VK_KHR_sampler_mirror_clamp_to_edge v3
	VK_KHR_sampler_ycbcr_conversion v14
	VK_KHR_separate_depth_stencil_layouts v1
	VK_KHR_shader_draw_parameters v1
	VK_KHR_shader_expect_assume v1
	VK_KHR_shader_float_controls v4
	VK_KHR_shader_float_controls2 v1
	VK_KHR_shader_float16_int8 v1
	VK_KHR_shader_fma v1
	VK_KHR_shader_integer_dot_product v1
	VK_KHR_shader_maximal_reconvergence v1
	VK_KHR_shader_non_semantic_info v1
	VK_KHR_shader_quad_control v1
	VK_KHR_shader_relaxed_extended_instruction v1
	VK_KHR_shader_subgroup_extended_types v1
	VK_KHR_shader_subgroup_rotate v2
	VK_KHR_shader_subgroup_uniform_control_flow v1
	VK_KHR_shader_terminate_invocation v1
	VK_KHR_spirv_1_4 v1
	VK_KHR_storage_buffer_storage_class v1
	VK_KHR_surface v25
	VK_KHR_surface_maintenance1 v1
	VK_KHR_surface_protected_capabilities v1
	VK_KHR_swapchain v70
	VK_KHR_swapchain_maintenance1 v1
	VK_KHR_swapchain_mutable_format v1
	VK_KHR_synchronization2 v1
	VK_KHR_timeline_semaphore v2
	VK_KHR_uniform_buffer_standard_layout v1
	VK_KHR_variable_pointers v1
	VK_KHR_vertex_attribute_divisor v1
	VK_KHR_vulkan_memory_model v3
	VK_KHR_zero_initialize_workgroup_memory v1
	VK_EXT_4444_formats v1
	VK_EXT_buffer_device_address v2
	VK_EXT_calibrated_timestamps v2
	VK_EXT_debug_marker v4
	VK_EXT_debug_report v10
	VK_EXT_debug_utils v2
	VK_EXT_depth_clip_control v1
	VK_EXT_descriptor_indexing v2
	VK_EXT_extended_dynamic_state v1
	VK_EXT_extended_dynamic_state2 v1
	VK_EXT_extended_dynamic_state3 v2
	VK_EXT_external_memory_host v1
	VK_EXT_external_memory_metal v1
	VK_EXT_fragment_shader_interlock v1
	VK_EXT_global_priority v2
	VK_EXT_global_priority_query v1
	VK_EXT_headless_surface v1
	VK_EXT_host_image_copy v1
	VK_EXT_host_query_reset v1
	VK_EXT_image_2d_view_of_3d v1
	VK_EXT_image_robustness v1
	VK_EXT_index_type_uint8 v1
	VK_EXT_inline_uniform_block v1
	VK_EXT_layer_settings v2
	VK_EXT_legacy_dithering v2
	VK_EXT_line_rasterization v1
	VK_EXT_load_store_op_none v1
	VK_EXT_memory_budget v1
	VK_EXT_metal_objects v2
	VK_EXT_metal_surface v1
	VK_EXT_non_seamless_cube_map v1
	VK_EXT_pipeline_creation_cache_control v3
	VK_EXT_pipeline_creation_feedback v1
	VK_EXT_pipeline_robustness v1
	VK_EXT_post_depth_coverage v1
	VK_EXT_primitive_topology_list_restart v1
	VK_EXT_private_data v1
	VK_EXT_provoking_vertex v1
	VK_EXT_robustness2 v1
	VK_EXT_sample_locations v1
	VK_EXT_scalar_block_layout v1
	VK_EXT_separate_stencil_usage v1
	VK_EXT_shader_atomic_float v1
	VK_EXT_shader_demote_to_helper_invocation v1
	VK_EXT_shader_stencil_export v1
	VK_EXT_shader_subgroup_ballot v1
	VK_EXT_shader_subgroup_vote v1
	VK_EXT_shader_viewport_index_layer v1
	VK_EXT_subgroup_size_control v2
	VK_EXT_surface_maintenance1 v1
	VK_EXT_swapchain_colorspace v5
	VK_EXT_swapchain_maintenance1 v1
	VK_EXT_texel_buffer_alignment v1
	VK_EXT_texture_compression_astc_hdr v1
	VK_EXT_tooling_info v1
	VK_EXT_vertex_attribute_divisor v3
	VK_AMD_gpu_shader_half_float v2
	VK_AMD_negative_viewport_height v1
	VK_AMD_shader_image_load_store_lod v1
	VK_AMD_shader_trinary_minmax v1
	VK_GOOGLE_display_timing v1
	VK_IMG_format_pvrtc v1
	VK_INTEL_shader_integer_functions2 v1
	VK_MVK_ios_surface v3
	VK_MVK_moltenvk v37
	VK_NV_fragment_shader_barycentric v1
[mvk-error] VK_ERROR_INCOMPATIBLE_DRIVER: Vulkan is not supported on this device. MoltenVK requires Metal, which is not available on this device.
[mvk-info] Created VkInstance for Vulkan version 1.0.357, as requested by app, with the following 3 Vulkan extensions enabled:
	VK_KHR_external_fence_capabilities v1
	VK_KHR_external_semaphore_capabilities v1
	VK_KHR_get_physical_device_properties2 v2
[mvk-info] Destroying VkInstance for Vulkan version 1.0.357 with 3 Vulkan extensions enabled.
[JuiceCreate] ex=00000000 class=0x10370ef10 version=0x0 name=0x10370eef0 style=86000000 x=0 y=0 cx=0 cy=0 parent=0x0 menu=0x0 classinst=0x0 params=0x10370f240 flags=00000000 inst=0x0 classptr=0x8001 ansi=0
[JuiceWine] anonymous PE executable section .text at 0x2d5e80000 size=131072
[JuiceRect] input hwnd=0x10020 dpi=96/1 raw=96/1 win=0,0,0,0 client=0,0,0,0 visible=0,0,0,0
[JuiceRect] mapped hwnd=0x10020 win=0,0,0,0 client=0,0,0,0 visible=0,0,0,0
[JuiceGeom] changed hwnd=0x10020 flags=3c ptr=0x10360f620 window=0,0,0,0 client=0,0,0,0 visible=0,0,0,0 surface=0x10419c4f0 shown=0
DISPLAY_EVENT WINDOW pid=44694 hwnd=0x10020 rect=0,0 0x0 visible=0
DISPLAY_EVENT WINDOW pid=44694 hwnd=0x10020 rect=0,0 0x0 visible=0
[JuiceRect] input hwnd=0x10020 dpi=96/1 raw=96/1 win=0,0,0,0 client=0,0,0,0 visible=0,0,0,0
[JuiceRect] mapped hwnd=0x10020 win=0,0,0,0 client=0,0,0,0 visible=0,0,0,0
[JuiceGeom] changed hwnd=0x10020 flags=18 ptr=0x10360f620 window=0,0,0,0 client=0,0,0,0 visible=0,0,0,0 surface=0x10419c4f0 shown=0
DISPLAY_EVENT WINDOW pid=44694 hwnd=0x10028 rect=0,0 100x100 visible=0
[JuiceDriver] create-enter hwnd=0x10020
[JuiceDriver] create-success hwnd=0x10020
[JuiceCreate] ex=00000000 class=0x10370ef10 version=0x0 name=0x10370eef0 style=86000000 x=0 y=0 cx=100 cy=100 parent=0x0 menu=0x0 classinst=0x0 params=0x0 flags=00000000 inst=0x0 classptr=0x140020ca0 ansi=0
[JuiceRect] input hwnd=0x10028 dpi=96/1 raw=96/1 win=0,0,100,100 client=0,0,100,100 visible=0,0,100,100
[JuiceRect] mapped hwnd=0x10028 win=0,0,100,100 client=0,0,100,100 visible=0,0,100,100
[JuiceGeom] changed hwnd=0x10028 flags=3c ptr=0x10360f620 window=0,0,100,100 client=0,0,100,100 visible=0,0,100,100 surface=0x10419c4f0 shown=0
DISPLAY_EVENT WINDOW pid=44694 hwnd=0x10028 rect=0,0 100x100 visible=0
[JuiceRect] input hwnd=0x10028 dpi=96/1 raw=96/1 win=0,0,100,100 client=0,0,100,100 visible=0,0,100,100
[JuiceRect] mapped hwnd=0x10028 win=0,0,100,100 client=0,0,100,100 visible=0,0,100,100
[JuiceGeom] changed hwnd=0x10028 flags=18 ptr=0x10360f620 window=0,0,100,100 client=0,0,100,100 visible=0,0,100,100 surface=0x10419c4f0 shown=0
[JuiceDriver] create-enter hwnd=0x10028
[JuiceDriver] create-success hwnd=0x10028
MULTI_WINDOW_VIEWPORT rect=0,0 1024x768 desktop=1024x768 locked=0
[JuiceGeom] surface hwnd=0x10020 rect=0,0,1024,768 size=1024x768 previous=0x10419c4f0
[JuiceRect] input hwnd=0x10020 dpi=96/1 raw=96/1 win=0,0,1024,768 client=0,0,1024,768 visible=0,0,1024,768
[JuiceRect] mapped hwnd=0x10020 win=0,0,1024,768 client=0,0,1024,768 visible=0,0,1024,768
DISPLAY_EVENT WINDOW pid=44694 hwnd=0x10020 rect=0,0 1024x768 visible=1
[JuiceGeom] changed hwnd=0x10020 flags=8000116a ptr=0x10360f820 window=0,0,1024,768 client=0,0,1024,768 visible=0,0,1024,768 surface=0x115d64100 shown=1
[JuiceStage] init_syscall_frame entered; entry=0x1400126e8 arg=0x0 teb=0x2d7ff4000 data=0x106200000 frame=0x10630fb00 stack_base=0x106410000 stack_limit=0x106318000
[JuiceStage] calling signal_set_full_context; ctx=0x10640fc70 target_pc=0x2d7c69650 target_sp=0x106410000 target_x18=0x2d7ff4000 LdrInitializeThunk=0x2d7c69670 RtlUserThreadStart=0x2d7c69650
[JuiceStage] signal_set_full_context returned; status=00000000 frame_pc=0x2d7c69650 frame_sp=0x106410000 frame_x18=0x2d7ff4000 restore=00400007
[JuiceStage] init_syscall_frame complete; dispatcher_pc=0x2d7c69670 user_sp=0x10640fc70 x16=0x2d7c69670 x17=0x10640fc70 x18=0x2d7ff4000 restore=00400007
[JuiceCreate] ex=00000000 class=0x10640fa70 version=0x0 name=0x10640fa50 style=00000000 x=0 y=0 cx=0 cy=0 parent=0xfffffffffffffffd menu=0x0 classinst=0x0 params=0x0 flags=00000000 inst=0x0 classptr=0x140020500 ansi=0
[JuiceMonitor] callee hwnd=0x1002e hmon=0x1 info=0x10630f550 monitor=0,0,1024,768 work=0,0,1024,768 flags=00000001
[JuiceMinMax] hwnd=0x1002e min=112,27 maxtrack=1036,780 max=106,106 pos=-3,-3
DISPLAY_EVENT WINDOW pid=44694 hwnd=0x1002e rect=0,0 112x27 visible=0
DISPLAY_EVENT WINDOW pid=44694 hwnd=0x10020 rect=0,0 1024x768 visible=1
[JuiceGeom] surface hwnd=0x10020 rect=0,0,1024,768 size=1024x768 previous=0x115d64100
[JuiceRect] input hwnd=0x1002e dpi=96/1 raw=96/1 win=0,0,112,27 client=0,0,112,27 visible=0,0,112,27
[JuiceRect] mapped hwnd=0x1002e win=0,0,112,27 client=0,0,112,27 visible=0,0,112,27
[JuiceRect] input hwnd=0x10020 dpi=96/1 raw=96/1 win=0,0,1024,768 client=0,0,1024,768 visible=0,0,1024,768
[JuiceRect] mapped hwnd=0x10020 win=0,0,1024,768 client=0,0,1024,768 visible=0,0,1024,768
[JuiceGeom] changed hwnd=0x1002e flags=14 ptr=0x10630f450 window=0,0,112,27 client=0,0,112,27 visible=0,0,112,27 surface=0x0 shown=0
[JuiceCreate] failed hwnd=0x1002e stage=wm-nccreate
[JuiceGeom] changed hwnd=0x10020 flags=8000381f ptr=0x10360e540 window=0,0,1024,768 client=0,0,1024,768 visible=0,0,1024,768 surface=0x115d64100 shown=1
DISPLAY_EVENT DESTROY pid=44694 hwnd=0x1002e
[JuiceStage] init_syscall_frame entered; entry=0x140012cc8 arg=0x0 teb=0x2d7ff0000 data=0x1064d0000 frame=0x1065dfb00 stack_base=0x106c70000 stack_limit=0x106b78000
[JuiceStage] calling signal_set_full_context; ctx=0x106c6fc70 target_pc=0x2d7c69650 target_sp=0x106c70000 target_x18=0x2d7ff0000 LdrInitializeThunk=0x2d7c69670 RtlUserThreadStart=0x2d7c69650
[JuiceStage] signal_set_full_context returned; status=00000000 frame_pc=0x2d7c69650 frame_sp=0x106c70000 frame_x18=0x2d7ff0000 restore=00400007
[JuiceStage] init_syscall_frame complete; dispatcher_pc=0x2d7c69670 user_sp=0x106c6fc70 x16=0x2d7c69670 x17=0x106c6fc70 x18=0x2d7ff0000 restore=00400007
[JuiceCreate] ex=00000000 class=0x10370ee90 version=0x0 name=0x10370ee70 style=00000000 x=0 y=0 cx=0 cy=0 parent=0xfffffffffffffffd menu=0x0 classinst=0x0 params=0x0 flags=00000000 inst=0x0 classptr=0x140020140 ansi=0
DISPLAY_EVENT WINDOW pid=44694 hwnd=0x20030 rect=0,0 112x27 visible=0
DISPLAY_EVENT WINDOW pid=44694 hwnd=0x2002e rect=0,0 112x27 visible=0
[JuiceCreate] ex=00000000 class=0x106c6fc10 version=0x0 name=0x106c6fbf0 style=00000000 x=0 y=0 cx=0 cy=0 parent=0xfffffffffffffffd menu=0x0 classinst=0x0 params=0x0 flags=00000000 inst=0x0 classptr=0x140021320 ansi=0
[JuiceMonitor] callee hwnd=0x20030 hmon=0x1 info=0x10360f720 monitor=0,0,1024,768 work=0,0,1024,768 flags=00000001
[JuiceMinMax] hwnd=0x20030 min=112,27 maxtrack=1036,780 max=106,106 pos=-3,-3
[JuiceRect] input hwnd=0x20030 dpi=96/1 raw=96/1 win=0,0,112,27 client=0,0,112,27 visible=0,0,112,27
[JuiceRect] mapped hwnd=0x20030 win=0,0,112,27 client=0,0,112,27 visible=0,0,112,27
[JuiceGeom] changed hwnd=0x20030 flags=14 ptr=0x10360f620 window=0,0,112,27 client=0,0,112,27 visible=0,0,112,27 surface=0x0 shown=0
[JuiceMonitor] callee hwnd=0x2002e hmon=0x1 info=0x1065df550 monitor=0,0,1024,768 work=0,0,1024,768 flags=00000001
[JuiceMinMax] hwnd=0x2002e min=112,27 maxtrack=1036,780 max=106,106 pos=-3,-3
[JuiceRect] input hwnd=0x2002e dpi=96/1 raw=96/1 win=0,0,112,27 client=0,0,112,27 visible=0,0,112,27
[JuiceRect] mapped hwnd=0x2002e win=0,0,112,27 client=0,0,112,27 visible=0,0,112,27
[JuiceGeom] changed hwnd=0x2002e flags=14 ptr=0x1065df450 window=0,0,112,27 client=0,0,112,27 visible=0,0,112,27 surface=0x0 shown=0
[JuiceRect] input hwnd=0x2002e dpi=96/1 raw=96/1 win=0,0,112,27 client=3,22,109,24 visible=0,0,112,27
[JuiceRect] mapped hwnd=0x2002e win=0,0,112,27 client=3,22,109,24 visible=0,0,112,27
DISPLAY_EVENT WINDOW pid=44694 hwnd=0x2002e rect=0,0 112x27 visible=0
DISPLAY_EVENT WINDOW pid=44694 hwnd=0x20030 rect=0,0 112x27 visible=0
[JuiceGeom] changed hwnd=0x2002e flags=10 ptr=0x1065df450 window=0,0,112,27 client=3,22,109,24 visible=0,0,112,27 surface=0x0 shown=0
[JuiceDriver] create-enter hwnd=0x2002e
[JuiceRect] input hwnd=0x20030 dpi=96/1 raw=96/1 win=0,0,112,27 client=3,22,109,24 visible=0,0,112,27
[JuiceRect] mapped hwnd=0x20030 win=0,0,112,27 client=3,22,109,24 visible=0,0,112,27
[JuiceGeom] changed hwnd=0x20030 flags=10 ptr=0x10360f620 window=0,0,112,27 client=3,22,109,24 visible=0,0,112,27 surface=0x0 shown=0
[JuiceInput] queue fd registered fd=19 tid=0x2c
[JuiceDriver] create-success hwnd=0x2002e
[JuiceDriver] create-enter hwnd=0x20030
[JuiceDriver] create-success hwnd=0x20030
[JuiceCreate] ex=00000000 class=0x10370ee80 version=0x0 name=0x10370ee60 style=00c80000 x=-2147483648 y=-2147483648 cx=166 cy=45 parent=0x0 menu=0x0 classinst=0x0 params=0x0 flags=00000000 inst=0x0 classptr=0x140026398 ansi=0
[JuiceMonitor] callee hwnd=0x0 hmon=0x1 info=0x10360fa00 monitor=0,0,1024,768 work=0,0,1024,768 flags=00000001
[JuiceMonitor] caller hwnd=0x0 monitor=0,0,1024,768 work=0,0,1024,768 flags=00000001
DISPLAY_EVENT WINDOW pid=44694 hwnd=0x10038 rect=0,0 166x45 visible=0
[JuiceMonitor] callee hwnd=0x10038 hmon=0x1 info=0x10360f720 monitor=0,0,1024,768 work=0,0,1024,768 flags=00000001
[JuiceMinMax] hwnd=0x10038 min=112,27 maxtrack=1036,780 max=1030,774 pos=-3,-3
[JuiceRect] input hwnd=0x10038 dpi=96/1 raw=96/1 win=0,0,166,45 client=0,0,166,45 visible=0,0,166,45
[JuiceRect] mapped hwnd=0x10038 win=0,0,166,45 client=0,0,166,45 visible=0,0,166,45
[JuiceGeom] changed hwnd=0x10038 flags=3c ptr=0x10360f620 window=0,0,166,45 client=0,0,166,45 visible=0,0,166,45 surface=0x10419c4f0 shown=0
[JuiceCreate] ex=00000000 class=0x10360f590 version=0x0 name=0x10360f580 style=8c000000 x=0 y=0 cx=1 cy=1 parent=0x0 menu=0x0 classinst=0x0 params=0x0 flags=00000000 inst=0x0 classptr=0x0 ansi=0
[JuiceRect] input hwnd=0x1003e dpi=96/1 raw=96/1 win=0,0,1,1 client=0,0,1,1 visible=0,0,1,1
DISPLAY_EVENT WINDOW pid=44694 hwnd=0x1003e rect=0,0 1x1 visible=0
DISPLAY_EVENT WINDOW pid=44694 hwnd=0x1003e rect=0,0 1x1 visible=0
DISPLAY_EVENT WINDOW pid=44694 hwnd=0x10038 rect=0,0 166x45 visible=0
[JuiceRect] mapped hwnd=0x1003e win=0,0,1,1 client=0,0,1,1 visible=0,0,1,1
[JuiceGeom] changed hwnd=0x1003e flags=3c ptr=0x10360eed0 window=0,0,1,1 client=0,0,1,1 visible=0,0,1,1 surface=0x10419c4f0 shown=0
[JuiceRect] input hwnd=0x1003e dpi=96/1 raw=96/1 win=0,0,1,1 client=0,0,1,1 visible=0,0,1,1
[JuiceRect] mapped hwnd=0x1003e win=0,0,1,1 client=0,0,1,1 visible=0,0,1,1
[JuiceGeom] changed hwnd=0x1003e flags=18 ptr=0x10360eed0 window=0,0,1,1 client=0,0,1,1 visible=0,0,1,1 surface=0x10419c4f0 shown=0
[JuiceDriver] create-enter hwnd=0x1003e
[JuiceDriver] create-success hwnd=0x1003e
[JuiceRect] input hwnd=0x10038 dpi=96/1 raw=96/1 win=0,0,166,45 client=3,22,163,42 visible=0,0,166,45
[JuiceRect] mapped hwnd=0x10038 win=0,0,166,45 client=3,22,163,42 visible=0,0,166,45
[JuiceGeom] changed hwnd=0x10038 flags=18 ptr=0x10360f620 window=0,0,166,45 client=3,22,163,42 visible=0,0,166,45 surface=0x10419c4f0 shown=0
[JuiceDriver] create-enter hwnd=0x10038
[JuiceDriver] create-success hwnd=0x10038
[JuiceWine] anonymous PE executable section .text at 0x2d5270000 size=524288
[JuiceWine] anonymous PE executable section .text at 0x2d5130000 size=131072
[JuiceWine] anonymous PE executable section .text at 0x2d5ef0000 size=65536
[JuiceWine] anonymous PE executable section .text at 0x2d4df0000 size=327680
[JuiceWine] anonymous PE executable section .text at 0x2d4c40000 size=196608
[JuiceWine] anonymous PE executable section .text at 0x2d4b60000 size=65536
[JuiceCreate] ex=00000000 class=0x10370ee80 version=0x0 name=0x10370ee60 style=00000000 x=0 y=0 cx=0 cy=0 parent=0xfffffffffffffffd menu=0x0 classinst=0x2d4c30000 params=0x0 flags=00000000 inst=0x2d4c30000 classptr=0x2d4c71718 ansi=0
[JuiceMonitor] callee hwnd=0x10040 hmon=0x1 info=0x10360f720 monitor=0,0,1024,768 work=0,0,1024,768 flags=00000001
[JuiceMinMax] hwnd=0x10040 min=112,27 maxtrack=1036,780 max=106,106 pos=-3,-3
[JuiceRect] input hwnd=0x10040 dpi=96/1 raw=96/1 win=0,0,112,27 client=0,0,112,27 visible=0,0,112,27
[JuiceRect] mapped hwnd=0x10040 win=0,0,112,27 client=0,0,112,27 visible=0,0,112,27
[JuiceGeom] changed hwnd=0x10040 flags=14 ptr=0x10360f620 window=0,0,112,27 client=0,0,112,27 visible=0,0,112,27 surface=0x0 shown=0
DISPLAY_EVENT WINDOW pid=44694 hwnd=0x10040 rect=0,0 112x27 visible=0
DISPLAY_EVENT WINDOW pid=44694 hwnd=0x10040 rect=0,0 112x27 visible=0
[JuiceRect] input hwnd=0x10040 dpi=96/1 raw=96/1 win=0,0,112,27 client=3,22,109,24 visible=0,0,112,27
[JuiceRect] mapped hwnd=0x10040 win=0,0,112,27 client=3,22,109,24 visible=0,0,112,27
[JuiceGeom] changed hwnd=0x10040 flags=10 ptr=0x10360f620 window=0,0,112,27 client=3,22,109,24 visible=0,0,112,27 surface=0x0 shown=0
[JuiceDriver] create-enter hwnd=0x10040
[JuiceDriver] create-success hwnd=0x10040
DISPLAY_EVENT DESTROY pid=44694 hwnd=0x10040
[JuiceCreate] ex=00000000 class=0x10370ee30 version=0x0 name=0x10370ee10 style=80000000 x=0 y=0 cx=0 cy=0 parent=0x0 menu=0x0 classinst=0x0 params=0x0 flags=00000000 inst=0x0 classptr=0x2d6575560 ansi=0
DISPLAY_EVENT WINDOW pid=44694 hwnd=0x20040 rect=0,0 0x0 visible=0
[JuiceStage] init_syscall_frame entered; entry=0x140013208 arg=0x10020 teb=0x2d7fec000 data=0x106c70000 frame=0x106d7fb00 stack_base=0x106e80000 stack_limit=0x106d88000
[JuiceStage] calling signal_set_full_context; ctx=0x106e7fc70 target_pc=0x2d7c69650 target_sp=0x106e80000 target_x18=0x2d7fec000 LdrInitializeThunk=0x2d7c69670 RtlUserThreadStart=0x2d7c69650
[JuiceStage] signal_set_full_context returned; status=00000000 frame_pc=0x2d7c69650 frame_sp=0x106e80000 frame_x18=0x2d7fec000 restore=00400007
[JuiceStage] init_syscall_frame complete; dispatcher_pc=0x2d7c69670 user_sp=0x106e7fc70 x16=0x2d7c69670 x17=0x106e7fc70 x18=0x2d7fec000 restore=00400007
[JuiceRect] input hwnd=0x20040 dpi=96/1 raw=96/1 win=0,0,0,0 client=0,0,0,0 visible=0,0,0,0
[JuiceRect] mapped hwnd=0x20040 win=0,0,0,0 client=0,0,0,0 visible=0,0,0,0
[JuiceGeom] changed hwnd=0x20040 flags=3c ptr=0x10360f620 window=0,0,0,0 client=0,0,0,0 visible=0,0,0,0 surface=0x10419c4f0 shown=0
DISPLAY_EVENT WINDOW pid=44694 hwnd=0x20040 rect=0,0 0x0 visible=0
[JuiceCreate] ex=00000000 class=0x106e7fbd0 version=0x0 name=0x106e7fbb0 style=00000000 x=0 y=0 cx=0 cy=0 parent=0xfffffffffffffffd menu=0x0 classinst=0x2d4c30000 params=0x0 flags=00000000 inst=0x2d4c30000 classptr=0x2d4c71718 ansi=0
[JuiceRect] input hwnd=0x20040 dpi=96/1 raw=96/1 win=0,0,0,0 client=0,0,0,0 visible=0,0,0,0
[JuiceRect] mapped hwnd=0x20040 win=0,0,0,0 client=0,0,0,0 visible=0,0,0,0
[JuiceGeom] changed hwnd=0x20040 flags=18 ptr=0x10360f620 window=0,0,0,0 client=0,0,0,0 visible=0,0,0,0 surface=0x10419c4f0 shown=0
[JuiceDriver] create-enter hwnd=0x20040
[JuiceDriver] create-success hwnd=0x20040
[JuiceMonitor] callee hwnd=0x10042 hmon=0x1 info=0x106d7f550 monitor=0,0,1024,768 work=0,0,1024,768 flags=00000001
[JuiceMinMax] hwnd=0x10042 min=112,27 maxtrack=1036,780 max=106,106 pos=-3,-3
[JuiceRect] input hwnd=0x10042 dpi=96/1 raw=96/1 win=0,0,112,27 client=0,0,112,27 visible=0,0,112,27
DISPLAY_EVENT WINDOW pid=44694 hwnd=0x10042 rect=0,0 112x27 visible=0
DISPLAY_EVENT WINDOW pid=44694 hwnd=0x10042 rect=0,0 112x27 visible=0
[JuiceRect] mapped hwnd=0x10042 win=0,0,112,27 client=0,0,112,27 visible=0,0,112,27
[JuiceGeom] changed hwnd=0x10042 flags=14 ptr=0x106d7f450 window=0,0,112,27 client=0,0,112,27 visible=0,0,112,27 surface=0x0 shown=0
[JuiceCreate] ex=00000000 class=0x10370ee30 version=0x0 name=0x10370ee10 style=80000000 x=0 y=0 cx=0 cy=0 parent=0x0 menu=0x0 classinst=0x0 params=0x0 flags=00000000 inst=0x0 classptr=0x2d65762b8 ansi=0
[JuiceRect] input hwnd=0x10042 dpi=96/1 raw=96/1 win=0,0,112,27 client=3,22,109,24 visible=0,0,112,27
[JuiceRect] input hwnd=0x10046 dpi=96/1 raw=96/1 win=0,0,0,0 client=0,0,0,0 visible=0,0,0,0
[JuiceRect] mapped hwnd=0x10042 win=0,0,112,27 client=3,22,109,24 visible=0,0,112,27
[JuiceRect] mapped hwnd=0x10046 win=0,0,0,0 client=0,0,0,0 visible=0,0,0,0
[JuiceGeom] changed hwnd=0x10042 flags=10 ptr=0x106d7f450 window=0,0,112,27 client=3,22,109,24 visible=0,0,112,27 surface=0x0 shown=0
DISPLAY_EVENT WINDOW pid=44694 hwnd=0x10046 rect=0,0 0x0 visible=0
[JuiceDriver] create-enter hwnd=0x10042
[JuiceGeom] changed hwnd=0x10046 flags=3c ptr=0x10360f620 window=0,0,0,0 client=0,0,0,0 visible=0,0,0,0 surface=0x10419c4f0 shown=0
[JuiceInput] queue fd registered fd=19 tid=0x30
[JuiceDriver] create-success hwnd=0x10042
[JuiceRect] input hwnd=0x10046 dpi=96/1 raw=96/1 win=0,0,0,0 client=0,0,0,0 visible=0,0,0,0
[JuiceRect] mapped hwnd=0x10046 win=0,0,0,0 client=0,0,0,0 visible=0,0,0,0
DISPLAY_EVENT WINDOW pid=44694 hwnd=0x10046 rect=0,0 0x0 visible=0
[JuiceGeom] changed hwnd=0x10046 flags=18 ptr=0x10360f620 window=0,0,0,0 client=0,0,0,0 visible=0,0,0,0 surface=0x10419c4f0 shown=0
[JuiceDriver] create-enter hwnd=0x10046
[JuiceDriver] create-success hwnd=0x10046
[JuiceCreate] ex=00000000 class=0x10370ee30 version=0x0 name=0x10370ee10 style=80000000 x=0 y=0 cx=0 cy=0 parent=0x0 menu=0x0 classinst=0x0 params=0x0 flags=00000000 inst=0x0 classptr=0x2d65762b8 ansi=0
DISPLAY_EVENT WINDOW pid=44694 hwnd=0x10048 rect=0,0 0x0 visible=0
[JuiceRect] input hwnd=0x10048 dpi=96/1 raw=96/1 win=0,0,0,0 client=0,0,0,0 visible=0,0,0,0
[JuiceRect] mapped hwnd=0x10048 win=0,0,0,0 client=0,0,0,0 visible=0,0,0,0
[JuiceGeom] changed hwnd=0x10048 flags=3c ptr=0x10360f620 window=0,0,0,0 client=0,0,0,0 visible=0,0,0,0 surface=0x10419c4f0 shown=0
DISPLAY_EVENT WINDOW pid=44694 hwnd=0x10048 rect=0,0 0x0 visible=0
[JuiceRect] input hwnd=0x10048 dpi=96/1 raw=96/1 win=0,0,0,0 client=0,0,0,0 visible=0,0,0,0
[JuiceRect] mapped hwnd=0x10048 win=0,0,0,0 client=0,0,0,0 visible=0,0,0,0
[JuiceGeom] changed hwnd=0x10048 flags=18 ptr=0x10360f620 window=0,0,0,0 client=0,0,0,0 visible=0,0,0,0 surface=0x10419c4f0 shown=0
[JuiceDriver] create-enter hwnd=0x10048
[JuiceDriver] create-success hwnd=0x10048
[JuiceCreate] ex=00000000 class=0x10370ee60 version=0x0 name=0x10370ee40 style=80000000 x=0 y=0 cx=0 cy=0 parent=0x0 menu=0x0 classinst=0x0 params=0x0 flags=00000000 inst=0x0 classptr=0x2d65762b8 ansi=0
DISPLAY_EVENT WINDOW pid=44694 hwnd=0x1004a rect=0,0 0x0 visible=0
DISPLAY_EVENT WINDOW pid=44694 hwnd=0x1004a rect=0,0 0x0 visible=0
[JuiceRect] input hwnd=0x1004a dpi=96/1 raw=96/1 win=0,0,0,0 client=0,0,0,0 visible=0,0,0,0
[JuiceRect] mapped hwnd=0x1004a win=0,0,0,0 client=0,0,0,0 visible=0,0,0,0
[JuiceGeom] changed hwnd=0x1004a flags=3c ptr=0x10360f620 window=0,0,0,0 client=0,0,0,0 visible=0,0,0,0 surface=0x10419c4f0 shown=0
[JuiceRect] input hwnd=0x1004a dpi=96/1 raw=96/1 win=0,0,0,0 client=0,0,0,0 visible=0,0,0,0
[JuiceRect] mapped hwnd=0x1004a win=0,0,0,0 client=0,0,0,0 visible=0,0,0,0
[JuiceGeom] changed hwnd=0x1004a flags=18 ptr=0x10360f620 window=0,0,0,0 client=0,0,0,0 visible=0,0,0,0 surface=0x10419c4f0 shown=0
[JuiceDriver] create-enter hwnd=0x1004a
[JuiceDriver] create-success hwnd=0x1004a
[JuiceWine parent] bundle libraries path=/private/var/containers/Bundle/Application/124F0A70-2EFF-40C7-B2F9-D71B571C9E11/Juice.app/Libraries:/private/var/containers/Bundle/Application/124F0A70-2EFF-40C7-B2F9-D71B571C9E11/Juice.app/Libraries:/var/jb/usr/lib
[JuiceWine parent] launching /private/var/containers/Bundle/Application/124F0A70-2EFF-40C7-B2F9-D71B571C9E11/Juice.app/Grape/build/wine-ios/loader/wine
[JuiceWine parent] child PID=44698
[JuiceWine] PT_TRACE_ME succeeded; csflags=0x32007005 CS_DEBUGGED=YES
[JuiceWine] requesting controlled tracer detach
[JuiceWine parent] child stopped pid=44698 signal=17 (Suspended (signal): 17)
[JuiceWine parent] PT_DETACH pid=44698 result=0
[JuiceWine parent] child now running untraced
[JuiceWine] resumed after tracer detach; csflags=0x32007005 CS_DEBUGGED=YES
[JuiceWine] anonymous PE executable section .text at 0x140010000 size=65536
[JuiceStage] loading Windows ntdll; transfer=0x140013be4 teb=0x2d7ff8000 peb=0x2d7ffc000
[JuiceWine] anonymous PE executable section .text at 0x2d7c10000 size=524288
[JuiceStage] load_ntdll returned; transfer=0x140013be4
[JuiceStage] load_wow64_ntdll returned
[JuiceStage] calling load_apiset_dll
0038:err:module:load_apiset_dll failed to load apiset: c000000f
[JuiceStage] load_apiset_dll returned; stack_base=0x105110000 stack_limit=0x105018000
[JuiceStage] calling server_init_process_done
[JuiceStage] server_init_process_done entered
[JuiceStage] calling signal_init_process; teb=0x2d7ff8000
[JuiceStage] signal_init_process returned
[JuiceStage] init_teb_data returned; syscall_frame=0x10500fcd0 stack_base=0x105110000 stack_limit=0x105018000
[JuiceStage] init_process_done server call returned; status=00000000 suspend=1 transfer=0x140013be4 teb=0x2d7ff8000 peb=0x2d7ffc000
[JuiceStage] calling signal_start_thread
[JuiceStage] init_syscall_frame entered; entry=0x140013be4 arg=0x2d7ffc000 teb=0x2d7ff8000 data=0x104f00000 frame=0x10500fcd0 stack_base=0x105110000 stack_limit=0x105018000
[JuiceStage] calling signal_set_full_context; ctx=0x10510fc70 target_pc=0x2d7c69650 target_sp=0x105110000 target_x18=0x2d7ff8000 LdrInitializeThunk=0x2d7c69670 RtlUserThreadStart=0x2d7c69650
[JuiceStage] signal_set_full_context returned; status=00000000 frame_pc=0x2d7c69650 frame_sp=0x105110000 frame_x18=0x2d7ff8000 restore=00400007
[JuiceStage] init_syscall_frame complete; dispatcher_pc=0x2d7c69670 user_sp=0x10510fc70 x16=0x2d7c69670 x17=0x10510fc70 x18=0x2d7ff8000 restore=00400007
[JuiceX18] broad #1 pc=0x2d7c45920 fault=0x30 instr=f9401a48 x8=0x0 x16=0x2d7c69670 x17=0x10510fc70 x18=0x0 teb=0x2d7ff8000
[JuiceX18] broad #2 pc=0x2d7c6e748 fault=0x30 instr=f9401a48 x8=0x0 x16=0x2d7c45920 x17=0x10510fc70 x18=0x0 teb=0x2d7ff8000
[JuiceX18] broad #3 pc=0x2d7c70344 fault=0x30 instr=f9401a59 x8=0x10510fa50 x16=0x2d7c6e748 x17=0x10510fc70 x18=0x0 teb=0x2d7ff8000
[JuiceX18] broad #4 pc=0x2d7c7037c fault=0x30 instr=f9401a4a x8=0x10510fa50 x16=0x2d7c70344 x17=0x10510fc70 x18=0x0 teb=0x2d7ff8000
[JuiceX18] broad #5 pc=0x103431864 fault=0x378 instr=f941be4a x8=0x18 x16=0x103431860 x17=0x10510fc70 x18=0x0 teb=0x2d7ff8000
[JuiceX18] broad #6 pc=0x2d7c70e88 fault=0x30 instr=f9401a48 x8=0x0 x16=0x2d7c67554 x17=0x10510fa40 x18=0x0 teb=0x2d7ff8000
[JuiceX18] broad #7 pc=0x103431864 fault=0x378 instr=f941be4a x8=0x18 x16=0x103431860 x17=0x10510fc70 x18=0x0 teb=0x2d7ff8000
[JuiceX18] broad #8 pc=0x2d7c70344 fault=0x30 instr=f9401a59 x8=0x10510faa0 x16=0x2d7c67554 x17=0x10510fa70 x18=0x0 teb=0x2d7ff8000
[JuiceX18] broad #9 pc=0x2d7c702b4 fault=0x30 instr=f9401a54 x8=0x10510f447 x16=0x5c5c x17=0x10510f446 x18=0x0 teb=0x2d7ff8000
[JuiceX18] broad #10 pc=0x2d7c372ec fault=0x30 instr=f9401a48 x8=0x0 x16=0x2d7c702b4 x17=0x10510fc70 x18=0x0 teb=0x2d7ff8000
[JuiceX18] broad #11 pc=0x2d7c60744 fault=0x30 instr=f9401a48 x8=0x0 x16=0x2d7c67b74 x17=0x10510f7b0 x18=0x0 teb=0x2d7ff8000
[JuiceX18] broad #12 pc=0x2d7c37bac fault=0x30 instr=f9401a48 x8=0x0 x16=0x5c5c x17=0x10510f6ac x18=0x0 teb=0x2d7ff8000
[JuiceX18] broad #13 pc=0x2d7c70344 fault=0x30 instr=f9401a59 x8=0x10510f6d0 x16=0x2d7c67914 x17=0x10510f750 x18=0x0 teb=0x2d7ff8000
[JuiceX18] broad #14 pc=0x2d7c4a124 fault=0x30 instr=f9401a48 x8=0x0 x16=0x2d7c67574 x17=0x10510fae0 x18=0x0 teb=0x2d7ff8000
[JuiceX18] broad #15 pc=0x2d7c70344 fault=0x30 instr=f9401a59 x8=0x10510f930 x16=0x2d7c4a124 x17=0x10510fc70 x18=0x0 teb=0x2d7ff8000
[JuiceX18] broad #16 pc=0x2d7c702b4 fault=0x30 instr=f9401a54 x8=0x10510f969 x16=0x5c5c x17=0x10510f968 x18=0x0 teb=0x2d7ff8000
[JuiceX18] broad #17 pc=0x2d7c702b4 fault=0x30 instr=f9401a54 x8=0x10510f683 x16=0x5c5c x17=0x10510f682 x18=0x0 teb=0x2d7ff8000
[JuiceX18] broad #18 pc=0x2d7c70344 fault=0x30 instr=f9401a59 x8=0x10510f7a0 x16=0x2d7c702b4 x17=0x10510fc70 x18=0x0 teb=0x2d7ff8000
[JuiceCreate] ex=00000000 class=0x10370ea00 version=0x0 name=0x10370e9e0 style=00000000 x=0 y=0 cx=0 cy=0 parent=0xfffffffffffffffd menu=0x0 classinst=0x2d4c30000 params=0x0 flags=00000000 inst=0x2d4c30000 classptr=0x2d4c71718 ansi=0
[JuiceMonitor] callee hwnd=0x1004c hmon=0x1 info=0x10360f720 monitor=0,0,1024,768 work=0,0,1024,768 flags=00000001
[JuiceMinMax] hwnd=0x1004c min=112,27 maxtrack=1036,780 max=106,106 pos=-3,-3
[JuiceRect] input hwnd=0x1004c dpi=96/1 raw=96/1 win=0,0,112,27 client=0,0,112,27 visible=0,0,112,27
[JuiceRect] mapped hwnd=0x1004c win=0,0,112,27 client=0,0,112,27 visible=0,0,112,27
[JuiceGeom] changed hwnd=0x1004c flags=14 ptr=0x10360f620 window=0,0,112,27 client=0,0,112,27 visible=0,0,112,27 surface=0x0 shown=0
DISPLAY_EVENT WINDOW pid=44694 hwnd=0x1004c rect=0,0 112x27 visible=0
[JuiceRect] input hwnd=0x1004c dpi=96/1 raw=96/1 win=0,0,112,27 client=3,22,109,24 visible=0,0,112,27
[JuiceRect] mapped hwnd=0x1004c win=0,0,112,27 client=3,22,109,24 visible=0,0,112,27
DISPLAY_EVENT WINDOW pid=44694 hwnd=0x1004c rect=0,0 112x27 visible=0
[JuiceGeom] changed hwnd=0x1004c flags=10 ptr=0x10360f620 window=0,0,112,27 client=3,22,109,24 visible=0,0,112,27 surface=0x0 shown=0
[JuiceDriver] create-enter hwnd=0x1004c
[JuiceDriver] create-success hwnd=0x1004c
0024:err:ole:StdMarshalImpl_MarshalInterface Failed to create ifstub, hr 0x80004002
0024:err:ole:CoMarshalInterface Failed to marshal the interface {6d5140c1-7436-11ce-8034-00aa006009fa}, hr 0x80004002
0024:err:ole:apartment_get_local_server_stream Failed: 0x80004002
DISPLAY_EVENT FRAME pid=44694 hwnd=0x10020 size=1024x768 stride=4096 bytes=3145728 count=1
JUICE_GUI_FRAME_RECEIVED pid=44694 hwnd=0x10020 frame=1024x768 path=/var/mobile/Containers/Data/Application/2A4FE42F-DA40-4530-B5B1-96F7C5C63DEB/Documents/Juice-frame-44694.png
[JuiceWine] anonymous PE executable section .text at 0x2d7a30000 size=196608
[JuiceX18] broad #19 pc=0x2d7c42c68 fault=0x30 instr=f9401a48 x8=0x0 x16=0x2d7c67754 x17=0x10510f960 x18=0x0 teb=0x2d7ff8000
[JuiceX18] trampoline #1 retry=0x2d7c42c68 restored_x17=0x10500fcd0 teb=0x2d7ff8000
[JuiceX18] broad #20 pc=0x2d7c42c68 fault=0x30 instr=f9401a48 x8=0x0 x16=0x2d7c42c68 x17=0x10510fc70 x18=0x0 teb=0x2d7ff8000
[JuiceX18] broad #21 pc=0x2d7c49544 fault=0x30 instr=f9401a49 x8=0xc x16=0x2d7c42c68 x17=0x10510fc70 x18=0x0 teb=0x2d7ff8000
[JuiceX18] broad #22 pc=0x2d7c6e748 fault=0x30 instr=f9401a48 x8=0x0 x16=0x2d7c49544 x17=0x10510fc70 x18=0x0 teb=0x2d7ff8000
[JuiceX18] broad #23 pc=0x103431864 fault=0x378 instr=f941be4a x8=0x50 x16=0x103431860 x17=0x10510fc70 x18=0x0 teb=0x2d7ff8000
[JuiceX18] broad #24 pc=0x103431864 fault=0x378 instr=f941be4a x8=0x50 x16=0x103431860 x17=0x10510f890 x18=0x0 teb=0x2d7ff8000
[JuiceX18] broad #25 pc=0x2d7c49e7c fault=0x30 instr=f9401a49 x8=0x126 x16=0x2d7c67c54 x17=0x10510f890 x18=0x0 teb=0x2d7ff8000
[JuiceX18] broad #26 pc=0x2d7c4a124 fault=0x30 instr=f9401a48 x8=0x0 x16=0x2d7c49e7c x17=0x10510fc70 x18=0x0 teb=0x2d7ff8000
[JuiceX18] broad #27 pc=0x2d7c702b4 fault=0x30 instr=f9401a54 x8=0x5 x16=0x2d7c4a124 x17=0x10510fc70 x18=0x0 teb=0x2d7ff8000
[JuiceX18] broad #28 pc=0x2d7c486c8 fault=0x30 instr=f9401a48 x8=0x0 x16=0x2d7c702b4 x17=0x10510fc70 x18=0x0 teb=0x2d7ff8000
[JuiceX18] broad #29 pc=0x2d7c288f8 fault=0x30 instr=f9401a48 x8=0x0 x16=0x2d7c486c8 x17=0x10510fc70 x18=0x0 teb=0x2d7ff8000
[JuiceX18] broad #30 pc=0x2d7c48c9c fault=0x30 instr=f9401a49 x8=0xb6 x16=0x2d7c288f8 x17=0x10510fc70 x18=0x0 teb=0x2d7ff8000
[JuiceX18] broad #31 pc=0x2d7c372ec fault=0x30 instr=f9401a48 x8=0x0 x16=0x2d7c48c9c x17=0x10510fc70 x18=0x0 teb=0x2d7ff8000
[JuiceWine] anonymous PE executable section .text at 0x2d7620000 size=524288
[JuiceX18] broad #32 pc=0x103431864 fault=0x378 instr=f941be4a x8=0x50 x16=0x103431860 x17=0x10510f2e0 x18=0x0 teb=0x2d7ff8000
[JuiceWine] anonymous PE executable section .text at 0x2d74b0000 size=196608
[JuiceWine] anonymous PE executable section .text at 0x2d73d0000 size=65536
[JuiceWine] anonymous PE executable section .text at 0x2d7040000 size=655360
[JuiceWine] anonymous PE executable section .text at 0x2d6d30000 size=524288
[JuiceWine] anonymous PE executable section .text at 0x2d6ab0000 size=327680
[JuiceWine] anonymous PE executable section .text at 0x2d65a0000 size=589824
[JuiceWine] anonymous PE executable section .text at 0x2d64b0000 size=196608
[JuiceWine] anonymous PE executable section .text at 0x2d5890000 size=524288
[JuiceWine] anonymous PE executable section .text at 0x2d5750000 size=131072
[JuiceWine] anonymous PE executable section .text at 0x2d5690000 size=65536
[JuiceWine] anonymous PE executable section .text at 0x2d55a0000 size=65536
[JuiceWine] anonymous PE executable section .text at 0x2d54d0000 size=65536
DISPLAY_CLIENT_CONNECTED fd=9
[JuiceInput] display connected path=/var/mobile/Containers/Data/Application/2A4FE42F-DA40-4530-B5B1-96F7C5C63DEB/Documents/j.sock desktop=1024x768 dpi=96
DISPLAY_EVENT HELLO fd=9 pid=44698 desktop=1024x768 dpi=96
[JuiceInput] queue fd registered fd=15 tid=0x38
[JuiceDriver] ios init set driver create=0x108328e78 client_surface=0x1083299fc size=1216
[JuiceDriver] install prev=0x10653d3a8 lazy=0x10653d3a8 null=0x106569f10 candidate=0x104014800 create=0x108328e78 installed=1
[JuiceDriver] direct-load status=00000000 driver=0x104014800
[JuiceWine] anonymous PE executable section .text at 0x2d53a0000 size=131072
[JuiceCreate] ex=00000000 class=0x10510fb80 version=0x0 name=0x10510fb60 style=82000000 x=0 y=0 cx=1024 cy=768 parent=0x0 menu=0x0 classinst=0x140000000 params=0x0 flags=00000000 inst=0x140000000 classptr=0x140020590 ansi=0
[JuiceRect] input hwnd=0x10056 dpi=96/1 raw=96/1 win=0,0,1024,768 client=0,0,1024,768 visible=0,0,1024,768
[JuiceRect] mapped hwnd=0x10056 win=0,0,1024,768 client=0,0,1024,768 visible=0,0,1024,768
DISPLAY_EVENT WINDOW pid=44698 hwnd=0x10056 rect=0,0 1024x768 visible=0
[JuiceGeom] changed hwnd=0x10056 flags=8000003c ptr=0x10500f620 window=0,0,1024,768 client=0,0,1024,768 visible=0,0,1024,768 surface=0x10654c4f0 shown=0
DISPLAY_EVENT WINDOW pid=44698 hwnd=0x1005a rect=0,0 1x1 visible=0
[JuiceCreate] ex=00000000 class=0x10500f590 version=0x0 name=0x10500f580 style=8c000000 x=0 y=0 cx=1 cy=1 parent=0x0 menu=0x0 classinst=0x0 params=0x0 flags=00000000 inst=0x0 classptr=0x0 ansi=0
[JuiceRect] input hwnd=0x1005a dpi=96/1 raw=96/1 win=0,0,1,1 client=0,0,1,1 visible=0,0,1,1
[JuiceRect] mapped hwnd=0x1005a win=0,0,1,1 client=0,0,1,1 visible=0,0,1,1
[JuiceGeom] changed hwnd=0x1005a flags=3c ptr=0x10500eed0 window=0,0,1,1 client=0,0,1,1 visible=0,0,1,1 surface=0x10654c4f0 shown=0
[JuiceRect] input hwnd=0x1005a dpi=96/1 raw=96/1 win=0,0,1,1 client=0,0,1,1 visible=0,0,1,1
[JuiceRect] mapped hwnd=0x1005a win=0,0,1,1 client=0,0,1,1 visible=0,0,1,1
[JuiceGeom] changed hwnd=0x1005a flags=18 ptr=0x10500eed0 window=0,0,1,1 client=0,0,1,1 visible=0,0,1,1 surface=0x10654c4f0 shown=0
DISPLAY_EVENT WINDOW pid=44698 hwnd=0x1005a rect=0,0 1x1 visible=0
[JuiceDriver] create-enter hwnd=0x1005a
[JuiceDriver] create-success hwnd=0x1005a
[JuiceRect] input hwnd=0x10056 dpi=96/1 raw=96/1 win=0,0,1024,768 client=0,0,1024,768 visible=0,0,1024,768
[JuiceRect] mapped hwnd=0x10056 win=0,0,1024,768 client=0,0,1024,768 visible=0,0,1024,768
[JuiceGeom] changed hwnd=0x10056 flags=80000018 ptr=0x10500f620 window=0,0,1024,768 client=0,0,1024,768 visible=0,0,1024,768 surface=0x10654c4f0 shown=0
DISPLAY_EVENT WINDOW pid=44698 hwnd=0x10056 rect=0,0 1024x768 visible=0
[JuiceCreate] ex=00000000 class=0x10510df90 version=0x0 name=0x10510df70 style=50000000 x=0 y=0 cx=0 cy=0 parent=0x10056 menu=0x3ea classinst=0x0 params=0x0 flags=00000000 inst=0x0 classptr=0x140020f60 ansi=0
[JuiceRect] input hwnd=0x1005c dpi=96/1 raw=96/1 win=0,0,0,0 client=0,0,0,0 visible=0,0,0,0
[JuiceRect] mapped hwnd=0x1005c win=0,0,0,0 client=0,0,0,0 visible=0,0,0,0
[JuiceGeom] changed hwnd=0x1005c flags=14 ptr=0x10500e630 window=0,0,0,0 client=0,0,0,0 visible=0,0,0,0 surface=0x0 shown=0
DISPLAY_EVENT WINDOW pid=44698 hwnd=0x1005c rect=0,0 0x0 visible=0
DISPLAY_EVENT WINDOW pid=44698 hwnd=0x1005c rect=0,0 0x0 visible=0
[JuiceRect] input hwnd=0x1005c dpi=96/1 raw=96/1 win=0,0,0,0 client=0,0,0,0 visible=0,0,0,0
[JuiceRect] mapped hwnd=0x1005c win=0,0,0,0 client=0,0,0,0 visible=0,0,0,0
[JuiceGeom] changed hwnd=0x1005c flags=10 ptr=0x10500e630 window=0,0,0,0 client=0,0,0,0 visible=0,0,0,0 surface=0x0 shown=0
[JuiceDriver] create-enter hwnd=0x1005c
[JuiceDriver] create-success hwnd=0x1005c
[JuiceRect] input hwnd=0x1005c dpi=96/1 raw=96/1 win=0,0,0,0 client=0,0,0,0 visible=0,0,0,0
DISPLAY_EVENT WINDOW pid=44698 hwnd=0x1005c rect=0,0 0x0 visible=0
DISPLAY_EVENT WINDOW pid=44698 hwnd=0x10056 rect=0,0 1024x768 visible=0
DISPLAY_EVENT WINDOW pid=44698 hwnd=0x1005e rect=0,0 0x0 visible=0
[JuiceRect] mapped hwnd=0x1005c win=0,0,0,0 client=0,0,0,0 visible=0,0,0,0
[JuiceGeom] changed hwnd=0x1005c flags=181f ptr=0x10500e400 window=0,0,0,0 client=0,0,0,0 visible=0,0,0,0 surface=0x0 shown=0
[JuiceRect] input hwnd=0x10056 dpi=96/1 raw=96/1 win=0,0,1024,768 client=0,0,1024,768 visible=0,0,1024,768
[JuiceRect] mapped hwnd=0x10056 win=0,0,1024,768 client=0,0,1024,768 visible=0,0,1024,768
[JuiceGeom] changed hwnd=0x10056 flags=8000181f ptr=0x10500e5a0 window=0,0,1024,768 client=0,0,1024,768 visible=0,0,1024,768 surface=0x10654c4f0 shown=0
[JuiceCreate] ex=00000000 class=0x10510df90 version=0x0 name=0x10510df70 style=50000000 x=0 y=0 cx=0 cy=0 parent=0x10056 menu=0x3f0 classinst=0x0 params=0x0 flags=00000000 inst=0x0 classptr=0x140020f60 ansi=0
[JuiceRect] input hwnd=0x1005e dpi=96/1 raw=96/1 win=0,0,0,0 client=0,0,0,0 visible=0,0,0,0
[JuiceRect] mapped hwnd=0x1005e win=0,0,0,0 client=0,0,0,0 visible=0,0,0,0
[JuiceGeom] changed hwnd=0x1005e flags=14 ptr=0x10500e630 window=0,0,0,0 client=0,0,0,0 visible=0,0,0,0 surface=0x0 shown=0
[JuiceRect] input hwnd=0x1005e dpi=96/1 raw=96/1 win=0,0,0,0 client=0,0,0,0 visible=0,0,0,0
[JuiceRect] mapped hwnd=0x1005e win=0,0,0,0 client=0,0,0,0 visible=0,0,0,0
[JuiceGeom] changed hwnd=0x1005e flags=10 ptr=0x10500e630 window=0,0,0,0 client=0,0,0,0 visible=0,0,0,0 surface=0x0 shown=0
DISPLAY_EVENT WINDOW pid=44698 hwnd=0x1005e rect=0,0 0x0 visible=0
[JuiceDriver] create-enter hwnd=0x1005e
[JuiceDriver] create-success hwnd=0x1005e
[JuiceRect] input hwnd=0x1005e dpi=96/1 raw=96/1 win=0,0,0,0 client=0,0,0,0 visible=0,0,0,0
[JuiceRect] mapped hwnd=0x1005e win=0,0,0,0 client=0,0,0,0 visible=0,0,0,0
DISPLAY_EVENT WINDOW pid=44698 hwnd=0x1005e rect=0,0 0x0 visible=0
[JuiceGeom] changed hwnd=0x1005e flags=181f ptr=0x10500e400 window=0,0,0,0 client=0,0,0,0 visible=0,0,0,0 surface=0x0 shown=0
[JuiceRect] input hwnd=0x10056 dpi=96/1 raw=96/1 win=0,0,1024,768 client=0,0,1024,768 visible=0,0,1024,768
[JuiceRect] mapped hwnd=0x10056 win=0,0,1024,768 client=0,0,1024,768 visible=0,0,1024,768
DISPLAY_EVENT WINDOW pid=44698 hwnd=0x10056 rect=0,0 1024x768 visible=0
[JuiceGeom] changed hwnd=0x10056 flags=8000181f ptr=0x10500e5a0 window=0,0,1024,768 client=0,0,1024,768 visible=0,0,1024,768 surface=0x10654c4f0 shown=0
[JuiceCreate] ex=00000000 class=0x10510df90 version=0x0 name=0x10510df70 style=50200151 x=0 y=0 cx=0 cy=0 parent=0x10056 menu=0x3e9 classinst=0x0 params=0x0 flags=00000000 inst=0x0 classptr=0x140020f78 ansi=0
[JuiceRect] input hwnd=0x10060 dpi=96/1 raw=96/1 win=0,0,0,0 client=0,0,0,0 visible=0,0,0,0
[JuiceRect] mapped hwnd=0x10060 win=0,0,0,0 client=0,0,0,0 visible=0,0,0,0
[JuiceGeom] changed hwnd=0x10060 flags=14 ptr=0x10500e630 window=0,0,0,0 client=0,0,0,0 visible=0,0,0,0 surface=0x0 shown=0
DISPLAY_EVENT WINDOW pid=44698 hwnd=0x10060 rect=0,0 0x0 visible=0
DISPLAY_EVENT WINDOW pid=44698 hwnd=0x10060 rect=0,0 0x0 visible=0
[JuiceRect] input hwnd=0x10060 dpi=96/1 raw=96/1 win=0,0,0,0 client=0,0,0,0 visible=0,0,0,0
[JuiceRect] mapped hwnd=0x10060 win=0,0,0,0 client=0,0,0,0 visible=0,0,0,0
[JuiceGeom] changed hwnd=0x10060 flags=10 ptr=0x10500e630 window=0,0,0,0 client=0,0,0,0 visible=0,0,0,0 surface=0x0 shown=0
DISPLAY_EVENT WINDOW pid=44698 hwnd=0x10060 rect=0,0 0x0 visible=0
[JuiceDriver] create-enter hwnd=0x10060
[JuiceDriver] create-success hwnd=0x10060
[JuiceRect] input hwnd=0x10060 dpi=96/1 raw=96/1 win=0,0,0,0 client=0,0,0,0 visible=0,0,0,0
[JuiceRect] mapped hwnd=0x10060 win=0,0,0,0 client=0,0,0,0 visible=0,0,0,0
[JuiceGeom] changed hwnd=0x10060 flags=183f ptr=0x10500d750 window=0,0,0,0 client=0,0,0,0 visible=0,0,0,0 surface=0x0 shown=0
[JuiceRect] input hwnd=0x10060 dpi=96/1 raw=96/1 win=0,0,0,0 client=0,0,0,0 visible=0,0,0,0
[JuiceRect] mapped hwnd=0x10060 win=0,0,0,0 client=0,0,0,0 visible=0,0,0,0
DISPLAY_EVENT WINDOW pid=44698 hwnd=0x10060 rect=0,0 0x0 visible=0
[JuiceGeom] changed hwnd=0x10060 flags=181f ptr=0x10500e400 window=0,0,0,0 client=0,0,0,0 visible=0,0,0,0 surface=0x0 shown=0
[JuiceRect] input hwnd=0x10056 dpi=96/1 raw=96/1 win=0,0,1024,768 client=0,0,1024,768 visible=0,0,1024,768
DISPLAY_EVENT WINDOW pid=44698 hwnd=0x10056 rect=0,0 1024x768 visible=0
[JuiceRect] mapped hwnd=0x10056 win=0,0,1024,768 client=0,0,1024,768 visible=0,0,1024,768
[JuiceGeom] changed hwnd=0x10056 flags=8000181f ptr=0x10500e5a0 window=0,0,1024,768 client=0,0,1024,768 visible=0,0,1024,768 surface=0x10654c4f0 shown=0
[JuiceCreate] ex=00000000 class=0x10510df90 version=0x0 name=0x10510df70 style=50000000 x=0 y=0 cx=0 cy=0 parent=0x10056 menu=0x3eb classinst=0x0 params=0x0 flags=00000000 inst=0x0 classptr=0x140020f60 ansi=0
DISPLAY_EVENT WINDOW pid=44698 hwnd=0x10062 rect=0,0 0x0 visible=0
[JuiceRect] input hwnd=0x10062 dpi=96/1 raw=96/1 win=0,0,0,0 client=0,0,0,0 visible=0,0,0,0
[JuiceRect] mapped hwnd=0x10062 win=0,0,0,0 client=0,0,0,0 visible=0,0,0,0
[JuiceGeom] changed hwnd=0x10062 flags=14 ptr=0x10500e630 window=0,0,0,0 client=0,0,0,0 visible=0,0,0,0 surface=0x0 shown=0
DISPLAY_EVENT WINDOW pid=44698 hwnd=0x10062 rect=0,0 0x0 visible=0
[JuiceRect] input hwnd=0x10062 dpi=96/1 raw=96/1 win=0,0,0,0 client=0,0,0,0 visible=0,0,0,0
[JuiceRect] mapped hwnd=0x10062 win=0,0,0,0 client=0,0,0,0 visible=0,0,0,0
[JuiceGeom] changed hwnd=0x10062 flags=10 ptr=0x10500e630 window=0,0,0,0 client=0,0,0,0 visible=0,0,0,0 surface=0x0 shown=0
[JuiceDriver] create-enter hwnd=0x10062
[JuiceDriver] create-success hwnd=0x10062
[JuiceRect] input hwnd=0x10062 dpi=96/1 raw=96/1 win=0,0,0,0 client=0,0,0,0 visible=0,0,0,0
[JuiceRect] mapped hwnd=0x10062 win=0,0,0,0 client=0,0,0,0 visible=0,0,0,0
DISPLAY_EVENT WINDOW pid=44698 hwnd=0x10062 rect=0,0 0x0 visible=0
[JuiceGeom] changed hwnd=0x10062 flags=181f ptr=0x10500e400 window=0,0,0,0 client=0,0,0,0 visible=0,0,0,0 surface=0x0 shown=0
DISPLAY_EVENT WINDOW pid=44698 hwnd=0x10056 rect=0,0 1024x768 visible=0
[JuiceRect] input hwnd=0x10056 dpi=96/1 raw=96/1 win=0,0,1024,768 client=0,0,1024,768 visible=0,0,1024,768
[JuiceRect] mapped hwnd=0x10056 win=0,0,1024,768 client=0,0,1024,768 visible=0,0,1024,768
[JuiceGeom] changed hwnd=0x10056 flags=8000181f ptr=0x10500e5a0 window=0,0,1024,768 client=0,0,1024,768 visible=0,0,1024,768 surface=0x10654c4f0 shown=0
[JuiceCreate] ex=00000000 class=0x10510df90 version=0x0 name=0x10510df70 style=50000000 x=0 y=0 cx=0 cy=0 parent=0x10056 menu=0x3ec classinst=0x0 params=0x0 flags=00000000 inst=0x0 classptr=0x140020f60 ansi=0
DISPLAY_EVENT WINDOW pid=44698 hwnd=0x10064 rect=0,0 0x0 visible=0
[JuiceRect] input hwnd=0x10064 dpi=96/1 raw=96/1 win=0,0,0,0 client=0,0,0,0 visible=0,0,0,0
[JuiceRect] mapped hwnd=0x10064 win=0,0,0,0 client=0,0,0,0 visible=0,0,0,0
[JuiceGeom] changed hwnd=0x10064 flags=14 ptr=0x10500e630 window=0,0,0,0 client=0,0,0,0 visible=0,0,0,0 surface=0x0 shown=0
[JuiceRect] input hwnd=0x10064 dpi=96/1 raw=96/1 win=0,0,0,0 client=0,0,0,0 visible=0,0,0,0
DISPLAY_EVENT WINDOW pid=44698 hwnd=0x10064 rect=0,0 0x0 visible=0
[JuiceRect] mapped hwnd=0x10064 win=0,0,0,0 client=0,0,0,0 visible=0,0,0,0
[JuiceGeom] changed hwnd=0x10064 flags=10 ptr=0x10500e630 window=0,0,0,0 client=0,0,0,0 visible=0,0,0,0 surface=0x0 shown=0
[JuiceDriver] create-enter hwnd=0x10064
[JuiceDriver] create-success hwnd=0x10064
DISPLAY_EVENT WINDOW pid=44698 hwnd=0x10064 rect=0,0 0x0 visible=0
[JuiceRect] input hwnd=0x10064 dpi=96/1 raw=96/1 win=0,0,0,0 client=0,0,0,0 visible=0,0,0,0
[JuiceRect] mapped hwnd=0x10064 win=0,0,0,0 client=0,0,0,0 visible=0,0,0,0
[JuiceGeom] changed hwnd=0x10064 flags=181f ptr=0x10500e400 window=0,0,0,0 client=0,0,0,0 visible=0,0,0,0 surface=0x0 shown=0
[JuiceRect] input hwnd=0x10056 dpi=96/1 raw=96/1 win=0,0,1024,768 client=0,0,1024,768 visible=0,0,1024,768
DISPLAY_EVENT WINDOW pid=44698 hwnd=0x10056 rect=0,0 1024x768 visible=0
[JuiceRect] mapped hwnd=0x10056 win=0,0,1024,768 client=0,0,1024,768 visible=0,0,1024,768
[JuiceGeom] changed hwnd=0x10056 flags=8000181f ptr=0x10500e5a0 window=0,0,1024,768 client=0,0,1024,768 visible=0,0,1024,768 surface=0x10654c4f0 shown=0
[JuiceCreate] ex=00000000 class=0x10510df90 version=0x0 name=0x10510df70 style=50000000 x=0 y=0 cx=0 cy=0 parent=0x10056 menu=0x3ed classinst=0x0 params=0x0 flags=00000000 inst=0x0 classptr=0x140020f60 ansi=0
DISPLAY_EVENT WINDOW pid=44698 hwnd=0x10066 rect=0,0 0x0 visible=0
[JuiceRect] input hwnd=0x10066 dpi=96/1 raw=96/1 win=0,0,0,0 client=0,0,0,0 visible=0,0,0,0
[JuiceRect] mapped hwnd=0x10066 win=0,0,0,0 client=0,0,0,0 visible=0,0,0,0
[JuiceGeom] changed hwnd=0x10066 flags=14 ptr=0x10500e630 window=0,0,0,0 client=0,0,0,0 visible=0,0,0,0 surface=0x0 shown=0
[JuiceRect] input hwnd=0x10066 dpi=96/1 raw=96/1 win=0,0,0,0 client=0,0,0,0 visible=0,0,0,0
DISPLAY_EVENT WINDOW pid=44698 hwnd=0x10066 rect=0,0 0x0 visible=0
[JuiceRect] mapped hwnd=0x10066 win=0,0,0,0 client=0,0,0,0 visible=0,0,0,0
[JuiceGeom] changed hwnd=0x10066 flags=10 ptr=0x10500e630 window=0,0,0,0 client=0,0,0,0 visible=0,0,0,0 surface=0x0 shown=0
[JuiceDriver] create-enter hwnd=0x10066
[JuiceDriver] create-success hwnd=0x10066
[JuiceRect] input hwnd=0x10066 dpi=96/1 raw=96/1 win=0,0,0,0 client=0,0,0,0 visible=0,0,0,0
[JuiceRect] mapped hwnd=0x10066 win=0,0,0,0 client=0,0,0,0 visible=0,0,0,0
DISPLAY_EVENT WINDOW pid=44698 hwnd=0x10066 rect=0,0 0x0 visible=0
[JuiceGeom] changed hwnd=0x10066 flags=181f ptr=0x10500e400 window=0,0,0,0 client=0,0,0,0 visible=0,0,0,0 surface=0x0 shown=0
[JuiceRect] input hwnd=0x10056 dpi=96/1 raw=96/1 win=0,0,1024,768 client=0,0,1024,768 visible=0,0,1024,768
[JuiceRect] mapped hwnd=0x10056 win=0,0,1024,768 client=0,0,1024,768 visible=0,0,1024,768
[JuiceGeom] changed hwnd=0x10056 flags=8000181f ptr=0x10500e5a0 window=0,0,1024,768 client=0,0,1024,768 visible=0,0,1024,768 surface=0x10654c4f0 shown=0
[JuiceCreate] ex=00000000 class=0x10510df90 version=0x0 name=0x10510df70 style=50000000 x=0 y=0 cx=0 cy=0 parent=0x10056 menu=0x3ee classinst=0x0 params=0x0 flags=00000000 inst=0x0 classptr=0x140020f60 ansi=0
DISPLAY_EVENT WINDOW pid=44698 hwnd=0x10056 rect=0,0 1024x768 visible=0
[JuiceRect] input hwnd=0x10068 dpi=96/1 raw=96/1 win=0,0,0,0 client=0,0,0,0 visible=0,0,0,0
[JuiceRect] mapped hwnd=0x10068 win=0,0,0,0 client=0,0,0,0 visible=0,0,0,0
DISPLAY_EVENT WINDOW pid=44698 hwnd=0x10068 rect=0,0 0x0 visible=0
[JuiceGeom] changed hwnd=0x10068 flags=14 ptr=0x10500e630 window=0,0,0,0 client=0,0,0,0 visible=0,0,0,0 surface=0x0 shown=0
[JuiceRect] input hwnd=0x10068 dpi=96/1 raw=96/1 win=0,0,0,0 client=0,0,0,0 visible=0,0,0,0
[JuiceRect] mapped hwnd=0x10068 win=0,0,0,0 client=0,0,0,0 visible=0,0,0,0
[JuiceGeom] changed hwnd=0x10068 flags=10 ptr=0x10500e630 window=0,0,0,0 client=0,0,0,0 visible=0,0,0,0 surface=0x0 shown=0
DISPLAY_EVENT WINDOW pid=44698 hwnd=0x10068 rect=0,0 0x0 visible=0
[JuiceDriver] create-enter hwnd=0x10068
[JuiceDriver] create-success hwnd=0x10068
[JuiceRect] input hwnd=0x10068 dpi=96/1 raw=96/1 win=0,0,0,0 client=0,0,0,0 visible=0,0,0,0
DISPLAY_EVENT WINDOW pid=44698 hwnd=0x10068 rect=0,0 0x0 visible=0
[JuiceRect] mapped hwnd=0x10068 win=0,0,0,0 client=0,0,0,0 visible=0,0,0,0
[JuiceGeom] changed hwnd=0x10068 flags=181f ptr=0x10500e400 window=0,0,0,0 client=0,0,0,0 visible=0,0,0,0 surface=0x0 shown=0
[JuiceRect] input hwnd=0x10056 dpi=96/1 raw=96/1 win=0,0,1024,768 client=0,0,1024,768 visible=0,0,1024,768
[JuiceRect] mapped hwnd=0x10056 win=0,0,1024,768 client=0,0,1024,768 visible=0,0,1024,768
DISPLAY_EVENT WINDOW pid=44698 hwnd=0x10056 rect=0,0 1024x768 visible=0
[JuiceGeom] changed hwnd=0x10056 flags=8000181f ptr=0x10500e5a0 window=0,0,1024,768 client=0,0,1024,768 visible=0,0,1024,768 surface=0x10654c4f0 shown=0
[JuiceCreate] ex=00000000 class=0x10510df90 version=0x0 name=0x10510df70 style=50000000 x=0 y=0 cx=0 cy=0 parent=0x10056 menu=0x3ef classinst=0x0 params=0x0 flags=00000000 inst=0x0 classptr=0x140020f60 ansi=0
DISPLAY_EVENT WINDOW pid=44698 hwnd=0x1006a rect=0,0 0x0 visible=0
[JuiceRect] input hwnd=0x1006a dpi=96/1 raw=96/1 win=0,0,0,0 client=0,0,0,0 visible=0,0,0,0
[JuiceRect] mapped hwnd=0x1006a win=0,0,0,0 client=0,0,0,0 visible=0,0,0,0
[JuiceGeom] changed hwnd=0x1006a flags=14 ptr=0x10500e630 window=0,0,0,0 client=0,0,0,0 visible=0,0,0,0 surface=0x0 shown=0
DISPLAY_EVENT WINDOW pid=44698 hwnd=0x1006a rect=0,0 0x0 visible=0
[JuiceRect] input hwnd=0x1006a dpi=96/1 raw=96/1 win=0,0,0,0 client=0,0,0,0 visible=0,0,0,0
[JuiceRect] mapped hwnd=0x1006a win=0,0,0,0 client=0,0,0,0 visible=0,0,0,0
[JuiceGeom] changed hwnd=0x1006a flags=10 ptr=0x10500e630 window=0,0,0,0 client=0,0,0,0 visible=0,0,0,0 surface=0x0 shown=0
[JuiceDriver] create-enter hwnd=0x1006a
[JuiceDriver] create-success hwnd=0x1006a
[JuiceRect] input hwnd=0x1006a dpi=96/1 raw=96/1 win=0,0,0,0 client=0,0,0,0 visible=0,0,0,0
DISPLAY_EVENT WINDOW pid=44698 hwnd=0x1006a rect=0,0 0x0 visible=0
DISPLAY_EVENT WINDOW pid=44698 hwnd=0x10056 rect=0,0 1024x768 visible=0
[JuiceRect] mapped hwnd=0x1006a win=0,0,0,0 client=0,0,0,0 visible=0,0,0,0
[JuiceGeom] changed hwnd=0x1006a flags=181f ptr=0x10500e400 window=0,0,0,0 client=0,0,0,0 visible=0,0,0,0 surface=0x0 shown=0
[JuiceRect] input hwnd=0x10056 dpi=96/1 raw=96/1 win=0,0,1024,768 client=0,0,1024,768 visible=0,0,1024,768
[JuiceRect] mapped hwnd=0x10056 win=0,0,1024,768 client=0,0,1024,768 visible=0,0,1024,768
[JuiceGeom] changed hwnd=0x10056 flags=8000181f ptr=0x10500e5a0 window=0,0,1024,768 client=0,0,1024,768 visible=0,0,1024,768 surface=0x10654c4f0 shown=0
[JuiceRect] input hwnd=0x10060 dpi=96/1 raw=96/1 win=0,0,0,0 client=0,0,0,0 visible=0,0,0,0
[JuiceRect] mapped hwnd=0x10060 win=0,0,0,0 client=0,0,0,0 visible=0,0,0,0
DISPLAY_EVENT WINDOW pid=44698 hwnd=0x10060 rect=0,0 0x0 visible=0
[JuiceGeom] changed hwnd=0x10060 flags=183f ptr=0x10500e740 window=0,0,0,0 client=0,0,0,0 visible=0,0,0,0 surface=0x0 shown=0
[JuiceDriver] create-enter hwnd=0x10056
[JuiceDriver] create-success hwnd=0x10056
[JuiceRect] input hwnd=0x1005e dpi=96/1 raw=96/1 win=970,12,1008,44 client=970,12,1008,44 visible=970,12,1008,44
[JuiceRect] mapped hwnd=0x1005e win=970,12,1008,44 client=970,12,1008,44 visible=970,12,1008,44
[JuiceGeom] changed hwnd=0x1005e flags=1c ptr=0x10500e830 window=970,12,1008,44 client=970,12,1008,44 visible=970,12,1008,44 surface=0x0 shown=0
DISPLAY_EVENT WINDOW pid=44698 hwnd=0x1005e rect=970,12 38x32 visible=0
[JuiceRect] input hwnd=0x10060 dpi=96/1 raw=96/1 win=20,92,350,690 client=20,92,334,690 visible=20,92,350,690
[JuiceRect] mapped hwnd=0x10060 win=20,92,350,690 client=20,92,334,690 visible=20,92,350,690
[JuiceGeom] changed hwnd=0x10060 flags=1c ptr=0x10500e830 window=20,92,350,690 client=20,92,334,690 visible=20,92,350,690 surface=0x0 shown=0
DISPLAY_EVENT WINDOW pid=44698 hwnd=0x10060 rect=20,92 330x598 visible=0
[JuiceRect] input hwnd=0x10060 dpi=96/1 raw=96/1 win=20,92,350,690 client=20,92,350,690 visible=20,92,350,690
DISPLAY_EVENT WINDOW pid=44698 hwnd=0x10060 rect=20,92 330x598 visible=0
[JuiceRect] mapped hwnd=0x10060 win=20,92,350,690 client=20,92,350,690 visible=20,92,350,690
[JuiceGeom] changed hwnd=0x10060 flags=103f ptr=0x10500ccb0 window=20,92,350,690 client=20,92,350,690 visible=20,92,350,690 surface=0x0 shown=0
DISPLAY_EVENT WINDOW pid=44698 hwnd=0x1005c rect=6,718 163x40 visible=0
[JuiceRect] input hwnd=0x1005c dpi=96/1 raw=96/1 win=6,718,169,758 client=6,718,169,758 visible=6,718,169,758
[JuiceRect] mapped hwnd=0x1005c win=6,718,169,758 client=6,718,169,758 visible=6,718,169,758
[JuiceGeom] changed hwnd=0x1005c flags=1c ptr=0x10500e830 window=6,718,169,758 client=6,718,169,758 visible=6,718,169,758 surface=0x0 shown=0
[JuiceRect] input hwnd=0x10062 dpi=96/1 raw=96/1 win=175,718,338,758 client=175,718,338,758 visible=175,718,338,758
[JuiceRect] mapped hwnd=0x10062 win=175,718,338,758 client=175,718,338,758 visible=175,718,338,758
DISPLAY_EVENT WINDOW pid=44698 hwnd=0x10062 rect=175,718 163x40 visible=0
[JuiceGeom] changed hwnd=0x10062 flags=1c ptr=0x10500e830 window=175,718,338,758 client=175,718,338,758 visible=175,718,338,758 surface=0x0 shown=0
DISPLAY_EVENT WINDOW pid=44698 hwnd=0x10064 rect=344,718 163x40 visible=0
[JuiceRect] input hwnd=0x10064 dpi=96/1 raw=96/1 win=344,718,507,758 client=344,718,507,758 visible=344,718,507,758
[JuiceRect] mapped hwnd=0x10064 win=344,718,507,758 client=344,718,507,758 visible=344,718,507,758
[JuiceGeom] changed hwnd=0x10064 flags=1c ptr=0x10500e830 window=344,718,507,758 client=344,718,507,758 visible=344,718,507,758 surface=0x0 shown=0
[JuiceRect] input hwnd=0x10066 dpi=96/1 raw=96/1 win=513,718,676,758 client=513,718,676,758 visible=513,718,676,758
[JuiceRect] mapped hwnd=0x10066 win=513,718,676,758 client=513,718,676,758 visible=513,718,676,758
DISPLAY_EVENT WINDOW pid=44698 hwnd=0x10066 rect=513,718 163x40 visible=0
[JuiceGeom] changed hwnd=0x10066 flags=1c ptr=0x10500e830 window=513,718,676,758 client=513,718,676,758 visible=513,718,676,758 surface=0x0 shown=0
[JuiceRect] input hwnd=0x10068 dpi=96/1 raw=96/1 win=682,718,845,758 client=682,718,845,758 visible=682,718,845,758
[JuiceRect] mapped hwnd=0x10068 win=682,718,845,758 client=682,718,845,758 visible=682,718,845,758
[JuiceGeom] changed hwnd=0x10068 flags=1c ptr=0x10500e830 window=682,718,845,758 client=682,718,845,758 visible=682,718,845,758 surface=0x0 shown=0
DISPLAY_EVENT WINDOW pid=44698 hwnd=0x10068 rect=682,718 163x40 visible=0
DISPLAY_EVENT WINDOW pid=44698 hwnd=0x1006a rect=851,718 163x40 visible=0
[JuiceRect] input hwnd=0x1006a dpi=96/1 raw=96/1 win=851,718,1014,758 client=851,718,1014,758 visible=851,718,1014,758
[JuiceRect] mapped hwnd=0x1006a win=851,718,1014,758 client=851,718,1014,758 visible=851,718,1014,758
[JuiceGeom] changed hwnd=0x1006a flags=1c ptr=0x10500e830 window=851,718,1014,758 client=851,718,1014,758 visible=851,718,1014,758 surface=0x0 shown=0
[JuiceMonitor] callee hwnd=0x10056 hmon=0x1 info=0x10500fac0 monitor=0,0,1024,768 work=0,0,1024,768 flags=00000001
[JuiceMinMax] hwnd=0x10056 min=0,0 maxtrack=1036,780 max=1024,768 pos=0,0
DISPLAY_EVENT WINDOW pid=44698 hwnd=0x10056 rect=0,0 1024x768 visible=1
[JuiceGeom] show hwnd=0x10056 cmd=3 rect=0x10500fc28 0,0,1024,768 swp=8060
[JuiceGeom] surface hwnd=0x10056 rect=0,0,1024,768 size=1024x768 previous=0x10654c4f0
[JuiceRect] input hwnd=0x10056 dpi=96/1 raw=96/1 win=0,0,1024,768 client=0,0,1024,768 visible=0,0,1024,768
[JuiceRect] mapped hwnd=0x10056 win=0,0,1024,768 client=0,0,1024,768 visible=0,0,1024,768
DISPLAY_EVENT WINDOW pid=44698 hwnd=0x10056 rect=0,0 1024x768 visible=1
[JuiceGeom] changed hwnd=0x10056 flags=80009967 ptr=0x10500f760 window=0,0,1024,768 client=0,0,1024,768 visible=0,0,1024,768 surface=0x10325f0e0 shown=1
[JuiceWine] anonymous PE executable section .text at 0x2d5070000 size=327680
[JuiceWine] anonymous PE executable section .text at 0x2d4ec0000 size=196608
FULLSCREEN_CHANGED enabled=0
[JuiceWine] anonymous PE executable section .text at 0x2d4c40000 size=327680
[JuiceWine] anonymous PE executable section .text at 0x2d5410000 size=65536
[JuiceWine] anonymous PE executable section .text at 0x2d4b60000 size=65536
[JuiceCreate] ex=00000000 class=0x10510f7d0 version=0x0 name=0x10510f7b0 style=00000000 x=0 y=0 cx=0 cy=0 parent=0xfffffffffffffffd menu=0x0 classinst=0x2d4eb0000 params=0x0 flags=00000000 inst=0x2d4eb0000 classptr=0x2d4ef1718 ansi=0
[JuiceMonitor] callee hwnd=0x1006c hmon=0x1 info=0x10500d820 monitor=0,0,1024,768 work=0,0,1024,768 flags=00000001
[JuiceMinMax] hwnd=0x1006c min=112,27 maxtrack=1036,780 max=106,106 pos=-3,-3
[JuiceRect] input hwnd=0x1006c dpi=96/1 raw=96/1 win=0,0,112,27 client=0,0,112,27 visible=0,0,112,27
[JuiceRect] mapped hwnd=0x1006c win=0,0,112,27 client=0,0,112,27 visible=0,0,112,27
[JuiceGeom] changed hwnd=0x1006c flags=14 ptr=0x10500d720 window=0,0,112,27 client=0,0,112,27 visible=0,0,112,27 surface=0x0 shown=0
DISPLAY_EVENT WINDOW pid=44698 hwnd=0x1006c rect=0,0 112x27 visible=0
DISPLAY_EVENT WINDOW pid=44698 hwnd=0x1006c rect=0,0 112x27 visible=0
[JuiceRect] input hwnd=0x1006c dpi=96/1 raw=96/1 win=0,0,112,27 client=3,22,109,24 visible=0,0,112,27
[JuiceRect] mapped hwnd=0x1006c win=0,0,112,27 client=3,22,109,24 visible=0,0,112,27
[JuiceGeom] changed hwnd=0x1006c flags=10 ptr=0x10500d720 window=0,0,112,27 client=3,22,109,24 visible=0,0,112,27 surface=0x0 shown=0
[JuiceDriver] create-enter hwnd=0x1006c
[JuiceDriver] create-success hwnd=0x1006c
[JuiceCreate] ex=00000080 class=0x10510f570 version=0x0 name=0x10510f550 style=80000000 x=0 y=0 cx=1 cy=1 parent=0x1005a menu=0x0 classinst=0x2d5590000 params=0x0 flags=00000000 inst=0x2d5590000 classptr=0x1031cfe84 ansi=0
DISPLAY_EVENT WINDOW pid=44698 hwnd=0x10070 rect=0,0 1x1 visible=0
[JuiceRect] input hwnd=0x10070 dpi=96/1 raw=96/1 win=0,0,1,1 client=0,0,1,1 visible=0,0,1,1
[JuiceRect] mapped hwnd=0x10070 win=0,0,1,1 client=0,0,1,1 visible=0,0,1,1
[JuiceGeom] changed hwnd=0x10070 flags=3c ptr=0x10500c9f0 window=0,0,1,1 client=0,0,1,1 visible=0,0,1,1 surface=0x10654c4f0 shown=0
[JuiceRect] input hwnd=0x10070 dpi=96/1 raw=96/1 win=0,0,1,1 client=0,0,1,1 visible=0,0,1,1
[JuiceRect] mapped hwnd=0x10070 win=0,0,1,1 client=0,0,1,1 visible=0,0,1,1
DISPLAY_EVENT WINDOW pid=44698 hwnd=0x10070 rect=0,0 1x1 visible=0
[JuiceGeom] changed hwnd=0x10070 flags=18 ptr=0x10500c9f0 window=0,0,1,1 client=0,0,1,1 visible=0,0,1,1 surface=0x10654c4f0 shown=0
[JuiceDriver] create-enter hwnd=0x10070
[JuiceDriver] create-success hwnd=0x10070
[JuiceRect] input hwnd=0x10070 dpi=96/1 raw=96/1 win=0,0,1,1 client=0,0,1,1 visible=0,0,1,1
DISPLAY_EVENT WINDOW pid=44698 hwnd=0x10070 rect=0,0 1x1 visible=0
[JuiceRect] mapped hwnd=0x10070 win=0,0,1,1 client=0,0,1,1 visible=0,0,1,1
[JuiceGeom] changed hwnd=0x10070 flags=181b ptr=0x10500cbf0 window=0,0,1,1 client=0,0,1,1 visible=0,0,1,1 surface=0x10654c4f0 shown=0
[JuiceMonitor] callee hwnd=0x10056 hmon=0x1 info=0x10500f570 monitor=0,0,1024,768 work=0,0,1024,768 flags=00000001
[JuiceRect] input hwnd=0x1005e dpi=96/1 raw=96/1 win=970,12,1008,44 client=970,12,1008,44 visible=970,12,1008,44
[JuiceRect] mapped hwnd=0x1005e win=970,12,1008,44 client=970,12,1008,44 visible=970,12,1008,44
[JuiceGeom] changed hwnd=0x1005e flags=1817 ptr=0x10500dcd0 window=970,12,1008,44 client=970,12,1008,44 visible=970,12,1008,44 surface=0x0 shown=1
[JuiceRect] input hwnd=0x10060 dpi=96/1 raw=96/1 win=20,92,350,690 client=20,92,350,690 visible=20,92,350,690
[JuiceRect] mapped hwnd=0x10060 win=20,92,350,690 client=20,92,350,690 visible=20,92,350,690
[JuiceGeom] changed hwnd=0x10060 flags=1817 ptr=0x10500dcd0 window=20,92,350,690 client=20,92,350,690 visible=20,92,350,690 surface=0x0 shown=1
DISPLAY_EVENT FRAME pid=44698 hwnd=0x10056 size=1024x768 stride=4096 bytes=3145728 count=1
[JuiceRect] input hwnd=0x1005c dpi=96/1 raw=96/1 win=6,718,169,758 client=6,718,169,758 visible=6,718,169,758
[JuiceRect] mapped hwnd=0x1005c win=6,718,169,758 client=6,718,169,758 visible=6,718,169,758
[JuiceGeom] changed hwnd=0x1005c flags=1817 ptr=0x10500dcd0 window=6,718,169,758 client=6,718,169,758 visible=6,718,169,758 surface=0x0 shown=1
[JuiceRect] input hwnd=0x10062 dpi=96/1 raw=96/1 win=175,718,338,758 client=175,718,338,758 visible=175,718,338,758
[JuiceRect] mapped hwnd=0x10062 win=175,718,338,758 client=175,718,338,758 visible=175,718,338,758
[JuiceGeom] changed hwnd=0x10062 flags=1817 ptr=0x10500dcd0 window=175,718,338,758 client=175,718,338,758 visible=175,718,338,758 surface=0x0 shown=1
[JuiceRect] input hwnd=0x10064 dpi=96/1 raw=96/1 win=344,718,507,758 client=344,718,507,758 visible=344,718,507,758
[JuiceRect] mapped hwnd=0x10064 win=344,718,507,758 client=344,718,507,758 visible=344,718,507,758
[JuiceGeom] changed hwnd=0x10064 flags=1817 ptr=0x10500dcd0 window=344,718,507,758 client=344,718,507,758 visible=344,718,507,758 surface=0x0 shown=1
[JuiceRect] input hwnd=0x10066 dpi=96/1 raw=96/1 win=513,718,676,758 client=513,718,676,758 visible=513,718,676,758
[JuiceRect] mapped hwnd=0x10066 win=513,718,676,758 client=513,718,676,758 visible=513,718,676,758
[JuiceGeom] changed hwnd=0x10066 flags=1817 ptr=0x10500dcd0 window=513,718,676,758 client=513,718,676,758 visible=513,718,676,758 surface=0x0 shown=1
[JuiceRect] input hwnd=0x10068 dpi=96/1 raw=96/1 win=682,718,845,758 client=682,718,845,758 visible=682,718,845,758
[JuiceRect] mapped hwnd=0x10068 win=682,718,845,758 client=682,718,845,758 visible=682,718,845,758
[JuiceGeom] changed hwnd=0x10068 flags=1817 ptr=0x10500dcd0 window=682,718,845,758 client=682,718,845,758 visible=682,718,845,758 surface=0x0 shown=1
[JuiceRect] input hwnd=0x1006a dpi=96/1 raw=96/1 win=851,718,1014,758 client=851,718,1014,758 visible=851,718,1014,758
[JuiceRect] mapped hwnd=0x1006a win=851,718,1014,758 client=851,718,1014,758 visible=851,718,1014,758
[JuiceGeom] changed DISPLAY_EVENT WINDOW pid=44698 hwnd=0x1005e rect=970,12 38x32 visible=1
DISPLAY_EVENT WINDOW pid=44698 hwnd=0x10060 rect=20,92 330x598 visible=1
DISPLAY_EVENT WINDOW pid=44698 hwnd=0x1005c rect=6,718 163x40 visible=1
hwnd=0x1006a flags=1817 ptr=0x10500dcd0 window=851,718,1014,758 client=851,718,1014,758 visible=851,718,1014,758 surface=0x0 shown=1
DISPLAY_EVENT WINDOW pid=44698 hwnd=0x10062 rect=175,718 163x40 visible=1
DISPLAY_EVENT WINDOW pid=44698 hwnd=0x10064 rect=344,718 163x40 visible=1
DISPLAY_EVENT WINDOW pid=44698 hwnd=0x10066 rect=513,718 163x40 visible=1
DISPLAY_EVENT WINDOW pid=44698 hwnd=0x10068 rect=682,718 163x40 visible=1
DISPLAY_EVENT WINDOW pid=44698 hwnd=0x1006a rect=851,718 163x40 visible=1
JUICE_GUI_FRAME_RECEIVED pid=44698 hwnd=0x10056 frame=1024x768 path=/var/mobile/Containers/Data/Application/2A4FE42F-DA40-4530-B5B1-96F7C5C63DEB/Documents/Juice-frame-44698.png
DISPLAY_EVENT FRAME pid=44698 hwnd=0x10056 size=1024x768 stride=4096 bytes=3145728 count=2
DISPLAY_EVENT FRAME pid=44698 hwnd=0x10056 size=1024x768 stride=4096 bytes=3145728 count=3
INSTALLED_APP_BROWSER_OPEN count=3
EXPERIMENTAL_X86_64 enabled=1
INSTALLED_APP_SELECTED machine=0x014c path=/var/mobile/Containers/Data/Application/2A4FE42F-DA40-4530-B5B1-96F7C5C63DEB/Documents/JuiceData/GrapePrefix-x86_64/drive_c/Program Files/Steam/Steam.exe
JUICE_TRANSLATION_RUNTIME_SAFETY_OK runtime=/private/var/containers/Bundle/Application/124F0A70-2EFF-40C7-B2F9-D71B571C9E11/Juice.app/Grape-X64 protocol=holes-disabled-v3-full-win32-reserve
PE_ARCH_DETECTED machine=0x014c arch=i386 runtime=Grape-X64 path=/var/mobile/Containers/Data/Application/2A4FE42F-DA40-4530-B5B1-96F7C5C63DEB/Documents/JuiceData/GrapePrefix-x86_64/drive_c/Program Files/Steam/Steam.exe
PROCESS_GROUP_STOP reason=new-launch child_pgid=44693 server_pgid=44692 wineserver_kill=0 status=256
PREFIX_HEALTH_OK marker=valid registry=valid prefix=/var/mobile/Containers/Data/Application/2A4FE42F-DA40-4530-B5B1-96F7C5C63DEB/Documents/JuiceData/GrapePrefix-x86_64
PREFIX_DRIVE_LINKS c=1 z=1 c_error=none z_error=none
PREFIX_WIN32_RUNTIME_LINKS count=103 syswow64=/var/mobile/Containers/Data/Application/2A4FE42F-DA40-4530-B5B1-96F7C5C63DEB/Documents/JuiceData/GrapePrefix-x86_64/drive_c/windows/syswow64
RUNTIME_SELECTED runtime=Grape-X64 prefix=/var/mobile/Containers/Data/Application/2A4FE42F-DA40-4530-B5B1-96F7C5C63DEB/Documents/JuiceData/GrapePrefix-x86_64
PREFIX_RUNTIME_LINKS count=9 system32=/var/mobile/Containers/Data/Application/2A4FE42F-DA40-4530-B5B1-96F7C5C63DEB/Documents/JuiceData/GrapePrefix-x86_64/drive_c/windows/system32
PREFIX_APISET_READY path=/var/mobile/Containers/Data/Application/2A4FE42F-DA40-4530-B5B1-96F7C5C63DEB/Documents/JuiceData/GrapePrefix-x86_64/drive_c/windows/system32/apisetschema.dll existing=1
Wine server: 0 pid=44708 pgid=44708

GUI launch /var/mobile/Containers/Data/Application/2A4FE42F-DA40-4530-B5B1-96F7C5C63DEB/Documents/JuiceData/GrapePrefix-x86_64/drive_c/Program Files/Steam/Steam.exe: 0 pid=44709 pgid=44709 generation=4
[JuiceWine parent] bundle libraries path=/private/var/containers/Bundle/Application/124F0A70-2EFF-40C7-B2F9-D71B571C9E11/Juice.app/Libraries:/var/jb/usr/lib
[JuiceWine parent] launching /private/var/containers/Bundle/Application/124F0A70-2EFF-40C7-B2F9-D71B571C9E11/Juice.app/Grape-X64/build/wine-ios/loader/wine
[JuiceWine parent] child PID=44710
[JuiceWine] iOS low-VA release start=0x10000 end=0x100000000 status=0 OK
JUICE_LOWVA_HOLELIST_OK old_reuse=0 new_reuse=1 allocator=entry-list
JUICE_LOWVA_HELPER_BEGIN path=/private/var/containers/Bundle/Application/124F0A70-2EFF-40C7-B2F9-D71B571C9E11/Juice.app/Grape-X64/tools/juice-lowva-helper target_pid=44710 root_persona=1
JUICE_LOWVA_KERNEL_MIN_OK pid=44710 task=0xffffffdff28bf9d8 map=0xffffffdc0a923a00 old=0x102064000 new=0x10000 max=0x2d8000000 already=0
Failed to initialize IOSurface primitives, add "IOSurfaceRootUserClient" to the "com.apple.security.exception.iokit-user-client-class" dictionary of the entitlements from "/private/var/containers/Bundle/Application/124F0A70-2EFF-40C7-B2F9-D71B571C9E11/Juice.app/Grape-X64/tools/juice-lowva-helper" to fix this. Due to this, the kalloc, kmap and kcall primitives will not work.
JUICE_LOWVA_ATOMIC_RESERVE_OK start=0x10000 end=0x80000000 size=0x7fff0000
JUICE_LOWVA_WIN32_2G_RESERVE_OK start=0x10000 end=0x80000000
JUICE_LOWVA_HELPER_OK target_pid=44710
JUICE_LOWVA_KERNEL_PROBE_OK address=0x20000 size=0x4000
JUICE_LOWVA_READY target_pid=44710
[JuiceLowVA] MAP_FIXED enabled start=0x10000 size=0x67ff0000 prot=0 failures=0
[JuiceWine] PT_TRACE_ME succeeded; csflags=0x32007005 CS_DEBUGGED=YES
[JuiceWine] requesting controlled tracer detach
[JuiceWine parent] child stopped pid=44710 signal=17 (Suspended (signal): 17)
[JuiceWine parent] PT_DETACH pid=44710 result=0
[JuiceWine parent] child now running untraced
[JuiceWine] resumed after tracer detach; csflags=0x32007005 CS_DEBUGGED=YES
[JuiceStage] wineboot disabled by JUICE_SKIP_WINEBOOT=1
[JuiceWine] host-page expanding executable section .text: section=0x401000 mapping=0x400000 size=3031040
[JuiceWine] anonymous PE executable section .text at 0x400000 size=3031040
[JuiceStage] loading Windows ntdll; transfer=0x54d26d teb=0x7ffe8000 peb=0x7ffec000
[JuiceHybrid] open name=/private/var/containers/Bundle/Application/124F0A70-2EFF-40C7-B2F9-D71B571C9E11/Juice.app/Grape-X64/build/wine-ios/dlls/ntdll/aarch64-windows/ntdll.dll machine=aa64 status=00000000
[JuiceWine] anonymous PE executable section .text at 0x2d7970000 size=983040
[JuiceWine] anonymous PE executable section .hexpthk at 0x2d7a60000 size=65536
[JuiceHybrid] map name=/private/var/containers/Bundle/Application/124F0A70-2EFF-40C7-B2F9-D71B571C9E11/Juice.app/Grape-X64/build/wine-ios/dlls/ntdll/aarch64-windows/ntdll.dll status=40000003 module=0x2d7960000 size=6a0000
[JuiceStage] load_ntdll returned; transfer=0x54d26d
[JuiceHybrid] open name=/private/var/containers/Bundle/Application/124F0A70-2EFF-40C7-B2F9-D71B571C9E11/Juice.app/Grape-X64/build/wine-ios/dlls/ntdll/i386-windows/ntdll.dll machine=0000 status=00000000
[JuiceWine] host-page expanding executable section .text: section=0x7bd91000 mapping=0x7bd90000 size=442368
[JuiceWine] anonymous PE executable section .text at 0x7bd90000 size=442368
[JuiceHybrid] map name=/private/var/containers/Bundle/Application/124F0A70-2EFF-40C7-B2F9-D71B571C9E11/Juice.app/Grape-X64/build/wine-ios/dlls/ntdll/i386-windows/ntdll.dll status=00000000 module=0x7bd90000 size=252000
[JuiceStage] load_wow64_ntdll returned
[JuiceStage] calling load_apiset_dll
[JuiceStage] load_apiset_dll returned; stack_base=0x10020fd20 stack_limit=0x100118000
[JuiceStage] calling server_init_process_done
[JuiceStage] server_init_process_done entered
[JuiceStage] calling signal_init_process; teb=0x7ffe8000
[JuiceStage] signal_init_process returned
[JuiceStage] init_teb_data returned; syscall_frame=0x10010fcd0 stack_base=0x10020fd20 stack_limit=0x100118000
[JuiceStage] init_process_done server call returned; status=00000000 suspend=0 transfer=0x54d26d teb=0x7ffe8000 peb=0x7ffec000
[JuiceStage] calling signal_start_thread
[JuiceStage] init_syscall_frame entered; entry=0x54d26d arg=0x7ffec000 teb=0x7ffe8000 data=0x100000000 frame=0x10010fcd0 stack_base=0x10020fd20 stack_limit=0x100118000
[JuiceStage] calling signal_set_full_context; ctx=0x10020f990 target_pc=0x2d79c9650 target_sp=0x10020fd20 target_x18=0x7ffe8000 LdrInitializeThunk=0x2d79c9670 RtlUserThreadStart=0x2d79c9650
[JuiceStage] signal_set_full_context returned; status=00000000 frame_pc=0x2d79c9650 frame_sp=0x10020fd20 frame_x18=0x7ffe8000 restore=00400007
[JuiceStage] init_syscall_frame complete; dispatcher_pc=0x2d79c9670 user_sp=0x10020f990 x16=0x2d79c9670 x17=0x10020f990 x18=0x7ffe8000 restore=00400007
[JuiceX18] broad #1 pc=0x2d79a5920 fault=0x30 instr=f9401a48 x8=0x0 x16=0x2d79c9670 x17=0x10020f990 x18=0x0 teb=0x7ffe8000
[JuiceX18] broad #2 pc=0x2d79ce748 fault=0x30 instr=f9401a48 x8=0x0 x16=0x2d79a5920 x17=0x10020f990 x18=0x0 teb=0x7ffe8000
[JuiceX18] broad #3 pc=0x2d79d0344 fault=0x30 instr=f9401a59 x8=0x10020f770 x16=0x2d79ce748 x17=0x10020f990 x18=0x0 teb=0x7ffe8000
[JuiceX18] broad #4 pc=0x2d79d037c fault=0x30 instr=f9401a4a x8=0x10020f770 x16=0x2d79d0344 x17=0x10020f990 x18=0x0 teb=0x7ffe8000
[JuiceX18] broad #5 pc=0x102345864 fault=0x378 instr=f941be4a x8=0x18 x16=0x102345860 x17=0x10020f990 x18=0x0 teb=0x7ffe8000
[JuiceX18] broad #6 pc=0x2d79d0e88 fault=0x30 instr=f9401a48 x8=0x0 x16=0x2d79c7554 x17=0x10020f760 x18=0x0 teb=0x7ffe8000
[JuiceX18] broad #7 pc=0x102345864 fault=0x378 instr=f941be4a x8=0x18 x16=0x102345860 x17=0x10020f990 x18=0x0 teb=0x7ffe8000
[JuiceX18] broad #8 pc=0x2d79d0344 fault=0x30 instr=f9401a59 x8=0x10020f7c0 x16=0x2d79c7554 x17=0x10020f790 x18=0x0 teb=0x7ffe8000
[JuiceX18] broad #9 pc=0x2d79d02b4 fault=0x30 instr=f9401a54 x8=0x10020f0f1 x16=0x5c5c x17=0x10020f0f0 x18=0x0 teb=0x7ffe8000
[JuiceX18] broad #10 pc=0x2d79972ec fault=0x30 instr=f9401a48 x8=0x0 x16=0x2d79d02b4 x17=0x10020f990 x18=0x0 teb=0x7ffe8000
[JuiceX18] broad #11 pc=0x2d79c0744 fault=0x30 instr=f9401a48 x8=0x0 x16=0x2d79c7b74 x17=0x10020f4d0 x18=0x0 teb=0x7ffe8000
[JuiceX18] broad #12 pc=0x2d7997bac fault=0x30 instr=f9401a48 x8=0x0 x16=0x5c5c x17=0x10020f3cc x18=0x0 teb=0x7ffe8000
[JuiceX18] broad #13 pc=0x2d7997c34 fault=0x30 instr=f9401a48 x8=0x0 x16=0x2d7997bac x17=0x10020f990 x18=0x0 teb=0x7ffe8000
[JuiceX18] broad #14 pc=0x2d7997c34 fault=0x30 instr=f9401a48 x8=0x0 x16=0x2d7997c34 x17=0x10020f990 x18=0x0 teb=0x7ffe8000
[JuiceX18] broad #15 pc=0x2d79d0344 fault=0x30 instr=f9401a59 x8=0x10020f3f0 x16=0x2d79c7914 x17=0x10020f470 x18=0x0 teb=0x7ffe8000
[JuiceX18] broad #16 pc=0x102345864 fault=0x378 instr=f941be4a x8=0x17 x16=0x102345860 x17=0x10020f470 x18=0x0 teb=0x7ffe8000
[JuiceX18] broad #17 pc=0x2d79d0344 fault=0x30 instr=f9401a59 x8=0x10020f6e0 x16=0x2d79c7d54 x17=0x10020f800 x18=0x0 teb=0x7ffe8000
[JuiceHybrid] open name=/private/var/containers/Bundle/Application/124F0A70-2EFF-40C7-B2F9-D71B571C9E11/Juice.app/Grape-X64/build/wine-ios/dlls/wow64/aarch64-windows/wow64.dll machine=0000 status=c0000135
[JuiceHybrid] open name=/private/var/containers/Bundle/Application/124F0A70-2EFF-40C7-B2F9-D71B571C9E11/Juice.app/Grape-X64/build/wine-ios/programs/wow64.dll/aarch64-windows/wow64.dll machine=0000 status=c0000135
[JuiceHybrid] open name=/private/var/containers/Bundle/Application/124F0A70-2EFF-40C7-B2F9-D71B571C9E11/Juice.app/Grape-X64/runtime/lib/wine/aarch64-windows/wow64.dll machine=0000 status=00000000
[JuiceWine] anonymous PE executable section .text at 0x2d7850000 size=131072
[JuiceHybrid] map name=/private/var/containers/Bundle/Application/124F0A70-2EFF-40C7-B2F9-D71B571C9E11/Juice.app/Grape-X64/runtime/lib/wine/aarch64-windows/wow64.dll status=40000003 module=0x2d7840000 size=120000
[JuiceX18] broad #18 pc=0x2d79a2c68 fault=0x30 instr=f9401a48 x8=0x0 x16=0x2d79c7754 x17=0x10020f640 x18=0x0 teb=0x7ffe8000
[JuiceX18] broad #19 pc=0x2d79a9544 fault=0x30 instr=f9401a49 x8=0xb x16=0x2d79a2c68 x17=0x10020f990 x18=0x0 teb=0x7ffe8000
[JuiceX18] broad #20 pc=0x2d79ce748 fault=0x30 instr=f9401a48 x8=0x0 x16=0x2d79a9544 x17=0x10020f990 x18=0x0 teb=0x7ffe8000
[JuiceX18] broad #21 pc=0x102345864 fault=0x378 instr=f941be4a x8=0x50 x16=0x102345860 x17=0x10020f990 x18=0x0 teb=0x7ffe8000
[JuiceX18] broad #22 pc=0x102345864 fault=0x378 instr=f941be4a x8=0x50 x16=0x102345860 x17=0x10020f570 x18=0x0 teb=0x7ffe8000
[JuiceX18] broad #23 pc=0x2d79a9e7c fault=0x30 instr=f9401a49 x8=0x42 x16=0x2d79c7c54 x17=0x10020f570 x18=0x0 teb=0x7ffe8000
[JuiceX18] broad #24 pc=0x2d79aa124 fault=0x30 instr=f9401a48 x8=0x0 x16=0x2d79a9e7c x17=0x10020f990 x18=0x0 teb=0x7ffe8000
[JuiceX18] broad #25 pc=0x2d79d02b4 fault=0x30 instr=f9401a54 x8=0x5 x16=0x2d79aa124 x17=0x10020f990 x18=0x0 teb=0x7ffe8000
[JuiceX18] broad #26 pc=0x2d79a86c8 fault=0x30 instr=f9401a48 x8=0x0 x16=0x2d79d02b4 x17=0x10020f990 x18=0x0 teb=0x7ffe8000
[JuiceX18] broad #27 pc=0x2d79d02b4 fault=0x30 instr=f9401a54 x8=0x10020edb0 x16=0x5c5c x17=0x10020edaf x18=0x0 teb=0x7ffe8000
[JuiceX18] broad #28 pc=0x2d79d0344 fault=0x30 instr=f9401a59 x8=0x10020eed0 x16=0x2d79d02b4 x17=0x10020f990 x18=0x0 teb=0x7ffe8000
[JuiceX18] broad #29 pc=0x2d79d0344 fault=0x30 instr=f9401a59 x8=0x10020f1f0 x16=0x2d79c7c54 x17=0x10020f210 x18=0x0 teb=0x7ffe8000
[JuiceX18] broad #30 pc=0x102345864 fault=0x378 instr=f941be4a x8=0xd1 x16=0x102345860 x17=0x10020f640 x18=0x0 teb=0x7ffe8000
[JuiceX18] broad #31 pc=0x2d79975a0 fault=0x30 instr=f9401a48 x8=0x0 x16=0x2d79c7574 x17=0x10020f3c0 x18=0x0 teb=0x7ffe8000
[JuiceHybrid] open name=/private/var/containers/Bundle/Application/124F0A70-2EFF-40C7-B2F9-D71B571C9E11/Juice.app/Grape-X64/build/wine-ios/dlls/libwow64fex/aarch64-windows/libwow64fex.dll machine=0000 status=c0000135
[JuiceHybrid] open name=/private/var/containers/Bundle/Application/124F0A70-2EFF-40C7-B2F9-D71B571C9E11/Juice.app/Grape-X64/build/wine-ios/programs/libwow64fex.dll/aarch64-windows/libwow64fex.dll machine=0000 status=c0000135
[JuiceHybrid] open name=/private/var/containers/Bundle/Application/124F0A70-2EFF-40C7-B2F9-D71B571C9E11/Juice.app/Grape-X64/runtime/lib/wine/aarch64-windows/libwow64fex.dll machine=0000 status=00000000
[JuiceWine] host-page expanding executable section .text: section=0x2d74c1000 mapping=0x2d74c0000 size=1916928
[JuiceWine] anonymous PE executable section .text at 0x2d74c0000 size=1916928
[JuiceHybrid] map name=/private/var/containers/Bundle/Application/124F0A70-2EFF-40C7-B2F9-D71B571C9E11/Juice.app/Grape-X64/runtime/lib/wine/aarch64-windows/libwow64fex.dll status=40000003 module=0x2d74c0000 size=37d000
[JuiceX18] broad #32 pc=0x2d79a2c68 fault=0x30 instr=f9401a48 x8=0x0 x16=0x2d79c7754 x17=0x10020efa0 x18=0x0 teb=0x7ffe8000
[JuiceX18] trampoline #1 retry=0x2d79a2c68 restored_x17=0x10010fcd0 teb=0x7ffe8000
[JuiceHybrid] open name=/private/var/containers/Bundle/Application/124F0A70-2EFF-40C7-B2F9-D71B571C9E11/Juice.app/Grape-X64/build/wine-ios/dlls/wow64win/aarch64-windows/wow64win.dll machine=0000 status=c0000135
[JuiceHybrid] open name=/private/var/containers/Bundle/Application/124F0A70-2EFF-40C7-B2F9-D71B571C9E11/Juice.app/Grape-X64/build/wine-ios/programs/wow64win.dll/aarch64-windows/wow64win.dll machine=0000 status=c0000135
[JuiceHybrid] open name=/private/var/containers/Bundle/Application/124F0A70-2EFF-40C7-B2F9-D71B571C9E11/Juice.app/Grape-X64/runtime/lib/wine/aarch64-windows/wow64win.dll machine=0000 status=00000000
[JuiceWine] anonymous PE executable section .text at 0x2d73a0000 size=65536
[JuiceHybrid] map name=/private/var/containers/Bundle/Application/124F0A70-2EFF-40C7-B2F9-D71B571C9E11/Juice.app/Grape-X64/runtime/lib/wine/aarch64-windows/wow64win.dll status=40000003 module=0x2d7390000 size=130000
[JuiceHybrid] open name=/private/var/containers/Bundle/Application/124F0A70-2EFF-40C7-B2F9-D71B571C9E11/Juice.app/Grape-X64/build/wine-ios/dlls/win32u/aarch64-windows/win32u.dll machine=0000 status=c0000135
[JuiceHybrid] open name=/private/var/containers/Bundle/Application/124F0A70-2EFF-40C7-B2F9-D71B571C9E11/Juice.app/Grape-X64/build/wine-ios/programs/win32u.dll/aarch64-windows/win32u.dll machine=0000 status=c0000135
[JuiceHybrid] open name=/private/var/containers/Bundle/Application/124F0A70-2EFF-40C7-B2F9-D71B571C9E11/Juice.app/Grape-X64/runtime/lib/wine/aarch64-windows/win32u.dll machine=0000 status=00000000
[JuiceWine] anonymous PE executable section .text at 0x2d7270000 size=262144
[JuiceWine] anonymous PE executable section .hexpthk at 0x2d72b0000 size=65536
[JuiceHybrid] map name=/private/var/containers/Bundle/Application/124F0A70-2EFF-40C7-B2F9-D71B571C9E11/Juice.app/Grape-X64/runtime/lib/wine/aarch64-windows/win32u.dll status=40000003 module=0x2d7260000 size=130000
starting FEX based libwow64fex.dll
[JuiceWine] redirected KUSER_SHARED_DATA fault addr=0x7ffe0320 pc=0x2ccbfc044 to 0x17ffe0000
[JuiceHybrid] open name=/private/var/containers/Bundle/Application/124F0A70-2EFF-40C7-B2F9-D71B571C9E11/Juice.app/Grape-X64/build/wine-ios/dlls/kernel32/i386-windows/kernel32.dll machine=0000 status=c0000135
[JuiceHybrid] open name=/private/var/containers/Bundle/Application/124F0A70-2EFF-40C7-B2F9-D71B571C9E11/Juice.app/Grape-X64/build/wine-ios/programs/kernel32.dll/i386-windows/kernel32.dll machine=0000 status=c0000135
[JuiceHybrid] open name=/private/var/containers/Bundle/Application/124F0A70-2EFF-40C7-B2F9-D71B571C9E11/Juice.app/Grape-X64/runtime/lib/wine/i386-windows/kernel32.dll machine=0000 status=00000000
[JuiceWine] host-page expanding executable section .text: section=0x7bc61000 mapping=0x7bc60000 size=180224
[JuiceWine] anonymous PE executable section .text at 0x7bc60000 size=180224
[JuiceHybrid] map name=/private/var/containers/Bundle/Application/124F0A70-2EFF-40C7-B2F9-D71B571C9E11/Juice.app/Grape-X64/runtime/lib/wine/i386-windows/kernel32.dll status=00000000 module=0x7bc60000 size=115000
[JuiceHybrid] open name=/private/var/containers/Bundle/Application/124F0A70-2EFF-40C7-B2F9-D71B571C9E11/Juice.app/Grape-X64/build/wine-ios/dlls/kernelbase/i386-windows/kernelbase.dll machine=0000 status=c0000135
[JuiceHybrid] open name=/private/var/containers/Bundle/Application/124F0A70-2EFF-40C7-B2F9-D71B571C9E11/Juice.app/Grape-X64/build/wine-ios/programs/kernelbase.dll/i386-windows/kernelbase.dll machine=0000 status=c0000135
[JuiceHybrid] open name=/private/var/containers/Bundle/Application/124F0A70-2EFF-40C7-B2F9-D71B571C9E11/Juice.app/Grape-X64/runtime/lib/wine/i386-windows/kernelbase.dll machine=0000 status=00000000
[JuiceWine] host-page expanding executable section .text: section=0x7b991000 mapping=0x7b990000 size=442368
[JuiceWine] anonymous PE executable section .text at 0x7b990000 size=442368
[JuiceHybrid] map name=/private/var/containers/Bundle/Application/124F0A70-2EFF-40C7-B2F9-D71B571C9E11/Juice.app/Grape-X64/runtime/lib/wine/i386-windows/kernelbase.dll status=00000000 module=0x7b990000 size=2b2000
[JuiceHybrid] open name=/private/var/containers/Bundle/Application/124F0A70-2EFF-40C7-B2F9-D71B571C9E11/Juice.app/Grape-X64/build/wine-ios/dlls/user32/i386-windows/user32.dll machine=0000 status=c0000135
[JuiceHybrid] open name=/private/var/containers/Bundle/Application/124F0A70-2EFF-40C7-B2F9-D71B571C9E11/Juice.app/Grape-X64/build/wine-ios/programs/user32.dll/i386-windows/user32.dll machine=0000 status=c0000135
[JuiceHybrid] open name=/private/var/containers/Bundle/Application/124F0A70-2EFF-40C7-B2F9-D71B571C9E11/Juice.app/Grape-X64/runtime/lib/wine/i386-windows/user32.dll machine=0000 status=00000000
[JuiceWine] host-page expanding executable section .text: section=0x7b5b1000 mapping=0x7b5b0000 size=540672
[JuiceWine] anonymous PE executable section .text at 0x7b5b0000 size=540672
[JuiceHybrid] map name=/private/var/containers/Bundle/Application/124F0A70-2EFF-40C7-B2F9-D71B571C9E11/Juice.app/Grape-X64/runtime/lib/wine/i386-windows/user32.dll status=00000000 module=0x7b5b0000 size=3c2000
[JuiceHybrid] open name=/private/var/containers/Bundle/Application/124F0A70-2EFF-40C7-B2F9-D71B571C9E11/Juice.app/Grape-X64/build/wine-ios/dlls/gdi32/i386-windows/gdi32.dll machine=0000 status=c0000135
[JuiceHybrid] open name=/private/var/containers/Bundle/Application/124F0A70-2EFF-40C7-B2F9-D71B571C9E11/Juice.app/Grape-X64/build/wine-ios/programs/gdi32.dll/i386-windows/gdi32.dll machine=0000 status=c0000135
[JuiceHybrid] open name=/private/var/containers/Bundle/Application/124F0A70-2EFF-40C7-B2F9-D71B571C9E11/Juice.app/Grape-X64/runtime/lib/wine/i386-windows/gdi32.dll machine=0000 status=00000000
[JuiceWine] host-page expanding executable section .text: section=0x7b431000 mapping=0x7b430000 size=294912
[JuiceWine] anonymous PE executable section .text at 0x7b430000 size=294912
[JuiceHybrid] map name=/private/var/containers/Bundle/Application/124F0A70-2EFF-40C7-B2F9-D71B571C9E11/Juice.app/Grape-X64/runtime/lib/wine/i386-windows/gdi32.dll status=00000000 module=0x7b430000 size=167000
[JuiceHybrid] open name=/private/var/containers/Bundle/Application/124F0A70-2EFF-40C7-B2F9-D71B571C9E11/Juice.app/Grape-X64/build/wine-ios/dlls/advapi32/i386-windows/advapi32.dll machine=0000 status=c0000135
[JuiceHybrid] open name=/private/var/containers/Bundle/Application/124F0A70-2EFF-40C7-B2F9-D71B571C9E11/Juice.app/Grape-X64/build/wine-ios/programs/advapi32.dll/i386-windows/advapi32.dll machine=0000 status=c0000135
[JuiceHybrid] open name=/private/var/containers/Bundle/Application/124F0A70-2EFF-40C7-B2F9-D71B571C9E11/Juice.app/Grape-X64/runtime/lib/wine/i386-windows/advapi32.dll machine=0000 status=00000000
[JuiceWine] host-page expanding executable section .text: section=0x7b371000 mapping=0x7b370000 size=131072
[JuiceWine] anonymous PE executable section .text at 0x7b370000 size=131072
[JuiceHybrid] map name=/private/var/containers/Bundle/Application/124F0A70-2EFF-40C7-B2F9-D71B571C9E11/Juice.app/Grape-X64/runtime/lib/wine/i386-windows/advapi32.dll status=00000000 module=0x7b370000 size=a8000
[JuiceHybrid] open name=/private/var/containers/Bundle/Application/124F0A70-2EFF-40C7-B2F9-D71B571C9E11/Juice.app/Grape-X64/build/wine-ios/dlls/sechost/i386-windows/sechost.dll machine=0000 status=c0000135
[JuiceHybrid] open name=/private/var/containers/Bundle/Application/124F0A70-2EFF-40C7-B2F9-D71B571C9E11/Juice.app/Grape-X64/build/wine-ios/programs/sechost.dll/i386-windows/sechost.dll machine=0000 status=c0000135
[JuiceHybrid] open name=/private/var/containers/Bundle/Application/124F0A70-2EFF-40C7-B2F9-D71B571C9E11/Juice.app/Grape-X64/runtime/lib/wine/i386-windows/sechost.dll machine=0000 status=00000000
[JuiceWine] host-page expanding executable section .text: section=0x7b311000 mapping=0x7b310000 size=65536
[JuiceWine] anonymous PE executable section .text at 0x7b310000 size=65536
[JuiceHybrid] map name=/private/var/containers/Bundle/Application/124F0A70-2EFF-40C7-B2F9-D71B571C9E11/Juice.app/Grape-X64/runtime/lib/wine/i386-windows/sechost.dll status=00000000 module=0x7b310000 size=4f000
[JuiceHybrid] open name=/private/var/containers/Bundle/Application/124F0A70-2EFF-40C7-B2F9-D71B571C9E11/Juice.app/Grape-X64/build/wine-ios/dlls/ucrtbase/i386-windows/ucrtbase.dll machine=0000 status=c0000135
[JuiceHybrid] open name=/private/var/containers/Bundle/Application/124F0A70-2EFF-40C7-B2F9-D71B571C9E11/Juice.app/Grape-X64/build/wine-ios/programs/ucrtbase.dll/i386-windows/ucrtbase.dll machine=0000 status=c0000135
[JuiceHybrid] open name=/private/var/containers/Bundle/Application/124F0A70-2EFF-40C7-B2F9-D71B571C9E11/Juice.app/Grape-X64/runtime/lib/wine/i386-windows/ucrtbase.dll machine=0000 status=00000000
[JuiceWine] host-page expanding executable section .text: section=0x7b081000 mapping=0x7b080000 size=622592
[JuiceWine] anonymous PE executable section .text at 0x7b080000 size=622592
[JuiceHybrid] map name=/private/var/containers/Bundle/Application/124F0A70-2EFF-40C7-B2F9-D71B571C9E11/Juice.app/Grape-X64/runtime/lib/wine/i386-windows/ucrtbase.dll status=00000000 module=0x7b080000 size=27c000
[JuiceHybrid] open name=/private/var/containers/Bundle/Application/124F0A70-2EFF-40C7-B2F9-D71B571C9E11/Juice.app/Grape-X64/build/wine-ios/dlls/msvcrt/i386-windows/msvcrt.dll machine=0000 status=c0000135
[JuiceHybrid] open name=/private/var/containers/Bundle/Application/124F0A70-2EFF-40C7-B2F9-D71B571C9E11/Juice.app/Grape-X64/build/wine-ios/programs/msvcrt.dll/i386-windows/msvcrt.dll machine=0000 status=c0000135
[JuiceHybrid] open name=/private/var/containers/Bundle/Application/124F0A70-2EFF-40C7-B2F9-D71B571C9E11/Juice.app/Grape-X64/runtime/lib/wine/i386-windows/msvcrt.dll machine=0000 status=00000000
[JuiceWine] host-page expanding executable section .text: section=0x7ae71000 mapping=0x7ae70000 size=491520
[JuiceWine] anonymous PE executable section .text at 0x7ae70000 size=491520
[JuiceHybrid] map name=/private/var/containers/Bundle/Application/124F0A70-2EFF-40C7-B2F9-D71B571C9E11/Juice.app/Grape-X64/runtime/lib/wine/i386-windows/msvcrt.dll status=00000000 module=0x7ae70000 size=1fe000
[JuiceHybrid] open name=/private/var/containers/Bundle/Application/124F0A70-2EFF-40C7-B2F9-D71B571C9E11/Juice.app/Grape-X64/build/wine-ios/dlls/win32u/i386-windows/win32u.dll machine=0000 status=c0000135
[JuiceHybrid] open name=/private/var/containers/Bundle/Application/124F0A70-2EFF-40C7-B2F9-D71B571C9E11/Juice.app/Grape-X64/build/wine-ios/programs/win32u.dll/i386-windows/win32u.dll machine=0000 status=c0000135
[JuiceHybrid] open name=/private/var/containers/Bundle/Application/124F0A70-2EFF-40C7-B2F9-D71B571C9E11/Juice.app/Grape-X64/runtime/lib/wine/i386-windows/win32u.dll machine=0000 status=00000000
[JuiceWine] host-page expanding executable section .text: section=0x7ae21000 mapping=0x7ae20000 size=81920
[JuiceWine] anonymous PE executable section .text at 0x7ae20000 size=81920
[JuiceHybrid] map name=/private/var/containers/Bundle/Application/124F0A70-2EFF-40C7-B2F9-D71B571C9E11/Juice.app/Grape-X64/runtime/lib/wine/i386-windows/win32u.dll status=00000000 module=0x7ae20000 size=39000
[JuiceHybrid] open name=/private/var/containers/Bundle/Application/124F0A70-2EFF-40C7-B2F9-D71B571C9E11/Juice.app/Grape-X64/build/wine-ios/dlls/shell32/i386-windows/shell32.dll machine=0000 status=c0000135
[JuiceHybrid] open name=/private/var/containers/Bundle/Application/124F0A70-2EFF-40C7-B2F9-D71B571C9E11/Juice.app/Grape-X64/build/wine-ios/programs/shell32.dll/i386-windows/shell32.dll machine=0000 status=c0000135
[JuiceHybrid] open name=/private/var/containers/Bundle/Application/124F0A70-2EFF-40C7-B2F9-D71B571C9E11/Juice.app/Grape-X64/runtime/lib/wine/i386-windows/shell32.dll machine=0000 status=00000000
[JuiceWine] host-page expanding executable section .text: section=0x7a321000 mapping=0x7a320000 size=475136
[JuiceWine] anonymous PE executable section .text at 0x7a320000 size=475136
[JuiceHybrid] map name=/private/var/containers/Bundle/Application/124F0A70-2EFF-40C7-B2F9-D71B571C9E11/Juice.app/Grape-X64/runtime/lib/wine/i386-windows/shell32.dll status=00000000 module=0x7a320000 size=ae2000
[JuiceHybrid] open name=/private/var/containers/Bundle/Application/124F0A70-2EFF-40C7-B2F9-D71B571C9E11/Juice.app/Grape-X64/build/wine-ios/dlls/shlwapi/i386-windows/shlwapi.dll machine=0000 status=c0000135
[JuiceHybrid] open name=/private/var/containers/Bundle/Application/124F0A70-2EFF-40C7-B2F9-D71B571C9E11/Juice.app/Grape-X64/build/wine-ios/programs/shlwapi.dll/i386-windows/shlwapi.dll machine=0000 status=c0000135
[JuiceHybrid] open name=/private/var/containers/Bundle/Application/124F0A70-2EFF-40C7-B2F9-D71B571C9E11/Juice.app/Grape-X64/runtime/lib/wine/i386-windows/shlwapi.dll machine=0000 status=00000000
[JuiceWine] host-page expanding executable section .text: section=0x7a261000 mapping=0x7a260000 size=114688
[JuiceWine] anonymous PE executable section .text at 0x7a260000 size=114688
[JuiceHybrid] map name=/private/var/containers/Bundle/Application/124F0A70-2EFF-40C7-B2F9-D71B571C9E11/Juice.app/Grape-X64/runtime/lib/wine/i386-windows/shlwapi.dll status=00000000 module=0x7a260000 size=a7000
[JuiceHybrid] open name=/private/var/containers/Bundle/Application/124F0A70-2EFF-40C7-B2F9-D71B571C9E11/Juice.app/Grape-X64/build/wine-ios/dlls/shcore/i386-windows/shcore.dll machine=0000 status=c0000135
[JuiceHybrid] open name=/private/var/containers/Bundle/Application/124F0A70-2EFF-40C7-B2F9-D71B571C9E11/Juice.app/Grape-X64/build/wine-ios/programs/shcore.dll/i386-windows/shcore.dll machine=0000 status=c0000135
[JuiceHybrid] open name=/private/var/containers/Bundle/Application/124F0A70-2EFF-40C7-B2F9-D71B571C9E11/Juice.app/Grape-X64/runtime/lib/wine/i386-windows/shcore.dll machine=0000 status=00000000
[JuiceWine] host-page expanding executable section .text: section=0x7a221000 mapping=0x7a220000 size=49152
[JuiceWine] anonymous PE executable section .text at 0x7a220000 size=49152
[JuiceHybrid] map name=/private/var/containers/Bundle/Application/124F0A70-2EFF-40C7-B2F9-D71B571C9E11/Juice.app/Grape-X64/runtime/lib/wine/i386-windows/shcore.dll status=00000000 module=0x7a220000 size=2f000
[JuiceHybrid] open name=/private/var/containers/Bundle/Application/124F0A70-2EFF-40C7-B2F9-D71B571C9E11/Juice.app/Grape-X64/build/wine-ios/dlls/ole32/i386-windows/ole32.dll machine=0000 status=c0000135
[JuiceHybrid] open name=/private/var/containers/Bundle/Application/124F0A70-2EFF-40C7-B2F9-D71B571C9E11/Juice.app/Grape-X64/build/wine-ios/programs/ole32.dll/i386-windows/ole32.dll machine=0000 status=c0000135
[JuiceHybrid] open name=/private/var/containers/Bundle/Application/124F0A70-2EFF-40C7-B2F9-D71B571C9E11/Juice.app/Grape-X64/runtime/lib/wine/i386-windows/ole32.dll machine=0000 status=00000000
[JuiceWine] host-page expanding executable section .text: section=0x79fd1000 mapping=0x79fd0000 size=311296
[JuiceWine] anonymous PE executable section .text at 0x79fd0000 size=311296
[JuiceHybrid] map name=/private/var/containers/Bundle/Application/124F0A70-2EFF-40C7-B2F9-D71B571C9E11/Juice.app/Grape-X64/runtime/lib/wine/i386-windows/ole32.dll status=00000000 module=0x79fd0000 size=235000
[JuiceHybrid] open name=/private/var/containers/Bundle/Application/124F0A70-2EFF-40C7-B2F9-D71B571C9E11/Juice.app/Grape-X64/build/wine-ios/dlls/combase/i386-windows/combase.dll machine=0000 status=c0000135
[JuiceHybrid] open name=/private/var/containers/Bundle/Application/124F0A70-2EFF-40C7-B2F9-D71B571C9E11/Juice.app/Grape-X64/build/wine-ios/programs/combase.dll/i386-windows/combase.dll machine=0000 status=c0000135
[JuiceHybrid] open name=/private/var/containers/Bundle/Application/124F0A70-2EFF-40C7-B2F9-D71B571C9E11/Juice.app/Grape-X64/runtime/lib/wine/i386-windows/combase.dll machine=0000 status=00000000
[JuiceWine] host-page expanding executable section .text: section=0x79ec1000 mapping=0x79ec0000 size=163840
[JuiceWine] anonymous PE executable section .text at 0x79ec0000 size=163840
[JuiceHybrid] map name=/private/var/containers/Bundle/Application/124F0A70-2EFF-40C7-B2F9-D71B571C9E11/Juice.app/Grape-X64/runtime/lib/wine/i386-windows/combase.dll status=00000000 module=0x79ec0000 size=f6000
[JuiceHybrid] open name=/private/var/containers/Bundle/Application/124F0A70-2EFF-40C7-B2F9-D71B571C9E11/Juice.app/Grape-X64/build/wine-ios/dlls/rpcrt4/i386-windows/rpcrt4.dll machine=0000 status=c0000135
[JuiceHybrid] open name=/private/var/containers/Bundle/Application/124F0A70-2EFF-40C7-B2F9-D71B571C9E11/Juice.app/Grape-X64/build/wine-ios/programs/rpcrt4.dll/i386-windows/rpcrt4.dll machine=0000 status=c0000135
[JuiceHybrid] open name=/private/var/containers/Bundle/Application/124F0A70-2EFF-40C7-B2F9-D71B571C9E11/Juice.app/Grape-X64/runtime/lib/wine/i386-windows/rpcrt4.dll machine=0000 status=00000000
[JuiceWine] host-page expanding executable section .text: section=0x79d31000 mapping=0x79d30000 size=294912
[JuiceWine] anonymous PE executable section .text at 0x79d30000 size=294912
[JuiceHybrid] map name=/private/var/containers/Bundle/Application/124F0A70-2EFF-40C7-B2F9-D71B571C9E11/Juice.app/Grape-X64/runtime/lib/wine/i386-windows/rpcrt4.dll status=00000000 module=0x79d30000 size=17b000
[JuiceHybrid] open name=/private/var/containers/Bundle/Application/124F0A70-2EFF-40C7-B2F9-D71B571C9E11/Juice.app/Grape-X64/build/wine-ios/dlls/cryptbase/i386-windows/cryptbase.dll machine=0000 status=c0000135
[JuiceHybrid] open name=/private/var/containers/Bundle/Application/124F0A70-2EFF-40C7-B2F9-D71B571C9E11/Juice.app/Grape-X64/build/wine-ios/programs/cryptbase.dll/i386-windows/cryptbase.dll machine=0000 status=c0000135
[JuiceHybrid] open name=/private/var/containers/Bundle/Application/124F0A70-2EFF-40C7-B2F9-D71B571C9E11/Juice.app/Grape-X64/runtime/lib/wine/i386-windows/cryptbase.dll machine=0000 status=00000000
[JuiceWine] host-page expanding executable section .text: section=0x79d01000 mapping=0x79d00000 size=16384
[JuiceWine] anonymous PE executable section .text at 0x79d00000 size=16384
[JuiceHybrid] map name=/private/var/containers/Bundle/Application/124F0A70-2EFF-40C7-B2F9-D71B571C9E11/Juice.app/Grape-X64/runtime/lib/wine/i386-windows/cryptbase.dll status=00000000 module=0x79d00000 size=18000
[JuiceHybrid] open name=/private/var/containers/Bundle/Application/124F0A70-2EFF-40C7-B2F9-D71B571C9E11/Juice.app/Grape-X64/build/wine-ios/dlls/coml2/i386-windows/coml2.dll machine=0000 status=c0000135
[JuiceHybrid] open name=/private/var/containers/Bundle/Application/124F0A70-2EFF-40C7-B2F9-D71B571C9E11/Juice.app/Grape-X64/build/wine-ios/programs/coml2.dll/i386-windows/coml2.dll machine=0000 status=c0000135
[JuiceHybrid] open name=/private/var/containers/Bundle/Application/124F0A70-2EFF-40C7-B2F9-D71B571C9E11/Juice.app/Grape-X64/runtime/lib/wine/i386-windows/coml2.dll machine=0000 status=00000000
[JuiceWine] host-page expanding executable section .text: section=0x79ca1000 mapping=0x79ca0000 size=16384
[JuiceWine] anonymous PE executable section .text at 0x79ca0000 size=16384
[JuiceHybrid] map name=/private/var/containers/Bundle/Application/124F0A70-2EFF-40C7-B2F9-D71B571C9E11/Juice.app/Grape-X64/runtime/lib/wine/i386-windows/coml2.dll status=00000000 module=0x79ca0000 size=43000
[JuiceHybrid] open name=/private/var/containers/Bundle/Application/124F0A70-2EFF-40C7-B2F9-D71B571C9E11/Juice.app/Grape-X64/build/wine-ios/dlls/oleaut32/i386-windows/oleaut32.dll machine=0000 status=c0000135
[JuiceHybrid] open name=/private/var/containers/Bundle/Application/124F0A70-2EFF-40C7-B2F9-D71B571C9E11/Juice.app/Grape-X64/build/wine-ios/programs/oleaut32.dll/i386-windows/oleaut32.dll machine=0000 status=c0000135
[JuiceHybrid] open name=/private/var/containers/Bundle/Application/124F0A70-2EFF-40C7-B2F9-D71B571C9E11/Juice.app/Grape-X64/runtime/lib/wine/i386-windows/oleaut32.dll machine=0000 status=00000000
[JuiceWine] host-page expanding executable section .text: section=0x79a91000 mapping=0x79a90000 size=344064
[JuiceWine] anonymous PE executable section .text at 0x79a90000 size=344064
[JuiceHybrid] map name=/private/var/containers/Bundle/Application/124F0A70-2EFF-40C7-B2F9-D71B571C9E11/Juice.app/Grape-X64/runtime/lib/wine/i386-windows/oleaut32.dll status=00000000 module=0x79a90000 size=1f8000
[JuiceHybrid] open name=/private/var/containers/Bundle/Application/124F0A70-2EFF-40C7-B2F9-D71B571C9E11/Juice.app/Grape-X64/build/wine-ios/dlls/comctl32/i386-windows/comctl32.dll machine=0000 status=c0000135
[JuiceHybrid] open name=/private/var/containers/Bundle/Application/124F0A70-2EFF-40C7-B2F9-D71B571C9E11/Juice.app/Grape-X64/build/wine-ios/programs/comctl32.dll/i386-windows/comctl32.dll machine=0000 status=c0000135
[JuiceHybrid] open name=/private/var/containers/Bundle/Application/124F0A70-2EFF-40C7-B2F9-D71B571C9E11/Juice.app/Grape-X64/runtime/lib/wine/i386-windows/comctl32.dll machine=0000 status=00000000
[JuiceWine] host-page expanding executable section .text: section=0x79811000 mapping=0x79810000 size=491520
[JuiceWine] anonymous PE executable section .text at 0x79810000 size=491520
[JuiceHybrid] map name=/private/var/containers/Bundle/Application/124F0A70-2EFF-40C7-B2F9-D71B571C9E11/Juice.app/Grape-X64/runtime/lib/wine/i386-windows/comctl32.dll status=00000000 module=0x79810000 size=267000
[JuiceHybrid] open name=/private/var/containers/Bundle/Application/124F0A70-2EFF-40C7-B2F9-D71B571C9E11/Juice.app/Grape-X64/build/wine-ios/dlls/psapi/i386-windows/psapi.dll machine=0000 status=c0000135
[JuiceHybrid] open name=/private/var/containers/Bundle/Application/124F0A70-2EFF-40C7-B2F9-D71B571C9E11/Juice.app/Grape-X64/build/wine-ios/programs/psapi.dll/i386-windows/psapi.dll machine=0000 status=c0000135
[JuiceHybrid] open name=/private/var/containers/Bundle/Application/124F0A70-2EFF-40C7-B2F9-D71B571C9E11/Juice.app/Grape-X64/runtime/lib/wine/i386-windows/psapi.dll machine=0000 status=00000000
[JuiceWine] host-page expanding executable section .text: section=0x797f1000 mapping=0x797f0000 size=16384
[JuiceWine] anonymous PE executable section .text at 0x797f0000 size=16384
[JuiceHybrid] map name=/private/var/containers/Bundle/Application/124F0A70-2EFF-40C7-B2F9-D71B571C9E11/Juice.app/Grape-X64/runtime/lib/wine/i386-windows/psapi.dll status=00000000 module=0x797f0000 size=c000
[JuiceHybrid] open name=/private/var/containers/Bundle/Application/124F0A70-2EFF-40C7-B2F9-D71B571C9E11/Juice.app/Grape-X64/build/wine-ios/dlls/version/i386-windows/version.dll machine=0000 status=c0000135
[JuiceHybrid] open name=/private/var/containers/Bundle/Application/124F0A70-2EFF-40C7-B2F9-D71B571C9E11/Juice.app/Grape-X64/build/wine-ios/programs/version.dll/i386-windows/version.dll machine=0000 status=c0000135
[JuiceHybrid] open name=/private/var/containers/Bundle/Application/124F0A70-2EFF-40C7-B2F9-D71B571C9E11/Juice.app/Grape-X64/runtime/lib/wine/i386-windows/version.dll machine=0000 status=00000000
[JuiceWine] host-page expanding executable section .text: section=0x797c1000 mapping=0x797c0000 size=16384
[JuiceWine] anonymous PE executable section .text at 0x797c0000 size=16384
[JuiceHybrid] map name=/private/var/containers/Bundle/Application/124F0A70-2EFF-40C7-B2F9-D71B571C9E11/Juice.app/Grape-X64/runtime/lib/wine/i386-windows/version.dll status=00000000 module=0x797c0000 size=12000
[JuiceHybrid] open name=/private/var/containers/Bundle/Application/124F0A70-2EFF-40C7-B2F9-D71B571C9E11/Juice.app/Grape-X64/build/wine-ios/dlls/crypt32/i386-windows/crypt32.dll machine=0000 status=c0000135
[JuiceHybrid] open name=/private/var/containers/Bundle/Application/124F0A70-2EFF-40C7-B2F9-D71B571C9E11/Juice.app/Grape-X64/build/wine-ios/programs/crypt32.dll/i386-windows/crypt32.dll machine=0000 status=c0000135
[JuiceHybrid] open name=/private/var/containers/Bundle/Application/124F0A70-2EFF-40C7-B2F9-D71B571C9E11/Juice.app/Grape-X64/runtime/lib/wine/i386-windows/crypt32.dll machine=0000 status=00000000
[JuiceWine] host-page expanding executable section .text: section=0x795c1000 mapping=0x795c0000 size=360448
[JuiceWine] anonymous PE executable section .text at 0x795c0000 size=360448
[JuiceHybrid] map name=/private/var/containers/Bundle/Application/124F0A70-2EFF-40C7-B2F9-D71B571C9E11/Juice.app/Grape-X64/runtime/lib/wine/i386-windows/crypt32.dll status=00000000 module=0x795c0000 size=1ef000
[JuiceHybrid] open name=/private/var/containers/Bundle/Application/124F0A70-2EFF-40C7-B2F9-D71B571C9E11/Juice.app/Grape-X64/build/wine-ios/dlls/bcrypt/i386-windows/bcrypt.dll machine=0000 status=c0000135
[JuiceHybrid] open name=/private/var/containers/Bundle/Application/124F0A70-2EFF-40C7-B2F9-D71B571C9E11/Juice.app/Grape-X64/build/wine-ios/programs/bcrypt.dll/i386-windows/bcrypt.dll machine=0000 status=c0000135
[JuiceHybrid] open name=/private/var/containers/Bundle/Application/124F0A70-2EFF-40C7-B2F9-D71B571C9E11/Juice.app/Grape-X64/runtime/lib/wine/i386-windows/bcrypt.dll machine=0000 status=00000000
[JuiceWine] host-page expanding executable section .text: section=0x79461000 mapping=0x79460000 size=278528
[JuiceWine] anonymous PE executable section .text at 0x79460000 size=278528
[JuiceHybrid] map name=/private/var/containers/Bundle/Application/124F0A70-2EFF-40C7-B2F9-D71B571C9E11/Juice.app/Grape-X64/runtime/lib/wine/i386-windows/bcrypt.dll status=00000000 module=0x79460000 size=14d000
[JuiceHybrid] open name=/private/var/containers/Bundle/Application/124F0A70-2EFF-40C7-B2F9-D71B571C9E11/Juice.app/Grape-X64/build/wine-ios/dlls/ncrypt/i386-windows/ncrypt.dll machine=0000 status=c0000135
[JuiceHybrid] open name=/private/var/containers/Bundle/Application/124F0A70-2EFF-40C7-B2F9-D71B571C9E11/Juice.app/Grape-X64/build/wine-ios/programs/ncrypt.dll/i386-windows/ncrypt.dll machine=0000 status=c0000135
[JuiceHybrid] open name=/private/var/containers/Bundle/Application/124F0A70-2EFF-40C7-B2F9-D71B571C9E11/Juice.app/Grape-X64/runtime/lib/wine/i386-windows/ncrypt.dll machine=0000 status=00000000
[JuiceWine] host-page expanding executable section .text: section=0x79431000 mapping=0x79430000 size=32768
[JuiceWine] anonymous PE executable section .text at 0x79430000 size=32768
[JuiceHybrid] map name=/private/var/containers/Bundle/Application/124F0A70-2EFF-40C7-B2F9-D71B571C9E11/Juice.app/Grape-X64/runtime/lib/wine/i386-windows/ncrypt.dll status=00000000 module=0x79430000 size=1a000
[JuiceHybrid] open name=/private/var/containers/Bundle/Application/124F0A70-2EFF-40C7-B2F9-D71B571C9E11/Juice.app/Grape-X64/build/wine-ios/dlls/ws2_32/i386-windows/ws2_32.dll machine=0000 status=c0000135
[JuiceHybrid] open name=/private/var/containers/Bundle/Application/124F0A70-2EFF-40C7-B2F9-D71B571C9E11/Juice.app/Grape-X64/build/wine-ios/programs/ws2_32.dll/i386-windows/ws2_32.dll machine=0000 status=c0000135
[JuiceHybrid] open name=/private/var/containers/Bundle/Application/124F0A70-2EFF-40C7-B2F9-D71B571C9E11/Juice.app/Grape-X64/runtime/lib/wine/i386-windows/ws2_32.dll machine=0000 status=00000000
[JuiceWine] host-page expanding executable section .text: section=0x793b1000 mapping=0x793b0000 size=81920
[JuiceWine] anonymous PE executable section .text at 0x793b0000 size=81920
[JuiceHybrid] map name=/private/var/containers/Bundle/Application/124F0A70-2EFF-40C7-B2F9-D71B571C9E11/Juice.app/Grape-X64/runtime/lib/wine/i386-windows/ws2_32.dll status=00000000 module=0x793b0000 size=63000
[JuiceHybrid] open name=/private/var/containers/Bundle/Application/124F0A70-2EFF-40C7-B2F9-D71B571C9E11/Juice.app/Grape-X64/build/wine-ios/dlls/wsock32/i386-windows/wsock32.dll machine=0000 status=c0000135
[JuiceHybrid] open name=/private/var/containers/Bundle/Application/124F0A70-2EFF-40C7-B2F9-D71B571C9E11/Juice.app/Grape-X64/build/wine-ios/programs/wsock32.dll/i386-windows/wsock32.dll machine=0000 status=c0000135
[JuiceHybrid] open name=/private/var/containers/Bundle/Application/124F0A70-2EFF-40C7-B2F9-D71B571C9E11/Juice.app/Grape-X64/runtime/lib/wine/i386-windows/wsock32.dll machine=0000 status=00000000
[JuiceWine] host-page expanding executable section .text: section=0x79381000 mapping=0x79380000 size=16384
[JuiceWine] anonymous PE executable section .text at 0x79380000 size=16384
[JuiceHybrid] map name=/private/var/containers/Bundle/Application/124F0A70-2EFF-40C7-B2F9-D71B571C9E11/Juice.app/Grape-X64/runtime/lib/wine/i386-windows/wsock32.dll status=00000000 module=0x79380000 size=1b000
[JuiceHybrid] open name=/private/var/containers/Bundle/Application/124F0A70-2EFF-40C7-B2F9-D71B571C9E11/Juice.app/Grape-X64/build/wine-ios/dlls/iphlpapi/i386-windows/iphlpapi.dll machine=0000 status=c0000135
[JuiceHybrid] open name=/private/var/containers/Bundle/Application/124F0A70-2EFF-40C7-B2F9-D71B571C9E11/Juice.app/Grape-X64/build/wine-ios/programs/iphlpapi.dll/i386-windows/iphlpapi.dll machine=0000 status=c0000135
[JuiceHybrid] open name=/private/var/containers/Bundle/Application/124F0A70-2EFF-40C7-B2F9-D71B571C9E11/Juice.app/Grape-X64/runtime/lib/wine/i386-windows/iphlpapi.dll machine=0000 status=00000000
[JuiceWine] host-page expanding executable section .text: section=0x792f1000 mapping=0x792f0000 size=65536
[JuiceWine] anonymous PE executable section .text at 0x792f0000 size=65536
[JuiceHybrid] map name=/private/var/containers/Bundle/Application/124F0A70-2EFF-40C7-B2F9-D71B571C9E11/Juice.app/Grape-X64/runtime/lib/wine/i386-windows/iphlpapi.dll status=00000000 module=0x792f0000 size=71000
[JuiceHybrid] open name=/private/var/containers/Bundle/Application/124F0A70-2EFF-40C7-B2F9-D71B571C9E11/Juice.app/Grape-X64/build/wine-ios/dlls/dnsapi/i386-windows/dnsapi.dll machine=0000 status=c0000135
[JuiceHybrid] open name=/private/var/containers/Bundle/Application/124F0A70-2EFF-40C7-B2F9-D71B571C9E11/Juice.app/Grape-X64/build/wine-ios/programs/dnsapi.dll/i386-windows/dnsapi.dll machine=0000 status=c0000135
[JuiceHybrid] open name=/private/var/containers/Bundle/Application/124F0A70-2EFF-40C7-B2F9-D71B571C9E11/Juice.app/Grape-X64/runtime/lib/wine/i386-windows/dnsapi.dll machine=0000 status=00000000
[JuiceWine] host-page expanding executable section .text: section=0x792a1000 mapping=0x792a0000 size=49152
[JuiceWine] anonymous PE executable section .text at 0x792a0000 size=49152
[JuiceHybrid] map name=/private/var/containers/Bundle/Application/124F0A70-2EFF-40C7-B2F9-D71B571C9E11/Juice.app/Grape-X64/runtime/lib/wine/i386-windows/dnsapi.dll status=00000000 module=0x792a0000 size=31000
[JuiceHybrid] open name=/private/var/containers/Bundle/Application/124F0A70-2EFF-40C7-B2F9-D71B571C9E11/Juice.app/Grape-X64/build/wine-ios/dlls/nsi/i386-windows/nsi.dll machine=0000 status=c0000135
[JuiceHybrid] open name=/private/var/containers/Bundle/Application/124F0A70-2EFF-40C7-B2F9-D71B571C9E11/Juice.app/Grape-X64/build/wine-ios/programs/nsi.dll/i386-windows/nsi.dll machine=0000 status=c0000135
[JuiceHybrid] open name=/private/var/containers/Bundle/Application/124F0A70-2EFF-40C7-B2F9-D71B571C9E11/Juice.app/Grape-X64/runtime/lib/wine/i386-windows/nsi.dll machine=0000 status=00000000
[JuiceWine] host-page expanding executable section .text: section=0x79271000 mapping=0x79270000 size=16384
[JuiceWine] anonymous PE executable section .text at 0x79270000 size=16384
[JuiceHybrid] map name=/private/var/containers/Bundle/Application/124F0A70-2EFF-40C7-B2F9-D71B571C9E11/Juice.app/Grape-X64/runtime/lib/wine/i386-windows/nsi.dll status=00000000 module=0x79270000 size=16000
[JuiceHybrid] open name=/private/var/containers/Bundle/Application/124F0A70-2EFF-40C7-B2F9-D71B571C9E11/Juice.app/Grape-X64/build/wine-ios/dlls/mswsock/i386-windows/mswsock.dll machine=0000 status=c0000135
[JuiceHybrid] open name=/private/var/containers/Bundle/Application/124F0A70-2EFF-40C7-B2F9-D71B571C9E11/Juice.app/Grape-X64/build/wine-ios/programs/mswsock.dll/i386-windows/mswsock.dll machine=0000 status=c0000135
[JuiceHybrid] open name=/private/var/containers/Bundle/Application/124F0A70-2EFF-40C7-B2F9-D71B571C9E11/Juice.app/Grape-X64/runtime/lib/wine/i386-windows/mswsock.dll machine=0000 status=00000000
[JuiceWine] host-page expanding executable section .text: section=0x79251000 mapping=0x79250000 size=16384
[JuiceWine] anonymous PE executable section .text at 0x79250000 size=16384
[JuiceHybrid] map name=/private/var/containers/Bundle/Application/124F0A70-2EFF-40C7-B2F9-D71B571C9E11/Juice.app/Grape-X64/runtime/lib/wine/i386-windows/mswsock.dll status=00000000 module=0x79250000 size=10000
[JuiceHybrid] open name=/private/var/containers/Bundle/Application/124F0A70-2EFF-40C7-B2F9-D71B571C9E11/Juice.app/Grape-X64/build/wine-ios/dlls/imm32/i386-windows/imm32.dll machine=0000 status=c0000135
[JuiceHybrid] open name=/private/var/containers/Bundle/Application/124F0A70-2EFF-40C7-B2F9-D71B571C9E11/Juice.app/Grape-X64/build/wine-ios/programs/imm32.dll/i386-windows/imm32.dll machine=0000 status=c0000135
[JuiceHybrid] open name=/private/var/containers/Bundle/Application/124F0A70-2EFF-40C7-B2F9-D71B571C9E11/Juice.app/Grape-X64/runtime/lib/wine/i386-windows/imm32.dll machine=0000 status=00000000
[JuiceWine] host-page expanding executable section .text: section=0x791f1000 mapping=0x791f0000 size=65536
[JuiceWine] anonymous PE executable section .text at 0x791f0000 size=65536
[JuiceHybrid] map name=/private/var/containers/Bundle/Application/124F0A70-2EFF-40C7-B2F9-D71B571C9E11/Juice.app/Grape-X64/runtime/lib/wine/i386-windows/imm32.dll status=00000000 module=0x791f0000 size=4d000
[JuiceWine] redirected KUSER_SHARED_DATA fault addr=0x7ffe03d8 pc=0x2cd4f0044 to 0x17ffe0000
[JuiceWine] redirected KUSER_SHARED_DATA fault addr=0x7ffe03dc pc=0x2cd4f0060 to 0x17ffe0000
[JuiceWine parent] bundle libraries path=/private/var/containers/Bundle/Application/124F0A70-2EFF-40C7-B2F9-D71B571C9E11/Juice.app/Libraries:/private/var/containers/Bundle/Application/124F0A70-2EFF-40C7-B2F9-D71B571C9E11/Juice.app/Libraries:/var/jb/usr/lib
[JuiceWine parent] launching /private/var/containers/Bundle/Application/124F0A70-2EFF-40C7-B2F9-D71B571C9E11/Juice.app/Grape-X64/build/wine-ios/loader/wine
[JuiceWine parent] child PID=44721
[JuiceWine] iOS low-VA release start=0x10000 end=0x100000000 status=0 OK
JUICE_LOWVA_HOLELIST_OK old_reuse=0 new_reuse=1 allocator=entry-list
JUICE_LOWVA_HELPER_BEGIN path=/private/var/containers/Bundle/Application/124F0A70-2EFF-40C7-B2F9-D71B571C9E11/Juice.app/Grape-X64/tools/juice-lowva-helper target_pid=44721 root_persona=1
JUICE_LOWVA_KERNEL_MIN_OK pid=44721 task=0xffffffdff0dfdc70 map=0xffffffdc0a918340 old=0x1003ec000 new=0x10000 max=0x2d8000000 already=0
JUICE_LOWVA_ATOMIC_RESERVE_OK start=0x10000 end=0x80000000 size=0x7fff0000
JUICE_LOWVA_WIN32_2G_RESERVE_OK start=0x10000 end=0x80000000
JUICE_LOWVA_HELPER_OK target_pid=44721
JUICE_LOWVA_KERNEL_PROBE_OK address=0x20000 size=0x4000
JUICE_LOWVA_READY target_pid=44721
[JuiceLowVA] MAP_FIXED enabled start=0x10000 size=0x67ff0000 prot=0 failures=0
[JuiceWine] PT_TRACE_ME succeeded; csflags=0x32007005 CS_DEBUGGED=YES
[JuiceWine] requesting controlled tracer detach
[JuiceWine parent] child stopped pid=44721 signal=17 (Suspended (signal): 17)
[JuiceWine parent] PT_DETACH pid=44721 result=0
[JuiceWine parent] child now running untraced
[JuiceWine] resumed after tracer detach; csflags=0x32007005 CS_DEBUGGED=YES
[JuiceHybrid] open name=/private/var/containers/Bundle/Application/124F0A70-2EFF-40C7-B2F9-D71B571C9E11/Juice.app/Grape-X64/build/wine-ios/dlls/explorer.exe/aarch64-windows/explorer.exe machine=aa64 status=c0000135
[JuiceHybrid] open name=/private/var/containers/Bundle/Application/124F0A70-2EFF-40C7-B2F9-D71B571C9E11/Juice.app/Grape-X64/build/wine-ios/programs/explorer/aarch64-windows/explorer.exe machine=aa64 status=c0000135
[JuiceHybrid] open name=/private/var/containers/Bundle/Application/124F0A70-2EFF-40C7-B2F9-D71B571C9E11/Juice.app/Grape-X64/runtime/lib/wine/aarch64-windows/explorer.exe machine=aa64 status=00000000
[JuiceWine] anonymous PE executable section .text at 0x140010000 size=65536
[JuiceHybrid] map name=/private/var/containers/Bundle/Application/124F0A70-2EFF-40C7-B2F9-D71B571C9E11/Juice.app/Grape-X64/runtime/lib/wine/aarch64-windows/explorer.exe status=00000000 module=0x140000000 size=110000
[JuiceStage] loading Windows ntdll; transfer=0x14001d65c teb=0x7ffe8000 peb=0x7ffec000
[JuiceHybrid] open name=/private/var/containers/Bundle/Application/124F0A70-2EFF-40C7-B2F9-D71B571C9E11/Juice.app/Grape-X64/build/wine-ios/dlls/ntdll/aarch64-windows/ntdll.dll machine=aa64 status=00000000
[JuiceWine] anonymous PE executable section .text at 0x2d7970000 size=983040
[JuiceWine] anonymous PE executable section .hexpthk at 0x2d7a60000 size=65536
[JuiceHybrid] map name=/private/var/containers/Bundle/Application/124F0A70-2EFF-40C7-B2F9-D71B571C9E11/Juice.app/Grape-X64/build/wine-ios/dlls/ntdll/aarch64-windows/ntdll.dll status=40000003 module=0x2d7960000 size=6a0000
[JuiceStage] load_ntdll returned; transfer=0x14001d65c
[JuiceStage] load_wow64_ntdll returned
[JuiceStage] calling load_apiset_dll
[JuiceStage] load_apiset_dll returned; stack_base=0x120000 stack_limit=0x28000
[JuiceStage] calling server_init_process_done
[JuiceStage] server_init_process_done entered
[JuiceStage] calling signal_init_process; teb=0x7ffe8000
[JuiceStage] signal_init_process returned
[JuiceStage] init_teb_data returned; syscall_frame=0x10010fcd0 stack_base=0x120000 stack_limit=0x28000
[JuiceStage] init_process_done server call returned; status=00000000 suspend=1 transfer=0x14001d65c teb=0x7ffe8000 peb=0x7ffec000
[JuiceStage] calling signal_start_thread
[JuiceStage] init_syscall_frame entered; entry=0x14001d65c arg=0x7ffec000 teb=0x7ffe8000 data=0x100000000 frame=0x10010fcd0 stack_base=0x120000 stack_limit=0x28000
[JuiceStage] calling signal_set_full_context; ctx=0x11fc70 target_pc=0x2d79c9650 target_sp=0x120000 target_x18=0x7ffe8000 LdrInitializeThunk=0x2d79c9670 RtlUserThreadStart=0x2d79c9650
[JuiceStage] signal_set_full_context returned; status=00000000 frame_pc=0x2d79c9650 frame_sp=0x120000 frame_x18=0x7ffe8000 restore=00400007
[JuiceStage] init_syscall_frame complete; dispatcher_pc=0x2d79c9670 user_sp=0x11fc70 x16=0x2d79c9670 x17=0x11fc70 x18=0x7ffe8000 restore=00400007
[JuiceX18] broad #1 pc=0x2d79a5920 fault=0x30 instr=f9401a48 x8=0x0 x16=0x2d79c9670 x17=0x11fc70 x18=0x0 teb=0x7ffe8000
[JuiceX18] broad #2 pc=0x2d79ce748 fault=0x30 instr=f9401a48 x8=0x0 x16=0x2d79a5920 x17=0x11fc70 x18=0x0 teb=0x7ffe8000
[JuiceX18] broad #3 pc=0x2d79d0344 fault=0x30 instr=f9401a59 x8=0x11fa50 x16=0x2d79ce748 x17=0x11fc70 x18=0x0 teb=0x7ffe8000
[JuiceX18] broad #4 pc=0x2d79d037c fault=0x30 instr=f9401a4a x8=0x11fa50 x16=0x2d79d0344 x17=0x11fc70 x18=0x0 teb=0x7ffe8000
[JuiceX18] broad #5 pc=0x1008dd864 fault=0x378 instr=f941be4a x8=0x18 x16=0x1008dd860 x17=0x11fc70 x18=0x0 teb=0x7ffe8000
[JuiceX18] broad #6 pc=0x2d79d0e88 fault=0x30 instr=f9401a48 x8=0x0 x16=0x2d79c7554 x17=0x11fa40 x18=0x0 teb=0x7ffe8000
[JuiceX18] broad #7 pc=0x1008dd864 fault=0x378 instr=f941be4a x8=0x18 x16=0x1008dd860 x17=0x11fc70 x18=0x0 teb=0x7ffe8000
[JuiceX18] broad #8 pc=0x2d79d0344 fault=0x30 instr=f9401a59 x8=0x11faa0 x16=0x2d79c7554 x17=0x11fa70 x18=0x0 teb=0x7ffe8000
[JuiceX18] broad #9 pc=0x2d799894c fault=0x30 instr=f9401a48 x8=0x0 x16=0x2d79d0344 x17=0x11fc70 x18=0x0 teb=0x7ffe8000
[JuiceX18] broad #10 pc=0x2d79d02b4 fault=0x30 instr=f9401a54 x8=0x11f3ce x16=0x5c5c x17=0x11f3cd x18=0x0 teb=0x7ffe8000
[JuiceX18] broad #11 pc=0x2d79972ec fault=0x30 instr=f9401a48 x8=0x0 x16=0x2d79d02b4 x17=0x11fc70 x18=0x0 teb=0x7ffe8000
[JuiceX18] broad #12 pc=0x2d79c0744 fault=0x30 instr=f9401a48 x8=0x0 x16=0x2d79c7b74 x17=0x11f7b0 x18=0x0 teb=0x7ffe8000
[JuiceX18] broad #13 pc=0x2d7997bac fault=0x30 instr=f9401a48 x8=0x0 x16=0x5c5c x17=0x11f6ac x18=0x0 teb=0x7ffe8000
[JuiceX18] broad #14 pc=0x2d79d0344 fault=0x30 instr=f9401a59 x8=0x11f6d0 x16=0x2d79c7914 x17=0x11f750 x18=0x0 teb=0x7ffe8000
[JuiceX18] broad #15 pc=0x1008dd864 fault=0x378 instr=f941be4a x8=0x17 x16=0x1008dd860 x17=0x11f750 x18=0x0 teb=0x7ffe8000
[JuiceX18] broad #16 pc=0x2d79d0344 fault=0x30 instr=f9401a59 x8=0x11f930 x16=0x2d79c7574 x17=0x11fae0 x18=0x0 teb=0x7ffe8000
[JuiceX18] broad #17 pc=0x2d79d02b4 fault=0x30 instr=f9401a54 x8=0x11f8f0 x16=0x5c5c x17=0x11f8ef x18=0x0 teb=0x7ffe8000
[JuiceX18] broad #18 pc=0x2d79d02b4 fault=0x30 instr=f9401a54 x8=0x11f683 x16=0x5c5c x17=0x11f682 x18=0x0 teb=0x7ffe8000
[JuiceX18] broad #19 pc=0x2d79d0344 fault=0x30 instr=f9401a59 x8=0x11f7a0 x16=0x2d79d02b4 x17=0x11fc70 x18=0x0 teb=0x7ffe8000
[JuiceHybrid] open name=/private/var/containers/Bundle/Application/124F0A70-2EFF-40C7-B2F9-D71B571C9E11/Juice.app/Grape-X64/build/wine-ios/dlls/kernel32/aarch64-windows/kernel32.dll machine=0000 status=c0000135
[JuiceHybrid] open name=/private/var/containers/Bundle/Application/124F0A70-2EFF-40C7-B2F9-D71B571C9E11/Juice.app/Grape-X64/build/wine-ios/programs/kernel32.dll/aarch64-windows/kernel32.dll machine=0000 status=c0000135
[JuiceHybrid] open name=/private/var/containers/Bundle/Application/124F0A70-2EFF-40C7-B2F9-D71B571C9E11/Juice.app/Grape-X64/runtime/lib/wine/aarch64-windows/kernel32.dll machine=0000 status=00000000
[JuiceWine] anonymous PE executable section .text at 0x2d7630000 size=393216
[JuiceWine] anonymous PE executable section .hexpthk at 0x2d7690000 size=65536
[JuiceHybrid] map name=/private/var/containers/Bundle/Application/124F0A70-2EFF-40C7-B2F9-D71B571C9E11/Juice.app/Grape-X64/runtime/lib/wine/aarch64-windows/kernel32.dll status=40000003 module=0x2d7620000 size=340000
[JuiceX18] broad #20 pc=0x2d79a2c68 fault=0x30 instr=f9401a48 x8=0x0 x16=0x2d79c7754 x17=0x11f960 x18=0x0 teb=0x7ffe8000
[JuiceX18] broad #21 pc=0x2d79a9544 fault=0x30 instr=f9401a49 x8=0xe x16=0x2d79a2c68 x17=0x11fc70 x18=0x0 teb=0x7ffe8000
[JuiceX18] broad #22 pc=0x2d79ce748 fault=0x30 instr=f9401a48 x8=0x0 x16=0x2d79a9544 x17=0x11fc70 x18=0x0 teb=0x7ffe8000
[JuiceX18] broad #23 pc=0x1008dd864 fault=0x378 instr=f941be4a x8=0x50 x16=0x1008dd860 x17=0x11fc70 x18=0x0 teb=0x7ffe8000
[JuiceX18] broad #24 pc=0x1008dd864 fault=0x378 instr=f941be4a x8=0x50 x16=0x1008dd860 x17=0x11f890 x18=0x0 teb=0x7ffe8000
[JuiceX18] broad #25 pc=0x2d79a9e7c fault=0x30 instr=f9401a49 x8=0x48 x16=0x2d79c7c54 x17=0x11f890 x18=0x0 teb=0x7ffe8000
[JuiceX18] broad #26 pc=0x2d79aa124 fault=0x30 instr=f9401a48 x8=0x0 x16=0x2d79a9e7c x17=0x11fc70 x18=0x0 teb=0x7ffe8000
[JuiceX18] broad #27 pc=0x2d79d02b4 fault=0x30 instr=f9401a54 x8=0x5 x16=0x2d79aa124 x17=0x11fc70 x18=0x0 teb=0x7ffe8000
[JuiceX18] broad #28 pc=0x2d79a86c8 fault=0x30 instr=f9401a48 x8=0x0 x16=0x2d79d02b4 x17=0x11fc70 x18=0x0 teb=0x7ffe8000
[JuiceX18] broad #29 pc=0x2d79888f8 fault=0x30 instr=f9401a48 x8=0x0 x16=0x2d79a86c8 x17=0x11fc70 x18=0x0 teb=0x7ffe8000
[JuiceX18] broad #30 pc=0x2d79a8c9c fault=0x30 instr=f9401a49 x8=0xa9 x16=0x2d79888f8 x17=0x11fc70 x18=0x0 teb=0x7ffe8000
[JuiceX18] broad #31 pc=0x2d79972ec fault=0x30 instr=f9401a48 x8=0x0 x16=0x2d79a8c9c x17=0x11fc70 x18=0x0 teb=0x7ffe8000
[JuiceHybrid] open name=/private/var/containers/Bundle/Application/124F0A70-2EFF-40C7-B2F9-D71B571C9E11/Juice.app/Grape-X64/build/wine-ios/dlls/kernelbase/aarch64-windows/kernelbase.dll machine=0000 status=c0000135
[JuiceHybrid] open name=/private/var/containers/Bundle/Application/124F0A70-2EFF-40C7-B2F9-D71B571C9E11/Juice.app/Grape-X64/build/wine-ios/programs/kernelbase.dll/aarch64-windows/kernelbase.dll machine=0000 status=c0000135
[JuiceHybrid] open name=/private/var/containers/Bundle/Application/124F0A70-2EFF-40C7-B2F9-D71B571C9E11/Juice.app/Grape-X64/runtime/lib/wine/aarch64-windows/kernelbase.dll machine=0000 status=00000000
[JuiceWine] anonymous PE executable section .text at 0x2d6ee0000 size=1048576
[JuiceWine] anonymous PE executable section .hexpthk at 0x2d6fe0000 size=65536
[JuiceHybrid] map name=/private/var/containers/Bundle/Application/124F0A70-2EFF-40C7-B2F9-D71B571C9E11/Juice.app/Grape-X64/runtime/lib/wine/aarch64-windows/kernelbase.dll status=40000003 module=0x2d6ed0000 size=750000
[JuiceX18] broad #32 pc=0x1008dd864 fault=0x378 instr=f941be4a x8=0x50 x16=0x1008dd860 x17=0x11f2e0 x18=0x0 teb=0x7ffe8000
[JuiceHybrid] open name=/private/var/containers/Bundle/Application/124F0A70-2EFF-40C7-B2F9-D71B571C9E11/Juice.app/Grape-X64/build/wine-ios/dlls/rpcrt4/aarch64-windows/rpcrt4.dll machine=0000 status=c0000135
[JuiceHybrid] open name=/private/var/containers/Bundle/Application/124F0A70-2EFF-40C7-B2F9-D71B571C9E11/Juice.app/Grape-X64/build/wine-ios/programs/rpcrt4.dll/aarch64-windows/rpcrt4.dll machine=0000 status=c0000135
[JuiceHybrid] open name=/private/var/containers/Bundle/Application/124F0A70-2EFF-40C7-B2F9-D71B571C9E11/Juice.app/Grape-X64/runtime/lib/wine/aarch64-windows/rpcrt4.dll machine=0000 status=00000000
[JuiceWine] anonymous PE executable section .text at 0x2d6a80000 size=655360
[JuiceWine] anonymous PE executable section .hexpthk at 0x2d6b20000 size=65536
[JuiceHybrid] map name=/private/var/containers/Bundle/Application/124F0A70-2EFF-40C7-B2F9-D71B571C9E11/Juice.app/Grape-X64/runtime/lib/wine/aarch64-windows/rpcrt4.dll status=40000003 module=0x2d6a70000 size=460000
[JuiceHybrid] open name=/private/var/containers/Bundle/Application/124F0A70-2EFF-40C7-B2F9-D71B571C9E11/Juice.app/Grape-X64/build/wine-ios/dlls/advapi32/aarch64-windows/advapi32.dll machine=0000 status=c0000135
[JuiceHybrid] open name=/private/var/containers/Bundle/Application/124F0A70-2EFF-40C7-B2F9-D71B571C9E11/Juice.app/Grape-X64/build/wine-ios/programs/advapi32.dll/aarch64-windows/advapi32.dll machine=0000 status=c0000135
[JuiceHybrid] open name=/private/var/containers/Bundle/Application/124F0A70-2EFF-40C7-B2F9-D71B571C9E11/Juice.app/Grape-X64/runtime/lib/wine/aarch64-windows/advapi32.dll machine=0000 status=00000000
[JuiceWine] anonymous PE executable section .text at 0x2d6820000 size=327680
[JuiceWine] anonymous PE executable section .hexpthk at 0x2d6870000 size=65536
[JuiceHybrid] map name=/private/var/containers/Bundle/Application/124F0A70-2EFF-40C7-B2F9-D71B571C9E11/Juice.app/Grape-X64/runtime/lib/wine/aarch64-windows/advapi32.dll status=40000003 module=0x2d6810000 size=260000
[JuiceHybrid] open name=/private/var/containers/Bundle/Application/124F0A70-2EFF-40C7-B2F9-D71B571C9E11/Juice.app/Grape-X64/build/wine-ios/dlls/sechost/aarch64-windows/sechost.dll machine=0000 status=c0000135
[JuiceHybrid] open name=/private/var/containers/Bundle/Application/124F0A70-2EFF-40C7-B2F9-D71B571C9E11/Juice.app/Grape-X64/build/wine-ios/programs/sechost.dll/aarch64-windows/sechost.dll machine=0000 status=c0000135
[JuiceHybrid] open name=/private/var/containers/Bundle/Application/124F0A70-2EFF-40C7-B2F9-D71B571C9E11/Juice.app/Grape-X64/runtime/lib/wine/aarch64-windows/sechost.dll machine=0000 status=00000000
[JuiceWine] anonymous PE executable section .text at 0x2d66d0000 size=131072
[JuiceWine] anonymous PE executable section .hexpthk at 0x2d66f0000 size=65536
[JuiceHybrid] map name=/private/var/containers/Bundle/Application/124F0A70-2EFF-40C7-B2F9-D71B571C9E11/Juice.app/Grape-X64/runtime/lib/wine/aarch64-windows/sechost.dll status=40000003 module=0x2d66c0000 size=150000
[JuiceHybrid] open name=/private/var/containers/Bundle/Application/124F0A70-2EFF-40C7-B2F9-D71B571C9E11/Juice.app/Grape-X64/build/wine-ios/dlls/ucrtbase/aarch64-windows/ucrtbase.dll machine=0000 status=c0000135
[JuiceHybrid] open name=/private/var/containers/Bundle/Application/124F0A70-2EFF-40C7-B2F9-D71B571C9E11/Juice.app/Grape-X64/build/wine-ios/programs/ucrtbase.dll/aarch64-windows/ucrtbase.dll machine=0000 status=c0000135
[JuiceHybrid] open name=/private/var/containers/Bundle/Application/124F0A70-2EFF-40C7-B2F9-D71B571C9E11/Juice.app/Grape-X64/runtime/lib/wine/aarch64-windows/ucrtbase.dll machine=0000 status=00000000
[JuiceWine] anonymous PE executable section .text at 0x2d6030000 size=1245184
[JuiceWine] anonymous PE executable section .hexpthk at 0x2d6160000 size=65536
[JuiceHybrid] map name=/private/var/containers/Bundle/Application/124F0A70-2EFF-40C7-B2F9-D71B571C9E11/Juice.app/Grape-X64/runtime/lib/wine/aarch64-windows/ucrtbase.dll status=40000003 module=0x2d6020000 size=6a0000
[JuiceHybrid] open name=/private/var/containers/Bundle/Application/124F0A70-2EFF-40C7-B2F9-D71B571C9E11/Juice.app/Grape-X64/build/wine-ios/dlls/msvcrt/aarch64-windows/msvcrt.dll machine=0000 status=c0000135
[JuiceHybrid] open name=/private/var/containers/Bundle/Application/124F0A70-2EFF-40C7-B2F9-D71B571C9E11/Juice.app/Grape-X64/build/wine-ios/programs/msvcrt.dll/aarch64-windows/msvcrt.dll machine=0000 status=c0000135
[JuiceHybrid] open name=/private/var/containers/Bundle/Application/124F0A70-2EFF-40C7-B2F9-D71B571C9E11/Juice.app/Grape-X64/runtime/lib/wine/aarch64-windows/msvcrt.dll machine=0000 status=00000000
[JuiceWine] anonymous PE executable section .text at 0x2d5a70000 size=983040
[JuiceWine] anonymous PE executable section .hexpthk at 0x2d5b60000 size=65536
[JuiceHybrid] map name=/private/var/containers/Bundle/Application/124F0A70-2EFF-40C7-B2F9-D71B571C9E11/Juice.app/Grape-X64/runtime/lib/wine/aarch64-windows/msvcrt.dll status=40000003 module=0x2d5a60000 size=5c0000
[JuiceHybrid] open name=/private/var/containers/Bundle/Application/124F0A70-2EFF-40C7-B2F9-D71B571C9E11/Juice.app/Grape-X64/build/wine-ios/dlls/cryptbase/aarch64-windows/cryptbase.dll machine=0000 status=c0000135
[JuiceHybrid] open name=/private/var/containers/Bundle/Application/124F0A70-2EFF-40C7-B2F9-D71B571C9E11/Juice.app/Grape-X64/build/wine-ios/programs/cryptbase.dll/aarch64-windows/cryptbase.dll machine=0000 status=c0000135
[JuiceHybrid] open name=/private/var/containers/Bundle/Application/124F0A70-2EFF-40C7-B2F9-D71B571C9E11/Juice.app/Grape-X64/runtime/lib/wine/aarch64-windows/cryptbase.dll machine=0000 status=00000000
[JuiceWine] anonymous PE executable section .text at 0x2d5990000 size=65536
[JuiceWine] anonymous PE executable section .hexpthk at 0x2d59a0000 size=65536
[JuiceHybrid] map name=/private/var/containers/Bundle/Application/124F0A70-2EFF-40C7-B2F9-D71B571C9E11/Juice.app/Grape-X64/runtime/lib/wine/aarch64-windows/cryptbase.dll status=40000003 module=0x2d5980000 size=e0000
[JuiceHybrid] open name=/private/var/containers/Bundle/Application/124F0A70-2EFF-40C7-B2F9-D71B571C9E11/Juice.app/Grape-X64/build/wine-ios/dlls/user32/aarch64-windows/user32.dll machine=0000 status=c0000135
[JuiceHybrid] open name=/private/var/containers/Bundle/Application/124F0A70-2EFF-40C7-B2F9-D71B571C9E11/Juice.app/Grape-X64/build/wine-ios/programs/user32.dll/aarch64-windows/user32.dll machine=0000 status=c0000135
[JuiceHybrid] open name=/private/var/containers/Bundle/Application/124F0A70-2EFF-40C7-B2F9-D71B571C9E11/Juice.app/Grape-X64/runtime/lib/wine/aarch64-windows/user32.dll machine=0000 status=00000000
[JuiceWine] anonymous PE executable section .text at 0x2d50a0000 size=1179648
[JuiceWine] anonymous PE executable section .hexpthk at 0x2d51c0000 size=65536
[JuiceHybrid] map name=/private/var/containers/Bundle/Application/124F0A70-2EFF-40C7-B2F9-D71B571C9E11/Juice.app/Grape-X64/runtime/lib/wine/aarch64-windows/user32.dll status=40000003 module=0x2d5090000 size=8f0000
[JuiceHybrid] open name=/private/var/containers/Bundle/Application/124F0A70-2EFF-40C7-B2F9-D71B571C9E11/Juice.app/Grape-X64/build/wine-ios/dlls/gdi32/aarch64-windows/gdi32.dll machine=0000 status=c0000135
[JuiceHybrid] open name=/private/var/containers/Bundle/Application/124F0A70-2EFF-40C7-B2F9-D71B571C9E11/Juice.app/Grape-X64/build/wine-ios/programs/gdi32.dll/aarch64-windows/gdi32.dll machine=0000 status=c0000135
[JuiceHybrid] open name=/private/var/containers/Bundle/Application/124F0A70-2EFF-40C7-B2F9-D71B571C9E11/Juice.app/Grape-X64/runtime/lib/wine/aarch64-windows/gdi32.dll machine=0000 status=00000000
[JuiceWine] anonymous PE executable section .text at 0x2d4c10000 size=655360
[JuiceWine] anonymous PE executable section .hexpthk at 0x2d4cb0000 size=65536
[JuiceHybrid] map name=/private/var/containers/Bundle/Application/124F0A70-2EFF-40C7-B2F9-D71B571C9E11/Juice.app/Grape-X64/runtime/lib/wine/aarch64-windows/gdi32.dll status=40000003 module=0x2d4c00000 size=490000
[JuiceHybrid] open name=/private/var/containers/Bundle/Application/124F0A70-2EFF-40C7-B2F9-D71B571C9E11/Juice.app/Grape-X64/build/wine-ios/dlls/win32u/aarch64-windows/win32u.dll machine=0000 status=c0000135
[JuiceHybrid] open name=/private/var/containers/Bundle/Application/124F0A70-2EFF-40C7-B2F9-D71B571C9E11/Juice.app/Grape-X64/build/wine-ios/programs/win32u.dll/aarch64-windows/win32u.dll machine=0000 status=c0000135
[JuiceHybrid] open name=/private/var/containers/Bundle/Application/124F0A70-2EFF-40C7-B2F9-D71B571C9E11/Juice.app/Grape-X64/runtime/lib/wine/aarch64-windows/win32u.dll machine=0000 status=00000000
[JuiceWine] anonymous PE executable section .text at 0x2d4ae0000 size=262144
[JuiceWine] anonymous PE executable section .hexpthk at 0x2d4b20000 size=65536
[JuiceHybrid] map name=/private/var/containers/Bundle/Application/124F0A70-2EFF-40C7-B2F9-D71B571C9E11/Juice.app/Grape-X64/runtime/lib/wine/aarch64-windows/win32u.dll status=40000003 module=0x2d4ad0000 size=130000
[JuiceHybrid] open name=/private/var/containers/Bundle/Application/124F0A70-2EFF-40C7-B2F9-D71B571C9E11/Juice.app/Grape-X64/build/wine-ios/dlls/imm32/aarch64-windows/imm32.dll machine=0000 status=c0000135
[JuiceHybrid] open name=/private/var/containers/Bundle/Application/124F0A70-2EFF-40C7-B2F9-D71B571C9E11/Juice.app/Grape-X64/build/wine-ios/programs/imm32.dll/aarch64-windows/imm32.dll machine=0000 status=c0000135
[JuiceHybrid] open name=/private/var/containers/Bundle/Application/124F0A70-2EFF-40C7-B2F9-D71B571C9E11/Juice.app/Grape-X64/runtime/lib/wine/aarch64-windows/imm32.dll machine=0000 status=00000000
[JuiceWine] anonymous PE executable section .text at 0x2d4970000 size=196608
[JuiceWine] anonymous PE executable section .hexpthk at 0x2d49a0000 size=65536
[JuiceHybrid] map name=/private/var/containers/Bundle/Application/124F0A70-2EFF-40C7-B2F9-D71B571C9E11/Juice.app/Grape-X64/runtime/lib/wine/aarch64-windows/imm32.dll status=40000003 module=0x2d4960000 size=170000
[JuiceHybrid] open name=/private/var/containers/Bundle/Application/124F0A70-2EFF-40C7-B2F9-D71B571C9E11/Juice.app/Grape-X64/build/wine-ios/dlls/wineios.drv/aarch64-windows/wineios.drv machine=0000 status=c0000135
[JuiceHybrid] open name=/private/var/containers/Bundle/Application/124F0A70-2EFF-40C7-B2F9-D71B571C9E11/Juice.app/Grape-X64/build/wine-ios/programs/wineios.drv/aarch64-windows/wineios.drv machine=0000 status=c0000135
[JuiceHybrid] open name=/private/var/containers/Bundle/Application/124F0A70-2EFF-40C7-B2F9-D71B571C9E11/Juice.app/Grape-X64/runtime/lib/wine/aarch64-windows/wineios.drv machine=0000 status=00000000
[JuiceWine] anonymous PE executable section .text at 0x2d4880000 size=65536
[JuiceWine] anonymous PE executable section .hexpthk at 0x2d4890000 size=65536
[JuiceHybrid] map name=/private/var/containers/Bundle/Application/124F0A70-2EFF-40C7-B2F9-D71B571C9E11/Juice.app/Grape-X64/runtime/lib/wine/aarch64-windows/wineios.drv status=40000003 module=0x2d4870000 size=f0000
DISPLAY_CLIENT_CONNECTED fd=11
[JuiceInput] display connected path=/var/mobile/Containers/Data/Application/2A4FE42F-DA40-4530-B5B1-96F7C5C63DEB/Documents/j.sock desktop=1024x768 dpi=96
DISPLAY_EVENT HELLO fd=11 pid=44721 desktop=1024x768 dpi=96
[JuiceInput] queue fd registered fd=18 tid=0x2c
[JuiceDriver] ios init set driver create=0x802c4e78 client_surface=0x802c59fc size=1216
[JuiceDriver] install prev=0x8113d3a8 lazy=0x8113d3a8 null=0x81169f10 candidate=0x101808800 create=0x802c4e78 installed=1
[JuiceCreate] ex=00000000 class=0x11ef10 version=0x0 name=0x11eef0 style=86000000 x=0 y=0 cx=0 cy=0 parent=0x0 menu=0x0 classinst=0x0 params=0x11f240 flags=00000000 inst=0x0 classptr=0x8001 ansi=0
JUICE_MOLTENVK_DRIVER_READY version=48 handle=0x3b9fe0
[mvk-info] MoltenVK version 1.4.2, supporting Vulkan version 1.4.357.
	The following 152 Vulkan extensions are supported:
	VK_KHR_16bit_storage v1
	VK_KHR_8bit_storage v1
	VK_KHR_bind_memory2 v1
	VK_KHR_buffer_device_address v1
	VK_KHR_calibrated_timestamps v1
	VK_KHR_copy_commands2 v1
	VK_KHR_create_renderpass2 v1
	VK_KHR_dedicated_allocation v3
	VK_KHR_deferred_host_operations v4
	VK_KHR_depth_stencil_resolve v1
	VK_KHR_descriptor_update_template v1
	VK_KHR_device_group v4
	VK_KHR_device_group_creation v1
	VK_KHR_driver_properties v1
	VK_KHR_dynamic_rendering v1
	VK_KHR_dynamic_rendering_local_read v1
	VK_KHR_external_fence v1
	VK_KHR_external_fence_capabilities v1
	VK_KHR_external_memory v1
	VK_KHR_external_memory_capabilities v1
	VK_KHR_external_semaphore v1
	VK_KHR_external_semaphore_capabilities v1
	VK_KHR_format_feature_flags2 v2
	VK_KHR_fragment_shader_barycentric v1
	VK_KHR_get_memory_requirements2 v1
	VK_KHR_get_physical_device_properties2 v2
	VK_KHR_get_surface_capabilities2 v1
	VK_KHR_global_priority v1
	VK_KHR_image_format_list v1
	VK_KHR_imageless_framebuffer v1
	VK_KHR_incremental_present v2
	VK_KHR_index_type_uint8 v1
	VK_KHR_line_rasterization v1
	VK_KHR_load_store_op_none v1
	VK_KHR_maintenance1 v2
	VK_KHR_maintenance2 v1
	VK_KHR_maintenance3 v1
	VK_KHR_maintenance4 v2
	VK_KHR_maintenance5 v1
	VK_KHR_maintenance6 v1
	VK_KHR_maintenance7 v1
	VK_KHR_maintenance8 v1
	VK_KHR_maintenance9 v1
	VK_KHR_map_memory2 v1
	VK_KHR_multiview v1
	VK_KHR_portability_subset v1
	VK_KHR_present_id v1
	VK_KHR_present_id2 v1
	VK_KHR_present_wait v1
	VK_KHR_present_wait2 v1
	VK_KHR_push_descriptor v2
	VK_KHR_relaxed_block_layout v1
	VK_KHR_robustness2 v1
	VK_KHR_sampler_mirror_clamp_to_edge v3
	VK_KHR_sampler_ycbcr_conversion v14
	VK_KHR_separate_depth_stencil_layouts v1
	VK_KHR_shader_draw_parameters v1
	VK_KHR_shader_expect_assume v1
	VK_KHR_shader_float_controls v4
	VK_KHR_shader_float_controls2 v1
	VK_KHR_shader_float16_int8 v1
	VK_KHR_shader_fma v1
	VK_KHR_shader_integer_dot_product v1
	VK_KHR_shader_maximal_reconvergence v1
	VK_KHR_shader_non_semantic_info v1
	VK_KHR_shader_quad_control v1
	VK_KHR_shader_relaxed_extended_instruction v1
	VK_KHR_shader_subgroup_extended_types v1
	VK_KHR_shader_subgroup_rotate v2
	VK_KHR_shader_subgroup_uniform_control_flow v1
	VK_KHR_shader_terminate_invocation v1
	VK_KHR_spirv_1_4 v1
	VK_KHR_storage_buffer_storage_class v1
	VK_KHR_surface v25
	VK_KHR_surface_maintenance1 v1
	VK_KHR_surface_protected_capabilities v1
	VK_KHR_swapchain v70
	VK_KHR_swapchain_maintenance1 v1
	VK_KHR_swapchain_mutable_format v1
	VK_KHR_synchronization2 v1
	VK_KHR_timeline_semaphore v2
	VK_KHR_uniform_buffer_standard_layout v1
	VK_KHR_variable_pointers v1
	VK_KHR_vertex_attribute_divisor v1
	VK_KHR_vulkan_memory_model v3
	VK_KHR_zero_initialize_workgroup_memory v1
	VK_EXT_4444_formats v1
	VK_EXT_buffer_device_address v2
	VK_EXT_calibrated_timestamps v2
	VK_EXT_debug_marker v4
	VK_EXT_debug_report v10
	VK_EXT_debug_utils v2
	VK_EXT_depth_clip_control v1
	VK_EXT_descriptor_indexing v2
	VK_EXT_extended_dynamic_state v1
	VK_EXT_extended_dynamic_state2 v1
	VK_EXT_extended_dynamic_state3 v2
	VK_EXT_external_memory_host v1
	VK_EXT_external_memory_metal v1
	VK_EXT_fragment_shader_interlock v1
	VK_EXT_global_priority v2
	VK_EXT_global_priority_query v1
	VK_EXT_headless_surface v1
	VK_EXT_host_image_copy v1
	VK_EXT_host_query_reset v1
	VK_EXT_image_2d_view_of_3d v1
	VK_EXT_image_robustness v1
	VK_EXT_index_type_uint8 v1
	VK_EXT_inline_uniform_block v1
	VK_EXT_layer_settings v2
	VK_EXT_legacy_dithering v2
	VK_EXT_line_rasterization v1
	VK_EXT_load_store_op_none v1
	VK_EXT_memory_budget v1
	VK_EXT_metal_objects v2
	VK_EXT_metal_surface v1
	VK_EXT_non_seamless_cube_map v1
	VK_EXT_pipeline_creation_cache_control v3
	VK_EXT_pipeline_creation_feedback v1
	VK_EXT_pipeline_robustness v1
	VK_EXT_post_depth_coverage v1
	VK_EXT_primitive_topology_list_restart v1
	VK_EXT_private_data v1
	VK_EXT_provoking_vertex v1
	VK_EXT_robustness2 v1
	VK_EXT_sample_locations v1
	VK_EXT_scalar_block_layout v1
	VK_EXT_separate_stencil_usage v1
	VK_EXT_shader_atomic_float v1
	VK_EXT_shader_demote_to_helper_invocation v1
	VK_EXT_shader_stencil_export v1
	VK_EXT_shader_subgroup_ballot v1
	VK_EXT_shader_subgroup_vote v1
	VK_EXT_shader_viewport_index_layer v1
	VK_EXT_subgroup_size_control v2
	VK_EXT_surface_maintenance1 v1
	VK_EXT_swapchain_colorspace v5
	VK_EXT_swapchain_maintenance1 v1
	VK_EXT_texel_buffer_alignment v1
	VK_EXT_texture_compression_astc_hdr v1
	VK_EXT_tooling_info v1
	VK_EXT_vertex_attribute_divisor v3
	VK_AMD_gpu_shader_half_float v2
	VK_AMD_negative_viewport_height v1
	VK_AMD_shader_image_load_store_lod v1
	VK_AMD_shader_trinary_minmax v1
	VK_GOOGLE_display_timing v1
	VK_IMG_format_pvrtc v1
	VK_INTEL_shader_integer_functions2 v1
	VK_MVK_ios_surface v3
	VK_MVK_moltenvk v37
	VK_NV_fragment_shader_barycentric v1
[mvk-error] VK_ERROR_INCOMPATIBLE_DRIVER: Vulkan is not supported on this device. MoltenVK requires Metal, which is not available on this device.
[mvk-info] Created VkInstance for Vulkan version 1.0.357, as requested by app, with the following 3 Vulkan extensions enabled:
	VK_KHR_external_fence_capabilities v1
	VK_KHR_external_semaphore_capabilities v1
	VK_KHR_get_physical_device_properties2 v2
[mvk-info] Destroying VkInstance for Vulkan version 1.0.357 with 3 Vulkan extensions enabled.
[JuiceHybrid] open name=/private/var/containers/Bundle/Application/124F0A70-2EFF-40C7-B2F9-D71B571C9E11/Juice.app/Grape-X64/build/wine-ios/dlls/uxtheme/aarch64-windows/uxtheme.dll machine=0000 status=c0000135
[JuiceHybrid] open name=/private/var/containers/Bundle/Application/124F0A70-2EFF-40C7-B2F9-D71B571C9E11/Juice.app/Grape-X64/build/wine-ios/programs/uxtheme.dll/aarch64-windows/uxtheme.dll machine=0000 status=c0000135
[JuiceHybrid] open name=/private/var/containers/Bundle/Application/124F0A70-2EFF-40C7-B2F9-D71B571C9E11/Juice.app/Grape-X64/runtime/lib/wine/aarch64-windows/uxtheme.dll machine=0000 status=00000000
[JuiceWine] anonymous PE executable section .text at 0x2d46b0000 size=196608
[JuiceWine] anonymous PE executable section .hexpthk at 0x2d46e0000 size=65536
[JuiceHybrid] map name=/private/var/containers/Bundle/Application/124F0A70-2EFF-40C7-B2F9-D71B571C9E11/Juice.app/Grape-X64/runtime/lib/wine/aarch64-windows/uxtheme.dll status=40000003 module=0x2d46a0000 size=1d0000
[JuiceRect] input hwnd=0x10020 dpi=96/1 raw=96/1 win=0,0,0,0 client=0,0,0,0 visible=0,0,0,0
DISPLAY_EVENT WINDOW pid=44721 hwnd=0x10020 rect=0,0 0x0 visible=0
[JuiceRect] mapped hwnd=0x10020 win=0,0,0,0 client=0,0,0,0 visible=0,0,0,0
[JuiceGeom] changed hwnd=0x10020 flags=3c ptr=0x10010f620 window=0,0,0,0 client=0,0,0,0 visible=0,0,0,0 surface=0x8114c4f0 shown=0
DISPLAY_EVENT WINDOW pid=44721 hwnd=0x10020 rect=0,0 0x0 visible=0
[JuiceRect] input hwnd=0x10020 dpi=96/1 raw=96/1 win=0,0,0,0 client=0,0,0,0 visible=0,0,0,0
[JuiceRect] mapped hwnd=0x10020 win=0,0,0,0 client=0,0,0,0 visible=0,0,0,0
[JuiceGeom] changed hwnd=0x10020 flags=18 ptr=0x10010f620 window=0,0,0,0 client=0,0,0,0 visible=0,0,0,0 surface=0x8114c4f0 shown=0
[JuiceDriver] create-enter hwnd=0x10020
[JuiceDriver] create-success hwnd=0x10020
[JuiceCreate] ex=00000000 class=0x11ef10 version=0x0 name=0x11eef0 style=86000000 x=0 y=0 cx=100 cy=100 parent=0x0 menu=0x0 classinst=0x0 params=0x0 flags=00000000 inst=0x0 classptr=0x140020ca0 ansi=0
[JuiceRect] input hwnd=0x10028 dpi=96/1 raw=96/1 win=0,0,100,100 client=0,0,100,100 visible=0,0,100,100
[JuiceRect] mapped hwnd=0x10028 win=0,0,100,100 client=0,0,100,100 visible=0,0,100,100
[JuiceGeom] changed hwnd=0x10028 flags=3c ptr=0x10010f620 window=0,0,100,100 client=0,0,100,100 visible=0,0,100,100 surface=0x8114c4f0 shown=0
DISPLAY_EVENT WINDOW pid=44721 hwnd=0x10028 rect=0,0 100x100 visible=0
[JuiceRect] input hwnd=0x10028 dpi=96/1 raw=96/1 win=0,0,100,100 client=0,0,100,100 visible=0,0,100,100
DISPLAY_EVENT WINDOW pid=44721 hwnd=0x10028 rect=0,0 100x100 visible=0
[JuiceRect] mapped hwnd=0x10028 win=0,0,100,100 client=0,0,100,100 visible=0,0,100,100
[JuiceGeom] changed hwnd=0x10028 flags=18 ptr=0x10010f620 window=0,0,100,100 client=0,0,100,100 visible=0,0,100,100 surface=0x8114c4f0 shown=0
[JuiceDriver] create-enter hwnd=0x10028
[JuiceDriver] create-success hwnd=0x10028
[JuiceGeom] surface hwnd=0x10020 rect=0,0,1024,768 size=1024x768 previous=0x8114c4f0
[JuiceRect] input hwnd=0x10020 dpi=96/1 raw=96/1 win=0,0,1024,768 client=0,0,1024,768 visible=0,0,1024,768
[JuiceRect] mapped hwnd=0x10020 win=0,0,1024,768 client=0,0,1024,768 visible=0,0,1024,768
DISPLAY_EVENT WINDOW pid=44721 hwnd=0x10020 rect=0,0 1024x768 visible=1
[JuiceGeom] changed hwnd=0x10020 flags=8000116a ptr=0x10010f820 window=0,0,1024,768 client=0,0,1024,768 visible=0,0,1024,768 surface=0x10058a4d0 shown=1
[JuiceStage] init_syscall_frame entered; entry=0x1400126e8 arg=0x0 teb=0x7ffe4000 data=0x100110000 frame=0x10021fb00 stack_base=0xca0000 stack_limit=0xba8000
[JuiceStage] calling signal_set_full_context; ctx=0xc9fc70 target_pc=0x2d79c9650 target_sp=0xca0000 target_x18=0x7ffe4000 LdrInitializeThunk=0x2d79c9670 RtlUserThreadStart=0x2d79c9650
[JuiceStage] signal_set_full_context returned; status=00000000 frame_pc=0x2d79c9650 frame_sp=0xca0000 frame_x18=0x7ffe4000 restore=00400007
[JuiceStage] init_syscall_frame complete; dispatcher_pc=0x2d79c9670 user_sp=0xc9fc70 x16=0x2d79c9670 x17=0xc9fc70 x18=0x7ffe4000 restore=00400007
[JuiceCreate] ex=00000000 class=0xc9fa70 version=0x0 name=0xc9fa50 style=00000000 x=0 y=0 cx=0 cy=0 parent=0xfffffffffffffffd menu=0x0 classinst=0x0 params=0x0 flags=00000000 inst=0x0 classptr=0x140020500 ansi=0
[JuiceStage] init_syscall_frame entered; entry=0x140012cc8 arg=0x0 teb=0x7ffe0000 data=0x100220000 frame=0x10032fb00 stack_base=0xda0000 stack_limit=0xca8000
[JuiceStage] calling signal_set_full_context; ctx=0xd9fc70 target_pc=0x2d79c9650 target_sp=0xda0000 target_x18=0x7ffe0000 LdrInitializeThunk=0x2d79c9670 RtlUserThreadStart=0x2d79c9650
[JuiceStage] signal_set_full_context returned; status=00000000 frame_pc=0x2d79c9650 frame_sp=0xda0000 frame_x18=0x7ffe0000 restore=00400007
[JuiceStage] init_syscall_frame complete; dispatcher_pc=0x2d79c9670 user_sp=0xd9fc70 x16=0x2d79c9670 x17=0xd9fc70 x18=0x7ffe0000 restore=00400007
[JuiceCreate] ex=00000000 class=0x11ee90 version=0x0 name=0x11ee70 style=00000000 x=0 y=0 cx=0 cy=0 parent=0xfffffffffffffffd menu=0x0 classinst=0x0 params=0x0 flags=00000000 inst=0x0 classptr=0x140020140 ansi=0
[JuiceCreate] ex=00000000 class=0xd9fc10 version=0x0 name=0xd9fbf0 style=00000000 x=0 y=0 cx=0 cy=0 parent=0xfffffffffffffffd menu=0x0 classinst=0x0 params=0x0 flags=00000000 inst=0x0 classptr=0x140021320 ansi=0
[JuiceMonitor] callee hwnd=0x10034 hmon=0x1 info=0x10032f550 monitor=0,0,1024,768 work=0,0,1024,768 flags=00000001
[JuiceMinMax] hwnd=0x10034 min=112,27 maxtrack=1036,780 max=106,106 pos=-3,-3
DISPLAY_EVENT WINDOW pid=44721 hwnd=0x10034 rect=0,0 112x27 visible=0
[JuiceRect] input hwnd=0x10034 dpi=96/1 raw=96/1 win=0,0,112,27 client=0,0,112,27 visible=0,0,112,27
[JuiceRect] mapped hwnd=0x10034 win=0,0,112,27 client=0,0,112,27 visible=0,0,112,27
[JuiceMonitor] callee hwnd=0x10032 hmon=0x1 info=0x10010f720 monitor=0,0,1024,768 work=0,0,1024,768 flags=00000001
[JuiceMinMax] hwnd=0x10032 min=112,27 maxtrack=1036,780 max=106,106 pos=-3,-3
[JuiceGeom] changed hwnd=0x10034 flags=14 ptr=0x10032f450 window=0,0,112,27 client=0,0,112,27 visible=0,0,112,27 surface=0x0 shown=0
[JuiceMonitor] callee hwnd=0x1002e hmon=0x1 info=0x10021f550 monitor=0,0,1024,768 work=0,0,1024,768 flags=00000001
[JuiceMinMax] hwnd=0x1002e min=112,27 maxtrack=1036,780 max=106,106 pos=-3,-3
[JuiceRect] input hwnd=0x10032 dpi=96/1 raw=96/1 win=0,0,112,27 client=0,0,112,27 visible=0,0,112,27
[JuiceRect] mapped hwnd=0x10032 win=0,0,112,27 client=0,0,112,27 visible=0,0,112,27
DISPLAY_EVENT WINDOW pid=44721 hwnd=0x10032 rect=0,0 112x27 visible=0
DISPLAY_EVENT WINDOW pid=44721 hwnd=0x10034 rect=0,0 112x27 visible=0
DISPLAY_EVENT WINDOW pid=44721 hwnd=0x1002e rect=0,0 112x27 visible=0
DISPLAY_EVENT WINDOW pid=44721 hwnd=0x10032 rect=0,0 112x27 visible=0
DISPLAY_EVENT DESTROY pid=44721 hwnd=0x1002e
[JuiceRect] input hwnd=0x10034 dpi=96/1 raw=96/1 win=0,0,112,27 client=3,22,109,24 visible=0,0,112,27
[JuiceRect] input hwnd=0x1002e dpi=96/1 raw=96/1 win=0,0,112,27 client=0,0,112,27 visible=0,0,112,27
[JuiceRect] mapped hwnd=0x10034 win=0,0,112,27 client=3,22,109,24 visible=0,0,112,27
[JuiceGeom] changed hwnd=0x10032 flags=14 ptr=0x10010f620 window=0,0,112,27 client=0,0,112,27 visible=0,0,112,27 surface=0x0 shown=0
[JuiceRect] mapped hwnd=0x1002e win=0,0,112,27 client=0,0,112,27 visible=0,0,112,27
[JuiceGeom] changed hwnd=0x10034 flags=10 ptr=0x10032f450 window=0,0,112,27 client=3,22,109,24 visible=0,0,112,27 surface=0x0 shown=0
[JuiceDriver] create-enter hwnd=0x10034
[JuiceGeom] changed hwnd=0x1002e flags=14 ptr=0x10021f450 window=0,0,112,27 client=0,0,112,27 visible=0,0,112,27 surface=0x0 shown=0
[JuiceRect] input hwnd=0x10032 dpi=96/1 raw=96/1 win=0,0,112,27 client=3,22,109,24 visible=0,0,112,27
[JuiceCreate] failed hwnd=0x1002e stage=wm-nccreate
[JuiceRect] mapped hwnd=0x10032 win=0,0,112,27 client=3,22,109,24 visible=0,0,112,27
[JuiceInput] queue fd registered fd=18 tid=0x34
[JuiceDriver] create-success hwnd=0x10034
[JuiceGeom] changed hwnd=0x10032 flags=10 ptr=0x10010f620 window=0,0,112,27 client=3,22,109,24 visible=0,0,112,27 surface=0x0 shown=0
[JuiceDriver] create-enter hwnd=0x10032
[JuiceDriver] create-success hwnd=0x10032
DISPLAY_EVENT WINDOW pid=44721 hwnd=0x2002e rect=0,0 166x45 visible=0
[JuiceCreate] ex=00000000 class=0x11ee80 version=0x0 name=0x11ee60 style=00c80000 x=-2147483648 y=-2147483648 cx=166 cy=45 parent=0x0 menu=0x0 classinst=0x0 params=0x0 flags=00000000 inst=0x0 classptr=0x140026398 ansi=0
[JuiceMonitor] callee hwnd=0x0 hmon=0x1 info=0x10010fa00 monitor=0,0,1024,768 work=0,0,1024,768 flags=00000001
[JuiceMonitor] caller hwnd=0x0 monitor=0,0,1024,768 work=0,0,1024,768 flags=00000001
[JuiceMonitor] callee hwnd=0x2002e hmon=0x1 info=0x10010f720 monitor=0,0,1024,768 work=0,0,1024,768 flags=00000001
[JuiceMinMax] hwnd=0x2002e min=112,27 maxtrack=1036,780 max=1030,774 pos=-3,-3
[JuiceRect] input hwnd=0x2002e dpi=96/1 raw=96/1 win=0,0,166,45 client=0,0,166,45 visible=0,0,166,45
[JuiceRect] mapped hwnd=0x2002e win=0,0,166,45 client=0,0,166,45 visible=0,0,166,45
[JuiceGeom] changed hwnd=0x2002e flags=3c ptr=0x10010f620 window=0,0,166,45 client=0,0,166,45 visible=0,0,166,45 surface=0x8114c4f0 shown=0
[JuiceCreate] ex=00000000 class=0x10010f590 version=0x0 name=0x10010f580 style=8c000000 x=0 y=0 cx=1 cy=1 parent=0x0 menu=0x0 classinst=0x0 params=0x0 flags=00000000 inst=0x0 classptr=0x0 ansi=0
DISPLAY_EVENT WINDOW pid=44721 hwnd=0x20030 rect=0,0 1x1 visible=0
DISPLAY_EVENT WINDOW pid=44721 hwnd=0x20030 rect=0,0 1x1 visible=0
[JuiceRect] input hwnd=0x20030 dpi=96/1 raw=96/1 win=0,0,1,1 client=0,0,1,1 visible=0,0,1,1
[JuiceRect] mapped hwnd=0x20030 win=0,0,1,1 client=0,0,1,1 visible=0,0,1,1
[JuiceGeom] changed hwnd=0x20030 flags=3c ptr=0x10010eed0 window=0,0,1,1 client=0,0,1,1 visible=0,0,1,1 surface=0x8114c4f0 shown=0
[JuiceRect] input hwnd=0x20030 dpi=96/1 raw=96/1 win=0,0,1,1 client=0,0,1,1 visible=0,0,1,1
[JuiceRect] mapped hwnd=0x20030 win=0,0,1,1 client=0,0,1,1 visible=0,0,1,1
[JuiceGeom] changed hwnd=0x20030 flags=18 ptr=0x10010eed0 window=0,0,1,1 client=0,0,1,1 visible=0,0,1,1 surface=0x8114c4f0 shown=0
[JuiceDriver] create-enter hwnd=0x20030
[JuiceDriver] create-success hwnd=0x20030
DISPLAY_EVENT WINDOW pid=44721 hwnd=0x2002e rect=0,0 166x45 visible=0
[JuiceRect] input hwnd=0x2002e dpi=96/1 raw=96/1 win=0,0,166,45 client=3,22,163,42 visible=0,0,166,45
[JuiceRect] mapped hwnd=0x2002e win=0,0,166,45 client=3,22,163,42 visible=0,0,166,45
[JuiceGeom] changed hwnd=0x2002e flags=18 ptr=0x10010f620 window=0,0,166,45 client=3,22,163,42 visible=0,0,166,45 surface=0x8114c4f0 shown=0
[JuiceDriver] create-enter hwnd=0x2002e
[JuiceDriver] create-success hwnd=0x2002e
[JuiceHybrid] open name=/private/var/containers/Bundle/Application/124F0A70-2EFF-40C7-B2F9-D71B571C9E11/Juice.app/Grape-X64/build/wine-ios/dlls/shell32/aarch64-windows/shell32.dll machine=0000 status=c0000135
[JuiceHybrid] open name=/private/var/containers/Bundle/Application/124F0A70-2EFF-40C7-B2F9-D71B571C9E11/Juice.app/Grape-X64/build/wine-ios/programs/shell32.dll/aarch64-windows/shell32.dll machine=0000 status=c0000135
[JuiceHybrid] open name=/private/var/containers/Bundle/Application/124F0A70-2EFF-40C7-B2F9-D71B571C9E11/Juice.app/Grape-X64/runtime/lib/wine/aarch64-windows/shell32.dll machine=0000 status=00000000
[JuiceHybrid] open name=/private/var/containers/Bundle/Application/124F0A70-2EFF-40C7-B2F9-D71B571C9E11/Juice.app/Grape-X64/build/wine-ios/dlls/wineios.drv/i386-windows/wineios.drv machine=0000 status=c0000135
[JuiceHybrid] open name=/private/var/containers/Bundle/Application/124F0A70-2EFF-40C7-B2F9-D71B571C9E11/Juice.app/Grape-X64/build/wine-ios/programs/wineios.drv/i386-windows/wineios.drv machine=0000 status=c0000135
[JuiceHybrid] open name=/private/var/containers/Bundle/Application/124F0A70-2EFF-40C7-B2F9-D71B571C9E11/Juice.app/Grape-X64/runtime/lib/wine/i386-windows/wineios.drv machine=0000 status=00000000
[JuiceWine] host-page expanding executable section .text: section=0x791d1000 mapping=0x791d0000 size=16384
[JuiceWine] anonymous PE executable section .text at 0x791d0000 size=16384
[JuiceHybrid] map name=/private/var/containers/Bundle/Application/124F0A70-2EFF-40C7-B2F9-D71B571C9E11/Juice.app/Grape-X64/runtime/lib/wine/i386-windows/wineios.drv status=00000000 module=0x791d0000 size=d000
[JuiceWine] anonymous PE executable section .text at 0x2d36d0000 size=1048576
[JuiceWine] anonymous PE executable section .hexpthk at 0x2d37d0000 size=65536
[JuiceHybrid] map name=/private/var/containers/Bundle/Application/124F0A70-2EFF-40C7-B2F9-D71B571C9E11/Juice.app/Grape-X64/runtime/lib/wine/aarch64-windows/shell32.dll status=40000003 module=0x2d36c0000 size=ff0000
[JuiceHybrid] open name=/private/var/containers/Bundle/Application/124F0A70-2EFF-40C7-B2F9-D71B571C9E11/Juice.app/Grape-X64/build/wine-ios/dlls/shlwapi/aarch64-windows/shlwapi.dll machine=0000 status=c0000135
[JuiceHybrid] open name=/private/var/containers/Bundle/Application/124F0A70-2EFF-40C7-B2F9-D71B571C9E11/Juice.app/Grape-X64/build/wine-ios/programs/shlwapi.dll/aarch64-windows/shlwapi.dll machine=0000 status=c0000135
[JuiceHybrid] open name=/private/var/containers/Bundle/Application/124F0A70-2EFF-40C7-B2F9-D71B571C9E11/Juice.app/Grape-X64/runtime/lib/wine/aarch64-windows/shlwapi.dll machine=0000 status=00000000
DISPLAY_CLIENT_CONNECTED fd=12
[JuiceInput] display connected path=/var/mobile/Containers/Data/Application/2A4FE42F-DA40-4530-B5B1-96F7C5C63DEB/Documents/j.sock desktop=1024x768 dpi=96
DISPLAY_EVENT HELLO fd=12 pid=44710 desktop=1024x768 dpi=96
[JuiceInput] queue fd registered fd=20 tid=0x24
[JuiceDriver] ios init set driver create=0x84d68e78 client_surface=0x84d699fc size=1216
[JuiceDriver] install prev=0x8253d3a8 lazy=0x8253d3a8 null=0x82569f10 candidate=0x10280fc00 create=0x84d68e78 installed=1
[JuiceDriver] direct-load status=00000000 driver=0x10280fc00
[JuiceHybrid] open name=/private/var/containers/Bundle/Application/124F0A70-2EFF-40C7-B2F9-D71B571C9E11/Juice.app/Grape-X64/build/wine-ios/dlls/uxtheme/i386-windows/uxtheme.dll machine=0000 status=c0000135
[JuiceHybrid] open name=/private/var/containers/Bundle/Application/124F0A70-2EFF-40C7-B2F9-D71B571C9E11/Juice.app/Grape-X64/build/wine-ios/programs/uxtheme.dll/i386-windows/uxtheme.dll machine=0000 status=c0000135
[JuiceHybrid] open name=/private/var/containers/Bundle/Application/124F0A70-2EFF-40C7-B2F9-D71B571C9E11/Juice.app/Grape-X64/runtime/lib/wine/i386-windows/uxtheme.dll machine=0000 status=00000000
[JuiceWine] host-page expanding executable section .text: section=0x79151000 mapping=0x79150000 size=81920
[JuiceWine] anonymous PE executable section .text at 0x79150000 size=81920
[JuiceHybrid] map name=/private/var/containers/Bundle/Application/124F0A70-2EFF-40C7-B2F9-D71B571C9E11/Juice.app/Grape-X64/runtime/lib/wine/i386-windows/uxtheme.dll status=00000000 module=0x79150000 size=6c000
[JuiceWine] anonymous PE executable section .text at 0x2d3490000 size=262144
[JuiceWine] anonymous PE executable section .hexpthk at 0x2d34d0000 size=65536
[JuiceHybrid] map name=/private/var/containers/Bundle/Application/124F0A70-2EFF-40C7-B2F9-D71B571C9E11/Juice.app/Grape-X64/runtime/lib/wine/aarch64-windows/shlwapi.dll status=40000003 module=0x2d3480000 size=240000
[JuiceHybrid] open name=/private/var/containers/Bundle/Application/124F0A70-2EFF-40C7-B2F9-D71B571C9E11/Juice.app/Grape-X64/build/wine-ios/dlls/shcore/aarch64-windows/shcore.dll machine=0000 status=c0000135
[JuiceHybrid] open name=/private/var/containers/Bundle/Application/124F0A70-2EFF-40C7-B2F9-D71B571C9E11/Juice.app/Grape-X64/build/wine-ios/programs/shcore.dll/aarch64-windows/shcore.dll machine=0000 status=c0000135
[JuiceHybrid] open name=/private/var/containers/Bundle/Application/124F0A70-2EFF-40C7-B2F9-D71B571C9E11/Juice.app/Grape-X64/runtime/lib/wine/aarch64-windows/shcore.dll machine=0000 status=00000000
[JuiceWine] anonymous PE executable section .text at 0x2d4770000 size=131072
[JuiceWine] anonymous PE executable section .hexpthk at 0x2d4790000 size=65536
[JuiceHybrid] map name=/private/var/containers/Bundle/Application/124F0A70-2EFF-40C7-B2F9-D71B571C9E11/Juice.app/Grape-X64/runtime/lib/wine/aarch64-windows/shcore.dll status=40000003 module=0x2d4760000 size=110000
[JuiceCreate] ex=00000000 class=0x11ee30 version=0x0 name=0x11ee10 style=80000000 x=0 y=0 cx=0 cy=0 parent=0x0 menu=0x0 classinst=0x0 params=0x0 flags=00000000 inst=0x0 classptr=0x2d51d84f0 ansi=0
[JuiceRect] input hwnd=0x10044 dpi=96/1 raw=96/1 win=0,0,0,0 client=0,0,0,0 visible=0,0,0,0
[JuiceRect] mapped hwnd=0x10044 win=0,0,0,0 client=0,0,0,0 visible=0,0,0,0
DISPLAY_EVENT WINDOW pid=44721 hwnd=0x10044 rect=0,0 0x0 visible=0
[JuiceGeom] changed hwnd=0x10044 flags=3c ptr=0x10010f620 window=0,0,0,0 client=0,0,0,0 visible=0,0,0,0 surface=0x8114c4f0 shown=0
DISPLAY_EVENT WINDOW pid=44721 hwnd=0x10044 rect=0,0 0x0 visible=0
[JuiceRect] input hwnd=0x10044 dpi=96/1 raw=96/1 win=0,0,0,0 client=0,0,0,0 visible=0,0,0,0
[JuiceRect] mapped hwnd=0x10044 win=0,0,0,0 client=0,0,0,0 visible=0,0,0,0
[JuiceGeom] changed hwnd=0x10044 flags=18 ptr=0x10010f620 window=0,0,0,0 client=0,0,0,0 visible=0,0,0,0 surface=0x8114c4f0 shown=0
[JuiceDriver] create-enter hwnd=0x10044
[JuiceDriver] create-success hwnd=0x10044
[JuiceCreate] ex=00000000 class=0x11ee30 version=0x0 name=0x11ee10 style=80000000 x=0 y=0 cx=0 cy=0 parent=0x0 menu=0x0 classinst=0x0 params=0x0 flags=00000000 inst=0x0 classptr=0x2d51d9248 ansi=0
[JuiceRect] input hwnd=0x10046 dpi=96/1 raw=96/1 win=0,0,0,0 client=0,0,0,0 visible=0,0,0,0
[JuiceRect] mapped hwnd=0x10046 win=0,0,0,0 client=0,0,0,0 visible=0,0,0,0
DISPLAY_EVENT WINDOW pid=44721 hwnd=0x10046 rect=0,0 0x0 visible=0
[JuiceGeom] changed hwnd=0x10046 flags=3c ptr=0x10010f620 window=0,0,0,0 client=0,0,0,0 visible=0,0,0,0 surface=0x8114c4f0 shown=0
[JuiceRect] input hwnd=0x10046 dpi=96/1 raw=96/1 win=0,0,0,0 client=0,0,0,0 visible=0,0,0,0
[JuiceRect] mapped hwnd=0x10046 win=0,0,0,0 client=0,0,0,0 visible=0,0,0,0
[JuiceGeom] changed hwnd=0x10046 flags=18 ptr=0x10010f620 window=0,0,0,0 client=0,0,0,0 visible=0,0,0,0 surface=0x8114c4f0 shown=0
[JuiceDriver] create-enter hwnd=0x10046
[JuiceDriver] create-success hwnd=0x10046
DISPLAY_EVENT WINDOW pid=44721 hwnd=0x10046 rect=0,0 0x0 visible=0
[JuiceCreate] ex=00000000 class=0x11ee30 version=0x0 name=0x11ee10 style=80000000 x=0 y=0 cx=0 cy=0 parent=0x0 menu=0x0 classinst=0x0 params=0x0 flags=00000000 inst=0x0 classptr=0x2d51d9248 ansi=0
[JuiceRect] input hwnd=0x10048 dpi=96/1 raw=96/1 win=0,0,0,0 client=0,0,0,0 visible=0,0,0,0
[JuiceRect] mapped hwnd=0x10048 win=0,0,0,0 client=0,0,0,0 visible=0,0,0,0
[JuiceGeom] changed hwnd=0x10048 flags=3c ptr=0x10010f620 window=0,0,0,0 client=0,0,0,0 visible=0,0,0,0 surface=0x8114c4f0 shown=0
DISPLAY_EVENT WINDOW pid=44721 hwnd=0x10048 rect=0,0 0x0 visible=0
[JuiceRect] input hwnd=0x10048 dpi=96/1 raw=96/1 win=0,0,0,0 client=0,0,0,0 visible=0,0,0,0
DISPLAY_EVENT WINDOW pid=44721 hwnd=0x10048 rect=0,0 0x0 visible=0
[JuiceRect] mapped hwnd=0x10048 win=0,0,0,0 client=0,0,0,0 visible=0,0,0,0
[JuiceGeom] changed hwnd=0x10048 flags=18 ptr=0x10010f620 window=0,0,0,0 client=0,0,0,0 visible=0,0,0,0 surface=0x8114c4f0 shown=0
[JuiceDriver] create-enter hwnd=0x10048
[JuiceDriver] create-success hwnd=0x10048
[JuiceCreate] ex=00000000 class=0x11ee60 version=0x0 name=0x11ee40 style=80000000 x=0 y=0 cx=0 cy=0 parent=0x0 menu=0x0 classinst=0x0 params=0x0 flags=00000000 inst=0x0 classptr=0x2d51d9248 ansi=0
[JuiceRect] input hwnd=0x1004a dpi=96/1 raw=96/1 win=0,0,0,0 client=0,0,0,0 visible=0,0,0,0
[JuiceRect] mapped hwnd=0x1004a win=0,0,0,0 client=0,0,0,0 visible=0,0,0,0
DISPLAY_EVENT WINDOW pid=44721 hwnd=0x1004a rect=0,0 0x0 visible=0
[JuiceGeom] changed hwnd=0x1004a flags=3c ptr=0x10010f620 window=0,0,0,0 client=0,0,0,0 visible=0,0,0,0 surface=0x8114c4f0 shown=0
DISPLAY_EVENT WINDOW pid=44721 hwnd=0x1004a rect=0,0 0x0 visible=0
[JuiceRect] input hwnd=0x1004a dpi=96/1 raw=96/1 win=0,0,0,0 client=0,0,0,0 visible=0,0,0,0
[JuiceRect] mapped hwnd=0x1004a win=0,0,0,0 client=0,0,0,0 visible=0,0,0,0
[JuiceGeom] changed hwnd=0x1004a flags=18 ptr=0x10010f620 window=0,0,0,0 client=0,0,0,0 visible=0,0,0,0 surface=0x8114c4f0 shown=0
[JuiceDriver] create-enter hwnd=0x1004a
[JuiceDriver] create-success hwnd=0x1004a
[JuiceHybrid] open name=/private/var/containers/Bundle/Application/124F0A70-2EFF-40C7-B2F9-D71B571C9E11/Juice.app/Grape-X64/build/wine-ios/dlls/ole32/aarch64-windows/ole32.dll machine=0000 status=c0000135
[JuiceHybrid] open name=/private/var/containers/Bundle/Application/124F0A70-2EFF-40C7-B2F9-D71B571C9E11/Juice.app/Grape-X64/build/wine-ios/programs/ole32.dll/aarch64-windows/ole32.dll machine=0000 status=c0000135
[JuiceHybrid] open name=/private/var/containers/Bundle/Application/124F0A70-2EFF-40C7-B2F9-D71B571C9E11/Juice.app/Grape-X64/runtime/lib/wine/aarch64-windows/ole32.dll machine=0000 status=00000000
[JuiceWine] anonymous PE executable section .text at 0x2d2e60000 size=720896
[JuiceWine] anonymous PE executable section .hexpthk at 0x2d2f10000 size=65536
[JuiceHybrid] map name=/private/var/containers/Bundle/Application/124F0A70-2EFF-40C7-B2F9-D71B571C9E11/Juice.app/Grape-X64/runtime/lib/wine/aarch64-windows/ole32.dll status=40000003 module=0x2d2e50000 size=630000
[JuiceHybrid] open name=/private/var/containers/Bundle/Application/124F0A70-2EFF-40C7-B2F9-D71B571C9E11/Juice.app/Grape-X64/build/wine-ios/dlls/combase/aarch64-windows/combase.dll machine=0000 status=c0000135
[JuiceHybrid] open name=/private/var/containers/Bundle/Application/124F0A70-2EFF-40C7-B2F9-D71B571C9E11/Juice.app/Grape-X64/build/wine-ios/programs/combase.dll/aarch64-windows/combase.dll machine=0000 status=c0000135
[JuiceHybrid] open name=/private/var/containers/Bundle/Application/124F0A70-2EFF-40C7-B2F9-D71B571C9E11/Juice.app/Grape-X64/runtime/lib/wine/aarch64-windows/combase.dll machine=0000 status=00000000
[JuiceWine] anonymous PE executable section .text at 0x2d2b60000 size=393216
[JuiceWine] anonymous PE executable section .hexpthk at 0x2d2bc0000 size=65536
[JuiceHybrid] map name=/private/var/containers/Bundle/Application/124F0A70-2EFF-40C7-B2F9-D71B571C9E11/Juice.app/Grape-X64/runtime/lib/wine/aarch64-windows/combase.dll status=40000003 module=0x2d2b50000 size=300000
[JuiceHybrid] open name=/private/var/containers/Bundle/Application/124F0A70-2EFF-40C7-B2F9-D71B571C9E11/Juice.app/Grape-X64/build/wine-ios/dlls/coml2/aarch64-windows/coml2.dll machine=0000 status=c0000135
[JuiceHybrid] open name=/private/var/containers/Bundle/Application/124F0A70-2EFF-40C7-B2F9-D71B571C9E11/Juice.app/Grape-X64/build/wine-ios/programs/coml2.dll/aarch64-windows/coml2.dll machine=0000 status=c0000135
[JuiceHybrid] open name=/private/var/containers/Bundle/Application/124F0A70-2EFF-40C7-B2F9-D71B571C9E11/Juice.app/Grape-X64/runtime/lib/wine/aarch64-windows/coml2.dll machine=0000 status=00000000
[JuiceWine] anonymous PE executable section .text at 0x2d2a30000 size=65536
[JuiceWine] anonymous PE executable section .hexpthk at 0x2d2a40000 size=65536
[JuiceHybrid] map name=/private/var/containers/Bundle/Application/124F0A70-2EFF-40C7-B2F9-D71B571C9E11/Juice.app/Grape-X64/runtime/lib/wine/aarch64-windows/coml2.dll status=40000003 module=0x2d2a20000 size=130000
[JuiceCreate] ex=00000000 class=0x11ee80 version=0x0 name=0x11ee60 style=00000000 x=0 y=0 cx=0 cy=0 parent=0xfffffffffffffffd menu=0x0 classinst=0x2d2b50000 params=0x0 flags=00000000 inst=0x2d2b50000 classptr=0x2d2bd3868 ansi=0
[JuiceMonitor] callee hwnd=0x1004c hmon=0x1 info=0x10010f720 monitor=0,0,1024,768 work=0,0,1024,768 flags=00000001
[JuiceMinMax] hwnd=0x1004c min=112,27 maxtrack=1036,780 max=106,106 pos=-3,-3
[JuiceRect] input hwnd=0x1004c dpi=96/1 raw=96/1 win=0,0,112,27 client=0,0,112,27 visible=0,0,112,27
[JuiceRect] mapped hwnd=0x1004c win=0,0,112,27 client=0,0,112,27 visible=0,0,112,27
[JuiceGeom] changed hwnd=0x1004c flags=14 ptr=0x10010f620 window=0,0,112,27 client=0,0,112,27 visible=0,0,112,27 surface=0x0 shown=0
DISPLAY_EVENT WINDOW pid=44721 hwnd=0x1004c rect=0,0 112x27 visible=0
[JuiceRect] input hwnd=0x1004c dpi=96/1 raw=96/1 win=0,0,112,27 client=3,22,109,24 visible=0,0,112,27
[JuiceRect] mapped hwnd=0x1004c win=0,0,112,27 client=3,22,109,24 visible=0,0,112,27
[JuiceGeom] changed hwnd=0x1004c flags=10 ptr=0x10010f620 window=0,0,112,27 client=3,22,109,24 visible=0,0,112,27 surface=0x0 shown=0
DISPLAY_EVENT WINDOW pid=44721 hwnd=0x1004c rect=0,0 112x27 visible=0
[JuiceDriver] create-enter hwnd=0x1004c
[JuiceDriver] create-success hwnd=0x1004c
[JuiceStage] init_syscall_frame entered; entry=0x2d6ab5360 arg=0xa529b0 teb=0x7ffdc000 data=0x100970000 frame=0x100a7fb00 stack_base=0xf00000 stack_limit=0xe08000
[JuiceStage] calling signal_set_full_context; ctx=0xeffc70 target_pc=0x2d79c9650 target_sp=0xf00000 target_x18=0x7ffdc000 LdrInitializeThunk=0x2d79c9670 RtlUserThreadStart=0x2d79c9650
[JuiceStage] signal_set_full_context returned; status=00000000 frame_pc=0x2d79c9650 frame_sp=0xf00000 frame_x18=0x7ffdc000 restore=00400007
[JuiceStage] init_syscall_frame complete; dispatcher_pc=0x2d79c9670 user_sp=0xeffc70 x16=0x2d79c9670 x17=0xeffc70 x18=0x7ffdc000 restore=00400007
002c:err:ole:StdMarshalImpl_MarshalInterface Failed to create ifstub, hr 0x80004002
002c:err:ole:CoMarshalInterface Failed to marshal the interface {6d5140c1-7436-11ce-8034-00aa006009fa}, hr 0x80004002
002c:err:ole:apartment_get_local_server_stream Failed: 0x80004002
[JuiceGeom] surface hwnd=0x10020 rect=0,0,1024,768 size=1024x768 previous=0x10058a4d0
[JuiceRect] input hwnd=0x10020 dpi=96/1 raw=96/1 win=0,0,1024,768 client=0,0,1024,768 visible=0,0,1024,768
DISPLAY_EVENT WINDOW pid=44721 hwnd=0x10020 rect=0,0 1024x768 visible=1
[JuiceRect] mapped hwnd=0x10020 win=0,0,1024,768 client=0,0,1024,768 visible=0,0,1024,768
[JuiceGeom] changed hwnd=0x10020 flags=8000181b ptr=0x10010f750 window=0,0,1024,768 client=0,0,1024,768 visible=0,0,1024,768 surface=0x10058a4d0 shown=1
DISPLAY_CLIENT_CLOSED fd=11 pid=44721
[JuiceWine parent] child exited with 1
DISPLAY_CLIENT_CLOSED fd=12 pid=44710
[JuiceWine parent] child terminated by signal 9 (Killed: 9)
PROCESS_GROUP_STOP reason=application-will-resign-active child_pgid=44709 server_pgid=44708 wineserver_kill=60 status=9
PROCESS_GROUP_STOP reason=application-will-resign-active child_pgid=-1 server_pgid=-1 wineserver_kill=0 status=256
INSTALLED_APP_BROWSER_OPEN count=3
EXPERIMENTAL_X86_64 enabled=1
INSTALLED_APP_SELECTED machine=0x014c path=/var/mobile/Containers/Data/Application/2A4FE42F-DA40-4530-B5B1-96F7C5C63DEB/Documents/JuiceData/GrapePrefix-x86_64/drive_c/Program Files/Steam/Steam.exe
JUICE_TRANSLATION_RUNTIME_SAFETY_OK runtime=/private/var/containers/Bundle/Application/124F0A70-2EFF-40C7-B2F9-D71B571C9E11/Juice.app/Grape-X64 protocol=holes-disabled-v3-full-win32-reserve
PE_ARCH_DETECTED machine=0x014c arch=i386 runtime=Grape-X64 path=/var/mobile/Containers/Data/Application/2A4FE42F-DA40-4530-B5B1-96F7C5C63DEB/Documents/JuiceData/GrapePrefix-x86_64/drive_c/Program Files/Steam/Steam.exe
PROCESS_GROUP_STOP reason=new-launch child_pgid=-1 server_pgid=-1 wineserver_kill=0 status=256
PREFIX_HEALTH_OK marker=valid registry=valid prefix=/var/mobile/Containers/Data/Application/2A4FE42F-DA40-4530-B5B1-96F7C5C63DEB/Documents/JuiceData/GrapePrefix-x86_64
PREFIX_DRIVE_LINKS c=1 z=1 c_error=none z_error=none
PREFIX_WIN32_RUNTIME_LINKS count=103 syswow64=/var/mobile/Containers/Data/Application/2A4FE42F-DA40-4530-B5B1-96F7C5C63DEB/Documents/JuiceData/GrapePrefix-x86_64/drive_c/windows/syswow64
RUNTIME_SELECTED runtime=Grape-X64 prefix=/var/mobile/Containers/Data/Application/2A4FE42F-DA40-4530-B5B1-96F7C5C63DEB/Documents/JuiceData/GrapePrefix-x86_64
PREFIX_RUNTIME_LINKS count=9 system32=/var/mobile/Containers/Data/Application/2A4FE42F-DA40-4530-B5B1-96F7C5C63DEB/Documents/JuiceData/GrapePrefix-x86_64/drive_c/windows/system32
PREFIX_APISET_READY path=/var/mobile/Containers/Data/Application/2A4FE42F-DA40-4530-B5B1-96F7C5C63DEB/Documents/JuiceData/GrapePrefix-x86_64/drive_c/windows/system32/apisetschema.dll existing=1
Wine server: 0 pid=44753 pgid=44753

GUI launch /var/mobile/Containers/Data/Application/2A4FE42F-DA40-4530-B5B1-96F7C5C63DEB/Documents/JuiceData/GrapePrefix-x86_64/drive_c/Program Files/Steam/Steam.exe: 0 pid=44754 pgid=44754 generation=8
[JuiceWine parent] bundle libraries path=/private/var/containers/Bundle/Application/124F0A70-2EFF-40C7-B2F9-D71B571C9E11/Juice.app/Libraries:/var/jb/usr/lib
[JuiceWine parent] launching /private/var/containers/Bundle/Application/124F0A70-2EFF-40C7-B2F9-D71B571C9E11/Juice.app/Grape-X64/build/wine-ios/loader/wine
[JuiceWine parent] child PID=44755
[JuiceWine] iOS low-VA release start=0x10000 end=0x100000000 status=0 OK
JUICE_LOWVA_HOLELIST_OK old_reuse=0 new_reuse=1 allocator=entry-list
JUICE_LOWVA_HELPER_BEGIN path=/private/var/containers/Bundle/Application/124F0A70-2EFF-40C7-B2F9-D71B571C9E11/Juice.app/Grape-X64/tools/juice-lowva-helper target_pid=44755 root_persona=1
JUICE_LOWVA_KERNEL_MIN_OK pid=44755 task=0xffffffdff28c79d8 map=0xffffffdc0a91b4c0 old=0x1000a0000 new=0x10000 max=0x2d8000000 already=0
Failed to initialize IOSurface primitives, add "IOSurfaceRootUserClient" to the "com.apple.security.exception.iokit-user-client-class" dictionary of the entitlements from "/private/var/containers/Bundle/Application/124F0A70-2EFF-40C7-B2F9-D71B571C9E11/Juice.app/Grape-X64/tools/juice-lowva-helper" to fix this. Due to this, the kalloc, kmap and kcall primitives will not work.
JUICE_LOWVA_ATOMIC_RESERVE_OK start=0x10000 end=0x80000000 size=0x7fff0000
JUICE_LOWVA_WIN32_2G_RESERVE_OK start=0x10000 end=0x80000000
JUICE_LOWVA_HELPER_OK target_pid=44755
JUICE_LOWVA_KERNEL_PROBE_OK address=0x20000 size=0x4000
JUICE_LOWVA_READY target_pid=44755
[JuiceLowVA] MAP_FIXED enabled start=0x10000 size=0x67ff0000 prot=0 failures=0
[JuiceWine] PT_TRACE_ME succeeded; csflags=0x32007005 CS_DEBUGGED=YES
[JuiceWine] requesting controlled tracer detach
[JuiceWine parent] child stopped pid=44755 signal=17 (Suspended (signal): 17)
[JuiceWine parent] PT_DETACH pid=44755 result=0
[JuiceWine parent] child now running untraced
[JuiceWine] resumed after tracer detach; csflags=0x32007005 CS_DEBUGGED=YES
[JuiceStage] wineboot disabled by JUICE_SKIP_WINEBOOT=1
[JuiceWine] host-page expanding executable section .text: section=0x401000 mapping=0x400000 size=3031040
[JuiceWine] anonymous PE executable section .text at 0x400000 size=3031040
[JuiceStage] loading Windows ntdll; transfer=0x54d26d teb=0x7ffe8000 peb=0x7ffec000
[JuiceHybrid] open name=/private/var/containers/Bundle/Application/124F0A70-2EFF-40C7-B2F9-D71B571C9E11/Juice.app/Grape-X64/build/wine-ios/dlls/ntdll/aarch64-windows/ntdll.dll machine=aa64 status=00000000
[JuiceWine] anonymous PE executable section .text at 0x2d7970000 size=983040
[JuiceWine] anonymous PE executable section .hexpthk at 0x2d7a60000 size=65536
[JuiceHybrid] map name=/private/var/containers/Bundle/Application/124F0A70-2EFF-40C7-B2F9-D71B571C9E11/Juice.app/Grape-X64/build/wine-ios/dlls/ntdll/aarch64-windows/ntdll.dll status=40000003 module=0x2d7960000 size=6a0000
[JuiceStage] load_ntdll returned; transfer=0x54d26d
[JuiceHybrid] open name=/private/var/containers/Bundle/Application/124F0A70-2EFF-40C7-B2F9-D71B571C9E11/Juice.app/Grape-X64/build/wine-ios/dlls/ntdll/i386-windows/ntdll.dll machine=0000 status=00000000
[JuiceWine] host-page expanding executable section .text: section=0x7bd91000 mapping=0x7bd90000 size=442368
[JuiceWine] anonymous PE executable section .text at 0x7bd90000 size=442368
[JuiceHybrid] map name=/private/var/containers/Bundle/Application/124F0A70-2EFF-40C7-B2F9-D71B571C9E11/Juice.app/Grape-X64/build/wine-ios/dlls/ntdll/i386-windows/ntdll.dll status=00000000 module=0x7bd90000 size=252000
[JuiceStage] load_wow64_ntdll returned
[JuiceStage] calling load_apiset_dll
[JuiceStage] load_apiset_dll returned; stack_base=0x101b0fd20 stack_limit=0x101a18000
[JuiceStage] calling server_init_process_done
[JuiceStage] server_init_process_done entered
[JuiceStage] calling signal_init_process; teb=0x7ffe8000
[JuiceStage] signal_init_process returned
[JuiceStage] init_teb_data returned; syscall_frame=0x101a0fcd0 stack_base=0x101b0fd20 stack_limit=0x101a18000
[JuiceStage] init_process_done server call returned; status=00000000 suspend=0 transfer=0x54d26d teb=0x7ffe8000 peb=0x7ffec000
[JuiceStage] calling signal_start_thread
[JuiceStage] init_syscall_frame entered; entry=0x54d26d arg=0x7ffec000 teb=0x7ffe8000 data=0x101900000 frame=0x101a0fcd0 stack_base=0x101b0fd20 stack_limit=0x101a18000
[JuiceStage] calling signal_set_full_context; ctx=0x101b0f990 target_pc=0x2d79c9650 target_sp=0x101b0fd20 target_x18=0x7ffe8000 LdrInitializeThunk=0x2d79c9670 RtlUserThreadStart=0x2d79c9650
[JuiceStage] signal_set_full_context returned; status=00000000 frame_pc=0x2d79c9650 frame_sp=0x101b0fd20 frame_x18=0x7ffe8000 restore=00400007
[JuiceStage] init_syscall_frame complete; dispatcher_pc=0x2d79c9670 user_sp=0x101b0f990 x16=0x2d79c9670 x17=0x101b0f990 x18=0x7ffe8000 restore=00400007
[JuiceX18] broad #1 pc=0x2d79a5920 fault=0x30 instr=f9401a48 x8=0x0 x16=0x2d79c9670 x17=0x101b0f990 x18=0x0 teb=0x7ffe8000
[JuiceX18] broad #2 pc=0x2d79ce748 fault=0x30 instr=f9401a48 x8=0x0 x16=0x2d79a5920 x17=0x101b0f990 x18=0x0 teb=0x7ffe8000
[JuiceX18] broad #3 pc=0x2d79d0344 fault=0x30 instr=f9401a59 x8=0x101b0f770 x16=0x2d79ce748 x17=0x101b0f990 x18=0x0 teb=0x7ffe8000
[JuiceX18] broad #4 pc=0x2d79d037c fault=0x30 instr=f9401a4a x8=0x101b0f770 x16=0x2d79d0344 x17=0x101b0f990 x18=0x0 teb=0x7ffe8000
[JuiceX18] broad #5 pc=0x100631864 fault=0x378 instr=f941be4a x8=0x18 x16=0x100631860 x17=0x101b0f990 x18=0x0 teb=0x7ffe8000
[JuiceX18] broad #6 pc=0x2d79d0e88 fault=0x30 instr=f9401a48 x8=0x0 x16=0x2d79c7554 x17=0x101b0f760 x18=0x0 teb=0x7ffe8000
[JuiceX18] broad #7 pc=0x100631864 fault=0x378 instr=f941be4a x8=0x18 x16=0x100631860 x17=0x101b0f990 x18=0x0 teb=0x7ffe8000
[JuiceX18] broad #8 pc=0x2d79d0344 fault=0x30 instr=f9401a59 x8=0x101b0f7c0 x16=0x2d79c7554 x17=0x101b0f790 x18=0x0 teb=0x7ffe8000
[JuiceX18] broad #9 pc=0x2d79d02b4 fault=0x30 instr=f9401a54 x8=0x101b0f0f1 x16=0x5c5c x17=0x101b0f0f0 x18=0x0 teb=0x7ffe8000
[JuiceX18] broad #10 pc=0x2d79972ec fault=0x30 instr=f9401a48 x8=0x0 x16=0x2d79d02b4 x17=0x101b0f990 x18=0x0 teb=0x7ffe8000
[JuiceX18] broad #11 pc=0x2d79c0744 fault=0x30 instr=f9401a48 x8=0x0 x16=0x2d79c7b74 x17=0x101b0f4d0 x18=0x0 teb=0x7ffe8000
[JuiceX18] broad #12 pc=0x2d7997bac fault=0x30 instr=f9401a48 x8=0x0 x16=0x5c5c x17=0x101b0f3cc x18=0x0 teb=0x7ffe8000
[JuiceX18] broad #13 pc=0x2d7997c34 fault=0x30 instr=f9401a48 x8=0x0 x16=0x2d7997bac x17=0x101b0f990 x18=0x0 teb=0x7ffe8000
[JuiceX18] broad #14 pc=0x2d7997c34 fault=0x30 instr=f9401a48 x8=0x0 x16=0x2d7997c34 x17=0x101b0f990 x18=0x0 teb=0x7ffe8000
[JuiceX18] broad #15 pc=0x2d79d0344 fault=0x30 instr=f9401a59 x8=0x101b0f3f0 x16=0x2d79c7914 x17=0x101b0f470 x18=0x0 teb=0x7ffe8000
[JuiceX18] broad #16 pc=0x100631864 fault=0x378 instr=f941be4a x8=0x17 x16=0x100631860 x17=0x101b0f470 x18=0x0 teb=0x7ffe8000
[JuiceX18] broad #17 pc=0x2d79d0344 fault=0x30 instr=f9401a59 x8=0x101b0f6e0 x16=0x2d79c7d54 x17=0x101b0f800 x18=0x0 teb=0x7ffe8000
[JuiceHybrid] open name=/private/var/containers/Bundle/Application/124F0A70-2EFF-40C7-B2F9-D71B571C9E11/Juice.app/Grape-X64/build/wine-ios/dlls/wow64/aarch64-windows/wow64.dll machine=0000 status=c0000135
[JuiceHybrid] open name=/private/var/containers/Bundle/Application/124F0A70-2EFF-40C7-B2F9-D71B571C9E11/Juice.app/Grape-X64/build/wine-ios/programs/wow64.dll/aarch64-windows/wow64.dll machine=0000 status=c0000135
[JuiceHybrid] open name=/private/var/containers/Bundle/Application/124F0A70-2EFF-40C7-B2F9-D71B571C9E11/Juice.app/Grape-X64/runtime/lib/wine/aarch64-windows/wow64.dll machine=0000 status=00000000
[JuiceWine] anonymous PE executable section .text at 0x2d7850000 size=131072
[JuiceHybrid] map name=/private/var/containers/Bundle/Application/124F0A70-2EFF-40C7-B2F9-D71B571C9E11/Juice.app/Grape-X64/runtime/lib/wine/aarch64-windows/wow64.dll status=40000003 module=0x2d7840000 size=120000
[JuiceX18] broad #18 pc=0x100631864 fault=0x378 instr=f941be4a x8=0x50 x16=0x100631860 x17=0x101b0f570 x18=0x0 teb=0x7ffe8000
[JuiceX18] broad #19 pc=0x2d79a86c8 fault=0x30 instr=f9401a48 x8=0x0 x16=0x2d79c7c54 x17=0x101b0f570 x18=0x0 teb=0x7ffe8000
[JuiceX18] broad #20 pc=0x2d79d02b4 fault=0x30 instr=f9401a54 x8=0x101b0edb0 x16=0x5c5c x17=0x101b0edaf x18=0x0 teb=0x7ffe8000
[JuiceX18] broad #21 pc=0x2d79d0344 fault=0x30 instr=f9401a59 x8=0x101b0eed0 x16=0x2d79d02b4 x17=0x101b0f990 x18=0x0 teb=0x7ffe8000
[JuiceX18] broad #22 pc=0x2d79d0344 fault=0x30 instr=f9401a59 x8=0x101b0f1f0 x16=0x2d79c7c54 x17=0x101b0f210 x18=0x0 teb=0x7ffe8000
[JuiceX18] broad #23 pc=0x100631864 fault=0x378 instr=f941be4a x8=0xd1 x16=0x100631860 x17=0x101b0f640 x18=0x0 teb=0x7ffe8000
[JuiceHybrid] open name=/private/var/containers/Bundle/Application/124F0A70-2EFF-40C7-B2F9-D71B571C9E11/Juice.app/Grape-X64/build/wine-ios/dlls/libwow64fex/aarch64-windows/libwow64fex.dll machine=0000 status=c0000135
[JuiceHybrid] open name=/private/var/containers/Bundle/Application/124F0A70-2EFF-40C7-B2F9-D71B571C9E11/Juice.app/Grape-X64/build/wine-ios/programs/libwow64fex.dll/aarch64-windows/libwow64fex.dll machine=0000 status=c0000135
[JuiceHybrid] open name=/private/var/containers/Bundle/Application/124F0A70-2EFF-40C7-B2F9-D71B571C9E11/Juice.app/Grape-X64/runtime/lib/wine/aarch64-windows/libwow64fex.dll machine=0000 status=00000000
[JuiceWine] host-page expanding executable section .text: section=0x2d74c1000 mapping=0x2d74c0000 size=1916928
[JuiceWine] anonymous PE executable section .text at 0x2d74c0000 size=1916928
[JuiceHybrid] map name=/private/var/containers/Bundle/Application/124F0A70-2EFF-40C7-B2F9-D71B571C9E11/Juice.app/Grape-X64/runtime/lib/wine/aarch64-windows/libwow64fex.dll status=40000003 module=0x2d74c0000 size=37d000
[JuiceX18] broad #24 pc=0x100631864 fault=0x378 instr=f941be4a x8=0x50 x16=0x100631860 x17=0x101b0eed0 x18=0x0 teb=0x7ffe8000
[JuiceX18] broad #25 pc=0x100631864 fault=0x378 instr=f941be4a x8=0x50 x16=0x100631860 x17=0x101b0eb70 x18=0x0 teb=0x7ffe8000
[JuiceX18] broad #26 pc=0x100631864 fault=0x378 instr=f941be4a x8=0x50 x16=0x100631860 x17=0x101b0eb70 x18=0x0 teb=0x7ffe8000
[JuiceX18] broad #27 pc=0x2d79ce6e4 fault=0x30 instr=f9401a49 x8=0x24 x16=0x2d79c7434 x17=0x101b0efa0 x18=0x0 teb=0x7ffe8000
[JuiceX18] broad #28 pc=0x2d79ce6e4 fault=0x30 instr=f9401a49 x8=0x24 x16=0x2d79a1298 x17=0x101b0f990 x18=0x0 teb=0x7ffe8000
[JuiceHybrid] open name=/private/var/containers/Bundle/Application/124F0A70-2EFF-40C7-B2F9-D71B571C9E11/Juice.app/Grape-X64/build/wine-ios/dlls/wow64win/aarch64-windows/wow64win.dll machine=0000 status=c0000135
[JuiceHybrid] open name=/private/var/containers/Bundle/Application/124F0A70-2EFF-40C7-B2F9-D71B571C9E11/Juice.app/Grape-X64/build/wine-ios/programs/wow64win.dll/aarch64-windows/wow64win.dll machine=0000 status=c0000135
[JuiceHybrid] open name=/private/var/containers/Bundle/Application/124F0A70-2EFF-40C7-B2F9-D71B571C9E11/Juice.app/Grape-X64/runtime/lib/wine/aarch64-windows/wow64win.dll machine=0000 status=00000000
[JuiceWine] anonymous PE executable section .text at 0x2d73a0000 size=65536
[JuiceHybrid] map name=/private/var/containers/Bundle/Application/124F0A70-2EFF-40C7-B2F9-D71B571C9E11/Juice.app/Grape-X64/runtime/lib/wine/aarch64-windows/wow64win.dll status=40000003 module=0x2d7390000 size=130000
[JuiceX18] broad #29 pc=0x100631864 fault=0x378 instr=f941be4a x8=0x50 x16=0x100631860 x17=0x101b0eed0 x18=0x0 teb=0x7ffe8000
[JuiceX18] broad #30 pc=0x2d79a86c8 fault=0x30 instr=f9401a48 x8=0x0 x16=0x2d79c7c54 x17=0x101b0eed0 x18=0x0 teb=0x7ffe8000
[JuiceX18] broad #31 pc=0x100631864 fault=0x378 instr=f941be4a x8=0x50 x16=0x100631860 x17=0x101b0eb70 x18=0x0 teb=0x7ffe8000
[JuiceHybrid] open name=/private/var/containers/Bundle/Application/124F0A70-2EFF-40C7-B2F9-D71B571C9E11/Juice.app/Grape-X64/build/wine-ios/dlls/win32u/aarch64-windows/win32u.dll machine=0000 status=c0000135
[JuiceHybrid] open name=/private/var/containers/Bundle/Application/124F0A70-2EFF-40C7-B2F9-D71B571C9E11/Juice.app/Grape-X64/build/wine-ios/programs/win32u.dll/aarch64-windows/win32u.dll machine=0000 status=c0000135
[JuiceHybrid] open name=/private/var/containers/Bundle/Application/124F0A70-2EFF-40C7-B2F9-D71B571C9E11/Juice.app/Grape-X64/runtime/lib/wine/aarch64-windows/win32u.dll machine=0000 status=00000000
[JuiceWine] anonymous PE executable section .text at 0x2d7270000 size=262144
[JuiceWine] anonymous PE executable section .hexpthk at 0x2d72b0000 size=65536
[JuiceHybrid] map name=/private/var/containers/Bundle/Application/124F0A70-2EFF-40C7-B2F9-D71B571C9E11/Juice.app/Grape-X64/runtime/lib/wine/aarch64-windows/win32u.dll status=40000003 module=0x2d7260000 size=130000
[JuiceX18] broad #32 pc=0x100631864 fault=0x378 instr=f941be4a x8=0x50 x16=0x100631860 x17=0x101b0e920 x18=0x0 teb=0x7ffe8000
starting FEX based libwow64fex.dll
[JuiceWine] redirected KUSER_SHARED_DATA fault addr=0x7ffe0320 pc=0x2ccbfc044 to 0x17ffe0000
[JuiceHybrid] open name=/private/var/containers/Bundle/Application/124F0A70-2EFF-40C7-B2F9-D71B571C9E11/Juice.app/Grape-X64/build/wine-ios/dlls/kernel32/i386-windows/kernel32.dll machine=0000 status=c0000135
[JuiceHybrid] open name=/private/var/containers/Bundle/Application/124F0A70-2EFF-40C7-B2F9-D71B571C9E11/Juice.app/Grape-X64/build/wine-ios/programs/kernel32.dll/i386-windows/kernel32.dll machine=0000 status=c0000135
[JuiceHybrid] open name=/private/var/containers/Bundle/Application/124F0A70-2EFF-40C7-B2F9-D71B571C9E11/Juice.app/Grape-X64/runtime/lib/wine/i386-windows/kernel32.dll machine=0000 status=00000000
[JuiceWine] host-page expanding executable section .text: section=0x7bc61000 mapping=0x7bc60000 size=180224
[JuiceWine] anonymous PE executable section .text at 0x7bc60000 size=180224
[JuiceHybrid] map name=/private/var/containers/Bundle/Application/124F0A70-2EFF-40C7-B2F9-D71B571C9E11/Juice.app/Grape-X64/runtime/lib/wine/i386-windows/kernel32.dll status=00000000 module=0x7bc60000 size=115000
[JuiceHybrid] open name=/private/var/containers/Bundle/Application/124F0A70-2EFF-40C7-B2F9-D71B571C9E11/Juice.app/Grape-X64/build/wine-ios/dlls/kernelbase/i386-windows/kernelbase.dll machine=0000 status=c0000135
[JuiceHybrid] open name=/private/var/containers/Bundle/Application/124F0A70-2EFF-40C7-B2F9-D71B571C9E11/Juice.app/Grape-X64/build/wine-ios/programs/kernelbase.dll/i386-windows/kernelbase.dll machine=0000 status=c0000135
[JuiceHybrid] open name=/private/var/containers/Bundle/Application/124F0A70-2EFF-40C7-B2F9-D71B571C9E11/Juice.app/Grape-X64/runtime/lib/wine/i386-windows/kernelbase.dll machine=0000 status=00000000
[JuiceWine] host-page expanding executable section .text: section=0x7b991000 mapping=0x7b990000 size=442368
[JuiceWine] anonymous PE executable section .text at 0x7b990000 size=442368
[JuiceHybrid] map name=/private/var/containers/Bundle/Application/124F0A70-2EFF-40C7-B2F9-D71B571C9E11/Juice.app/Grape-X64/runtime/lib/wine/i386-windows/kernelbase.dll status=00000000 module=0x7b990000 size=2b2000
[JuiceHybrid] open name=/private/var/containers/Bundle/Application/124F0A70-2EFF-40C7-B2F9-D71B571C9E11/Juice.app/Grape-X64/build/wine-ios/dlls/user32/i386-windows/user32.dll machine=0000 status=c0000135
[JuiceHybrid] open name=/private/var/containers/Bundle/Application/124F0A70-2EFF-40C7-B2F9-D71B571C9E11/Juice.app/Grape-X64/build/wine-ios/programs/user32.dll/i386-windows/user32.dll machine=0000 status=c0000135
[JuiceHybrid] open name=/private/var/containers/Bundle/Application/124F0A70-2EFF-40C7-B2F9-D71B571C9E11/Juice.app/Grape-X64/runtime/lib/wine/i386-windows/user32.dll machine=0000 status=00000000
[JuiceWine] host-page expanding executable section .text: section=0x7b5b1000 mapping=0x7b5b0000 size=540672
[JuiceWine] anonymous PE executable section .text at 0x7b5b0000 size=540672
[JuiceHybrid] map name=/private/var/containers/Bundle/Application/124F0A70-2EFF-40C7-B2F9-D71B571C9E11/Juice.app/Grape-X64/runtime/lib/wine/i386-windows/user32.dll status=00000000 module=0x7b5b0000 size=3c2000
[JuiceHybrid] open name=/private/var/containers/Bundle/Application/124F0A70-2EFF-40C7-B2F9-D71B571C9E11/Juice.app/Grape-X64/build/wine-ios/dlls/gdi32/i386-windows/gdi32.dll machine=0000 status=c0000135
[JuiceHybrid] open name=/private/var/containers/Bundle/Application/124F0A70-2EFF-40C7-B2F9-D71B571C9E11/Juice.app/Grape-X64/build/wine-ios/programs/gdi32.dll/i386-windows/gdi32.dll machine=0000 status=c0000135
[JuiceHybrid] open name=/private/var/containers/Bundle/Application/124F0A70-2EFF-40C7-B2F9-D71B571C9E11/Juice.app/Grape-X64/runtime/lib/wine/i386-windows/gdi32.dll machine=0000 status=00000000
[JuiceWine] host-page expanding executable section .text: section=0x7b431000 mapping=0x7b430000 size=294912
[JuiceWine] anonymous PE executable section .text at 0x7b430000 size=294912
[JuiceHybrid] map name=/private/var/containers/Bundle/Application/124F0A70-2EFF-40C7-B2F9-D71B571C9E11/Juice.app/Grape-X64/runtime/lib/wine/i386-windows/gdi32.dll status=00000000 module=0x7b430000 size=167000
[JuiceHybrid] open name=/private/var/containers/Bundle/Application/124F0A70-2EFF-40C7-B2F9-D71B571C9E11/Juice.app/Grape-X64/build/wine-ios/dlls/advapi32/i386-windows/advapi32.dll machine=0000 status=c0000135
[JuiceHybrid] open name=/private/var/containers/Bundle/Application/124F0A70-2EFF-40C7-B2F9-D71B571C9E11/Juice.app/Grape-X64/build/wine-ios/programs/advapi32.dll/i386-windows/advapi32.dll machine=0000 status=c0000135
[JuiceHybrid] open name=/private/var/containers/Bundle/Application/124F0A70-2EFF-40C7-B2F9-D71B571C9E11/Juice.app/Grape-X64/runtime/lib/wine/i386-windows/advapi32.dll machine=0000 status=00000000
[JuiceWine] host-page expanding executable section .text: section=0x7b371000 mapping=0x7b370000 size=131072
[JuiceWine] anonymous PE executable section .text at 0x7b370000 size=131072
[JuiceHybrid] map name=/private/var/containers/Bundle/Application/124F0A70-2EFF-40C7-B2F9-D71B571C9E11/Juice.app/Grape-X64/runtime/lib/wine/i386-windows/advapi32.dll status=00000000 module=0x7b370000 size=a8000
[JuiceHybrid] open name=/private/var/containers/Bundle/Application/124F0A70-2EFF-40C7-B2F9-D71B571C9E11/Juice.app/Grape-X64/build/wine-ios/dlls/sechost/i386-windows/sechost.dll machine=0000 status=c0000135
[JuiceHybrid] open name=/private/var/containers/Bundle/Application/124F0A70-2EFF-40C7-B2F9-D71B571C9E11/Juice.app/Grape-X64/build/wine-ios/programs/sechost.dll/i386-windows/sechost.dll machine=0000 status=c0000135
[JuiceHybrid] open name=/private/var/containers/Bundle/Application/124F0A70-2EFF-40C7-B2F9-D71B571C9E11/Juice.app/Grape-X64/runtime/lib/wine/i386-windows/sechost.dll machine=0000 status=00000000
[JuiceWine] host-page expanding executable section .text: section=0x7b311000 mapping=0x7b310000 size=65536
[JuiceWine] anonymous PE executable section .text at 0x7b310000 size=65536
[JuiceHybrid] map name=/private/var/containers/Bundle/Application/124F0A70-2EFF-40C7-B2F9-D71B571C9E11/Juice.app/Grape-X64/runtime/lib/wine/i386-windows/sechost.dll status=00000000 module=0x7b310000 size=4f000
[JuiceHybrid] open name=/private/var/containers/Bundle/Application/124F0A70-2EFF-40C7-B2F9-D71B571C9E11/Juice.app/Grape-X64/build/wine-ios/dlls/ucrtbase/i386-windows/ucrtbase.dll machine=0000 status=c0000135
[JuiceHybrid] open name=/private/var/containers/Bundle/Application/124F0A70-2EFF-40C7-B2F9-D71B571C9E11/Juice.app/Grape-X64/build/wine-ios/programs/ucrtbase.dll/i386-windows/ucrtbase.dll machine=0000 status=c0000135
[JuiceHybrid] open name=/private/var/containers/Bundle/Application/124F0A70-2EFF-40C7-B2F9-D71B571C9E11/Juice.app/Grape-X64/runtime/lib/wine/i386-windows/ucrtbase.dll machine=0000 status=00000000
[JuiceWine] host-page expanding executable section .text: section=0x7b081000 mapping=0x7b080000 size=622592
[JuiceWine] anonymous PE executable section .text at 0x7b080000 size=622592
[JuiceHybrid] map name=/private/var/containers/Bundle/Application/124F0A70-2EFF-40C7-B2F9-D71B571C9E11/Juice.app/Grape-X64/runtime/lib/wine/i386-windows/ucrtbase.dll status=00000000 module=0x7b080000 size=27c000
[JuiceHybrid] open name=/private/var/containers/Bundle/Application/124F0A70-2EFF-40C7-B2F9-D71B571C9E11/Juice.app/Grape-X64/build/wine-ios/dlls/msvcrt/i386-windows/msvcrt.dll machine=0000 status=c0000135
[JuiceHybrid] open name=/private/var/containers/Bundle/Application/124F0A70-2EFF-40C7-B2F9-D71B571C9E11/Juice.app/Grape-X64/build/wine-ios/programs/msvcrt.dll/i386-windows/msvcrt.dll machine=0000 status=c0000135
[JuiceHybrid] open name=/private/var/containers/Bundle/Application/124F0A70-2EFF-40C7-B2F9-D71B571C9E11/Juice.app/Grape-X64/runtime/lib/wine/i386-windows/msvcrt.dll machine=0000 status=00000000
[JuiceWine] host-page expanding executable section .text: section=0x7ae71000 mapping=0x7ae70000 size=491520
[JuiceWine] anonymous PE executable section .text at 0x7ae70000 size=491520
[JuiceHybrid] map name=/private/var/containers/Bundle/Application/124F0A70-2EFF-40C7-B2F9-D71B571C9E11/Juice.app/Grape-X64/runtime/lib/wine/i386-windows/msvcrt.dll status=00000000 module=0x7ae70000 size=1fe000
[JuiceHybrid] open name=/private/var/containers/Bundle/Application/124F0A70-2EFF-40C7-B2F9-D71B571C9E11/Juice.app/Grape-X64/build/wine-ios/dlls/win32u/i386-windows/win32u.dll machine=0000 status=c0000135
[JuiceHybrid] open name=/private/var/containers/Bundle/Application/124F0A70-2EFF-40C7-B2F9-D71B571C9E11/Juice.app/Grape-X64/build/wine-ios/programs/win32u.dll/i386-windows/win32u.dll machine=0000 status=c0000135
[JuiceHybrid] open name=/private/var/containers/Bundle/Application/124F0A70-2EFF-40C7-B2F9-D71B571C9E11/Juice.app/Grape-X64/runtime/lib/wine/i386-windows/win32u.dll machine=0000 status=00000000
[JuiceWine] host-page expanding executable section .text: section=0x7ae21000 mapping=0x7ae20000 size=81920
[JuiceWine] anonymous PE executable section .text at 0x7ae20000 size=81920
[JuiceHybrid] map name=/private/var/containers/Bundle/Application/124F0A70-2EFF-40C7-B2F9-D71B571C9E11/Juice.app/Grape-X64/runtime/lib/wine/i386-windows/win32u.dll status=00000000 module=0x7ae20000 size=39000
[JuiceHybrid] open name=/private/var/containers/Bundle/Application/124F0A70-2EFF-40C7-B2F9-D71B571C9E11/Juice.app/Grape-X64/build/wine-ios/dlls/shell32/i386-windows/shell32.dll machine=0000 status=c0000135
[JuiceHybrid] open name=/private/var/containers/Bundle/Application/124F0A70-2EFF-40C7-B2F9-D71B571C9E11/Juice.app/Grape-X64/build/wine-ios/programs/shell32.dll/i386-windows/shell32.dll machine=0000 status=c0000135
[JuiceHybrid] open name=/private/var/containers/Bundle/Application/124F0A70-2EFF-40C7-B2F9-D71B571C9E11/Juice.app/Grape-X64/runtime/lib/wine/i386-windows/shell32.dll machine=0000 status=00000000
[JuiceWine] host-page expanding executable section .text: section=0x7a321000 mapping=0x7a320000 size=475136
[JuiceWine] anonymous PE executable section .text at 0x7a320000 size=475136
[JuiceHybrid] map name=/private/var/containers/Bundle/Application/124F0A70-2EFF-40C7-B2F9-D71B571C9E11/Juice.app/Grape-X64/runtime/lib/wine/i386-windows/shell32.dll status=00000000 module=0x7a320000 size=ae2000
[JuiceHybrid] open name=/private/var/containers/Bundle/Application/124F0A70-2EFF-40C7-B2F9-D71B571C9E11/Juice.app/Grape-X64/build/wine-ios/dlls/shlwapi/i386-windows/shlwapi.dll machine=0000 status=c0000135
[JuiceHybrid] open name=/private/var/containers/Bundle/Application/124F0A70-2EFF-40C7-B2F9-D71B571C9E11/Juice.app/Grape-X64/build/wine-ios/programs/shlwapi.dll/i386-windows/shlwapi.dll machine=0000 status=c0000135
[JuiceHybrid] open name=/private/var/containers/Bundle/Application/124F0A70-2EFF-40C7-B2F9-D71B571C9E11/Juice.app/Grape-X64/runtime/lib/wine/i386-windows/shlwapi.dll machine=0000 status=00000000
[JuiceWine] host-page expanding executable section .text: section=0x7a261000 mapping=0x7a260000 size=114688
[JuiceWine] anonymous PE executable section .text at 0x7a260000 size=114688
[JuiceHybrid] map name=/private/var/containers/Bundle/Application/124F0A70-2EFF-40C7-B2F9-D71B571C9E11/Juice.app/Grape-X64/runtime/lib/wine/i386-windows/shlwapi.dll status=00000000 module=0x7a260000 size=a7000
[JuiceHybrid] open name=/private/var/containers/Bundle/Application/124F0A70-2EFF-40C7-B2F9-D71B571C9E11/Juice.app/Grape-X64/build/wine-ios/dlls/shcore/i386-windows/shcore.dll machine=0000 status=c0000135
[JuiceHybrid] open name=/private/var/containers/Bundle/Application/124F0A70-2EFF-40C7-B2F9-D71B571C9E11/Juice.app/Grape-X64/build/wine-ios/programs/shcore.dll/i386-windows/shcore.dll machine=0000 status=c0000135
[JuiceHybrid] open name=/private/var/containers/Bundle/Application/124F0A70-2EFF-40C7-B2F9-D71B571C9E11/Juice.app/Grape-X64/runtime/lib/wine/i386-windows/shcore.dll machine=0000 status=00000000
[JuiceWine] host-page expanding executable section .text: section=0x7a221000 mapping=0x7a220000 size=49152
[JuiceWine] anonymous PE executable section .text at 0x7a220000 size=49152
[JuiceHybrid] map name=/private/var/containers/Bundle/Application/124F0A70-2EFF-40C7-B2F9-D71B571C9E11/Juice.app/Grape-X64/runtime/lib/wine/i386-windows/shcore.dll status=00000000 module=0x7a220000 size=2f000
[JuiceHybrid] open name=/private/var/containers/Bundle/Application/124F0A70-2EFF-40C7-B2F9-D71B571C9E11/Juice.app/Grape-X64/build/wine-ios/dlls/ole32/i386-windows/ole32.dll machine=0000 status=c0000135
[JuiceHybrid] open name=/private/var/containers/Bundle/Application/124F0A70-2EFF-40C7-B2F9-D71B571C9E11/Juice.app/Grape-X64/build/wine-ios/programs/ole32.dll/i386-windows/ole32.dll machine=0000 status=c0000135
[JuiceHybrid] open name=/private/var/containers/Bundle/Application/124F0A70-2EFF-40C7-B2F9-D71B571C9E11/Juice.app/Grape-X64/runtime/lib/wine/i386-windows/ole32.dll machine=0000 status=00000000
[JuiceWine] host-page expanding executable section .text: section=0x79fd1000 mapping=0x79fd0000 size=311296
[JuiceWine] anonymous PE executable section .text at 0x79fd0000 size=311296
[JuiceHybrid] map name=/private/var/containers/Bundle/Application/124F0A70-2EFF-40C7-B2F9-D71B571C9E11/Juice.app/Grape-X64/runtime/lib/wine/i386-windows/ole32.dll status=00000000 module=0x79fd0000 size=235000
[JuiceHybrid] open name=/private/var/containers/Bundle/Application/124F0A70-2EFF-40C7-B2F9-D71B571C9E11/Juice.app/Grape-X64/build/wine-ios/dlls/combase/i386-windows/combase.dll machine=0000 status=c0000135
[JuiceHybrid] open name=/private/var/containers/Bundle/Application/124F0A70-2EFF-40C7-B2F9-D71B571C9E11/Juice.app/Grape-X64/build/wine-ios/programs/combase.dll/i386-windows/combase.dll machine=0000 status=c0000135
[JuiceHybrid] open name=/private/var/containers/Bundle/Application/124F0A70-2EFF-40C7-B2F9-D71B571C9E11/Juice.app/Grape-X64/runtime/lib/wine/i386-windows/combase.dll machine=0000 status=00000000
[JuiceWine] host-page expanding executable section .text: section=0x79ec1000 mapping=0x79ec0000 size=163840
[JuiceWine] anonymous PE executable section .text at 0x79ec0000 size=163840
[JuiceHybrid] map name=/private/var/containers/Bundle/Application/124F0A70-2EFF-40C7-B2F9-D71B571C9E11/Juice.app/Grape-X64/runtime/lib/wine/i386-windows/combase.dll status=00000000 module=0x79ec0000 size=f6000
[JuiceHybrid] open name=/private/var/containers/Bundle/Application/124F0A70-2EFF-40C7-B2F9-D71B571C9E11/Juice.app/Grape-X64/build/wine-ios/dlls/rpcrt4/i386-windows/rpcrt4.dll machine=0000 status=c0000135
[JuiceHybrid] open name=/private/var/containers/Bundle/Application/124F0A70-2EFF-40C7-B2F9-D71B571C9E11/Juice.app/Grape-X64/build/wine-ios/programs/rpcrt4.dll/i386-windows/rpcrt4.dll machine=0000 status=c0000135
[JuiceHybrid] open name=/private/var/containers/Bundle/Application/124F0A70-2EFF-40C7-B2F9-D71B571C9E11/Juice.app/Grape-X64/runtime/lib/wine/i386-windows/rpcrt4.dll machine=0000 status=00000000
[JuiceWine] host-page expanding executable section .text: section=0x79d31000 mapping=0x79d30000 size=294912
[JuiceWine] anonymous PE executable section .text at 0x79d30000 size=294912
[JuiceHybrid] map name=/private/var/containers/Bundle/Application/124F0A70-2EFF-40C7-B2F9-D71B571C9E11/Juice.app/Grape-X64/runtime/lib/wine/i386-windows/rpcrt4.dll status=00000000 module=0x79d30000 size=17b000
[JuiceHybrid] open name=/private/var/containers/Bundle/Application/124F0A70-2EFF-40C7-B2F9-D71B571C9E11/Juice.app/Grape-X64/build/wine-ios/dlls/cryptbase/i386-windows/cryptbase.dll machine=0000 status=c0000135
[JuiceHybrid] open name=/private/var/containers/Bundle/Application/124F0A70-2EFF-40C7-B2F9-D71B571C9E11/Juice.app/Grape-X64/build/wine-ios/programs/cryptbase.dll/i386-windows/cryptbase.dll machine=0000 status=c0000135
[JuiceHybrid] open name=/private/var/containers/Bundle/Application/124F0A70-2EFF-40C7-B2F9-D71B571C9E11/Juice.app/Grape-X64/runtime/lib/wine/i386-windows/cryptbase.dll machine=0000 status=00000000
[JuiceWine] host-page expanding executable section .text: section=0x79d01000 mapping=0x79d00000 size=16384
[JuiceWine] anonymous PE executable section .text at 0x79d00000 size=16384
[JuiceHybrid] map name=/private/var/containers/Bundle/Application/124F0A70-2EFF-40C7-B2F9-D71B571C9E11/Juice.app/Grape-X64/runtime/lib/wine/i386-windows/cryptbase.dll status=00000000 module=0x79d00000 size=18000
[JuiceHybrid] open name=/private/var/containers/Bundle/Application/124F0A70-2EFF-40C7-B2F9-D71B571C9E11/Juice.app/Grape-X64/build/wine-ios/dlls/coml2/i386-windows/coml2.dll machine=0000 status=c0000135
[JuiceHybrid] open name=/private/var/containers/Bundle/Application/124F0A70-2EFF-40C7-B2F9-D71B571C9E11/Juice.app/Grape-X64/build/wine-ios/programs/coml2.dll/i386-windows/coml2.dll machine=0000 status=c0000135
[JuiceHybrid] open name=/private/var/containers/Bundle/Application/124F0A70-2EFF-40C7-B2F9-D71B571C9E11/Juice.app/Grape-X64/runtime/lib/wine/i386-windows/coml2.dll machine=0000 status=00000000
[JuiceWine] host-page expanding executable section .text: section=0x79ca1000 mapping=0x79ca0000 size=16384
[JuiceWine] anonymous PE executable section .text at 0x79ca0000 size=16384
[JuiceHybrid] map name=/private/var/containers/Bundle/Application/124F0A70-2EFF-40C7-B2F9-D71B571C9E11/Juice.app/Grape-X64/runtime/lib/wine/i386-windows/coml2.dll status=00000000 module=0x79ca0000 size=43000
[JuiceHybrid] open name=/private/var/containers/Bundle/Application/124F0A70-2EFF-40C7-B2F9-D71B571C9E11/Juice.app/Grape-X64/build/wine-ios/dlls/oleaut32/i386-windows/oleaut32.dll machine=0000 status=c0000135
[JuiceHybrid] open name=/private/var/containers/Bundle/Application/124F0A70-2EFF-40C7-B2F9-D71B571C9E11/Juice.app/Grape-X64/build/wine-ios/programs/oleaut32.dll/i386-windows/oleaut32.dll machine=0000 status=c0000135
[JuiceHybrid] open name=/private/var/containers/Bundle/Application/124F0A70-2EFF-40C7-B2F9-D71B571C9E11/Juice.app/Grape-X64/runtime/lib/wine/i386-windows/oleaut32.dll machine=0000 status=00000000
[JuiceWine] host-page expanding executable section .text: section=0x79a91000 mapping=0x79a90000 size=344064
[JuiceWine] anonymous PE executable section .text at 0x79a90000 size=344064
[JuiceHybrid] map name=/private/var/containers/Bundle/Application/124F0A70-2EFF-40C7-B2F9-D71B571C9E11/Juice.app/Grape-X64/runtime/lib/wine/i386-windows/oleaut32.dll status=00000000 module=0x79a90000 size=1f8000
[JuiceHybrid] open name=/private/var/containers/Bundle/Application/124F0A70-2EFF-40C7-B2F9-D71B571C9E11/Juice.app/Grape-X64/build/wine-ios/dlls/comctl32/i386-windows/comctl32.dll machine=0000 status=c0000135
[JuiceHybrid] open name=/private/var/containers/Bundle/Application/124F0A70-2EFF-40C7-B2F9-D71B571C9E11/Juice.app/Grape-X64/build/wine-ios/programs/comctl32.dll/i386-windows/comctl32.dll machine=0000 status=c0000135
[JuiceHybrid] open name=/private/var/containers/Bundle/Application/124F0A70-2EFF-40C7-B2F9-D71B571C9E11/Juice.app/Grape-X64/runtime/lib/wine/i386-windows/comctl32.dll machine=0000 status=00000000
[JuiceWine] host-page expanding executable section .text: section=0x79811000 mapping=0x79810000 size=491520
[JuiceWine] anonymous PE executable section .text at 0x79810000 size=491520
[JuiceHybrid] map name=/private/var/containers/Bundle/Application/124F0A70-2EFF-40C7-B2F9-D71B571C9E11/Juice.app/Grape-X64/runtime/lib/wine/i386-windows/comctl32.dll status=00000000 module=0x79810000 size=267000
[JuiceHybrid] open name=/private/var/containers/Bundle/Application/124F0A70-2EFF-40C7-B2F9-D71B571C9E11/Juice.app/Grape-X64/build/wine-ios/dlls/psapi/i386-windows/psapi.dll machine=0000 status=c0000135
[JuiceHybrid] open name=/private/var/containers/Bundle/Application/124F0A70-2EFF-40C7-B2F9-D71B571C9E11/Juice.app/Grape-X64/build/wine-ios/programs/psapi.dll/i386-windows/psapi.dll machine=0000 status=c0000135
[JuiceHybrid] open name=/private/var/containers/Bundle/Application/124F0A70-2EFF-40C7-B2F9-D71B571C9E11/Juice.app/Grape-X64/runtime/lib/wine/i386-windows/psapi.dll machine=0000 status=00000000
[JuiceWine] host-page expanding executable section .text: section=0x797f1000 mapping=0x797f0000 size=16384
[JuiceWine] anonymous PE executable section .text at 0x797f0000 size=16384
[JuiceHybrid] map name=/private/var/containers/Bundle/Application/124F0A70-2EFF-40C7-B2F9-D71B571C9E11/Juice.app/Grape-X64/runtime/lib/wine/i386-windows/psapi.dll status=00000000 module=0x797f0000 size=c000
[JuiceHybrid] open name=/private/var/containers/Bundle/Application/124F0A70-2EFF-40C7-B2F9-D71B571C9E11/Juice.app/Grape-X64/build/wine-ios/dlls/version/i386-windows/version.dll machine=0000 status=c0000135
[JuiceHybrid] open name=/private/var/containers/Bundle/Application/124F0A70-2EFF-40C7-B2F9-D71B571C9E11/Juice.app/Grape-X64/build/wine-ios/programs/version.dll/i386-windows/version.dll machine=0000 status=c0000135
[JuiceHybrid] open name=/private/var/containers/Bundle/Application/124F0A70-2EFF-40C7-B2F9-D71B571C9E11/Juice.app/Grape-X64/runtime/lib/wine/i386-windows/version.dll machine=0000 status=00000000
[JuiceWine] host-page expanding executable section .text: section=0x797c1000 mapping=0x797c0000 size=16384
[JuiceWine] anonymous PE executable section .text at 0x797c0000 size=16384
[JuiceHybrid] map name=/private/var/containers/Bundle/Application/124F0A70-2EFF-40C7-B2F9-D71B571C9E11/Juice.app/Grape-X64/runtime/lib/wine/i386-windows/version.dll status=00000000 module=0x797c0000 size=12000
[JuiceHybrid] open name=/private/var/containers/Bundle/Application/124F0A70-2EFF-40C7-B2F9-D71B571C9E11/Juice.app/Grape-X64/build/wine-ios/dlls/crypt32/i386-windows/crypt32.dll machine=0000 status=c0000135
[JuiceHybrid] open name=/private/var/containers/Bundle/Application/124F0A70-2EFF-40C7-B2F9-D71B571C9E11/Juice.app/Grape-X64/build/wine-ios/programs/crypt32.dll/i386-windows/crypt32.dll machine=0000 status=c0000135
[JuiceHybrid] open name=/private/var/containers/Bundle/Application/124F0A70-2EFF-40C7-B2F9-D71B571C9E11/Juice.app/Grape-X64/runtime/lib/wine/i386-windows/crypt32.dll machine=0000 status=00000000
[JuiceWine] host-page expanding executable section .text: section=0x795c1000 mapping=0x795c0000 size=360448
[JuiceWine] anonymous PE executable section .text at 0x795c0000 size=360448
[JuiceHybrid] map name=/private/var/containers/Bundle/Application/124F0A70-2EFF-40C7-B2F9-D71B571C9E11/Juice.app/Grape-X64/runtime/lib/wine/i386-windows/crypt32.dll status=00000000 module=0x795c0000 size=1ef000
[JuiceHybrid] open name=/private/var/containers/Bundle/Application/124F0A70-2EFF-40C7-B2F9-D71B571C9E11/Juice.app/Grape-X64/build/wine-ios/dlls/bcrypt/i386-windows/bcrypt.dll machine=0000 status=c0000135
[JuiceHybrid] open name=/private/var/containers/Bundle/Application/124F0A70-2EFF-40C7-B2F9-D71B571C9E11/Juice.app/Grape-X64/build/wine-ios/programs/bcrypt.dll/i386-windows/bcrypt.dll machine=0000 status=c0000135
[JuiceHybrid] open name=/private/var/containers/Bundle/Application/124F0A70-2EFF-40C7-B2F9-D71B571C9E11/Juice.app/Grape-X64/runtime/lib/wine/i386-windows/bcrypt.dll machine=0000 status=00000000
[JuiceWine] host-page expanding executable section .text: section=0x79461000 mapping=0x79460000 size=278528
[JuiceWine] anonymous PE executable section .text at 0x79460000 size=278528
[JuiceHybrid] map name=/private/var/containers/Bundle/Application/124F0A70-2EFF-40C7-B2F9-D71B571C9E11/Juice.app/Grape-X64/runtime/lib/wine/i386-windows/bcrypt.dll status=00000000 module=0x79460000 size=14d000
[JuiceHybrid] open name=/private/var/containers/Bundle/Application/124F0A70-2EFF-40C7-B2F9-D71B571C9E11/Juice.app/Grape-X64/build/wine-ios/dlls/ncrypt/i386-windows/ncrypt.dll machine=0000 status=c0000135
[JuiceHybrid] open name=/private/var/containers/Bundle/Application/124F0A70-2EFF-40C7-B2F9-D71B571C9E11/Juice.app/Grape-X64/build/wine-ios/programs/ncrypt.dll/i386-windows/ncrypt.dll machine=0000 status=c0000135
[JuiceHybrid] open name=/private/var/containers/Bundle/Application/124F0A70-2EFF-40C7-B2F9-D71B571C9E11/Juice.app/Grape-X64/runtime/lib/wine/i386-windows/ncrypt.dll machine=0000 status=00000000
[JuiceWine] host-page expanding executable section .text: section=0x79431000 mapping=0x79430000 size=32768
[JuiceWine] anonymous PE executable section .text at 0x79430000 size=32768
[JuiceHybrid] map name=/private/var/containers/Bundle/Application/124F0A70-2EFF-40C7-B2F9-D71B571C9E11/Juice.app/Grape-X64/runtime/lib/wine/i386-windows/ncrypt.dll status=00000000 module=0x79430000 size=1a000
[JuiceHybrid] open name=/private/var/containers/Bundle/Application/124F0A70-2EFF-40C7-B2F9-D71B571C9E11/Juice.app/Grape-X64/build/wine-ios/dlls/ws2_32/i386-windows/ws2_32.dll machine=0000 status=c0000135
[JuiceHybrid] open name=/private/var/containers/Bundle/Application/124F0A70-2EFF-40C7-B2F9-D71B571C9E11/Juice.app/Grape-X64/build/wine-ios/programs/ws2_32.dll/i386-windows/ws2_32.dll machine=0000 status=c0000135
[JuiceHybrid] open name=/private/var/containers/Bundle/Application/124F0A70-2EFF-40C7-B2F9-D71B571C9E11/Juice.app/Grape-X64/runtime/lib/wine/i386-windows/ws2_32.dll machine=0000 status=00000000
[JuiceWine] host-page expanding executable section .text: section=0x793b1000 mapping=0x793b0000 size=81920
[JuiceWine] anonymous PE executable section .text at 0x793b0000 size=81920
[JuiceHybrid] map name=/private/var/containers/Bundle/Application/124F0A70-2EFF-40C7-B2F9-D71B571C9E11/Juice.app/Grape-X64/runtime/lib/wine/i386-windows/ws2_32.dll status=00000000 module=0x793b0000 size=63000
[JuiceHybrid] open name=/private/var/containers/Bundle/Application/124F0A70-2EFF-40C7-B2F9-D71B571C9E11/Juice.app/Grape-X64/build/wine-ios/dlls/wsock32/i386-windows/wsock32.dll machine=0000 status=c0000135
[JuiceHybrid] open name=/private/var/containers/Bundle/Application/124F0A70-2EFF-40C7-B2F9-D71B571C9E11/Juice.app/Grape-X64/build/wine-ios/programs/wsock32.dll/i386-windows/wsock32.dll machine=0000 status=c0000135
[JuiceHybrid] open name=/private/var/containers/Bundle/Application/124F0A70-2EFF-40C7-B2F9-D71B571C9E11/Juice.app/Grape-X64/runtime/lib/wine/i386-windows/wsock32.dll machine=0000 status=00000000
[JuiceWine] host-page expanding executable section .text: section=0x79381000 mapping=0x79380000 size=16384
[JuiceWine] anonymous PE executable section .text at 0x79380000 size=16384
[JuiceHybrid] map name=/private/var/containers/Bundle/Application/124F0A70-2EFF-40C7-B2F9-D71B571C9E11/Juice.app/Grape-X64/runtime/lib/wine/i386-windows/wsock32.dll status=00000000 module=0x79380000 size=1b000
[JuiceHybrid] open name=/private/var/containers/Bundle/Application/124F0A70-2EFF-40C7-B2F9-D71B571C9E11/Juice.app/Grape-X64/build/wine-ios/dlls/iphlpapi/i386-windows/iphlpapi.dll machine=0000 status=c0000135
[JuiceHybrid] open name=/private/var/containers/Bundle/Application/124F0A70-2EFF-40C7-B2F9-D71B571C9E11/Juice.app/Grape-X64/build/wine-ios/programs/iphlpapi.dll/i386-windows/iphlpapi.dll machine=0000 status=c0000135
[JuiceHybrid] open name=/private/var/containers/Bundle/Application/124F0A70-2EFF-40C7-B2F9-D71B571C9E11/Juice.app/Grape-X64/runtime/lib/wine/i386-windows/iphlpapi.dll machine=0000 status=00000000
[JuiceWine] host-page expanding executable section .text: section=0x792f1000 mapping=0x792f0000 size=65536
[JuiceWine] anonymous PE executable section .text at 0x792f0000 size=65536
[JuiceHybrid] map name=/private/var/containers/Bundle/Application/124F0A70-2EFF-40C7-B2F9-D71B571C9E11/Juice.app/Grape-X64/runtime/lib/wine/i386-windows/iphlpapi.dll status=00000000 module=0x792f0000 size=71000
[JuiceHybrid] open name=/private/var/containers/Bundle/Application/124F0A70-2EFF-40C7-B2F9-D71B571C9E11/Juice.app/Grape-X64/build/wine-ios/dlls/dnsapi/i386-windows/dnsapi.dll machine=0000 status=c0000135
[JuiceHybrid] open name=/private/var/containers/Bundle/Application/124F0A70-2EFF-40C7-B2F9-D71B571C9E11/Juice.app/Grape-X64/build/wine-ios/programs/dnsapi.dll/i386-windows/dnsapi.dll machine=0000 status=c0000135
[JuiceHybrid] open name=/private/var/containers/Bundle/Application/124F0A70-2EFF-40C7-B2F9-D71B571C9E11/Juice.app/Grape-X64/runtime/lib/wine/i386-windows/dnsapi.dll machine=0000 status=00000000
[JuiceWine] host-page expanding executable section .text: section=0x792a1000 mapping=0x792a0000 size=49152
[JuiceWine] anonymous PE executable section .text at 0x792a0000 size=49152
[JuiceHybrid] map name=/private/var/containers/Bundle/Application/124F0A70-2EFF-40C7-B2F9-D71B571C9E11/Juice.app/Grape-X64/runtime/lib/wine/i386-windows/dnsapi.dll status=00000000 module=0x792a0000 size=31000
[JuiceHybrid] open name=/private/var/containers/Bundle/Application/124F0A70-2EFF-40C7-B2F9-D71B571C9E11/Juice.app/Grape-X64/build/wine-ios/dlls/nsi/i386-windows/nsi.dll machine=0000 status=c0000135
[JuiceHybrid] open name=/private/var/containers/Bundle/Application/124F0A70-2EFF-40C7-B2F9-D71B571C9E11/Juice.app/Grape-X64/build/wine-ios/programs/nsi.dll/i386-windows/nsi.dll machine=0000 status=c0000135
[JuiceHybrid] open name=/private/var/containers/Bundle/Application/124F0A70-2EFF-40C7-B2F9-D71B571C9E11/Juice.app/Grape-X64/runtime/lib/wine/i386-windows/nsi.dll machine=0000 status=00000000
[JuiceWine] host-page expanding executable section .text: section=0x79271000 mapping=0x79270000 size=16384
[JuiceWine] anonymous PE executable section .text at 0x79270000 size=16384
[JuiceHybrid] map name=/private/var/containers/Bundle/Application/124F0A70-2EFF-40C7-B2F9-D71B571C9E11/Juice.app/Grape-X64/runtime/lib/wine/i386-windows/nsi.dll status=00000000 module=0x79270000 size=16000
[JuiceHybrid] open name=/private/var/containers/Bundle/Application/124F0A70-2EFF-40C7-B2F9-D71B571C9E11/Juice.app/Grape-X64/build/wine-ios/dlls/mswsock/i386-windows/mswsock.dll machine=0000 status=c0000135
[JuiceHybrid] open name=/private/var/containers/Bundle/Application/124F0A70-2EFF-40C7-B2F9-D71B571C9E11/Juice.app/Grape-X64/build/wine-ios/programs/mswsock.dll/i386-windows/mswsock.dll machine=0000 status=c0000135
[JuiceHybrid] open name=/private/var/containers/Bundle/Application/124F0A70-2EFF-40C7-B2F9-D71B571C9E11/Juice.app/Grape-X64/runtime/lib/wine/i386-windows/mswsock.dll machine=0000 status=00000000
[JuiceWine] host-page expanding executable section .text: section=0x79251000 mapping=0x79250000 size=16384
[JuiceWine] anonymous PE executable section .text at 0x79250000 size=16384
[JuiceHybrid] map name=/private/var/containers/Bundle/Application/124F0A70-2EFF-40C7-B2F9-D71B571C9E11/Juice.app/Grape-X64/runtime/lib/wine/i386-windows/mswsock.dll status=00000000 module=0x79250000 size=10000
[JuiceHybrid] open name=/private/var/containers/Bundle/Application/124F0A70-2EFF-40C7-B2F9-D71B571C9E11/Juice.app/Grape-X64/build/wine-ios/dlls/imm32/i386-windows/imm32.dll machine=0000 status=c0000135
[JuiceHybrid] open name=/private/var/containers/Bundle/Application/124F0A70-2EFF-40C7-B2F9-D71B571C9E11/Juice.app/Grape-X64/build/wine-ios/programs/imm32.dll/i386-windows/imm32.dll machine=0000 status=c0000135
[JuiceHybrid] open name=/private/var/containers/Bundle/Application/124F0A70-2EFF-40C7-B2F9-D71B571C9E11/Juice.app/Grape-X64/runtime/lib/wine/i386-windows/imm32.dll machine=0000 status=00000000
[JuiceWine] host-page expanding executable section .text: section=0x791f1000 mapping=0x791f0000 size=65536
[JuiceWine] anonymous PE executable section .text at 0x791f0000 size=65536
[JuiceHybrid] map name=/private/var/containers/Bundle/Application/124F0A70-2EFF-40C7-B2F9-D71B571C9E11/Juice.app/Grape-X64/runtime/lib/wine/i386-windows/imm32.dll status=00000000 module=0x791f0000 size=4d000
[JuiceWine] redirected KUSER_SHARED_DATA fault addr=0x7ffe03d8 pc=0x2cd4f0044 to 0x17ffe0000
[JuiceWine] redirected KUSER_SHARED_DATA fault addr=0x7ffe03dc pc=0x2cd4f0060 to 0x17ffe0000
[JuiceWine parent] bundle libraries path=/private/var/containers/Bundle/Application/124F0A70-2EFF-40C7-B2F9-D71B571C9E11/Juice.app/Libraries:/private/var/containers/Bundle/Application/124F0A70-2EFF-40C7-B2F9-D71B571C9E11/Juice.app/Libraries:/var/jb/usr/lib
[JuiceWine parent] launching /private/var/containers/Bundle/Application/124F0A70-2EFF-40C7-B2F9-D71B571C9E11/Juice.app/Grape-X64/build/wine-ios/loader/wine
[JuiceWine parent] child PID=44761
[JuiceWine] iOS low-VA release start=0x10000 end=0x100000000 status=0 OK
JUICE_LOWVA_HOLELIST_OK old_reuse=0 new_reuse=1 allocator=entry-list
JUICE_LOWVA_HELPER_BEGIN path=/private/var/containers/Bundle/Application/124F0A70-2EFF-40C7-B2F9-D71B571C9E11/Juice.app/Grape-X64/tools/juice-lowva-helper target_pid=44761 root_persona=1
JUICE_LOWVA_KERNEL_MIN_OK pid=44761 task=0xffffffdff29539d8 map=0xffffffdc0a91f700 old=0x100200000 new=0x10000 max=0x2d8000000 already=0
JUICE_LOWVA_ATOMIC_RESERVE_OK start=0x10000 end=0x80000000 size=0x7fff0000
JUICE_LOWVA_WIN32_2G_RESERVE_OK start=0x10000 end=0x80000000
JUICE_LOWVA_HELPER_OK target_pid=44761
JUICE_LOWVA_KERNEL_PROBE_OK address=0x20000 size=0x4000
JUICE_LOWVA_READY target_pid=44761
[JuiceLowVA] MAP_FIXED enabled start=0x10000 size=0x67ff0000 prot=0 failures=0
[JuiceWine] PT_TRACE_ME succeeded; csflags=0x32007005 CS_DEBUGGED=YES
[JuiceWine] requesting controlled tracer detach
[JuiceWine parent] child stopped pid=44761 signal=17 (Suspended (signal): 17)
[JuiceWine parent] PT_DETACH pid=44761 result=0
[JuiceWine parent] child now running untraced
[JuiceWine] resumed after tracer detach; csflags=0x32007005 CS_DEBUGGED=YES
[JuiceHybrid] open name=/private/var/containers/Bundle/Application/124F0A70-2EFF-40C7-B2F9-D71B571C9E11/Juice.app/Grape-X64/build/wine-ios/dlls/explorer.exe/aarch64-windows/explorer.exe machine=aa64 status=c0000135
[JuiceHybrid] open name=/private/var/containers/Bundle/Application/124F0A70-2EFF-40C7-B2F9-D71B571C9E11/Juice.app/Grape-X64/build/wine-ios/programs/explorer/aarch64-windows/explorer.exe machine=aa64 status=c0000135
[JuiceHybrid] open name=/private/var/containers/Bundle/Application/124F0A70-2EFF-40C7-B2F9-D71B571C9E11/Juice.app/Grape-X64/runtime/lib/wine/aarch64-windows/explorer.exe machine=aa64 status=00000000
[JuiceWine] anonymous PE executable section .text at 0x140010000 size=65536
[JuiceHybrid] map name=/private/var/containers/Bundle/Application/124F0A70-2EFF-40C7-B2F9-D71B571C9E11/Juice.app/Grape-X64/runtime/lib/wine/aarch64-windows/explorer.exe status=00000000 module=0x140000000 size=110000
[JuiceStage] loading Windows ntdll; transfer=0x14001d65c teb=0x7ffe8000 peb=0x7ffec000
[JuiceHybrid] open name=/private/var/containers/Bundle/Application/124F0A70-2EFF-40C7-B2F9-D71B571C9E11/Juice.app/Grape-X64/build/wine-ios/dlls/ntdll/aarch64-windows/ntdll.dll machine=aa64 status=00000000
[JuiceWine] anonymous PE executable section .text at 0x2d7970000 size=983040
[JuiceWine] anonymous PE executable section .hexpthk at 0x2d7a60000 size=65536
[JuiceHybrid] map name=/private/var/containers/Bundle/Application/124F0A70-2EFF-40C7-B2F9-D71B571C9E11/Juice.app/Grape-X64/build/wine-ios/dlls/ntdll/aarch64-windows/ntdll.dll status=40000003 module=0x2d7960000 size=6a0000
[JuiceStage] load_ntdll returned; transfer=0x14001d65c
[JuiceStage] load_wow64_ntdll returned
[JuiceStage] calling load_apiset_dll
[JuiceStage] load_apiset_dll returned; stack_base=0x120000 stack_limit=0x28000
[JuiceStage] calling server_init_process_done
[JuiceStage] server_init_process_done entered
[JuiceStage] calling signal_init_process; teb=0x7ffe8000
[JuiceStage] signal_init_process returned
[JuiceStage] init_teb_data returned; syscall_frame=0x10010fcd0 stack_base=0x120000 stack_limit=0x28000
[JuiceStage] init_process_done server call returned; status=00000000 suspend=1 transfer=0x14001d65c teb=0x7ffe8000 peb=0x7ffec000
[JuiceStage] calling signal_start_thread
[JuiceStage] init_syscall_frame entered; entry=0x14001d65c arg=0x7ffec000 teb=0x7ffe8000 data=0x100000000 frame=0x10010fcd0 stack_base=0x120000 stack_limit=0x28000
[JuiceStage] calling signal_set_full_context; ctx=0x11fc70 target_pc=0x2d79c9650 target_sp=0x120000 target_x18=0x7ffe8000 LdrInitializeThunk=0x2d79c9670 RtlUserThreadStart=0x2d79c9650
[JuiceStage] signal_set_full_context returned; status=00000000 frame_pc=0x2d79c9650 frame_sp=0x120000 frame_x18=0x7ffe8000 restore=00400007
[JuiceStage] init_syscall_frame complete; dispatcher_pc=0x2d79c9670 user_sp=0x11fc70 x16=0x2d79c9670 x17=0x11fc70 x18=0x7ffe8000 restore=00400007
[JuiceX18] broad #1 pc=0x2d79a5920 fault=0x30 instr=f9401a48 x8=0x0 x16=0x2d79c9670 x17=0x11fc70 x18=0x0 teb=0x7ffe8000
[JuiceX18] broad #2 pc=0x2d79ce748 fault=0x30 instr=f9401a48 x8=0x0 x16=0x2d79a5920 x17=0x11fc70 x18=0x0 teb=0x7ffe8000
[JuiceX18] broad #3 pc=0x2d79d0344 fault=0x30 instr=f9401a59 x8=0x11fa50 x16=0x2d79ce748 x17=0x11fc70 x18=0x0 teb=0x7ffe8000
[JuiceX18] broad #4 pc=0x2d79d037c fault=0x30 instr=f9401a4a x8=0x11fa50 x16=0x2d79d0344 x17=0x11fc70 x18=0x0 teb=0x7ffe8000
[JuiceX18] broad #5 pc=0x100731864 fault=0x378 instr=f941be4a x8=0x18 x16=0x100731860 x17=0x11fc70 x18=0x0 teb=0x7ffe8000
[JuiceX18] broad #6 pc=0x2d79d0e88 fault=0x30 instr=f9401a48 x8=0x0 x16=0x2d79c7554 x17=0x11fa40 x18=0x0 teb=0x7ffe8000
[JuiceX18] broad #7 pc=0x100731864 fault=0x378 instr=f941be4a x8=0x18 x16=0x100731860 x17=0x11fc70 x18=0x0 teb=0x7ffe8000
[JuiceX18] broad #8 pc=0x2d79d0344 fault=0x30 instr=f9401a59 x8=0x11faa0 x16=0x2d79c7554 x17=0x11fa70 x18=0x0 teb=0x7ffe8000
[JuiceX18] broad #9 pc=0x2d799894c fault=0x30 instr=f9401a48 x8=0x0 x16=0x2d79d0344 x17=0x11fc70 x18=0x0 teb=0x7ffe8000
[JuiceX18] broad #10 pc=0x2d79d02b4 fault=0x30 instr=f9401a54 x8=0x11f3ce x16=0x5c5c x17=0x11f3cd x18=0x0 teb=0x7ffe8000
[JuiceX18] broad #11 pc=0x2d79972ec fault=0x30 instr=f9401a48 x8=0x0 x16=0x2d79d02b4 x17=0x11fc70 x18=0x0 teb=0x7ffe8000
[JuiceX18] broad #12 pc=0x2d79c0744 fault=0x30 instr=f9401a48 x8=0x0 x16=0x2d79c7b74 x17=0x11f7b0 x18=0x0 teb=0x7ffe8000
[JuiceX18] broad #13 pc=0x2d7997bac fault=0x30 instr=f9401a48 x8=0x0 x16=0x5c5c x17=0x11f6ac x18=0x0 teb=0x7ffe8000
[JuiceX18] broad #14 pc=0x2d79d0344 fault=0x30 instr=f9401a59 x8=0x11f6d0 x16=0x2d79c7914 x17=0x11f750 x18=0x0 teb=0x7ffe8000
[JuiceX18] broad #15 pc=0x100731864 fault=0x378 instr=f941be4a x8=0x17 x16=0x100731860 x17=0x11f750 x18=0x0 teb=0x7ffe8000
[JuiceX18] broad #16 pc=0x2d79d0344 fault=0x30 instr=f9401a59 x8=0x11f930 x16=0x2d79c7574 x17=0x11fae0 x18=0x0 teb=0x7ffe8000
[JuiceX18] broad #17 pc=0x2d79d02b4 fault=0x30 instr=f9401a54 x8=0x11f8f0 x16=0x5c5c x17=0x11f8ef x18=0x0 teb=0x7ffe8000
[JuiceX18] broad #18 pc=0x2d79d02b4 fault=0x30 instr=f9401a54 x8=0x11f683 x16=0x5c5c x17=0x11f682 x18=0x0 teb=0x7ffe8000
[JuiceX18] broad #19 pc=0x2d79d0344 fault=0x30 instr=f9401a59 x8=0x11f7a0 x16=0x2d79d02b4 x17=0x11fc70 x18=0x0 teb=0x7ffe8000
[JuiceHybrid] open name=/private/var/containers/Bundle/Application/124F0A70-2EFF-40C7-B2F9-D71B571C9E11/Juice.app/Grape-X64/build/wine-ios/dlls/kernel32/aarch64-windows/kernel32.dll machine=0000 status=c0000135
[JuiceHybrid] open name=/private/var/containers/Bundle/Application/124F0A70-2EFF-40C7-B2F9-D71B571C9E11/Juice.app/Grape-X64/build/wine-ios/programs/kernel32.dll/aarch64-windows/kernel32.dll machine=0000 status=c0000135
[JuiceHybrid] open name=/private/var/containers/Bundle/Application/124F0A70-2EFF-40C7-B2F9-D71B571C9E11/Juice.app/Grape-X64/runtime/lib/wine/aarch64-windows/kernel32.dll machine=0000 status=00000000
[JuiceWine] anonymous PE executable section .text at 0x2d7630000 size=393216
[JuiceWine] anonymous PE executable section .hexpthk at 0x2d7690000 size=65536
[JuiceHybrid] map name=/private/var/containers/Bundle/Application/124F0A70-2EFF-40C7-B2F9-D71B571C9E11/Juice.app/Grape-X64/runtime/lib/wine/aarch64-windows/kernel32.dll status=40000003 module=0x2d7620000 size=340000
[JuiceX18] broad #20 pc=0x100731864 fault=0x378 instr=f941be4a x8=0x50 x16=0x100731860 x17=0x11f890 x18=0x0 teb=0x7ffe8000
[JuiceX18] broad #21 pc=0x2d79d02b4 fault=0x30 instr=f9401a54 x8=0x5 x16=0x2d79c7c54 x17=0x11f890 x18=0x0 teb=0x7ffe8000
[JuiceX18] broad #22 pc=0x2d79a86c8 fault=0x30 instr=f9401a48 x8=0x0 x16=0x2d79d02b4 x17=0x11fc70 x18=0x0 teb=0x7ffe8000
[JuiceHybrid] open name=/private/var/containers/Bundle/Application/124F0A70-2EFF-40C7-B2F9-D71B571C9E11/Juice.app/Grape-X64/build/wine-ios/dlls/kernelbase/aarch64-windows/kernelbase.dll machine=0000 status=c0000135
[JuiceHybrid] open name=/private/var/containers/Bundle/Application/124F0A70-2EFF-40C7-B2F9-D71B571C9E11/Juice.app/Grape-X64/build/wine-ios/programs/kernelbase.dll/aarch64-windows/kernelbase.dll machine=0000 status=c0000135
[JuiceHybrid] open name=/private/var/containers/Bundle/Application/124F0A70-2EFF-40C7-B2F9-D71B571C9E11/Juice.app/Grape-X64/runtime/lib/wine/aarch64-windows/kernelbase.dll machine=0000 status=00000000
[JuiceWine] anonymous PE executable section .text at 0x2d6ee0000 size=1048576
[JuiceWine] anonymous PE executable section .hexpthk at 0x2d6fe0000 size=65536
[JuiceHybrid] map name=/private/var/containers/Bundle/Application/124F0A70-2EFF-40C7-B2F9-D71B571C9E11/Juice.app/Grape-X64/runtime/lib/wine/aarch64-windows/kernelbase.dll status=40000003 module=0x2d6ed0000 size=750000
[JuiceX18] broad #23 pc=0x100731864 fault=0x378 instr=f941be4a x8=0x50 x16=0x100731860 x17=0x11f2e0 x18=0x0 teb=0x7ffe8000
[JuiceX18] broad #24 pc=0x2d79a86c8 fault=0x30 instr=f9401a48 x8=0x0 x16=0x2d79c7c54 x17=0x11f2e0 x18=0x0 teb=0x7ffe8000
[JuiceX18] broad #25 pc=0x2d79d0344 fault=0x30 instr=f9401a59 x8=0x11ef60 x16=0x2d79c7c54 x17=0x11ef80 x18=0x0 teb=0x7ffe8000
[JuiceX18] broad #26 pc=0x2d79a86c8 fault=0x30 instr=f9401a48 x8=0x0 x16=0x2d79c7c54 x17=0x11f530 x18=0x0 teb=0x7ffe8000
[JuiceX18] broad #27 pc=0x2d79a86c8 fault=0x30 instr=f9401a48 x8=0x0 x16=0x2d79a86c8 x17=0x11fc70 x18=0x0 teb=0x7ffe8000
[JuiceX18] broad #28 pc=0x2d79a86c8 fault=0x30 instr=f9401a48 x8=0x0 x16=0x2d79a86c8 x17=0x11fc70 x18=0x0 teb=0x7ffe8000
[JuiceX18] broad #29 pc=0x100731864 fault=0x378 instr=f941be4a x8=0x50 x16=0x100731860 x17=0x11f530 x18=0x0 teb=0x7ffe8000
[JuiceX18] broad #30 pc=0x2d79ce6e4 fault=0x30 instr=f9401a49 x8=0x2c x16=0x2d79c7434 x17=0x11f960 x18=0x0 teb=0x7ffe8000
[JuiceX18] broad #31 pc=0x2d79a86c8 fault=0x30 instr=f9401a48 x8=0x0 x16=0x2d79ce6e4 x17=0x11fc70 x18=0x0 teb=0x7ffe8000
[JuiceX18] broad #32 pc=0x2d79bb304 fault=0x30 instr=f9401a48 x8=0x0 x16=0x2d79a86c8 x17=0x11fc70 x18=0x0 teb=0x7ffe8000
[JuiceHybrid] open name=/private/var/containers/Bundle/Application/124F0A70-2EFF-40C7-B2F9-D71B571C9E11/Juice.app/Grape-X64/build/wine-ios/dlls/rpcrt4/aarch64-windows/rpcrt4.dll machine=0000 status=c0000135
[JuiceHybrid] open name=/private/var/containers/Bundle/Application/124F0A70-2EFF-40C7-B2F9-D71B571C9E11/Juice.app/Grape-X64/build/wine-ios/programs/rpcrt4.dll/aarch64-windows/rpcrt4.dll machine=0000 status=c0000135
[JuiceHybrid] open name=/private/var/containers/Bundle/Application/124F0A70-2EFF-40C7-B2F9-D71B571C9E11/Juice.app/Grape-X64/runtime/lib/wine/aarch64-windows/rpcrt4.dll machine=0000 status=00000000
[JuiceWine] anonymous PE executable section .text at 0x2d6a80000 size=655360
[JuiceWine] anonymous PE executable section .hexpthk at 0x2d6b20000 size=65536
[JuiceHybrid] map name=/private/var/containers/Bundle/Application/124F0A70-2EFF-40C7-B2F9-D71B571C9E11/Juice.app/Grape-X64/runtime/lib/wine/aarch64-windows/rpcrt4.dll status=40000003 module=0x2d6a70000 size=460000
[JuiceHybrid] open name=/private/var/containers/Bundle/Application/124F0A70-2EFF-40C7-B2F9-D71B571C9E11/Juice.app/Grape-X64/build/wine-ios/dlls/advapi32/aarch64-windows/advapi32.dll machine=0000 status=c0000135
[JuiceHybrid] open name=/private/var/containers/Bundle/Application/124F0A70-2EFF-40C7-B2F9-D71B571C9E11/Juice.app/Grape-X64/build/wine-ios/programs/advapi32.dll/aarch64-windows/advapi32.dll machine=0000 status=c0000135
[JuiceHybrid] open name=/private/var/containers/Bundle/Application/124F0A70-2EFF-40C7-B2F9-D71B571C9E11/Juice.app/Grape-X64/runtime/lib/wine/aarch64-windows/advapi32.dll machine=0000 status=00000000
[JuiceWine] anonymous PE executable section .text at 0x2d6820000 size=327680
[JuiceWine] anonymous PE executable section .hexpthk at 0x2d6870000 size=65536
[JuiceHybrid] map name=/private/var/containers/Bundle/Application/124F0A70-2EFF-40C7-B2F9-D71B571C9E11/Juice.app/Grape-X64/runtime/lib/wine/aarch64-windows/advapi32.dll status=40000003 module=0x2d6810000 size=260000
[JuiceX18] trampoline #1 retry=0x2d79a2c68 restored_x17=0x10010fcd0 teb=0x7ffe8000
[JuiceHybrid] open name=/private/var/containers/Bundle/Application/124F0A70-2EFF-40C7-B2F9-D71B571C9E11/Juice.app/Grape-X64/build/wine-ios/dlls/sechost/aarch64-windows/sechost.dll machine=0000 status=c0000135
[JuiceHybrid] open name=/private/var/containers/Bundle/Application/124F0A70-2EFF-40C7-B2F9-D71B571C9E11/Juice.app/Grape-X64/build/wine-ios/programs/sechost.dll/aarch64-windows/sechost.dll machine=0000 status=c0000135
[JuiceHybrid] open name=/private/var/containers/Bundle/Application/124F0A70-2EFF-40C7-B2F9-D71B571C9E11/Juice.app/Grape-X64/runtime/lib/wine/aarch64-windows/sechost.dll machine=0000 status=00000000
[JuiceWine] anonymous PE executable section .text at 0x2d66d0000 size=131072
[JuiceWine] anonymous PE executable section .hexpthk at 0x2d66f0000 size=65536
[JuiceHybrid] map name=/private/var/containers/Bundle/Application/124F0A70-2EFF-40C7-B2F9-D71B571C9E11/Juice.app/Grape-X64/runtime/lib/wine/aarch64-windows/sechost.dll status=40000003 module=0x2d66c0000 size=150000
[JuiceHybrid] open name=/private/var/containers/Bundle/Application/124F0A70-2EFF-40C7-B2F9-D71B571C9E11/Juice.app/Grape-X64/build/wine-ios/dlls/ucrtbase/aarch64-windows/ucrtbase.dll machine=0000 status=c0000135
[JuiceHybrid] open name=/private/var/containers/Bundle/Application/124F0A70-2EFF-40C7-B2F9-D71B571C9E11/Juice.app/Grape-X64/build/wine-ios/programs/ucrtbase.dll/aarch64-windows/ucrtbase.dll machine=0000 status=c0000135
[JuiceHybrid] open name=/private/var/containers/Bundle/Application/124F0A70-2EFF-40C7-B2F9-D71B571C9E11/Juice.app/Grape-X64/runtime/lib/wine/aarch64-windows/ucrtbase.dll machine=0000 status=00000000
[JuiceWine] anonymous PE executable section .text at 0x2d6030000 size=1245184
[JuiceWine] anonymous PE executable section .hexpthk at 0x2d6160000 size=65536
[JuiceHybrid] map name=/private/var/containers/Bundle/Application/124F0A70-2EFF-40C7-B2F9-D71B571C9E11/Juice.app/Grape-X64/runtime/lib/wine/aarch64-windows/ucrtbase.dll status=40000003 module=0x2d6020000 size=6a0000
[JuiceHybrid] open name=/private/var/containers/Bundle/Application/124F0A70-2EFF-40C7-B2F9-D71B571C9E11/Juice.app/Grape-X64/build/wine-ios/dlls/msvcrt/aarch64-windows/msvcrt.dll machine=0000 status=c0000135
[JuiceHybrid] open name=/private/var/containers/Bundle/Application/124F0A70-2EFF-40C7-B2F9-D71B571C9E11/Juice.app/Grape-X64/build/wine-ios/programs/msvcrt.dll/aarch64-windows/msvcrt.dll machine=0000 status=c0000135
[JuiceHybrid] open name=/private/var/containers/Bundle/Application/124F0A70-2EFF-40C7-B2F9-D71B571C9E11/Juice.app/Grape-X64/runtime/lib/wine/aarch64-windows/msvcrt.dll machine=0000 status=00000000
[JuiceWine] anonymous PE executable section .text at 0x2d5a70000 size=983040
[JuiceWine] anonymous PE executable section .hexpthk at 0x2d5b60000 size=65536
[JuiceHybrid] map name=/private/var/containers/Bundle/Application/124F0A70-2EFF-40C7-B2F9-D71B571C9E11/Juice.app/Grape-X64/runtime/lib/wine/aarch64-windows/msvcrt.dll status=40000003 module=0x2d5a60000 size=5c0000
[JuiceHybrid] open name=/private/var/containers/Bundle/Application/124F0A70-2EFF-40C7-B2F9-D71B571C9E11/Juice.app/Grape-X64/build/wine-ios/dlls/cryptbase/aarch64-windows/cryptbase.dll machine=0000 status=c0000135
[JuiceHybrid] open name=/private/var/containers/Bundle/Application/124F0A70-2EFF-40C7-B2F9-D71B571C9E11/Juice.app/Grape-X64/build/wine-ios/programs/cryptbase.dll/aarch64-windows/cryptbase.dll machine=0000 status=c0000135
[JuiceHybrid] open name=/private/var/containers/Bundle/Application/124F0A70-2EFF-40C7-B2F9-D71B571C9E11/Juice.app/Grape-X64/runtime/lib/wine/aarch64-windows/cryptbase.dll machine=0000 status=00000000
[JuiceWine] anonymous PE executable section .text at 0x2d5990000 size=65536
[JuiceWine] anonymous PE executable section .hexpthk at 0x2d59a0000 size=65536
[JuiceHybrid] map name=/private/var/containers/Bundle/Application/124F0A70-2EFF-40C7-B2F9-D71B571C9E11/Juice.app/Grape-X64/runtime/lib/wine/aarch64-windows/cryptbase.dll status=40000003 module=0x2d5980000 size=e0000
[JuiceHybrid] open name=/private/var/containers/Bundle/Application/124F0A70-2EFF-40C7-B2F9-D71B571C9E11/Juice.app/Grape-X64/build/wine-ios/dlls/user32/aarch64-windows/user32.dll machine=0000 status=c0000135
[JuiceHybrid] open name=/private/var/containers/Bundle/Application/124F0A70-2EFF-40C7-B2F9-D71B571C9E11/Juice.app/Grape-X64/build/wine-ios/programs/user32.dll/aarch64-windows/user32.dll machine=0000 status=c0000135
[JuiceHybrid] open name=/private/var/containers/Bundle/Application/124F0A70-2EFF-40C7-B2F9-D71B571C9E11/Juice.app/Grape-X64/runtime/lib/wine/aarch64-windows/user32.dll machine=0000 status=00000000
[JuiceWine] anonymous PE executable section .text at 0x2d50a0000 size=1179648
[JuiceWine] anonymous PE executable section .hexpthk at 0x2d51c0000 size=65536
[JuiceHybrid] map name=/private/var/containers/Bundle/Application/124F0A70-2EFF-40C7-B2F9-D71B571C9E11/Juice.app/Grape-X64/runtime/lib/wine/aarch64-windows/user32.dll status=40000003 module=0x2d5090000 size=8f0000
[JuiceHybrid] open name=/private/var/containers/Bundle/Application/124F0A70-2EFF-40C7-B2F9-D71B571C9E11/Juice.app/Grape-X64/build/wine-ios/dlls/gdi32/aarch64-windows/gdi32.dll machine=0000 status=c0000135
[JuiceHybrid] open name=/private/var/containers/Bundle/Application/124F0A70-2EFF-40C7-B2F9-D71B571C9E11/Juice.app/Grape-X64/build/wine-ios/programs/gdi32.dll/aarch64-windows/gdi32.dll machine=0000 status=c0000135
[JuiceHybrid] open name=/private/var/containers/Bundle/Application/124F0A70-2EFF-40C7-B2F9-D71B571C9E11/Juice.app/Grape-X64/runtime/lib/wine/aarch64-windows/gdi32.dll machine=0000 status=00000000
[JuiceWine] anonymous PE executable section .text at 0x2d4c10000 size=655360
[JuiceWine] anonymous PE executable section .hexpthk at 0x2d4cb0000 size=65536
[JuiceHybrid] map name=/private/var/containers/Bundle/Application/124F0A70-2EFF-40C7-B2F9-D71B571C9E11/Juice.app/Grape-X64/runtime/lib/wine/aarch64-windows/gdi32.dll status=40000003 module=0x2d4c00000 size=490000
[JuiceHybrid] open name=/private/var/containers/Bundle/Application/124F0A70-2EFF-40C7-B2F9-D71B571C9E11/Juice.app/Grape-X64/build/wine-ios/dlls/win32u/aarch64-windows/win32u.dll machine=0000 status=c0000135
[JuiceHybrid] open name=/private/var/containers/Bundle/Application/124F0A70-2EFF-40C7-B2F9-D71B571C9E11/Juice.app/Grape-X64/build/wine-ios/programs/win32u.dll/aarch64-windows/win32u.dll machine=0000 status=c0000135
[JuiceHybrid] open name=/private/var/containers/Bundle/Application/124F0A70-2EFF-40C7-B2F9-D71B571C9E11/Juice.app/Grape-X64/runtime/lib/wine/aarch64-windows/win32u.dll machine=0000 status=00000000
[JuiceWine] anonymous PE executable section .text at 0x2d4ae0000 size=262144
[JuiceWine] anonymous PE executable section .hexpthk at 0x2d4b20000 size=65536
[JuiceHybrid] map name=/private/var/containers/Bundle/Application/124F0A70-2EFF-40C7-B2F9-D71B571C9E11/Juice.app/Grape-X64/runtime/lib/wine/aarch64-windows/win32u.dll status=40000003 module=0x2d4ad0000 size=130000
[JuiceHybrid] open name=/private/var/containers/Bundle/Application/124F0A70-2EFF-40C7-B2F9-D71B571C9E11/Juice.app/Grape-X64/build/wine-ios/dlls/imm32/aarch64-windows/imm32.dll machine=0000 status=c0000135
[JuiceHybrid] open name=/private/var/containers/Bundle/Application/124F0A70-2EFF-40C7-B2F9-D71B571C9E11/Juice.app/Grape-X64/build/wine-ios/programs/imm32.dll/aarch64-windows/imm32.dll machine=0000 status=c0000135
[JuiceHybrid] open name=/private/var/containers/Bundle/Application/124F0A70-2EFF-40C7-B2F9-D71B571C9E11/Juice.app/Grape-X64/runtime/lib/wine/aarch64-windows/imm32.dll machine=0000 status=00000000
[JuiceWine] anonymous PE executable section .text at 0x2d4970000 size=196608
[JuiceWine] anonymous PE executable section .hexpthk at 0x2d49a0000 size=65536
[JuiceHybrid] map name=/private/var/containers/Bundle/Application/124F0A70-2EFF-40C7-B2F9-D71B571C9E11/Juice.app/Grape-X64/runtime/lib/wine/aarch64-windows/imm32.dll status=40000003 module=0x2d4960000 size=170000
[JuiceHybrid] open name=/private/var/containers/Bundle/Application/124F0A70-2EFF-40C7-B2F9-D71B571C9E11/Juice.app/Grape-X64/build/wine-ios/dlls/wineios.drv/aarch64-windows/wineios.drv machine=0000 status=c0000135
[JuiceHybrid] open name=/private/var/containers/Bundle/Application/124F0A70-2EFF-40C7-B2F9-D71B571C9E11/Juice.app/Grape-X64/build/wine-ios/programs/wineios.drv/aarch64-windows/wineios.drv machine=0000 status=c0000135
[JuiceHybrid] open name=/private/var/containers/Bundle/Application/124F0A70-2EFF-40C7-B2F9-D71B571C9E11/Juice.app/Grape-X64/runtime/lib/wine/aarch64-windows/wineios.drv machine=0000 status=00000000
[JuiceWine] anonymous PE executable section .text at 0x2d4880000 size=65536
[JuiceWine] anonymous PE executable section .hexpthk at 0x2d4890000 size=65536
[JuiceHybrid] map name=/private/var/containers/Bundle/Application/124F0A70-2EFF-40C7-B2F9-D71B571C9E11/Juice.app/Grape-X64/runtime/lib/wine/aarch64-windows/wineios.drv status=40000003 module=0x2d4870000 size=f0000
DISPLAY_CLIENT_CONNECTED fd=11
[JuiceInput] display connected path=/var/mobile/Containers/Data/Application/2A4FE42F-DA40-4530-B5B1-96F7C5C63DEB/Documents/j.sock desktop=1024x768 dpi=96
DISPLAY_EVENT HELLO fd=11 pid=44761 desktop=1024x768 dpi=96
[JuiceInput] queue fd registered fd=18 tid=0x2c
[JuiceDriver] ios init set driver create=0x802c4e78 client_surface=0x802c59fc size=1216
[JuiceDriver] install prev=0x81d3d3a8 lazy=0x81d3d3a8 null=0x81d69f10 candidate=0x100819200 create=0x802c4e78 installed=1
[JuiceCreate] ex=00000000 class=0x11ef10 version=0x0 name=0x11eef0 style=86000000 x=0 y=0 cx=0 cy=0 parent=0x0 menu=0x0 classinst=0x0 params=0x11f240 flags=00000000 inst=0x0 classptr=0x8001 ansi=0
JUICE_MOLTENVK_DRIVER_READY version=48 handle=0x105fe0
[mvk-info] MoltenVK version 1.4.2, supporting Vulkan version 1.4.357.
	The following 152 Vulkan extensions are supported:
	VK_KHR_16bit_storage v1
	VK_KHR_8bit_storage v1
	VK_KHR_bind_memory2 v1
	VK_KHR_buffer_device_address v1
	VK_KHR_calibrated_timestamps v1
	VK_KHR_copy_commands2 v1
	VK_KHR_create_renderpass2 v1
	VK_KHR_dedicated_allocation v3
	VK_KHR_deferred_host_operations v4
	VK_KHR_depth_stencil_resolve v1
	VK_KHR_descriptor_update_template v1
	VK_KHR_device_group v4
	VK_KHR_device_group_creation v1
	VK_KHR_driver_properties v1
	VK_KHR_dynamic_rendering v1
	VK_KHR_dynamic_rendering_local_read v1
	VK_KHR_external_fence v1
	VK_KHR_external_fence_capabilities v1
	VK_KHR_external_memory v1
	VK_KHR_external_memory_capabilities v1
	VK_KHR_external_semaphore v1
	VK_KHR_external_semaphore_capabilities v1
	VK_KHR_format_feature_flags2 v2
	VK_KHR_fragment_shader_barycentric v1
	VK_KHR_get_memory_requirements2 v1
	VK_KHR_get_physical_device_properties2 v2
	VK_KHR_get_surface_capabilities2 v1
	VK_KHR_global_priority v1
	VK_KHR_image_format_list v1
	VK_KHR_imageless_framebuffer v1
	VK_KHR_incremental_present v2
	VK_KHR_index_type_uint8 v1
	VK_KHR_line_rasterization v1
	VK_KHR_load_store_op_none v1
	VK_KHR_maintenance1 v2
	VK_KHR_maintenance2 v1
	VK_KHR_maintenance3 v1
	VK_KHR_maintenance4 v2
	VK_KHR_maintenance5 v1
	VK_KHR_maintenance6 v1
	VK_KHR_maintenance7 v1
	VK_KHR_maintenance8 v1
	VK_KHR_maintenance9 v1
	VK_KHR_map_memory2 v1
	VK_KHR_multiview v1
	VK_KHR_portability_subset v1
	VK_KHR_present_id v1
	VK_KHR_present_id2 v1
	VK_KHR_present_wait v1
	VK_KHR_present_wait2 v1
	VK_KHR_push_descriptor v2
	VK_KHR_relaxed_block_layout v1
	VK_KHR_robustness2 v1
	VK_KHR_sampler_mirror_clamp_to_edge v3
	VK_KHR_sampler_ycbcr_conversion v14
	VK_KHR_separate_depth_stencil_layouts v1
	VK_KHR_shader_draw_parameters v1
	VK_KHR_shader_expect_assume v1
	VK_KHR_shader_float_controls v4
	VK_KHR_shader_float_controls2 v1
	VK_KHR_shader_float16_int8 v1
	VK_KHR_shader_fma v1
	VK_KHR_shader_integer_dot_product v1
	VK_KHR_shader_maximal_reconvergence v1
	VK_KHR_shader_non_semantic_info v1
	VK_KHR_shader_quad_control v1
	VK_KHR_shader_relaxed_extended_instruction v1
	VK_KHR_shader_subgroup_extended_types v1
	VK_KHR_shader_subgroup_rotate v2
	VK_KHR_shader_subgroup_uniform_control_flow v1
	VK_KHR_shader_terminate_invocation v1
	VK_KHR_spirv_1_4 v1
	VK_KHR_storage_buffer_storage_class v1
	VK_KHR_surface v25
	VK_KHR_surface_maintenance1 v1
	VK_KHR_surface_protected_capabilities v1
	VK_KHR_swapchain v70
	VK_KHR_swapchain_maintenance1 v1
	VK_KHR_swapchain_mutable_format v1
	VK_KHR_synchronization2 v1
	VK_KHR_timeline_semaphore v2
	VK_KHR_uniform_buffer_standard_layout v1
	VK_KHR_variable_pointers v1
	VK_KHR_vertex_attribute_divisor v1
	VK_KHR_vulkan_memory_model v3
	VK_KHR_zero_initialize_workgroup_memory v1
	VK_EXT_4444_formats v1
	VK_EXT_buffer_device_address v2
	VK_EXT_calibrated_timestamps v2
	VK_EXT_debug_marker v4
	VK_EXT_debug_report v10
	VK_EXT_debug_utils v2
	VK_EXT_depth_clip_control v1
	VK_EXT_descriptor_indexing v2
	VK_EXT_extended_dynamic_state v1
	VK_EXT_extended_dynamic_state2 v1
	VK_EXT_extended_dynamic_state3 v2
	VK_EXT_external_memory_host v1
	VK_EXT_external_memory_metal v1
	VK_EXT_fragment_shader_interlock v1
	VK_EXT_global_priority v2
	VK_EXT_global_priority_query v1
	VK_EXT_headless_surface v1
	VK_EXT_host_image_copy v1
	VK_EXT_host_query_reset v1
	VK_EXT_image_2d_view_of_3d v1
	VK_EXT_image_robustness v1
	VK_EXT_index_type_uint8 v1
	VK_EXT_inline_uniform_block v1
	VK_EXT_layer_settings v2
	VK_EXT_legacy_dithering v2
	VK_EXT_line_rasterization v1
	VK_EXT_load_store_op_none v1
	VK_EXT_memory_budget v1
	VK_EXT_metal_objects v2
	VK_EXT_metal_surface v1
	VK_EXT_non_seamless_cube_map v1
	VK_EXT_pipeline_creation_cache_control v3
	VK_EXT_pipeline_creation_feedback v1
	VK_EXT_pipeline_robustness v1
	VK_EXT_post_depth_coverage v1
	VK_EXT_primitive_topology_list_restart v1
	VK_EXT_private_data v1
	VK_EXT_provoking_vertex v1
	VK_EXT_robustness2 v1
	VK_EXT_sample_locations v1
	VK_EXT_scalar_block_layout v1
	VK_EXT_separate_stencil_usage v1
	VK_EXT_shader_atomic_float v1
	VK_EXT_shader_demote_to_helper_invocation v1
	VK_EXT_shader_stencil_export v1
	VK_EXT_shader_subgroup_ballot v1
	VK_EXT_shader_subgroup_vote v1
	VK_EXT_shader_viewport_index_layer v1
	VK_EXT_subgroup_size_control v2
	VK_EXT_surface_maintenance1 v1
	VK_EXT_swapchain_colorspace v5
	VK_EXT_swapchain_maintenance1 v1
	VK_EXT_texel_buffer_alignment v1
	VK_EXT_texture_compression_astc_hdr v1
	VK_EXT_tooling_info v1
	VK_EXT_vertex_attribute_divisor v3
	VK_AMD_gpu_shader_half_float v2
	VK_AMD_negative_viewport_height v1
	VK_AMD_shader_image_load_store_lod v1
	VK_AMD_shader_trinary_minmax v1
	VK_GOOGLE_display_timing v1
	VK_IMG_format_pvrtc v1
	VK_INTEL_shader_integer_functions2 v1
	VK_MVK_ios_surface v3
	VK_MVK_moltenvk v37
	VK_NV_fragment_shader_barycentric v1
[mvk-error] VK_ERROR_INCOMPATIBLE_DRIVER: Vulkan is not supported on this device. MoltenVK requires Metal, which is not available on this device.
[mvk-info] Created VkInstance for Vulkan version 1.0.357, as requested by app, with the following 3 Vulkan extensions enabled:
	VK_KHR_external_fence_capabilities v1
	VK_KHR_external_semaphore_capabilities v1
	VK_KHR_get_physical_device_properties2 v2
[mvk-info] Destroying VkInstance for Vulkan version 1.0.357 with 3 Vulkan extensions enabled.
[JuiceHybrid] open name=/private/var/containers/Bundle/Application/124F0A70-2EFF-40C7-B2F9-D71B571C9E11/Juice.app/Grape-X64/build/wine-ios/dlls/uxtheme/aarch64-windows/uxtheme.dll machine=0000 status=c0000135
[JuiceHybrid] open name=/private/var/containers/Bundle/Application/124F0A70-2EFF-40C7-B2F9-D71B571C9E11/Juice.app/Grape-X64/build/wine-ios/programs/uxtheme.dll/aarch64-windows/uxtheme.dll machine=0000 status=c0000135
[JuiceHybrid] open name=/private/var/containers/Bundle/Application/124F0A70-2EFF-40C7-B2F9-D71B571C9E11/Juice.app/Grape-X64/runtime/lib/wine/aarch64-windows/uxtheme.dll machine=0000 status=00000000
[JuiceWine] anonymous PE executable section .text at 0x2d46b0000 size=196608
[JuiceWine] anonymous PE executable section .hexpthk at 0x2d46e0000 size=65536
[JuiceHybrid] map name=/private/var/containers/Bundle/Application/124F0A70-2EFF-40C7-B2F9-D71B571C9E11/Juice.app/Grape-X64/runtime/lib/wine/aarch64-windows/uxtheme.dll status=40000003 module=0x2d46a0000 size=1d0000
[JuiceRect] input hwnd=0x10020 dpi=96/1 raw=96/1 win=0,0,0,0 client=0,0,0,0 visible=0,0,0,0
[JuiceRect] mapped hwnd=0x10020 win=0,0,0,0 client=0,0,0,0 visible=0,0,0,0
[JuiceGeom] changed hwnd=0x10020 flags=3c ptr=0x10010f620 window=0,0,0,0 client=0,0,0,0 visible=0,0,0,0 surface=0x81d4c4f0 shown=0
DISPLAY_EVENT WINDOW pid=44761 hwnd=0x10020 rect=0,0 0x0 visible=0
[JuiceRect] input hwnd=0x10020 dpi=96/1 raw=96/1 win=0,0,0,0 client=0,0,0,0 visible=0,0,0,0
DISPLAY_EVENT WINDOW pid=44761 hwnd=0x10020 rect=0,0 0x0 visible=0
[JuiceRect] mapped hwnd=0x10020 win=0,0,0,0 client=0,0,0,0 visible=0,0,0,0
[JuiceGeom] changed hwnd=0x10020 flags=18 ptr=0x10010f620 window=0,0,0,0 client=0,0,0,0 visible=0,0,0,0 surface=0x81d4c4f0 shown=0
[JuiceDriver] create-enter hwnd=0x10020
[JuiceDriver] create-success hwnd=0x10020
DISPLAY_EVENT WINDOW pid=44761 hwnd=0x10028 rect=0,0 100x100 visible=0
DISPLAY_EVENT WINDOW pid=44761 hwnd=0x10028 rect=0,0 100x100 visible=0
[JuiceCreate] ex=00000000 class=0x11ef10 version=0x0 name=0x11eef0 style=86000000 x=0 y=0 cx=100 cy=100 parent=0x0 menu=0x0 classinst=0x0 params=0x0 flags=00000000 inst=0x0 classptr=0x140020ca0 ansi=0
[JuiceRect] input hwnd=0x10028 dpi=96/1 raw=96/1 win=0,0,100,100 client=0,0,100,100 visible=0,0,100,100
[JuiceRect] mapped hwnd=0x10028 win=0,0,100,100 client=0,0,100,100 visible=0,0,100,100
[JuiceGeom] changed hwnd=0x10028 flags=3c ptr=0x10010f620 window=0,0,100,100 client=0,0,100,100 visible=0,0,100,100 surface=0x81d4c4f0 shown=0
[JuiceRect] input hwnd=0x10028 dpi=96/1 raw=96/1 win=0,0,100,100 client=0,0,100,100 visible=0,0,100,100
[JuiceRect] mapped hwnd=0x10028 win=0,0,100,100 client=0,0,100,100 visible=0,0,100,100
[JuiceGeom] changed hwnd=0x10028 flags=18 ptr=0x10010f620 window=0,0,100,100 client=0,0,100,100 visible=0,0,100,100 surface=0x81d4c4f0 shown=0
[JuiceDriver] create-enter hwnd=0x10028
[JuiceDriver] create-success hwnd=0x10028
[JuiceGeom] surface hwnd=0x10020 rect=0,0,1024,768 size=1024x768 previous=0x81d4c4f0
[JuiceRect] input hwnd=0x10020 dpi=96/1 raw=96/1 win=0,0,1024,768 client=0,0,1024,768 visible=0,0,1024,768
DISPLAY_EVENT WINDOW pid=44761 hwnd=0x10020 rect=0,0 1024x768 visible=1
[JuiceRect] mapped hwnd=0x10020 win=0,0,1024,768 client=0,0,1024,768 visible=0,0,1024,768
[JuiceGeom] changed hwnd=0x10020 flags=8000116a ptr=0x10010f820 window=0,0,1024,768 client=0,0,1024,768 visible=0,0,1024,768 surface=0x100656b00 shown=1
[JuiceStage] init_syscall_frame entered; entry=0x1400126e8 arg=0x0 teb=0x7ffe4000 data=0x101800000 frame=0x10190fb00 stack_base=0xca0000 stack_limit=0xba8000
[JuiceStage] calling signal_set_full_context; ctx=0xc9fc70 target_pc=0x2d79c9650 target_sp=0xca0000 target_x18=0x7ffe4000 LdrInitializeThunk=0x2d79c9670 RtlUserThreadStart=0x2d79c9650
[JuiceStage] signal_set_full_context returned; status=00000000 frame_pc=0x2d79c9650 frame_sp=0xca0000 frame_x18=0x7ffe4000 restore=00400007
[JuiceStage] init_syscall_frame complete; dispatcher_pc=0x2d79c9670 user_sp=0xc9fc70 x16=0x2d79c9670 x17=0xc9fc70 x18=0x7ffe4000 restore=00400007
[JuiceCreate] ex=00000000 class=0xc9fa70 version=0x0 name=0xc9fa50 style=00000000 x=0 y=0 cx=0 cy=0 parent=0xfffffffffffffffd menu=0x0 classinst=0x0 params=0x0 flags=00000000 inst=0x0 classptr=0x140020500 ansi=0
[JuiceStage] init_syscall_frame entered; entry=0x140012cc8 arg=0x0 teb=0x7ffe0000 data=0x101910000 frame=0x101a1fb00 stack_base=0xda0000 stack_limit=0xca8000
[JuiceStage] calling signal_set_full_context; ctx=0xd9fc70 target_pc=0x2d79c9650 target_sp=0xda0000 target_x18=0x7ffe0000 LdrInitializeThunk=0x2d79c9670 RtlUserThreadStart=0x2d79c9650
[JuiceStage] signal_set_full_context returned; status=00000000 frame_pc=0x2d79c9650 frame_sp=0xda0000 frame_x18=0x7ffe0000 restore=00400007
[JuiceStage] init_syscall_frame complete; dispatcher_pc=0x2d79c9670 user_sp=0xd9fc70 x16=0x2d79c9670 x17=0xd9fc70 x18=0x7ffe0000 restore=00400007
[JuiceCreate] ex=00000000 class=0x11ee90 version=0x0 name=0x11ee70 style=00000000 x=0 y=0 cx=0 cy=0 parent=0xfffffffffffffffd menu=0x0 classinst=0x0 params=0x0 flags=00000000 inst=0x0 classptr=0x140020140 ansi=0
[JuiceCreate] ex=00000000 class=0xd9fc10 version=0x0 name=0xd9fbf0 style=00000000 x=0 y=0 cx=0 cy=0 parent=0xfffffffffffffffd menu=0x0 classinst=0x0 params=0x0 flags=00000000 inst=0x0 classptr=0x140021320 ansi=0
[JuiceMonitor] callee hwnd=0x10032 hmon=0x1 info=0x10010f720 monitor=0,0,1024,768 work=0,0,1024,768 flags=00000001
[JuiceMinMax] hwnd=0x10032 min=112,27 maxtrack=1036,780 max=106,106 pos=-3,-3
[JuiceRect] input hwnd=0x10032 dpi=96/1 raw=96/1 win=0,0,112,27 client=0,0,112,27 visible=0,0,112,27
[JuiceRect] mapped hwnd=0x10032 win=0,0,112,27 client=0,0,112,27 visible=0,0,112,27
[JuiceGeom] changed hwnd=0x10032 flags=14 ptr=0x10010f620 window=0,0,112,27 client=0,0,112,27 visible=0,0,112,27 surface=0x0 shown=0
DISPLAY_EVENT WINDOW pid=44761 hwnd=0x10032 rect=0,0 112x27 visible=0
DISPLAY_EVENT WINDOW pid=44761 hwnd=0x10032 rect=0,0 112x27 visible=0
DISPLAY_EVENT WINDOW pid=44761 hwnd=0x10034 rect=0,0 112x27 visible=0
[JuiceMonitor] callee hwnd=0x10034 hmon=0x1 info=0x101a1f550 monitor=0,0,1024,768 work=0,0,1024,768 flags=00000001
[JuiceMinMax] hwnd=0x10034 min=112,27 maxtrack=1036,780 max=106,106 pos=-3,-3
[JuiceRect] input hwnd=0x10032 dpi=96/1 raw=96/1 win=0,0,112,27 client=3,22,109,24 visible=0,0,112,27
[JuiceMonitor] callee hwnd=0x1002e hmon=0x1 info=0x10190f550 monitor=0,0,1024,768 work=0,0,1024,768 flags=00000001
[JuiceRect] mapped hwnd=0x10032 win=0,0,112,27 client=3,22,109,24 visible=0,0,112,27
[JuiceRect] input hwnd=0x10034 dpi=96/1 raw=96/1 win=0,0,112,27 client=0,0,112,27 visible=0,0,112,27
[JuiceRect] mapped hwnd=0x10034 win=0,0,112,27 client=0,0,112,27 visible=0,0,112,27
[JuiceMinMax] hwnd=0x1002e min=112,27 maxtrack=1036,780 max=106,106 pos=-3,-3
[JuiceGeom] changed hwnd=0x10032 flags=10 ptr=0x10010f620 window=0,0,112,27 client=3,22,109,24 visible=0,0,112,27 surface=0x0 shown=0
[JuiceGeom] changed hwnd=0x10034 flags=14 ptr=0x101a1f450 window=0,0,112,27 client=0,0,112,27 visible=0,0,112,27 surface=0x0 shown=0
[JuiceDriver] create-enter hwnd=0x10032
[JuiceDriver] create-success hwnd=0x10032
[JuiceRect] input hwnd=0x1002e dpi=96/1 raw=96/1 win=0,0,112,27 client=0,0,112,27 visible=0,0,112,27
[JuiceRect] mapped hwnd=0x1002e win=0,0,112,27 client=0,0,112,27 visible=0,0,112,27
[JuiceRect] input hwnd=0x10034 dpi=96/1 raw=96/1 win=0,0,112,27 client=3,22,109,24 visible=0,0,112,27
[JuiceRect] mapped hwnd=0x10034 win=0,0,112,27 client=3,22,109,24 visible=0,0,112,27
DISPLAY_EVENT WINDOW pid=44761 hwnd=0x1002e rect=0,0 112x27 visible=0
DISPLAY_EVENT WINDOW pid=44761 hwnd=0x10034 rect=0,0 112x27 visible=0
DISPLAY_EVENT DESTROY pid=44761 hwnd=0x1002e
[JuiceGeom] changed hwnd=0x1002e flags=14 ptr=0x10190f450 window=0,0,112,27 client=0,0,112,27 visible=0,0,112,27 surface=0x0 shown=0
[JuiceCreate] failed hwnd=0x1002e stage=wm-nccreate
[JuiceGeom] changed hwnd=0x10034 flags=10 ptr=0x101a1f450 window=0,0,112,27 client=3,22,109,24 visible=0,0,112,27 surface=0x0 shown=0
[JuiceDriver] create-enter hwnd=0x10034
[JuiceInput] queue fd registered fd=18 tid=0x34
[JuiceDriver] create-success hwnd=0x10034
[JuiceCreate] ex=00000000 class=0x11ee80 version=0x0 name=0x11ee60 style=00c80000 x=-2147483648 y=-2147483648 cx=166 cy=45 parent=0x0 menu=0x0 classinst=0x0 params=0x0 flags=00000000 inst=0x0 classptr=0x140026398 ansi=0
[JuiceMonitor] callee hwnd=0x0 hmon=0x1 info=0x10010fa00 monitor=0,0,1024,768 work=0,0,1024,768 flags=00000001
[JuiceMonitor] caller hwnd=0x0 monitor=0,0,1024,768 work=0,0,1024,768 flags=00000001
DISPLAY_EVENT WINDOW pid=44761 hwnd=0x1003c rect=0,0 166x45 visible=0
[JuiceMonitor] callee hwnd=0x1003c hmon=0x1 info=0x10010f720 monitor=0,0,1024,768 work=0,0,1024,768 flags=00000001
[JuiceMinMax] hwnd=0x1003c min=112,27 maxtrack=1036,780 max=1030,774 pos=-3,-3
[JuiceRect] input hwnd=0x1003c dpi=96/1 raw=96/1 win=0,0,166,45 client=0,0,166,45 visible=0,0,166,45
[JuiceRect] mapped hwnd=0x1003c win=0,0,166,45 client=0,0,166,45 visible=0,0,166,45
[JuiceGeom] changed hwnd=0x1003c flags=3c ptr=0x10010f620 window=0,0,166,45 client=0,0,166,45 visible=0,0,166,45 surface=0x81d4c4f0 shown=0
[JuiceCreate] ex=00000000 class=0x10010f590 version=0x0 name=0x10010f580 style=8c000000 x=0 y=0 cx=1 cy=1 parent=0x0 menu=0x0 classinst=0x0 params=0x0 flags=00000000 inst=0x0 classptr=0x0 ansi=0
[JuiceRect] input hwnd=0x20030 dpi=96/1 raw=96/1 win=0,0,1,1 client=0,0,1,1 visible=0,0,1,1
[JuiceRect] mapped hwnd=0x20030 win=0,0,1,1 client=0,0,1,1 visible=0,0,1,1
[JuiceGeom] changed hwnd=0x20030 flags=3c ptr=0x10010eed0 window=0,0,1,1 client=0,0,1,1 visible=0,0,1,1 surface=0x81d4c4f0 shown=0
DISPLAY_EVENT WINDOW pid=44761 hwnd=0x20030 rect=0,0 1x1 visible=0
DISPLAY_EVENT WINDOW pid=44761 hwnd=0x20030 rect=0,0 1x1 visible=0
[JuiceRect] input hwnd=0x20030 dpi=96/1 raw=96/1 win=0,0,1,1 client=0,0,1,1 visible=0,0,1,1
[JuiceRect] mapped hwnd=0x20030 win=0,0,1,1 client=0,0,1,1 visible=0,0,1,1
[JuiceGeom] changed hwnd=0x20030 flags=18 ptr=0x10010eed0 window=0,0,1,1 client=0,0,1,1 visible=0,0,1,1 surface=0x81d4c4f0 shown=0
[JuiceDriver] create-enter hwnd=0x20030
[JuiceDriver] create-success hwnd=0x20030
[JuiceRect] input hwnd=0x1003c dpi=96/1 raw=96/1 win=0,0,166,45 client=3,22,163,42 visible=0,0,166,45
DISPLAY_EVENT WINDOW pid=44761 hwnd=0x1003c rect=0,0 166x45 visible=0
[JuiceRect] mapped hwnd=0x1003c win=0,0,166,45 client=3,22,163,42 visible=0,0,166,45
[JuiceGeom] changed hwnd=0x1003c flags=18 ptr=0x10010f620 window=0,0,166,45 client=3,22,163,42 visible=0,0,166,45 surface=0x81d4c4f0 shown=0
[JuiceDriver] create-enter hwnd=0x1003c
[JuiceDriver] create-success hwnd=0x1003c
[JuiceHybrid] open name=/private/var/containers/Bundle/Application/124F0A70-2EFF-40C7-B2F9-D71B571C9E11/Juice.app/Grape-X64/build/wine-ios/dlls/wineios.drv/i386-windows/wineios.drv machine=0000 status=c0000135
[JuiceHybrid] open name=/private/var/containers/Bundle/Application/124F0A70-2EFF-40C7-B2F9-D71B571C9E11/Juice.app/Grape-X64/build/wine-ios/programs/wineios.drv/i386-windows/wineios.drv machine=0000 status=c0000135
[JuiceHybrid] open name=/private/var/containers/Bundle/Application/124F0A70-2EFF-40C7-B2F9-D71B571C9E11/Juice.app/Grape-X64/runtime/lib/wine/i386-windows/wineios.drv machine=0000 status=00000000
[JuiceHybrid] open name=/private/var/containers/Bundle/Application/124F0A70-2EFF-40C7-B2F9-D71B571C9E11/Juice.app/Grape-X64/build/wine-ios/dlls/shell32/aarch64-windows/shell32.dll machine=0000 status=c0000135
[JuiceHybrid] open name=/private/var/containers/Bundle/Application/124F0A70-2EFF-40C7-B2F9-D71B571C9E11/Juice.app/Grape-X64/build/wine-ios/programs/shell32.dll/aarch64-windows/shell32.dll machine=0000 status=c0000135
[JuiceWine] host-page expanding executable section .text: section=0x791d1000 mapping=0x791d0000 size=16384
[JuiceWine] anonymous PE executable section .text at 0x791d0000 size=16384
[JuiceHybrid] map name=/private/var/containers/Bundle/Application/124F0A70-2EFF-40C7-B2F9-D71B571C9E11/Juice.app/Grape-X64/runtime/lib/wine/i386-windows/wineios.drv status=00000000 module=0x791d0000 size=d000
[JuiceHybrid] open name=/private/var/containers/Bundle/Application/124F0A70-2EFF-40C7-B2F9-D71B571C9E11/Juice.app/Grape-X64/runtime/lib/wine/aarch64-windows/shell32.dll machine=0000 status=00000000
DISPLAY_CLIENT_CONNECTED fd=12
[JuiceInput] display connected path=/var/mobile/Containers/Data/Application/2A4FE42F-DA40-4530-B5B1-96F7C5C63DEB/Documents/j.sock desktop=1024x768 dpi=96
DISPLAY_EVENT HELLO fd=12 pid=44755 desktop=1024x768 dpi=96
[JuiceInput] queue fd registered fd=20 tid=0x24
[JuiceDriver] ios init set driver create=0x80d38e78 client_surface=0x80d399fc size=1216
[JuiceDriver] install prev=0x8113d3a8 lazy=0x8113d3a8 null=0x81169f10 candidate=0x101009c00 create=0x80d38e78 installed=1
[JuiceDriver] direct-load status=00000000 driver=0x101009c00
[JuiceWine] anonymous PE executable section .text at 0x2d36d0000 size=1048576
[JuiceWine] anonymous PE executable section .hexpthk at 0x2d37d0000 size=65536
[JuiceHybrid] map name=/private/var/containers/Bundle/Application/124F0A70-2EFF-40C7-B2F9-D71B571C9E11/Juice.app/Grape-X64/runtime/lib/wine/aarch64-windows/shell32.dll status=40000003 module=0x2d36c0000 size=ff0000
[JuiceHybrid] open name=/private/var/containers/Bundle/Application/124F0A70-2EFF-40C7-B2F9-D71B571C9E11/Juice.app/Grape-X64/build/wine-ios/dlls/shlwapi/aarch64-windows/shlwapi.dll machine=0000 status=c0000135
[JuiceHybrid] open name=/private/var/containers/Bundle/Application/124F0A70-2EFF-40C7-B2F9-D71B571C9E11/Juice.app/Grape-X64/build/wine-ios/programs/shlwapi.dll/aarch64-windows/shlwapi.dll machine=0000 status=c0000135
[JuiceHybrid] open name=/private/var/containers/Bundle/Application/124F0A70-2EFF-40C7-B2F9-D71B571C9E11/Juice.app/Grape-X64/runtime/lib/wine/aarch64-windows/shlwapi.dll machine=0000 status=00000000
[JuiceWine] anonymous PE executable section .text at 0x2d3490000 size=262144
[JuiceWine] anonymous PE executable section .hexpthk at 0x2d34d0000 size=65536
[JuiceHybrid] map name=/private/var/containers/Bundle/Application/124F0A70-2EFF-40C7-B2F9-D71B571C9E11/Juice.app/Grape-X64/runtime/lib/wine/aarch64-windows/shlwapi.dll status=40000003 module=0x2d3480000 size=240000
[JuiceHybrid] open name=/private/var/containers/Bundle/Application/124F0A70-2EFF-40C7-B2F9-D71B571C9E11/Juice.app/Grape-X64/build/wine-ios/dlls/shcore/aarch64-windows/shcore.dll machine=0000 status=c0000135
[JuiceHybrid] open name=/private/var/containers/Bundle/Application/124F0A70-2EFF-40C7-B2F9-D71B571C9E11/Juice.app/Grape-X64/build/wine-ios/programs/shcore.dll/aarch64-windows/shcore.dll machine=0000 status=c0000135
[JuiceHybrid] open name=/private/var/containers/Bundle/Application/124F0A70-2EFF-40C7-B2F9-D71B571C9E11/Juice.app/Grape-X64/runtime/lib/wine/aarch64-windows/shcore.dll machine=0000 status=00000000
[JuiceHybrid] open name=/private/var/containers/Bundle/Application/124F0A70-2EFF-40C7-B2F9-D71B571C9E11/Juice.app/Grape-X64/build/wine-ios/dlls/uxtheme/i386-windows/uxtheme.dll machine=0000 status=c0000135
[JuiceHybrid] open name=/private/var/containers/Bundle/Application/124F0A70-2EFF-40C7-B2F9-D71B571C9E11/Juice.app/Grape-X64/build/wine-ios/programs/uxtheme.dll/i386-windows/uxtheme.dll machine=0000 status=c0000135
[JuiceHybrid] open name=/private/var/containers/Bundle/Application/124F0A70-2EFF-40C7-B2F9-D71B571C9E11/Juice.app/Grape-X64/runtime/lib/wine/i386-windows/uxtheme.dll machine=0000 status=00000000
[JuiceWine] host-page expanding executable section .text: section=0x79151000 mapping=0x79150000 size=81920
[JuiceWine] anonymous PE executable section .text at 0x79150000 size=81920
[JuiceHybrid] map name=/private/var/containers/Bundle/Application/124F0A70-2EFF-40C7-B2F9-D71B571C9E11/Juice.app/Grape-X64/runtime/lib/wine/i386-windows/uxtheme.dll status=00000000 module=0x79150000 size=6c000
[JuiceWine] anonymous PE executable section .text at 0x2d4770000 size=131072
[JuiceWine] anonymous PE executable section .hexpthk at 0x2d4790000 size=65536
[JuiceHybrid] map name=/private/var/containers/Bundle/Application/124F0A70-2EFF-40C7-B2F9-D71B571C9E11/Juice.app/Grape-X64/runtime/lib/wine/aarch64-windows/shcore.dll status=40000003 module=0x2d4760000 size=110000
[JuiceCreate] ex=00000000 class=0x11ee30 version=0x0 name=0x11ee10 style=80000000 x=0 y=0 cx=0 cy=0 parent=0x0 menu=0x0 classinst=0x0 params=0x0 flags=00000000 inst=0x0 classptr=0x2d51d84f0 ansi=0
[JuiceRect] input hwnd=0x10044 dpi=96/1 raw=96/1 win=0,0,0,0 client=0,0,0,0 visible=0,0,0,0
[JuiceRect] mapped hwnd=0x10044 win=0,0,0,0 client=0,0,0,0 visible=0,0,0,0
[JuiceGeom] changed hwnd=0x10044 flags=3c ptr=0x10010f620 window=0,0,0,0 client=0,0,0,0 visible=0,0,0,0 surface=0x81d4c4f0 shown=0
DISPLAY_EVENT WINDOW pid=44761 hwnd=0x10044 rect=0,0 0x0 visible=0
[JuiceRect] input hwnd=0x10044 dpi=96/1 raw=96/1 win=0,0,0,0 client=0,0,0,0 visible=0,0,0,0
[JuiceRect] mapped hwnd=0x10044 win=0,0,0,0 client=0,0,0,0 visible=0,0,0,0
DISPLAY_EVENT WINDOW pid=44761 hwnd=0x10044 rect=0,0 0x0 visible=0
[JuiceGeom] changed hwnd=0x10044 flags=18 ptr=0x10010f620 window=0,0,0,0 client=0,0,0,0 visible=0,0,0,0 surface=0x81d4c4f0 shown=0
[JuiceDriver] create-enter hwnd=0x10044
[JuiceDriver] create-success hwnd=0x10044
[JuiceCreate] ex=00000000 class=0x11ee30 version=0x0 name=0x11ee10 style=80000000 x=0 y=0 cx=0 cy=0 parent=0x0 menu=0x0 classinst=0x0 params=0x0 flags=00000000 inst=0x0 classptr=0x2d51d9248 ansi=0
[JuiceRect] input hwnd=0x10046 dpi=96/1 raw=96/1 win=0,0,0,0 client=0,0,0,0 visible=0,0,0,0
DISPLAY_EVENT WINDOW pid=44761 hwnd=0x10046 rect=0,0 0x0 visible=0
[JuiceRect] mapped hwnd=0x10046 win=0,0,0,0 client=0,0,0,0 visible=0,0,0,0
[JuiceGeom] changed hwnd=0x10046 flags=3c ptr=0x10010f620 window=0,0,0,0 client=0,0,0,0 visible=0,0,0,0 surface=0x81d4c4f0 shown=0
DISPLAY_EVENT WINDOW pid=44761 hwnd=0x10046 rect=0,0 0x0 visible=0
[JuiceRect] input hwnd=0x10046 dpi=96/1 raw=96/1 win=0,0,0,0 client=0,0,0,0 visible=0,0,0,0
[JuiceRect] mapped hwnd=0x10046 win=0,0,0,0 client=0,0,0,0 visible=0,0,0,0
[JuiceGeom] changed hwnd=0x10046 flags=18 ptr=0x10010f620 window=0,0,0,0 client=0,0,0,0 visible=0,0,0,0 surface=0x81d4c4f0 shown=0
[JuiceDriver] create-enter hwnd=0x10046
[JuiceDriver] create-success hwnd=0x10046
[JuiceCreate] ex=00000000 class=0x11ee30 version=0x0 name=0x11ee10 style=80000000 x=0 y=0 cx=0 cy=0 parent=0x0 menu=0x0 classinst=0x0 params=0x0 flags=00000000 inst=0x0 classptr=0x2d51d9248 ansi=0
[JuiceRect] input hwnd=0x10048 dpi=96/1 raw=96/1 win=0,0,0,0 client=0,0,0,0 visible=0,0,0,0
[JuiceRect] mapped hwnd=0x10048 win=0,0,0,0 client=0,0,0,0 visible=0,0,0,0
[JuiceGeom] changed hwnd=0x10048 flags=3c ptr=0x10010f620 window=0,0,0,0 client=0,0,0,0 visible=0,0,0,0 surface=0x81d4c4f0 shown=0
DISPLAY_EVENT WINDOW pid=44761 hwnd=0x10048 rect=0,0 0x0 visible=0
[JuiceRect] input hwnd=0x10048 dpi=96/1 raw=96/1 win=0,0,0,0 client=0,0,0,0 visible=0,0,0,0
[JuiceRect] mapped hwnd=0x10048 win=0,0,0,0 client=0,0,0,0 visible=0,0,0,0
[JuiceGeom] changed hwnd=0x10048 flags=18 ptr=0x10010f620 window=0,0,0,0 client=0,0,0,0 visible=0,0,0,0 surface=0x81d4c4f0 shown=0
[JuiceDriver] create-enter hwnd=0x10048
DISPLAY_EVENT WINDOW pid=44761 hwnd=0x10048 rect=0,0 0x0 visible=0
[JuiceDriver] create-success hwnd=0x10048
[JuiceCreate] ex=00000000 class=0x11ee60 version=0x0 name=0x11ee40 style=80000000 x=0 y=0 cx=0 cy=0 parent=0x0 menu=0x0 classinst=0x0 params=0x0 flags=00000000 inst=0x0 classptr=0x2d51d9248 ansi=0
[JuiceRect] input hwnd=0x1004a dpi=96/1 raw=96/1 win=0,0,0,0 client=0,0,0,0 visible=0,0,0,0
[JuiceRect] mapped hwnd=0x1004a win=0,0,0,0 client=0,0,0,0 visible=0,0,0,0
[JuiceGeom] changed hwnd=0x1004a flags=3c ptr=0x10010f620 window=0,0,0,0 client=0,0,0,0 visible=0,0,0,0 surface=0x81d4c4f0 shown=0
DISPLAY_EVENT WINDOW pid=44761 hwnd=0x1004a rect=0,0 0x0 visible=0
[JuiceRect] input hwnd=0x1004a dpi=96/1 raw=96/1 win=0,0,0,0 client=0,0,0,0 visible=0,0,0,0
DISPLAY_EVENT WINDOW pid=44761 hwnd=0x1004a rect=0,0 0x0 visible=0
[JuiceRect] mapped hwnd=0x1004a win=0,0,0,0 client=0,0,0,0 visible=0,0,0,0
[JuiceGeom] changed hwnd=0x1004a flags=18 ptr=0x10010f620 window=0,0,0,0 client=0,0,0,0 visible=0,0,0,0 surface=0x81d4c4f0 shown=0
[JuiceDriver] create-enter hwnd=0x1004a
[JuiceDriver] create-success hwnd=0x1004a
[JuiceHybrid] open name=/private/var/containers/Bundle/Application/124F0A70-2EFF-40C7-B2F9-D71B571C9E11/Juice.app/Grape-X64/build/wine-ios/dlls/ole32/aarch64-windows/ole32.dll machine=0000 status=c0000135
[JuiceHybrid] open name=/private/var/containers/Bundle/Application/124F0A70-2EFF-40C7-B2F9-D71B571C9E11/Juice.app/Grape-X64/build/wine-ios/programs/ole32.dll/aarch64-windows/ole32.dll machine=0000 status=c0000135
[JuiceHybrid] open name=/private/var/containers/Bundle/Application/124F0A70-2EFF-40C7-B2F9-D71B571C9E11/Juice.app/Grape-X64/runtime/lib/wine/aarch64-windows/ole32.dll machine=0000 status=00000000
[JuiceWine] anonymous PE executable section .text at 0x2d2e60000 size=720896
[JuiceWine] anonymous PE executable section .hexpthk at 0x2d2f10000 size=65536
[JuiceHybrid] map name=/private/var/containers/Bundle/Application/124F0A70-2EFF-40C7-B2F9-D71B571C9E11/Juice.app/Grape-X64/runtime/lib/wine/aarch64-windows/ole32.dll status=40000003 module=0x2d2e50000 size=630000
[JuiceHybrid] open name=/private/var/containers/Bundle/Application/124F0A70-2EFF-40C7-B2F9-D71B571C9E11/Juice.app/Grape-X64/build/wine-ios/dlls/combase/aarch64-windows/combase.dll machine=0000 status=c0000135
[JuiceHybrid] open name=/private/var/containers/Bundle/Application/124F0A70-2EFF-40C7-B2F9-D71B571C9E11/Juice.app/Grape-X64/build/wine-ios/programs/combase.dll/aarch64-windows/combase.dll machine=0000 status=c0000135
[JuiceHybrid] open name=/private/var/containers/Bundle/Application/124F0A70-2EFF-40C7-B2F9-D71B571C9E11/Juice.app/Grape-X64/runtime/lib/wine/aarch64-windows/combase.dll machine=0000 status=00000000
[JuiceWine] anonymous PE executable section .text at 0x2d2b60000 size=393216
[JuiceWine] anonymous PE executable section .hexpthk at 0x2d2bc0000 size=65536
[JuiceHybrid] map name=/private/var/containers/Bundle/Application/124F0A70-2EFF-40C7-B2F9-D71B571C9E11/Juice.app/Grape-X64/runtime/lib/wine/aarch64-windows/combase.dll status=40000003 module=0x2d2b50000 size=300000
[JuiceHybrid] open name=/private/var/containers/Bundle/Application/124F0A70-2EFF-40C7-B2F9-D71B571C9E11/Juice.app/Grape-X64/build/wine-ios/dlls/coml2/aarch64-windows/coml2.dll machine=0000 status=c0000135
[JuiceHybrid] open name=/private/var/containers/Bundle/Application/124F0A70-2EFF-40C7-B2F9-D71B571C9E11/Juice.app/Grape-X64/build/wine-ios/programs/coml2.dll/aarch64-windows/coml2.dll machine=0000 status=c0000135
[JuiceHybrid] open name=/private/var/containers/Bundle/Application/124F0A70-2EFF-40C7-B2F9-D71B571C9E11/Juice.app/Grape-X64/runtime/lib/wine/aarch64-windows/coml2.dll machine=0000 status=00000000
[JuiceWine] anonymous PE executable section .text at 0x2d2a30000 size=65536
[JuiceWine] anonymous PE executable section .hexpthk at 0x2d2a40000 size=65536
[JuiceHybrid] map name=/private/var/containers/Bundle/Application/124F0A70-2EFF-40C7-B2F9-D71B571C9E11/Juice.app/Grape-X64/runtime/lib/wine/aarch64-windows/coml2.dll status=40000003 module=0x2d2a20000 size=130000
[JuiceCreate] ex=00000000 class=0x11ee80 version=0x0 name=0x11ee60 style=00000000 x=0 y=0 cx=0 cy=0 parent=0xfffffffffffffffd menu=0x0 classinst=0x2d2b50000 params=0x0 flags=00000000 inst=0x2d2b50000 classptr=0x2d2bd3868 ansi=0
[JuiceMonitor] callee hwnd=0x1004c hmon=0x1 info=0x10010f720 monitor=0,0,1024,768 work=0,0,1024,768 flags=00000001
[JuiceMinMax] hwnd=0x1004c min=112,27 maxtrack=1036,780 max=106,106 pos=-3,-3
[JuiceRect] input hwnd=0x1004c dpi=96/1 raw=96/1 win=0,0,112,27 client=0,0,112,27 visible=0,0,112,27
[JuiceRect] mapped hwnd=0x1004c win=0,0,112,27 client=0,0,112,27 visible=0,0,112,27
[JuiceGeom] changed hwnd=0x1004c flags=14 ptr=0x10010f620 window=0,0,112,27 client=0,0,112,27 visible=0,0,112,27 surface=0x0 shown=0
DISPLAY_EVENT WINDOW pid=44761 hwnd=0x1004c rect=0,0 112x27 visible=0
[JuiceRect] input hwnd=0x1004c dpi=96/1 raw=96/1 win=0,0,112,27 client=3,22,109,24 visible=0,0,112,27
DISPLAY_EVENT WINDOW pid=44761 hwnd=0x1004c rect=0,0 112x27 visible=0
[JuiceRect] mapped hwnd=0x1004c win=0,0,112,27 client=3,22,109,24 visible=0,0,112,27
[JuiceGeom] changed hwnd=0x1004c flags=10 ptr=0x10010f620 window=0,0,112,27 client=3,22,109,24 visible=0,0,112,27 surface=0x0 shown=0
[JuiceDriver] create-enter hwnd=0x1004c
[JuiceDriver] create-success hwnd=0x1004c
[JuiceStage] init_syscall_frame entered; entry=0x2d6ab5360 arg=0xa529b0 teb=0x7ffdc000 data=0x101a20000 frame=0x101b2fb00 stack_base=0xf00000 stack_limit=0xe08000
[JuiceStage] calling signal_set_full_context; ctx=0xeffc70 target_pc=0x2d79c9650 target_sp=0xf00000 target_x18=0x7ffdc000 LdrInitializeThunk=0x2d79c9670 RtlUserThreadStart=0x2d79c9650
[JuiceStage] signal_set_full_context returned; status=00000000 frame_pc=0x2d79c9650 frame_sp=0xf00000 frame_x18=0x7ffdc000 restore=00400007
[JuiceStage] init_syscall_frame complete; dispatcher_pc=0x2d79c9670 user_sp=0xeffc70 x16=0x2d79c9670 x17=0xeffc70 x18=0x7ffdc000 restore=00400007
002c:err:ole:StdMarshalImpl_MarshalInterface Failed to create ifstub, hr 0x80004002
002c:err:ole:CoMarshalInterface Failed to marshal the interface {6d5140c1-7436-11ce-8034-00aa006009fa}, hr 0x80004002
002c:err:ole:apartment_get_local_server_stream Failed: 0x80004002
[JuiceGeom] surface hwnd=0x10020 rect=0,0,1024,768 size=1024x768 previous=0x100656b00
[JuiceRect] input hwnd=0x10020 dpi=96/1 raw=96/1 win=0,0,1024,768 client=0,0,1024,768 visible=0,0,1024,768
[JuiceRect] mapped hwnd=0x10020 win=0,0,1024,768 client=0,0,1024,768 visible=0,0,1024,768
DISPLAY_EVENT WINDOW pid=44761 hwnd=0x10020 rect=0,0 1024x768 visible=1
[JuiceGeom] changed hwnd=0x10020 flags=8000181b ptr=0x10010f750 window=0,0,1024,768 client=0,0,1024,768 visible=0,0,1024,768 surface=0x100656b00 shown=1
CUSTOM_EXE_OR_ZIP_PICKER_OPENED
CUSTOM_EXE_PICKER_CANCELLED
INSTALLED_APP_BROWSER_OPEN count=3
EXPERIMENTAL_X86_64 enabled=1
INSTALLED_APP_SELECTED machine=0x014c path=/var/mobile/Containers/Data/Application/2A4FE42F-DA40-4530-B5B1-96F7C5C63DEB/Documents/JuiceData/GrapePrefix-x86_64/drive_c/Program Files/Steam/Steam.exe
JUICE_TRANSLATION_RUNTIME_SAFETY_OK runtime=/private/var/containers/Bundle/Application/124F0A70-2EFF-40C7-B2F9-D71B571C9E11/Juice.app/Grape-X64 protocol=holes-disabled-v3-full-win32-reserve
PE_ARCH_DETECTED machine=0x014c arch=i386 runtime=Grape-X64 path=/var/mobile/Containers/Data/Application/2A4FE42F-DA40-4530-B5B1-96F7C5C63DEB/Documents/JuiceData/GrapePrefix-x86_64/drive_c/Program Files/Steam/Steam.exe
DISPLAY_CLIENT_CLOSED fd=11 pid=44761
[JuiceWine parent] child exited with 1
DISPLAY_CLIENT_CLOSED fd=12 pid=44755
[JuiceWine parent] child terminated by signal 9 (Killed: 9)
PROCESS_GROUP_STOP reason=new-launch child_pgid=44754 server_pgid=44753 wineserver_kill=0 status=0
PREFIX_HEALTH_OK marker=valid registry=valid prefix=/var/mobile/Containers/Data/Application/2A4FE42F-DA40-4530-B5B1-96F7C5C63DEB/Documents/JuiceData/GrapePrefix-x86_64
PREFIX_DRIVE_LINKS c=1 z=1 c_error=none z_error=none
PREFIX_WIN32_RUNTIME_LINKS count=103 syswow64=/var/mobile/Containers/Data/Application/2A4FE42F-DA40-4530-B5B1-96F7C5C63DEB/Documents/JuiceData/GrapePrefix-x86_64/drive_c/windows/syswow64
RUNTIME_SELECTED runtime=Grape-X64 prefix=/var/mobile/Containers/Data/Application/2A4FE42F-DA40-4530-B5B1-96F7C5C63DEB/Documents/JuiceData/GrapePrefix-x86_64
PREFIX_RUNTIME_LINKS count=9 system32=/var/mobile/Containers/Data/Application/2A4FE42F-DA40-4530-B5B1-96F7C5C63DEB/Documents/JuiceData/GrapePrefix-x86_64/drive_c/windows/system32
PREFIX_APISET_READY path=/var/mobile/Containers/Data/Application/2A4FE42F-DA40-4530-B5B1-96F7C5C63DEB/Documents/JuiceData/GrapePrefix-x86_64/drive_c/windows/system32/apisetschema.dll existing=1
Wine server: 0 pid=44794 pgid=44794

GUI launch /var/mobile/Containers/Data/Application/2A4FE42F-DA40-4530-B5B1-96F7C5C63DEB/Documents/JuiceData/GrapePrefix-x86_64/drive_c/Program Files/Steam/Steam.exe: 0 pid=44797 pgid=44797 generation=10
[JuiceWine parent] bundle libraries path=/private/var/containers/Bundle/Application/124F0A70-2EFF-40C7-B2F9-D71B571C9E11/Juice.app/Libraries:/var/jb/usr/lib
[JuiceWine parent] launching /private/var/containers/Bundle/Application/124F0A70-2EFF-40C7-B2F9-D71B571C9E11/Juice.app/Grape-X64/build/wine-ios/loader/wine
[JuiceWine parent] child PID=44798
[JuiceWine] iOS low-VA release start=0x10000 end=0x100000000 status=0 OK
JUICE_LOWVA_HOLELIST_OK old_reuse=0 new_reuse=1 allocator=entry-list
JUICE_LOWVA_HELPER_BEGIN path=/private/var/containers/Bundle/Application/124F0A70-2EFF-40C7-B2F9-D71B571C9E11/Juice.app/Grape-X64/tools/juice-lowva-helper target_pid=44798 root_persona=1
JUICE_LOWVA_KERNEL_MIN_OK pid=44798 task=0xffffffdff28bf9d8 map=0xffffffdc0a78c400 old=0x1002a0000 new=0x10000 max=0x2d8000000 already=0
Failed to initialize IOSurface primitives, add "IOSurfaceRootUserClient" to the "com.apple.security.exception.iokit-user-client-class" dictionary of the entitlements from "/private/var/containers/Bundle/Application/124F0A70-2EFF-40C7-B2F9-D71B571C9E11/Juice.app/Grape-X64/tools/juice-lowva-helper" to fix this. Due to this, the kalloc, kmap and kcall primitives will not work.
JUICE_LOWVA_ATOMIC_RESERVE_OK start=0x10000 end=0x80000000 size=0x7fff0000
JUICE_LOWVA_WIN32_2G_RESERVE_OK start=0x10000 end=0x80000000
JUICE_LOWVA_HELPER_OK target_pid=44798
JUICE_LOWVA_KERNEL_PROBE_OK address=0x20000 size=0x4000
JUICE_LOWVA_READY target_pid=44798
[JuiceLowVA] MAP_FIXED enabled start=0x10000 size=0x67ff0000 prot=0 failures=0
[JuiceWine] PT_TRACE_ME succeeded; csflags=0x32007005 CS_DEBUGGED=YES
[JuiceWine] requesting controlled tracer detach
[JuiceWine parent] child stopped pid=44798 signal=17 (Suspended (signal): 17)
[JuiceWine parent] PT_DETACH pid=44798 result=0
[JuiceWine parent] child now running untraced
[JuiceWine] resumed after tracer detach; csflags=0x32007005 CS_DEBUGGED=YES
[JuiceStage] wineboot disabled by JUICE_SKIP_WINEBOOT=1
[JuiceWine] host-page expanding executable section .text: section=0x401000 mapping=0x400000 size=3031040
[JuiceWine] anonymous PE executable section .text at 0x400000 size=3031040
[JuiceStage] loading Windows ntdll; transfer=0x54d26d teb=0x7ffe8000 peb=0x7ffec000
[JuiceHybrid] open name=/private/var/containers/Bundle/Application/124F0A70-2EFF-40C7-B2F9-D71B571C9E11/Juice.app/Grape-X64/build/wine-ios/dlls/ntdll/aarch64-windows/ntdll.dll machine=aa64 status=00000000
[JuiceWine] anonymous PE executable section .text at 0x2d7970000 size=983040
[JuiceWine] anonymous PE executable section .hexpthk at 0x2d7a60000 size=65536
[JuiceHybrid] map name=/private/var/containers/Bundle/Application/124F0A70-2EFF-40C7-B2F9-D71B571C9E11/Juice.app/Grape-X64/build/wine-ios/dlls/ntdll/aarch64-windows/ntdll.dll status=40000003 module=0x2d7960000 size=6a0000
[JuiceStage] load_ntdll returned; transfer=0x54d26d
[JuiceHybrid] open name=/private/var/containers/Bundle/Application/124F0A70-2EFF-40C7-B2F9-D71B571C9E11/Juice.app/Grape-X64/build/wine-ios/dlls/ntdll/i386-windows/ntdll.dll machine=0000 status=00000000
[JuiceWine] host-page expanding executable section .text: section=0x7bd91000 mapping=0x7bd90000 size=442368
[JuiceWine] anonymous PE executable section .text at 0x7bd90000 size=442368
[JuiceHybrid] map name=/private/var/containers/Bundle/Application/124F0A70-2EFF-40C7-B2F9-D71B571C9E11/Juice.app/Grape-X64/build/wine-ios/dlls/ntdll/i386-windows/ntdll.dll status=00000000 module=0x7bd90000 size=252000
[JuiceStage] load_wow64_ntdll returned
[JuiceStage] calling load_apiset_dll
[JuiceStage] load_apiset_dll returned; stack_base=0x10020fd20 stack_limit=0x100118000
[JuiceStage] calling server_init_process_done
[JuiceStage] server_init_process_done entered
[JuiceStage] calling signal_init_process; teb=0x7ffe8000
[JuiceStage] signal_init_process returned
[JuiceStage] init_teb_data returned; syscall_frame=0x10010fcd0 stack_base=0x10020fd20 stack_limit=0x100118000
[JuiceStage] init_process_done server call returned; status=00000000 suspend=0 transfer=0x54d26d teb=0x7ffe8000 peb=0x7ffec000
[JuiceStage] calling signal_start_thread
[JuiceStage] init_syscall_frame entered; entry=0x54d26d arg=0x7ffec000 teb=0x7ffe8000 data=0x100000000 frame=0x10010fcd0 stack_base=0x10020fd20 stack_limit=0x100118000
[JuiceStage] calling signal_set_full_context; ctx=0x10020f990 target_pc=0x2d79c9650 target_sp=0x10020fd20 target_x18=0x7ffe8000 LdrInitializeThunk=0x2d79c9670 RtlUserThreadStart=0x2d79c9650
[JuiceStage] signal_set_full_context returned; status=00000000 frame_pc=0x2d79c9650 frame_sp=0x10020fd20 frame_x18=0x7ffe8000 restore=00400007
[JuiceStage] init_syscall_frame complete; dispatcher_pc=0x2d79c9670 user_sp=0x10020f990 x16=0x2d79c9670 x17=0x10020f990 x18=0x7ffe8000 restore=00400007
[JuiceX18] broad #1 pc=0x2d79a5920 fault=0x30 instr=f9401a48 x8=0x0 x16=0x2d79c9670 x17=0x10020f990 x18=0x0 teb=0x7ffe8000
[JuiceX18] broad #2 pc=0x2d79ce748 fault=0x30 instr=f9401a48 x8=0x0 x16=0x2d79a5920 x17=0x10020f990 x18=0x0 teb=0x7ffe8000
[JuiceX18] broad #3 pc=0x2d79d0344 fault=0x30 instr=f9401a59 x8=0x10020f770 x16=0x2d79ce748 x17=0x10020f990 x18=0x0 teb=0x7ffe8000
[JuiceX18] broad #4 pc=0x2d79d037c fault=0x30 instr=f9401a4a x8=0x10020f770 x16=0x2d79d0344 x17=0x10020f990 x18=0x0 teb=0x7ffe8000
[JuiceX18] broad #5 pc=0x102031864 fault=0x378 instr=f941be4a x8=0x18 x16=0x102031860 x17=0x10020f990 x18=0x0 teb=0x7ffe8000
[JuiceX18] broad #6 pc=0x2d79d0e88 fault=0x30 instr=f9401a48 x8=0x0 x16=0x2d79c7554 x17=0x10020f760 x18=0x0 teb=0x7ffe8000
[JuiceX18] broad #7 pc=0x102031864 fault=0x378 instr=f941be4a x8=0x18 x16=0x102031860 x17=0x10020f990 x18=0x0 teb=0x7ffe8000
[JuiceX18] broad #8 pc=0x2d79d0344 fault=0x30 instr=f9401a59 x8=0x10020f7c0 x16=0x2d79c7554 x17=0x10020f790 x18=0x0 teb=0x7ffe8000
[JuiceX18] broad #9 pc=0x2d79d02b4 fault=0x30 instr=f9401a54 x8=0x10020f0f1 x16=0x5c5c x17=0x10020f0f0 x18=0x0 teb=0x7ffe8000
[JuiceX18] broad #10 pc=0x2d79972ec fault=0x30 instr=f9401a48 x8=0x0 x16=0x2d79d02b4 x17=0x10020f990 x18=0x0 teb=0x7ffe8000
[JuiceX18] broad #11 pc=0x2d79c0744 fault=0x30 instr=f9401a48 x8=0x0 x16=0x2d79c7b74 x17=0x10020f4d0 x18=0x0 teb=0x7ffe8000
[JuiceX18] broad #12 pc=0x2d7997bac fault=0x30 instr=f9401a48 x8=0x0 x16=0x5c5c x17=0x10020f3cc x18=0x0 teb=0x7ffe8000
[JuiceX18] broad #13 pc=0x2d7997c34 fault=0x30 instr=f9401a48 x8=0x0 x16=0x2d7997bac x17=0x10020f990 x18=0x0 teb=0x7ffe8000
[JuiceX18] broad #14 pc=0x2d7997bac fault=0x30 instr=f9401a48 x8=0x0 x16=0x2d7997c34 x17=0x10020f990 x18=0x0 teb=0x7ffe8000
[JuiceX18] broad #15 pc=0x2d7997c34 fault=0x30 instr=f9401a48 x8=0x0 x16=0x2d7997bac x17=0x10020f990 x18=0x0 teb=0x7ffe8000
[JuiceX18] broad #16 pc=0x2d79d0344 fault=0x30 instr=f9401a59 x8=0x10020f3f0 x16=0x2d79c7914 x17=0x10020f470 x18=0x0 teb=0x7ffe8000
[JuiceX18] broad #17 pc=0x102031864 fault=0x378 instr=f941be4a x8=0x17 x16=0x102031860 x17=0x10020f470 x18=0x0 teb=0x7ffe8000
[JuiceX18] broad #18 pc=0x2d79d0344 fault=0x30 instr=f9401a59 x8=0x10020f6e0 x16=0x2d79c7d54 x17=0x10020f800 x18=0x0 teb=0x7ffe8000
[JuiceX18] broad #19 pc=0x2d79d02b4 fault=0x30 instr=f9401a54 x8=0x10020f647 x16=0x5c5c x17=0x10020f646 x18=0x0 teb=0x7ffe8000
[JuiceHybrid] open name=/private/var/containers/Bundle/Application/124F0A70-2EFF-40C7-B2F9-D71B571C9E11/Juice.app/Grape-X64/build/wine-ios/dlls/wow64/aarch64-windows/wow64.dll machine=0000 status=c0000135
[JuiceHybrid] open name=/private/var/containers/Bundle/Application/124F0A70-2EFF-40C7-B2F9-D71B571C9E11/Juice.app/Grape-X64/build/wine-ios/programs/wow64.dll/aarch64-windows/wow64.dll machine=0000 status=c0000135
[JuiceHybrid] open name=/private/var/containers/Bundle/Application/124F0A70-2EFF-40C7-B2F9-D71B571C9E11/Juice.app/Grape-X64/runtime/lib/wine/aarch64-windows/wow64.dll machine=0000 status=00000000
[JuiceWine] anonymous PE executable section .text at 0x2d7850000 size=131072
[JuiceHybrid] map name=/private/var/containers/Bundle/Application/124F0A70-2EFF-40C7-B2F9-D71B571C9E11/Juice.app/Grape-X64/runtime/lib/wine/aarch64-windows/wow64.dll status=40000003 module=0x2d7840000 size=120000
[JuiceX18] broad #20 pc=0x102031864 fault=0x378 instr=f941be4a x8=0x50 x16=0x102031860 x17=0x10020f570 x18=0x0 teb=0x7ffe8000
[JuiceX18] broad #21 pc=0x2d79a86c8 fault=0x30 instr=f9401a48 x8=0x0 x16=0x2d79c7c54 x17=0x10020f570 x18=0x0 teb=0x7ffe8000
[JuiceX18] broad #22 pc=0x2d79d02b4 fault=0x30 instr=f9401a54 x8=0x10020edb0 x16=0x5c5c x17=0x10020edaf x18=0x0 teb=0x7ffe8000
[JuiceX18] broad #23 pc=0x2d79d0344 fault=0x30 instr=f9401a59 x8=0x10020eed0 x16=0x2d79d02b4 x17=0x10020f990 x18=0x0 teb=0x7ffe8000
[JuiceX18] broad #24 pc=0x2d79d0344 fault=0x30 instr=f9401a59 x8=0x10020f1f0 x16=0x2d79c7c54 x17=0x10020f210 x18=0x0 teb=0x7ffe8000
[JuiceX18] broad #25 pc=0x102031864 fault=0x378 instr=f941be4a x8=0xd1 x16=0x102031860 x17=0x10020f640 x18=0x0 teb=0x7ffe8000
[JuiceHybrid] open name=/private/var/containers/Bundle/Application/124F0A70-2EFF-40C7-B2F9-D71B571C9E11/Juice.app/Grape-X64/build/wine-ios/dlls/libwow64fex/aarch64-windows/libwow64fex.dll machine=0000 status=c0000135
[JuiceHybrid] open name=/private/var/containers/Bundle/Application/124F0A70-2EFF-40C7-B2F9-D71B571C9E11/Juice.app/Grape-X64/build/wine-ios/programs/libwow64fex.dll/aarch64-windows/libwow64fex.dll machine=0000 status=c0000135
[JuiceHybrid] open name=/private/var/containers/Bundle/Application/124F0A70-2EFF-40C7-B2F9-D71B571C9E11/Juice.app/Grape-X64/runtime/lib/wine/aarch64-windows/libwow64fex.dll machine=0000 status=00000000
[JuiceWine] host-page expanding executable section .text: section=0x2d74c1000 mapping=0x2d74c0000 size=1916928
[JuiceWine] anonymous PE executable section .text at 0x2d74c0000 size=1916928
[JuiceHybrid] map name=/private/var/containers/Bundle/Application/124F0A70-2EFF-40C7-B2F9-D71B571C9E11/Juice.app/Grape-X64/runtime/lib/wine/aarch64-windows/libwow64fex.dll status=40000003 module=0x2d74c0000 size=37d000
[JuiceX18] broad #26 pc=0x102031864 fault=0x378 instr=f941be4a x8=0x50 x16=0x102031860 x17=0x10020eed0 x18=0x0 teb=0x7ffe8000
[JuiceX18] broad #27 pc=0x102031864 fault=0x378 instr=f941be4a x8=0x50 x16=0x102031860 x17=0x10020eb70 x18=0x0 teb=0x7ffe8000
[JuiceX18] broad #28 pc=0x102031864 fault=0x378 instr=f941be4a x8=0x50 x16=0x102031860 x17=0x10020eb70 x18=0x0 teb=0x7ffe8000
[JuiceX18] broad #29 pc=0x2d79ce6e4 fault=0x30 instr=f9401a49 x8=0x24 x16=0x2d79c7434 x17=0x10020efa0 x18=0x0 teb=0x7ffe8000
[JuiceX18] broad #30 pc=0x2d79ce6e4 fault=0x30 instr=f9401a49 x8=0x24 x16=0x2d79a1298 x17=0x10020f990 x18=0x0 teb=0x7ffe8000
[JuiceHybrid] open name=/private/var/containers/Bundle/Application/124F0A70-2EFF-40C7-B2F9-D71B571C9E11/Juice.app/Grape-X64/build/wine-ios/dlls/wow64win/aarch64-windows/wow64win.dll machine=0000 status=c0000135
[JuiceHybrid] open name=/private/var/containers/Bundle/Application/124F0A70-2EFF-40C7-B2F9-D71B571C9E11/Juice.app/Grape-X64/build/wine-ios/programs/wow64win.dll/aarch64-windows/wow64win.dll machine=0000 status=c0000135
[JuiceHybrid] open name=/private/var/containers/Bundle/Application/124F0A70-2EFF-40C7-B2F9-D71B571C9E11/Juice.app/Grape-X64/runtime/lib/wine/aarch64-windows/wow64win.dll machine=0000 status=00000000
[JuiceWine] anonymous PE executable section .text at 0x2d73a0000 size=65536
[JuiceHybrid] map name=/private/var/containers/Bundle/Application/124F0A70-2EFF-40C7-B2F9-D71B571C9E11/Juice.app/Grape-X64/runtime/lib/wine/aarch64-windows/wow64win.dll status=40000003 module=0x2d7390000 size=130000
[JuiceX18] broad #31 pc=0x102031864 fault=0x378 instr=f941be4a x8=0x50 x16=0x102031860 x17=0x10020eed0 x18=0x0 teb=0x7ffe8000
[JuiceX18] broad #32 pc=0x2d79a86c8 fault=0x30 instr=f9401a48 x8=0x0 x16=0x2d79c7c54 x17=0x10020eed0 x18=0x0 teb=0x7ffe8000
[JuiceHybrid] open name=/private/var/containers/Bundle/Application/124F0A70-2EFF-40C7-B2F9-D71B571C9E11/Juice.app/Grape-X64/build/wine-ios/dlls/win32u/aarch64-windows/win32u.dll machine=0000 status=c0000135
[JuiceHybrid] open name=/private/var/containers/Bundle/Application/124F0A70-2EFF-40C7-B2F9-D71B571C9E11/Juice.app/Grape-X64/build/wine-ios/programs/win32u.dll/aarch64-windows/win32u.dll machine=0000 status=c0000135
[JuiceHybrid] open name=/private/var/containers/Bundle/Application/124F0A70-2EFF-40C7-B2F9-D71B571C9E11/Juice.app/Grape-X64/runtime/lib/wine/aarch64-windows/win32u.dll machine=0000 status=00000000
[JuiceWine] anonymous PE executable section .text at 0x2d7270000 size=262144
[JuiceWine] anonymous PE executable section .hexpthk at 0x2d72b0000 size=65536
[JuiceHybrid] map name=/private/var/containers/Bundle/Application/124F0A70-2EFF-40C7-B2F9-D71B571C9E11/Juice.app/Grape-X64/runtime/lib/wine/aarch64-windows/win32u.dll status=40000003 module=0x2d7260000 size=130000
starting FEX based libwow64fex.dll
[JuiceWine] redirected KUSER_SHARED_DATA fault addr=0x7ffe0320 pc=0x2ccbfc044 to 0x17ffe0000
[JuiceHybrid] open name=/private/var/containers/Bundle/Application/124F0A70-2EFF-40C7-B2F9-D71B571C9E11/Juice.app/Grape-X64/build/wine-ios/dlls/kernel32/i386-windows/kernel32.dll machine=0000 status=c0000135
[JuiceHybrid] open name=/private/var/containers/Bundle/Application/124F0A70-2EFF-40C7-B2F9-D71B571C9E11/Juice.app/Grape-X64/build/wine-ios/programs/kernel32.dll/i386-windows/kernel32.dll machine=0000 status=c0000135
[JuiceHybrid] open name=/private/var/containers/Bundle/Application/124F0A70-2EFF-40C7-B2F9-D71B571C9E11/Juice.app/Grape-X64/runtime/lib/wine/i386-windows/kernel32.dll machine=0000 status=00000000
[JuiceWine] host-page expanding executable section .text: section=0x7bc61000 mapping=0x7bc60000 size=180224
[JuiceWine] anonymous PE executable section .text at 0x7bc60000 size=180224
[JuiceHybrid] map name=/private/var/containers/Bundle/Application/124F0A70-2EFF-40C7-B2F9-D71B571C9E11/Juice.app/Grape-X64/runtime/lib/wine/i386-windows/kernel32.dll status=00000000 module=0x7bc60000 size=115000
[JuiceHybrid] open name=/private/var/containers/Bundle/Application/124F0A70-2EFF-40C7-B2F9-D71B571C9E11/Juice.app/Grape-X64/build/wine-ios/dlls/kernelbase/i386-windows/kernelbase.dll machine=0000 status=c0000135
[JuiceHybrid] open name=/private/var/containers/Bundle/Application/124F0A70-2EFF-40C7-B2F9-D71B571C9E11/Juice.app/Grape-X64/build/wine-ios/programs/kernelbase.dll/i386-windows/kernelbase.dll machine=0000 status=c0000135
[JuiceHybrid] open name=/private/var/containers/Bundle/Application/124F0A70-2EFF-40C7-B2F9-D71B571C9E11/Juice.app/Grape-X64/runtime/lib/wine/i386-windows/kernelbase.dll machine=0000 status=00000000
[JuiceWine] host-page expanding executable section .text: section=0x7b991000 mapping=0x7b990000 size=442368
[JuiceWine] anonymous PE executable section .text at 0x7b990000 size=442368
[JuiceHybrid] map name=/private/var/containers/Bundle/Application/124F0A70-2EFF-40C7-B2F9-D71B571C9E11/Juice.app/Grape-X64/runtime/lib/wine/i386-windows/kernelbase.dll status=00000000 module=0x7b990000 size=2b2000
[JuiceHybrid] open name=/private/var/containers/Bundle/Application/124F0A70-2EFF-40C7-B2F9-D71B571C9E11/Juice.app/Grape-X64/build/wine-ios/dlls/user32/i386-windows/user32.dll machine=0000 status=c0000135
[JuiceHybrid] open name=/private/var/containers/Bundle/Application/124F0A70-2EFF-40C7-B2F9-D71B571C9E11/Juice.app/Grape-X64/build/wine-ios/programs/user32.dll/i386-windows/user32.dll machine=0000 status=c0000135
[JuiceHybrid] open name=/private/var/containers/Bundle/Application/124F0A70-2EFF-40C7-B2F9-D71B571C9E11/Juice.app/Grape-X64/runtime/lib/wine/i386-windows/user32.dll machine=0000 status=00000000
[JuiceWine] host-page expanding executable section .text: section=0x7b5b1000 mapping=0x7b5b0000 size=540672
[JuiceWine] anonymous PE executable section .text at 0x7b5b0000 size=540672
[JuiceHybrid] map name=/private/var/containers/Bundle/Application/124F0A70-2EFF-40C7-B2F9-D71B571C9E11/Juice.app/Grape-X64/runtime/lib/wine/i386-windows/user32.dll status=00000000 module=0x7b5b0000 size=3c2000
[JuiceHybrid] open name=/private/var/containers/Bundle/Application/124F0A70-2EFF-40C7-B2F9-D71B571C9E11/Juice.app/Grape-X64/build/wine-ios/dlls/gdi32/i386-windows/gdi32.dll machine=0000 status=c0000135
[JuiceHybrid] open name=/private/var/containers/Bundle/Application/124F0A70-2EFF-40C7-B2F9-D71B571C9E11/Juice.app/Grape-X64/build/wine-ios/programs/gdi32.dll/i386-windows/gdi32.dll machine=0000 status=c0000135
[JuiceHybrid] open name=/private/var/containers/Bundle/Application/124F0A70-2EFF-40C7-B2F9-D71B571C9E11/Juice.app/Grape-X64/runtime/lib/wine/i386-windows/gdi32.dll machine=0000 status=00000000
[JuiceWine] host-page expanding executable section .text: section=0x7b431000 mapping=0x7b430000 size=294912
[JuiceWine] anonymous PE executable section .text at 0x7b430000 size=294912
[JuiceHybrid] map name=/private/var/containers/Bundle/Application/124F0A70-2EFF-40C7-B2F9-D71B571C9E11/Juice.app/Grape-X64/runtime/lib/wine/i386-windows/gdi32.dll status=00000000 module=0x7b430000 size=167000
[JuiceHybrid] open name=/private/var/containers/Bundle/Application/124F0A70-2EFF-40C7-B2F9-D71B571C9E11/Juice.app/Grape-X64/build/wine-ios/dlls/advapi32/i386-windows/advapi32.dll machine=0000 status=c0000135
[JuiceHybrid] open name=/private/var/containers/Bundle/Application/124F0A70-2EFF-40C7-B2F9-D71B571C9E11/Juice.app/Grape-X64/build/wine-ios/programs/advapi32.dll/i386-windows/advapi32.dll machine=0000 status=c0000135
[JuiceHybrid] open name=/private/var/containers/Bundle/Application/124F0A70-2EFF-40C7-B2F9-D71B571C9E11/Juice.app/Grape-X64/runtime/lib/wine/i386-windows/advapi32.dll machine=0000 status=00000000
[JuiceWine] host-page expanding executable section .text: section=0x7b371000 mapping=0x7b370000 size=131072
[JuiceWine] anonymous PE executable section .text at 0x7b370000 size=131072
[JuiceHybrid] map name=/private/var/containers/Bundle/Application/124F0A70-2EFF-40C7-B2F9-D71B571C9E11/Juice.app/Grape-X64/runtime/lib/wine/i386-windows/advapi32.dll status=00000000 module=0x7b370000 size=a8000
[JuiceHybrid] open name=/private/var/containers/Bundle/Application/124F0A70-2EFF-40C7-B2F9-D71B571C9E11/Juice.app/Grape-X64/build/wine-ios/dlls/sechost/i386-windows/sechost.dll machine=0000 status=c0000135
[JuiceHybrid] open name=/private/var/containers/Bundle/Application/124F0A70-2EFF-40C7-B2F9-D71B571C9E11/Juice.app/Grape-X64/build/wine-ios/programs/sechost.dll/i386-windows/sechost.dll machine=0000 status=c0000135
[JuiceHybrid] open name=/private/var/containers/Bundle/Application/124F0A70-2EFF-40C7-B2F9-D71B571C9E11/Juice.app/Grape-X64/runtime/lib/wine/i386-windows/sechost.dll machine=0000 status=00000000
[JuiceWine] host-page expanding executable section .text: section=0x7b311000 mapping=0x7b310000 size=65536
[JuiceWine] anonymous PE executable section .text at 0x7b310000 size=65536
[JuiceHybrid] map name=/private/var/containers/Bundle/Application/124F0A70-2EFF-40C7-B2F9-D71B571C9E11/Juice.app/Grape-X64/runtime/lib/wine/i386-windows/sechost.dll status=00000000 module=0x7b310000 size=4f000
[JuiceHybrid] open name=/private/var/containers/Bundle/Application/124F0A70-2EFF-40C7-B2F9-D71B571C9E11/Juice.app/Grape-X64/build/wine-ios/dlls/ucrtbase/i386-windows/ucrtbase.dll machine=0000 status=c0000135
[JuiceHybrid] open name=/private/var/containers/Bundle/Application/124F0A70-2EFF-40C7-B2F9-D71B571C9E11/Juice.app/Grape-X64/build/wine-ios/programs/ucrtbase.dll/i386-windows/ucrtbase.dll machine=0000 status=c0000135
[JuiceHybrid] open name=/private/var/containers/Bundle/Application/124F0A70-2EFF-40C7-B2F9-D71B571C9E11/Juice.app/Grape-X64/runtime/lib/wine/i386-windows/ucrtbase.dll machine=0000 status=00000000
[JuiceWine] host-page expanding executable section .text: section=0x7b081000 mapping=0x7b080000 size=622592
[JuiceWine] anonymous PE executable section .text at 0x7b080000 size=622592
[JuiceHybrid] map name=/private/var/containers/Bundle/Application/124F0A70-2EFF-40C7-B2F9-D71B571C9E11/Juice.app/Grape-X64/runtime/lib/wine/i386-windows/ucrtbase.dll status=00000000 module=0x7b080000 size=27c000
[JuiceHybrid] open name=/private/var/containers/Bundle/Application/124F0A70-2EFF-40C7-B2F9-D71B571C9E11/Juice.app/Grape-X64/build/wine-ios/dlls/msvcrt/i386-windows/msvcrt.dll machine=0000 status=c0000135
[JuiceHybrid] open name=/private/var/containers/Bundle/Application/124F0A70-2EFF-40C7-B2F9-D71B571C9E11/Juice.app/Grape-X64/build/wine-ios/programs/msvcrt.dll/i386-windows/msvcrt.dll machine=0000 status=c0000135
[JuiceHybrid] open name=/private/var/containers/Bundle/Application/124F0A70-2EFF-40C7-B2F9-D71B571C9E11/Juice.app/Grape-X64/runtime/lib/wine/i386-windows/msvcrt.dll machine=0000 status=00000000
[JuiceWine] host-page expanding executable section .text: section=0x7ae71000 mapping=0x7ae70000 size=491520
[JuiceWine] anonymous PE executable section .text at 0x7ae70000 size=491520
[JuiceHybrid] map name=/private/var/containers/Bundle/Application/124F0A70-2EFF-40C7-B2F9-D71B571C9E11/Juice.app/Grape-X64/runtime/lib/wine/i386-windows/msvcrt.dll status=00000000 module=0x7ae70000 size=1fe000
[JuiceHybrid] open name=/private/var/containers/Bundle/Application/124F0A70-2EFF-40C7-B2F9-D71B571C9E11/Juice.app/Grape-X64/build/wine-ios/dlls/win32u/i386-windows/win32u.dll machine=0000 status=c0000135
[JuiceHybrid] open name=/private/var/containers/Bundle/Application/124F0A70-2EFF-40C7-B2F9-D71B571C9E11/Juice.app/Grape-X64/build/wine-ios/programs/win32u.dll/i386-windows/win32u.dll machine=0000 status=c0000135
[JuiceHybrid] open name=/private/var/containers/Bundle/Application/124F0A70-2EFF-40C7-B2F9-D71B571C9E11/Juice.app/Grape-X64/runtime/lib/wine/i386-windows/win32u.dll machine=0000 status=00000000
[JuiceWine] host-page expanding executable section .text: section=0x7ae21000 mapping=0x7ae20000 size=81920
[JuiceWine] anonymous PE executable section .text at 0x7ae20000 size=81920
[JuiceHybrid] map name=/private/var/containers/Bundle/Application/124F0A70-2EFF-40C7-B2F9-D71B571C9E11/Juice.app/Grape-X64/runtime/lib/wine/i386-windows/win32u.dll status=00000000 module=0x7ae20000 size=39000
[JuiceHybrid] open name=/private/var/containers/Bundle/Application/124F0A70-2EFF-40C7-B2F9-D71B571C9E11/Juice.app/Grape-X64/build/wine-ios/dlls/shell32/i386-windows/shell32.dll machine=0000 status=c0000135
[JuiceHybrid] open name=/private/var/containers/Bundle/Application/124F0A70-2EFF-40C7-B2F9-D71B571C9E11/Juice.app/Grape-X64/build/wine-ios/programs/shell32.dll/i386-windows/shell32.dll machine=0000 status=c0000135
[JuiceHybrid] open name=/private/var/containers/Bundle/Application/124F0A70-2EFF-40C7-B2F9-D71B571C9E11/Juice.app/Grape-X64/runtime/lib/wine/i386-windows/shell32.dll machine=0000 status=00000000
[JuiceWine] host-page expanding executable section .text: section=0x7a321000 mapping=0x7a320000 size=475136
[JuiceWine] anonymous PE executable section .text at 0x7a320000 size=475136
[JuiceHybrid] map name=/private/var/containers/Bundle/Application/124F0A70-2EFF-40C7-B2F9-D71B571C9E11/Juice.app/Grape-X64/runtime/lib/wine/i386-windows/shell32.dll status=00000000 module=0x7a320000 size=ae2000
[JuiceHybrid] open name=/private/var/containers/Bundle/Application/124F0A70-2EFF-40C7-B2F9-D71B571C9E11/Juice.app/Grape-X64/build/wine-ios/dlls/shlwapi/i386-windows/shlwapi.dll machine=0000 status=c0000135
[JuiceHybrid] open name=/private/var/containers/Bundle/Application/124F0A70-2EFF-40C7-B2F9-D71B571C9E11/Juice.app/Grape-X64/build/wine-ios/programs/shlwapi.dll/i386-windows/shlwapi.dll machine=0000 status=c0000135
[JuiceHybrid] open name=/private/var/containers/Bundle/Application/124F0A70-2EFF-40C7-B2F9-D71B571C9E11/Juice.app/Grape-X64/runtime/lib/wine/i386-windows/shlwapi.dll machine=0000 status=00000000
[JuiceWine] host-page expanding executable section .text: section=0x7a261000 mapping=0x7a260000 size=114688
[JuiceWine] anonymous PE executable section .text at 0x7a260000 size=114688
[JuiceHybrid] map name=/private/var/containers/Bundle/Application/124F0A70-2EFF-40C7-B2F9-D71B571C9E11/Juice.app/Grape-X64/runtime/lib/wine/i386-windows/shlwapi.dll status=00000000 module=0x7a260000 size=a7000
[JuiceHybrid] open name=/private/var/containers/Bundle/Application/124F0A70-2EFF-40C7-B2F9-D71B571C9E11/Juice.app/Grape-X64/build/wine-ios/dlls/shcore/i386-windows/shcore.dll machine=0000 status=c0000135
[JuiceHybrid] open name=/private/var/containers/Bundle/Application/124F0A70-2EFF-40C7-B2F9-D71B571C9E11/Juice.app/Grape-X64/build/wine-ios/programs/shcore.dll/i386-windows/shcore.dll machine=0000 status=c0000135
[JuiceHybrid] open name=/private/var/containers/Bundle/Application/124F0A70-2EFF-40C7-B2F9-D71B571C9E11/Juice.app/Grape-X64/runtime/lib/wine/i386-windows/shcore.dll machine=0000 status=00000000
[JuiceWine] host-page expanding executable section .text: section=0x7a221000 mapping=0x7a220000 size=49152
[JuiceWine] anonymous PE executable section .text at 0x7a220000 size=49152
[JuiceHybrid] map name=/private/var/containers/Bundle/Application/124F0A70-2EFF-40C7-B2F9-D71B571C9E11/Juice.app/Grape-X64/runtime/lib/wine/i386-windows/shcore.dll status=00000000 module=0x7a220000 size=2f000
[JuiceHybrid] open name=/private/var/containers/Bundle/Application/124F0A70-2EFF-40C7-B2F9-D71B571C9E11/Juice.app/Grape-X64/build/wine-ios/dlls/ole32/i386-windows/ole32.dll machine=0000 status=c0000135
[JuiceHybrid] open name=/private/var/containers/Bundle/Application/124F0A70-2EFF-40C7-B2F9-D71B571C9E11/Juice.app/Grape-X64/build/wine-ios/programs/ole32.dll/i386-windows/ole32.dll machine=0000 status=c0000135
[JuiceHybrid] open name=/private/var/containers/Bundle/Application/124F0A70-2EFF-40C7-B2F9-D71B571C9E11/Juice.app/Grape-X64/runtime/lib/wine/i386-windows/ole32.dll machine=0000 status=00000000
[JuiceWine] host-page expanding executable section .text: section=0x79fd1000 mapping=0x79fd0000 size=311296
[JuiceWine] anonymous PE executable section .text at 0x79fd0000 size=311296
[JuiceHybrid] map name=/private/var/containers/Bundle/Application/124F0A70-2EFF-40C7-B2F9-D71B571C9E11/Juice.app/Grape-X64/runtime/lib/wine/i386-windows/ole32.dll status=00000000 module=0x79fd0000 size=235000
[JuiceHybrid] open name=/private/var/containers/Bundle/Application/124F0A70-2EFF-40C7-B2F9-D71B571C9E11/Juice.app/Grape-X64/build/wine-ios/dlls/combase/i386-windows/combase.dll machine=0000 status=c0000135
[JuiceHybrid] open name=/private/var/containers/Bundle/Application/124F0A70-2EFF-40C7-B2F9-D71B571C9E11/Juice.app/Grape-X64/build/wine-ios/programs/combase.dll/i386-windows/combase.dll machine=0000 status=c0000135
[JuiceHybrid] open name=/private/var/containers/Bundle/Application/124F0A70-2EFF-40C7-B2F9-D71B571C9E11/Juice.app/Grape-X64/runtime/lib/wine/i386-windows/combase.dll machine=0000 status=00000000
[JuiceWine] host-page expanding executable section .text: section=0x79ec1000 mapping=0x79ec0000 size=163840
[JuiceWine] anonymous PE executable section .text at 0x79ec0000 size=163840
[JuiceHybrid] map name=/private/var/containers/Bundle/Application/124F0A70-2EFF-40C7-B2F9-D71B571C9E11/Juice.app/Grape-X64/runtime/lib/wine/i386-windows/combase.dll status=00000000 module=0x79ec0000 size=f6000
[JuiceHybrid] open name=/private/var/containers/Bundle/Application/124F0A70-2EFF-40C7-B2F9-D71B571C9E11/Juice.app/Grape-X64/build/wine-ios/dlls/rpcrt4/i386-windows/rpcrt4.dll machine=0000 status=c0000135
[JuiceHybrid] open name=/private/var/containers/Bundle/Application/124F0A70-2EFF-40C7-B2F9-D71B571C9E11/Juice.app/Grape-X64/build/wine-ios/programs/rpcrt4.dll/i386-windows/rpcrt4.dll machine=0000 status=c0000135
[JuiceHybrid] open name=/private/var/containers/Bundle/Application/124F0A70-2EFF-40C7-B2F9-D71B571C9E11/Juice.app/Grape-X64/runtime/lib/wine/i386-windows/rpcrt4.dll machine=0000 status=00000000
[JuiceWine] host-page expanding executable section .text: section=0x79d31000 mapping=0x79d30000 size=294912
[JuiceWine] anonymous PE executable section .text at 0x79d30000 size=294912
[JuiceHybrid] map name=/private/var/containers/Bundle/Application/124F0A70-2EFF-40C7-B2F9-D71B571C9E11/Juice.app/Grape-X64/runtime/lib/wine/i386-windows/rpcrt4.dll status=00000000 module=0x79d30000 size=17b000
[JuiceHybrid] open name=/private/var/containers/Bundle/Application/124F0A70-2EFF-40C7-B2F9-D71B571C9E11/Juice.app/Grape-X64/build/wine-ios/dlls/cryptbase/i386-windows/cryptbase.dll machine=0000 status=c0000135
[JuiceHybrid] open name=/private/var/containers/Bundle/Application/124F0A70-2EFF-40C7-B2F9-D71B571C9E11/Juice.app/Grape-X64/build/wine-ios/programs/cryptbase.dll/i386-windows/cryptbase.dll machine=0000 status=c0000135
[JuiceHybrid] open name=/private/var/containers/Bundle/Application/124F0A70-2EFF-40C7-B2F9-D71B571C9E11/Juice.app/Grape-X64/runtime/lib/wine/i386-windows/cryptbase.dll machine=0000 status=00000000
[JuiceWine] host-page expanding executable section .text: section=0x79d01000 mapping=0x79d00000 size=16384
[JuiceWine] anonymous PE executable section .text at 0x79d00000 size=16384
[JuiceHybrid] map name=/private/var/containers/Bundle/Application/124F0A70-2EFF-40C7-B2F9-D71B571C9E11/Juice.app/Grape-X64/runtime/lib/wine/i386-windows/cryptbase.dll status=00000000 module=0x79d00000 size=18000
[JuiceHybrid] open name=/private/var/containers/Bundle/Application/124F0A70-2EFF-40C7-B2F9-D71B571C9E11/Juice.app/Grape-X64/build/wine-ios/dlls/coml2/i386-windows/coml2.dll machine=0000 status=c0000135
[JuiceHybrid] open name=/private/var/containers/Bundle/Application/124F0A70-2EFF-40C7-B2F9-D71B571C9E11/Juice.app/Grape-X64/build/wine-ios/programs/coml2.dll/i386-windows/coml2.dll machine=0000 status=c0000135
[JuiceHybrid] open name=/private/var/containers/Bundle/Application/124F0A70-2EFF-40C7-B2F9-D71B571C9E11/Juice.app/Grape-X64/runtime/lib/wine/i386-windows/coml2.dll machine=0000 status=00000000
[JuiceWine] host-page expanding executable section .text: section=0x79ca1000 mapping=0x79ca0000 size=16384
[JuiceWine] anonymous PE executable section .text at 0x79ca0000 size=16384
[JuiceHybrid] map name=/private/var/containers/Bundle/Application/124F0A70-2EFF-40C7-B2F9-D71B571C9E11/Juice.app/Grape-X64/runtime/lib/wine/i386-windows/coml2.dll status=00000000 module=0x79ca0000 size=43000
[JuiceHybrid] open name=/private/var/containers/Bundle/Application/124F0A70-2EFF-40C7-B2F9-D71B571C9E11/Juice.app/Grape-X64/build/wine-ios/dlls/oleaut32/i386-windows/oleaut32.dll machine=0000 status=c0000135
[JuiceHybrid] open name=/private/var/containers/Bundle/Application/124F0A70-2EFF-40C7-B2F9-D71B571C9E11/Juice.app/Grape-X64/build/wine-ios/programs/oleaut32.dll/i386-windows/oleaut32.dll machine=0000 status=c0000135
[JuiceHybrid] open name=/private/var/containers/Bundle/Application/124F0A70-2EFF-40C7-B2F9-D71B571C9E11/Juice.app/Grape-X64/runtime/lib/wine/i386-windows/oleaut32.dll machine=0000 status=00000000
[JuiceWine] host-page expanding executable section .text: section=0x79a91000 mapping=0x79a90000 size=344064
[JuiceWine] anonymous PE executable section .text at 0x79a90000 size=344064
[JuiceHybrid] map name=/private/var/containers/Bundle/Application/124F0A70-2EFF-40C7-B2F9-D71B571C9E11/Juice.app/Grape-X64/runtime/lib/wine/i386-windows/oleaut32.dll status=00000000 module=0x79a90000 size=1f8000
[JuiceHybrid] open name=/private/var/containers/Bundle/Application/124F0A70-2EFF-40C7-B2F9-D71B571C9E11/Juice.app/Grape-X64/build/wine-ios/dlls/comctl32/i386-windows/comctl32.dll machine=0000 status=c0000135
[JuiceHybrid] open name=/private/var/containers/Bundle/Application/124F0A70-2EFF-40C7-B2F9-D71B571C9E11/Juice.app/Grape-X64/build/wine-ios/programs/comctl32.dll/i386-windows/comctl32.dll machine=0000 status=c0000135
[JuiceHybrid] open name=/private/var/containers/Bundle/Application/124F0A70-2EFF-40C7-B2F9-D71B571C9E11/Juice.app/Grape-X64/runtime/lib/wine/i386-windows/comctl32.dll machine=0000 status=00000000
[JuiceWine] host-page expanding executable section .text: section=0x79811000 mapping=0x79810000 size=491520
[JuiceWine] anonymous PE executable section .text at 0x79810000 size=491520
[JuiceHybrid] map name=/private/var/containers/Bundle/Application/124F0A70-2EFF-40C7-B2F9-D71B571C9E11/Juice.app/Grape-X64/runtime/lib/wine/i386-windows/comctl32.dll status=00000000 module=0x79810000 size=267000
[JuiceHybrid] open name=/private/var/containers/Bundle/Application/124F0A70-2EFF-40C7-B2F9-D71B571C9E11/Juice.app/Grape-X64/build/wine-ios/dlls/psapi/i386-windows/psapi.dll machine=0000 status=c0000135
[JuiceHybrid] open name=/private/var/containers/Bundle/Application/124F0A70-2EFF-40C7-B2F9-D71B571C9E11/Juice.app/Grape-X64/build/wine-ios/programs/psapi.dll/i386-windows/psapi.dll machine=0000 status=c0000135
[JuiceHybrid] open name=/private/var/containers/Bundle/Application/124F0A70-2EFF-40C7-B2F9-D71B571C9E11/Juice.app/Grape-X64/runtime/lib/wine/i386-windows/psapi.dll machine=0000 status=00000000
[JuiceWine] host-page expanding executable section .text: section=0x797f1000 mapping=0x797f0000 size=16384
[JuiceWine] anonymous PE executable section .text at 0x797f0000 size=16384
[JuiceHybrid] map name=/private/var/containers/Bundle/Application/124F0A70-2EFF-40C7-B2F9-D71B571C9E11/Juice.app/Grape-X64/runtime/lib/wine/i386-windows/psapi.dll status=00000000 module=0x797f0000 size=c000
[JuiceHybrid] open name=/private/var/containers/Bundle/Application/124F0A70-2EFF-40C7-B2F9-D71B571C9E11/Juice.app/Grape-X64/build/wine-ios/dlls/version/i386-windows/version.dll machine=0000 status=c0000135
[JuiceHybrid] open name=/private/var/containers/Bundle/Application/124F0A70-2EFF-40C7-B2F9-D71B571C9E11/Juice.app/Grape-X64/build/wine-ios/programs/version.dll/i386-windows/version.dll machine=0000 status=c0000135
[JuiceHybrid] open name=/private/var/containers/Bundle/Application/124F0A70-2EFF-40C7-B2F9-D71B571C9E11/Juice.app/Grape-X64/runtime/lib/wine/i386-windows/version.dll machine=0000 status=00000000
[JuiceWine] host-page expanding executable section .text: section=0x797c1000 mapping=0x797c0000 size=16384
[JuiceWine] anonymous PE executable section .text at 0x797c0000 size=16384
[JuiceHybrid] map name=/private/var/containers/Bundle/Application/124F0A70-2EFF-40C7-B2F9-D71B571C9E11/Juice.app/Grape-X64/runtime/lib/wine/i386-windows/version.dll status=00000000 module=0x797c0000 size=12000
[JuiceHybrid] open name=/private/var/containers/Bundle/Application/124F0A70-2EFF-40C7-B2F9-D71B571C9E11/Juice.app/Grape-X64/build/wine-ios/dlls/crypt32/i386-windows/crypt32.dll machine=0000 status=c0000135
[JuiceHybrid] open name=/private/var/containers/Bundle/Application/124F0A70-2EFF-40C7-B2F9-D71B571C9E11/Juice.app/Grape-X64/build/wine-ios/programs/crypt32.dll/i386-windows/crypt32.dll machine=0000 status=c0000135
[JuiceHybrid] open name=/private/var/containers/Bundle/Application/124F0A70-2EFF-40C7-B2F9-D71B571C9E11/Juice.app/Grape-X64/runtime/lib/wine/i386-windows/crypt32.dll machine=0000 status=00000000
[JuiceWine] host-page expanding executable section .text: section=0x795c1000 mapping=0x795c0000 size=360448
[JuiceWine] anonymous PE executable section .text at 0x795c0000 size=360448
[JuiceHybrid] map name=/private/var/containers/Bundle/Application/124F0A70-2EFF-40C7-B2F9-D71B571C9E11/Juice.app/Grape-X64/runtime/lib/wine/i386-windows/crypt32.dll status=00000000 module=0x795c0000 size=1ef000
[JuiceHybrid] open name=/private/var/containers/Bundle/Application/124F0A70-2EFF-40C7-B2F9-D71B571C9E11/Juice.app/Grape-X64/build/wine-ios/dlls/bcrypt/i386-windows/bcrypt.dll machine=0000 status=c0000135
[JuiceHybrid] open name=/private/var/containers/Bundle/Application/124F0A70-2EFF-40C7-B2F9-D71B571C9E11/Juice.app/Grape-X64/build/wine-ios/programs/bcrypt.dll/i386-windows/bcrypt.dll machine=0000 status=c0000135
[JuiceHybrid] open name=/private/var/containers/Bundle/Application/124F0A70-2EFF-40C7-B2F9-D71B571C9E11/Juice.app/Grape-X64/runtime/lib/wine/i386-windows/bcrypt.dll machine=0000 status=00000000
[JuiceWine] host-page expanding executable section .text: section=0x79461000 mapping=0x79460000 size=278528
[JuiceWine] anonymous PE executable section .text at 0x79460000 size=278528
[JuiceHybrid] map name=/private/var/containers/Bundle/Application/124F0A70-2EFF-40C7-B2F9-D71B571C9E11/Juice.app/Grape-X64/runtime/lib/wine/i386-windows/bcrypt.dll status=00000000 module=0x79460000 size=14d000
[JuiceHybrid] open name=/private/var/containers/Bundle/Application/124F0A70-2EFF-40C7-B2F9-D71B571C9E11/Juice.app/Grape-X64/build/wine-ios/dlls/ncrypt/i386-windows/ncrypt.dll machine=0000 status=c0000135
[JuiceHybrid] open name=/private/var/containers/Bundle/Application/124F0A70-2EFF-40C7-B2F9-D71B571C9E11/Juice.app/Grape-X64/build/wine-ios/programs/ncrypt.dll/i386-windows/ncrypt.dll machine=0000 status=c0000135
[JuiceHybrid] open name=/private/var/containers/Bundle/Application/124F0A70-2EFF-40C7-B2F9-D71B571C9E11/Juice.app/Grape-X64/runtime/lib/wine/i386-windows/ncrypt.dll machine=0000 status=00000000
[JuiceWine] host-page expanding executable section .text: section=0x79431000 mapping=0x79430000 size=32768
[JuiceWine] anonymous PE executable section .text at 0x79430000 size=32768
[JuiceHybrid] map name=/private/var/containers/Bundle/Application/124F0A70-2EFF-40C7-B2F9-D71B571C9E11/Juice.app/Grape-X64/runtime/lib/wine/i386-windows/ncrypt.dll status=00000000 module=0x79430000 size=1a000
[JuiceHybrid] open name=/private/var/containers/Bundle/Application/124F0A70-2EFF-40C7-B2F9-D71B571C9E11/Juice.app/Grape-X64/build/wine-ios/dlls/ws2_32/i386-windows/ws2_32.dll machine=0000 status=c0000135
[JuiceHybrid] open name=/private/var/containers/Bundle/Application/124F0A70-2EFF-40C7-B2F9-D71B571C9E11/Juice.app/Grape-X64/build/wine-ios/programs/ws2_32.dll/i386-windows/ws2_32.dll machine=0000 status=c0000135
[JuiceHybrid] open name=/private/var/containers/Bundle/Application/124F0A70-2EFF-40C7-B2F9-D71B571C9E11/Juice.app/Grape-X64/runtime/lib/wine/i386-windows/ws2_32.dll machine=0000 status=00000000
[JuiceWine] host-page expanding executable section .text: section=0x793b1000 mapping=0x793b0000 size=81920
[JuiceWine] anonymous PE executable section .text at 0x793b0000 size=81920
[JuiceHybrid] map name=/private/var/containers/Bundle/Application/124F0A70-2EFF-40C7-B2F9-D71B571C9E11/Juice.app/Grape-X64/runtime/lib/wine/i386-windows/ws2_32.dll status=00000000 module=0x793b0000 size=63000
[JuiceHybrid] open name=/private/var/containers/Bundle/Application/124F0A70-2EFF-40C7-B2F9-D71B571C9E11/Juice.app/Grape-X64/build/wine-ios/dlls/wsock32/i386-windows/wsock32.dll machine=0000 status=c0000135
[JuiceHybrid] open name=/private/var/containers/Bundle/Application/124F0A70-2EFF-40C7-B2F9-D71B571C9E11/Juice.app/Grape-X64/build/wine-ios/programs/wsock32.dll/i386-windows/wsock32.dll machine=0000 status=c0000135
[JuiceHybrid] open name=/private/var/containers/Bundle/Application/124F0A70-2EFF-40C7-B2F9-D71B571C9E11/Juice.app/Grape-X64/runtime/lib/wine/i386-windows/wsock32.dll machine=0000 status=00000000
[JuiceWine] host-page expanding executable section .text: section=0x79381000 mapping=0x79380000 size=16384
[JuiceWine] anonymous PE executable section .text at 0x79380000 size=16384
[JuiceHybrid] map name=/private/var/containers/Bundle/Application/124F0A70-2EFF-40C7-B2F9-D71B571C9E11/Juice.app/Grape-X64/runtime/lib/wine/i386-windows/wsock32.dll status=00000000 module=0x79380000 size=1b000
[JuiceHybrid] open name=/private/var/containers/Bundle/Application/124F0A70-2EFF-40C7-B2F9-D71B571C9E11/Juice.app/Grape-X64/build/wine-ios/dlls/iphlpapi/i386-windows/iphlpapi.dll machine=0000 status=c0000135
[JuiceHybrid] open name=/private/var/containers/Bundle/Application/124F0A70-2EFF-40C7-B2F9-D71B571C9E11/Juice.app/Grape-X64/build/wine-ios/programs/iphlpapi.dll/i386-windows/iphlpapi.dll machine=0000 status=c0000135
[JuiceHybrid] open name=/private/var/containers/Bundle/Application/124F0A70-2EFF-40C7-B2F9-D71B571C9E11/Juice.app/Grape-X64/runtime/lib/wine/i386-windows/iphlpapi.dll machine=0000 status=00000000
[JuiceWine] host-page expanding executable section .text: section=0x792f1000 mapping=0x792f0000 size=65536
[JuiceWine] anonymous PE executable section .text at 0x792f0000 size=65536
[JuiceHybrid] map name=/private/var/containers/Bundle/Application/124F0A70-2EFF-40C7-B2F9-D71B571C9E11/Juice.app/Grape-X64/runtime/lib/wine/i386-windows/iphlpapi.dll status=00000000 module=0x792f0000 size=71000
[JuiceHybrid] open name=/private/var/containers/Bundle/Application/124F0A70-2EFF-40C7-B2F9-D71B571C9E11/Juice.app/Grape-X64/build/wine-ios/dlls/dnsapi/i386-windows/dnsapi.dll machine=0000 status=c0000135
[JuiceHybrid] open name=/private/var/containers/Bundle/Application/124F0A70-2EFF-40C7-B2F9-D71B571C9E11/Juice.app/Grape-X64/build/wine-ios/programs/dnsapi.dll/i386-windows/dnsapi.dll machine=0000 status=c0000135
[JuiceHybrid] open name=/private/var/containers/Bundle/Application/124F0A70-2EFF-40C7-B2F9-D71B571C9E11/Juice.app/Grape-X64/runtime/lib/wine/i386-windows/dnsapi.dll machine=0000 status=00000000
[JuiceWine] host-page expanding executable section .text: section=0x792a1000 mapping=0x792a0000 size=49152
[JuiceWine] anonymous PE executable section .text at 0x792a0000 size=49152
[JuiceHybrid] map name=/private/var/containers/Bundle/Application/124F0A70-2EFF-40C7-B2F9-D71B571C9E11/Juice.app/Grape-X64/runtime/lib/wine/i386-windows/dnsapi.dll status=00000000 module=0x792a0000 size=31000
[JuiceHybrid] open name=/private/var/containers/Bundle/Application/124F0A70-2EFF-40C7-B2F9-D71B571C9E11/Juice.app/Grape-X64/build/wine-ios/dlls/nsi/i386-windows/nsi.dll machine=0000 status=c0000135
[JuiceHybrid] open name=/private/var/containers/Bundle/Application/124F0A70-2EFF-40C7-B2F9-D71B571C9E11/Juice.app/Grape-X64/build/wine-ios/programs/nsi.dll/i386-windows/nsi.dll machine=0000 status=c0000135
[JuiceHybrid] open name=/private/var/containers/Bundle/Application/124F0A70-2EFF-40C7-B2F9-D71B571C9E11/Juice.app/Grape-X64/runtime/lib/wine/i386-windows/nsi.dll machine=0000 status=00000000
[JuiceWine] host-page expanding executable section .text: section=0x79271000 mapping=0x79270000 size=16384
[JuiceWine] anonymous PE executable section .text at 0x79270000 size=16384
[JuiceHybrid] map name=/private/var/containers/Bundle/Application/124F0A70-2EFF-40C7-B2F9-D71B571C9E11/Juice.app/Grape-X64/runtime/lib/wine/i386-windows/nsi.dll status=00000000 module=0x79270000 size=16000
[JuiceHybrid] open name=/private/var/containers/Bundle/Application/124F0A70-2EFF-40C7-B2F9-D71B571C9E11/Juice.app/Grape-X64/build/wine-ios/dlls/mswsock/i386-windows/mswsock.dll machine=0000 status=c0000135
[JuiceHybrid] open name=/private/var/containers/Bundle/Application/124F0A70-2EFF-40C7-B2F9-D71B571C9E11/Juice.app/Grape-X64/build/wine-ios/programs/mswsock.dll/i386-windows/mswsock.dll machine=0000 status=c0000135
[JuiceHybrid] open name=/private/var/containers/Bundle/Application/124F0A70-2EFF-40C7-B2F9-D71B571C9E11/Juice.app/Grape-X64/runtime/lib/wine/i386-windows/mswsock.dll machine=0000 status=00000000
[JuiceWine] host-page expanding executable section .text: section=0x79251000 mapping=0x79250000 size=16384
[JuiceWine] anonymous PE executable section .text at 0x79250000 size=16384
[JuiceHybrid] map name=/private/var/containers/Bundle/Application/124F0A70-2EFF-40C7-B2F9-D71B571C9E11/Juice.app/Grape-X64/runtime/lib/wine/i386-windows/mswsock.dll status=00000000 module=0x79250000 size=10000
[JuiceHybrid] open name=/private/var/containers/Bundle/Application/124F0A70-2EFF-40C7-B2F9-D71B571C9E11/Juice.app/Grape-X64/build/wine-ios/dlls/imm32/i386-windows/imm32.dll machine=0000 status=c0000135
[JuiceHybrid] open name=/private/var/containers/Bundle/Application/124F0A70-2EFF-40C7-B2F9-D71B571C9E11/Juice.app/Grape-X64/build/wine-ios/programs/imm32.dll/i386-windows/imm32.dll machine=0000 status=c0000135
[JuiceHybrid] open name=/private/var/containers/Bundle/Application/124F0A70-2EFF-40C7-B2F9-D71B571C9E11/Juice.app/Grape-X64/runtime/lib/wine/i386-windows/imm32.dll machine=0000 status=00000000
[JuiceWine] host-page expanding executable section .text: section=0x791f1000 mapping=0x791f0000 size=65536
[JuiceWine] anonymous PE executable section .text at 0x791f0000 size=65536
[JuiceHybrid] map name=/private/var/containers/Bundle/Application/124F0A70-2EFF-40C7-B2F9-D71B571C9E11/Juice.app/Grape-X64/runtime/lib/wine/i386-windows/imm32.dll status=00000000 module=0x791f0000 size=4d000
[JuiceWine] redirected KUSER_SHARED_DATA fault addr=0x7ffe03d8 pc=0x2cd4f0044 to 0x17ffe0000
[JuiceWine] redirected KUSER_SHARED_DATA fault addr=0x7ffe03dc pc=0x2cd4f0060 to 0x17ffe0000
[JuiceWine parent] bundle libraries path=/private/var/containers/Bundle/Application/124F0A70-2EFF-40C7-B2F9-D71B571C9E11/Juice.app/Libraries:/private/var/containers/Bundle/Application/124F0A70-2EFF-40C7-B2F9-D71B571C9E11/Juice.app/Libraries:/var/jb/usr/lib
[JuiceWine parent] launching /private/var/containers/Bundle/Application/124F0A70-2EFF-40C7-B2F9-D71B571C9E11/Juice.app/Grape-X64/build/wine-ios/loader/wine
[JuiceWine parent] child PID=44803
[JuiceWine] iOS low-VA release start=0x10000 end=0x100000000 status=0 OK
JUICE_LOWVA_HOLELIST_OK old_reuse=0 new_reuse=1 allocator=entry-list
JUICE_LOWVA_HELPER_BEGIN path=/private/var/containers/Bundle/Application/124F0A70-2EFF-40C7-B2F9-D71B571C9E11/Juice.app/Grape-X64/tools/juice-lowva-helper target_pid=44803 root_persona=1
JUICE_LOWVA_KERNEL_MIN_OK pid=44803 task=0xffffffdff294dc70 map=0xffffffdc0a91e980 old=0x100e54000 new=0x10000 max=0x2d8000000 already=0
JUICE_LOWVA_ATOMIC_RESERVE_OK start=0x10000 end=0x80000000 size=0x7fff0000
JUICE_LOWVA_WIN32_2G_RESERVE_OK start=0x10000 end=0x80000000
JUICE_LOWVA_HELPER_OK target_pid=44803
JUICE_LOWVA_KERNEL_PROBE_OK address=0x20000 size=0x4000
JUICE_LOWVA_READY target_pid=44803
[JuiceLowVA] MAP_FIXED enabled start=0x10000 size=0x67ff0000 prot=0 failures=0
[JuiceWine] PT_TRACE_ME succeeded; csflags=0x32007005 CS_DEBUGGED=YES
[JuiceWine] requesting controlled tracer detach
[JuiceWine parent] child stopped pid=44803 signal=17 (Suspended (signal): 17)
[JuiceWine parent] PT_DETACH pid=44803 result=0
[JuiceWine parent] child now running untraced
[JuiceWine] resumed after tracer detach; csflags=0x32007005 CS_DEBUGGED=YES
[JuiceHybrid] open name=/private/var/containers/Bundle/Application/124F0A70-2EFF-40C7-B2F9-D71B571C9E11/Juice.app/Grape-X64/build/wine-ios/dlls/explorer.exe/aarch64-windows/explorer.exe machine=aa64 status=c0000135
[JuiceHybrid] open name=/private/var/containers/Bundle/Application/124F0A70-2EFF-40C7-B2F9-D71B571C9E11/Juice.app/Grape-X64/build/wine-ios/programs/explorer/aarch64-windows/explorer.exe machine=aa64 status=c0000135
[JuiceHybrid] open name=/private/var/containers/Bundle/Application/124F0A70-2EFF-40C7-B2F9-D71B571C9E11/Juice.app/Grape-X64/runtime/lib/wine/aarch64-windows/explorer.exe machine=aa64 status=00000000
[JuiceWine] anonymous PE executable section .text at 0x140010000 size=65536
[JuiceHybrid] map name=/private/var/containers/Bundle/Application/124F0A70-2EFF-40C7-B2F9-D71B571C9E11/Juice.app/Grape-X64/runtime/lib/wine/aarch64-windows/explorer.exe status=00000000 module=0x140000000 size=110000
[JuiceStage] loading Windows ntdll; transfer=0x14001d65c teb=0x7ffe8000 peb=0x7ffec000
[JuiceHybrid] open name=/private/var/containers/Bundle/Application/124F0A70-2EFF-40C7-B2F9-D71B571C9E11/Juice.app/Grape-X64/build/wine-ios/dlls/ntdll/aarch64-windows/ntdll.dll machine=aa64 status=00000000
[JuiceWine] anonymous PE executable section .text at 0x2d7970000 size=983040
[JuiceWine] anonymous PE executable section .hexpthk at 0x2d7a60000 size=65536
[JuiceHybrid] map name=/private/var/containers/Bundle/Application/124F0A70-2EFF-40C7-B2F9-D71B571C9E11/Juice.app/Grape-X64/build/wine-ios/dlls/ntdll/aarch64-windows/ntdll.dll status=40000003 module=0x2d7960000 size=6a0000
[JuiceStage] load_ntdll returned; transfer=0x14001d65c
[JuiceStage] load_wow64_ntdll returned
[JuiceStage] calling load_apiset_dll
[JuiceStage] load_apiset_dll returned; stack_base=0x120000 stack_limit=0x28000
[JuiceStage] calling server_init_process_done
[JuiceStage] server_init_process_done entered
[JuiceStage] calling signal_init_process; teb=0x7ffe8000
[JuiceStage] signal_init_process returned
[JuiceStage] init_teb_data returned; syscall_frame=0x10010fcd0 stack_base=0x120000 stack_limit=0x28000
[JuiceStage] init_process_done server call returned; status=00000000 suspend=1 transfer=0x14001d65c teb=0x7ffe8000 peb=0x7ffec000
[JuiceStage] calling signal_start_thread
[JuiceStage] init_syscall_frame entered; entry=0x14001d65c arg=0x7ffec000 teb=0x7ffe8000 data=0x100000000 frame=0x10010fcd0 stack_base=0x120000 stack_limit=0x28000
[JuiceStage] calling signal_set_full_context; ctx=0x11fc70 target_pc=0x2d79c9650 target_sp=0x120000 target_x18=0x7ffe8000 LdrInitializeThunk=0x2d79c9670 RtlUserThreadStart=0x2d79c9650
[JuiceStage] signal_set_full_context returned; status=00000000 frame_pc=0x2d79c9650 frame_sp=0x120000 frame_x18=0x7ffe8000 restore=00400007
[JuiceStage] init_syscall_frame complete; dispatcher_pc=0x2d79c9670 user_sp=0x11fc70 x16=0x2d79c9670 x17=0x11fc70 x18=0x7ffe8000 restore=00400007
[JuiceX18] broad #1 pc=0x2d79a5920 fault=0x30 instr=f9401a48 x8=0x0 x16=0x2d79c9670 x17=0x11fc70 x18=0x0 teb=0x7ffe8000
[JuiceX18] broad #2 pc=0x2d79ce748 fault=0x30 instr=f9401a48 x8=0x0 x16=0x2d79a5920 x17=0x11fc70 x18=0x0 teb=0x7ffe8000
[JuiceX18] broad #3 pc=0x2d79d0344 fault=0x30 instr=f9401a59 x8=0x11fa50 x16=0x2d79ce748 x17=0x11fc70 x18=0x0 teb=0x7ffe8000
[JuiceX18] broad #4 pc=0x2d79d037c fault=0x30 instr=f9401a4a x8=0x11fa50 x16=0x2d79d0344 x17=0x11fc70 x18=0x0 teb=0x7ffe8000
[JuiceX18] broad #5 pc=0x10132d864 fault=0x378 instr=f941be4a x8=0x18 x16=0x10132d860 x17=0x11fc70 x18=0x0 teb=0x7ffe8000
[JuiceX18] broad #6 pc=0x2d79d0e88 fault=0x30 instr=f9401a48 x8=0x0 x16=0x2d79c7554 x17=0x11fa40 x18=0x0 teb=0x7ffe8000
[JuiceX18] broad #7 pc=0x10132d864 fault=0x378 instr=f941be4a x8=0x18 x16=0x10132d860 x17=0x11fc70 x18=0x0 teb=0x7ffe8000
[JuiceX18] broad #8 pc=0x2d79d0344 fault=0x30 instr=f9401a59 x8=0x11faa0 x16=0x2d79c7554 x17=0x11fa70 x18=0x0 teb=0x7ffe8000
[JuiceX18] broad #9 pc=0x2d799894c fault=0x30 instr=f9401a48 x8=0x0 x16=0x2d79d0344 x17=0x11fc70 x18=0x0 teb=0x7ffe8000
[JuiceX18] broad #10 pc=0x2d79d02b4 fault=0x30 instr=f9401a54 x8=0x11f3ce x16=0x5c5c x17=0x11f3cd x18=0x0 teb=0x7ffe8000
[JuiceX18] broad #11 pc=0x2d79972ec fault=0x30 instr=f9401a48 x8=0x0 x16=0x2d79d02b4 x17=0x11fc70 x18=0x0 teb=0x7ffe8000
[JuiceX18] broad #12 pc=0x2d79c0744 fault=0x30 instr=f9401a48 x8=0x0 x16=0x2d79c7b74 x17=0x11f7b0 x18=0x0 teb=0x7ffe8000
[JuiceX18] broad #13 pc=0x2d7997bac fault=0x30 instr=f9401a48 x8=0x0 x16=0x5c5c x17=0x11f6ac x18=0x0 teb=0x7ffe8000
[JuiceX18] broad #14 pc=0x2d79d0344 fault=0x30 instr=f9401a59 x8=0x11f6d0 x16=0x2d79c7914 x17=0x11f750 x18=0x0 teb=0x7ffe8000
[JuiceX18] broad #15 pc=0x10132d864 fault=0x378 instr=f941be4a x8=0x17 x16=0x10132d860 x17=0x11f750 x18=0x0 teb=0x7ffe8000
[JuiceX18] broad #16 pc=0x2d79d0344 fault=0x30 instr=f9401a59 x8=0x11f930 x16=0x2d79c7574 x17=0x11fae0 x18=0x0 teb=0x7ffe8000
[JuiceX18] broad #17 pc=0x2d79d02b4 fault=0x30 instr=f9401a54 x8=0x11f8f0 x16=0x5c5c x17=0x11f8ef x18=0x0 teb=0x7ffe8000
[JuiceX18] broad #18 pc=0x2d79d02b4 fault=0x30 instr=f9401a54 x8=0x11f683 x16=0x5c5c x17=0x11f682 x18=0x0 teb=0x7ffe8000
[JuiceX18] broad #19 pc=0x2d79d0344 fault=0x30 instr=f9401a59 x8=0x11f7a0 x16=0x2d79d02b4 x17=0x11fc70 x18=0x0 teb=0x7ffe8000
[JuiceHybrid] open name=/private/var/containers/Bundle/Application/124F0A70-2EFF-40C7-B2F9-D71B571C9E11/Juice.app/Grape-X64/build/wine-ios/dlls/kernel32/aarch64-windows/kernel32.dll machine=0000 status=c0000135
[JuiceHybrid] open name=/private/var/containers/Bundle/Application/124F0A70-2EFF-40C7-B2F9-D71B571C9E11/Juice.app/Grape-X64/build/wine-ios/programs/kernel32.dll/aarch64-windows/kernel32.dll machine=0000 status=c0000135
[JuiceHybrid] open name=/private/var/containers/Bundle/Application/124F0A70-2EFF-40C7-B2F9-D71B571C9E11/Juice.app/Grape-X64/runtime/lib/wine/aarch64-windows/kernel32.dll machine=0000 status=00000000
[JuiceWine] anonymous PE executable section .text at 0x2d7630000 size=393216
[JuiceWine] anonymous PE executable section .hexpthk at 0x2d7690000 size=65536
[JuiceHybrid] map name=/private/var/containers/Bundle/Application/124F0A70-2EFF-40C7-B2F9-D71B571C9E11/Juice.app/Grape-X64/runtime/lib/wine/aarch64-windows/kernel32.dll status=40000003 module=0x2d7620000 size=340000
[JuiceX18] broad #20 pc=0x10132d864 fault=0x378 instr=f941be4a x8=0x50 x16=0x10132d860 x17=0x11f890 x18=0x0 teb=0x7ffe8000
[JuiceX18] broad #21 pc=0x2d79d02b4 fault=0x30 instr=f9401a54 x8=0x5 x16=0x2d79c7c54 x17=0x11f890 x18=0x0 teb=0x7ffe8000
[JuiceX18] broad #22 pc=0x2d79a86c8 fault=0x30 instr=f9401a48 x8=0x0 x16=0x2d79d02b4 x17=0x11fc70 x18=0x0 teb=0x7ffe8000
[JuiceHybrid] open name=/private/var/containers/Bundle/Application/124F0A70-2EFF-40C7-B2F9-D71B571C9E11/Juice.app/Grape-X64/build/wine-ios/dlls/kernelbase/aarch64-windows/kernelbase.dll machine=0000 status=c0000135
[JuiceHybrid] open name=/private/var/containers/Bundle/Application/124F0A70-2EFF-40C7-B2F9-D71B571C9E11/Juice.app/Grape-X64/build/wine-ios/programs/kernelbase.dll/aarch64-windows/kernelbase.dll machine=0000 status=c0000135
[JuiceHybrid] open name=/private/var/containers/Bundle/Application/124F0A70-2EFF-40C7-B2F9-D71B571C9E11/Juice.app/Grape-X64/runtime/lib/wine/aarch64-windows/kernelbase.dll machine=0000 status=00000000
[JuiceWine] anonymous PE executable section .text at 0x2d6ee0000 size=1048576
[JuiceWine] anonymous PE executable section .hexpthk at 0x2d6fe0000 size=65536
[JuiceHybrid] map name=/private/var/containers/Bundle/Application/124F0A70-2EFF-40C7-B2F9-D71B571C9E11/Juice.app/Grape-X64/runtime/lib/wine/aarch64-windows/kernelbase.dll status=40000003 module=0x2d6ed0000 size=750000
[JuiceX18] broad #23 pc=0x10132d864 fault=0x378 instr=f941be4a x8=0x50 x16=0x10132d860 x17=0x11f2e0 x18=0x0 teb=0x7ffe8000
[JuiceX18] broad #24 pc=0x2d79a86c8 fault=0x30 instr=f9401a48 x8=0x0 x16=0x2d79c7c54 x17=0x11f2e0 x18=0x0 teb=0x7ffe8000
[JuiceX18] broad #25 pc=0x2d79d0344 fault=0x30 instr=f9401a59 x8=0x11ef60 x16=0x2d79c7c54 x17=0x11ef80 x18=0x0 teb=0x7ffe8000
[JuiceX18] broad #26 pc=0x10132d864 fault=0x378 instr=f941be4a x8=0x50 x16=0x10132d860 x17=0x11fc70 x18=0x0 teb=0x7ffe8000
[JuiceX18] broad #27 pc=0x2d79a86c8 fault=0x30 instr=f9401a48 x8=0x0 x16=0x2d79c7c54 x17=0x11f530 x18=0x0 teb=0x7ffe8000
[JuiceX18] broad #28 pc=0x2d79a86c8 fault=0x30 instr=f9401a48 x8=0x0 x16=0x2d79a86c8 x17=0x11fc70 x18=0x0 teb=0x7ffe8000
[JuiceX18] broad #29 pc=0x10132d864 fault=0x378 instr=f941be4a x8=0x50 x16=0x10132d860 x17=0x11f530 x18=0x0 teb=0x7ffe8000
[JuiceX18] broad #30 pc=0x2d79ce6e4 fault=0x30 instr=f9401a49 x8=0x2c x16=0x2d79c7434 x17=0x11f960 x18=0x0 teb=0x7ffe8000
[JuiceX18] broad #31 pc=0x2d79a86c8 fault=0x30 instr=f9401a48 x8=0x0 x16=0x2d79ce6e4 x17=0x11fc70 x18=0x0 teb=0x7ffe8000
[JuiceX18] broad #32 pc=0x2d79a1800 fault=0x30 instr=f9401a48 x8=0x0 x16=0x2d79a86c8 x17=0x11fc70 x18=0x0 teb=0x7ffe8000
[JuiceHybrid] open name=/private/var/containers/Bundle/Application/124F0A70-2EFF-40C7-B2F9-D71B571C9E11/Juice.app/Grape-X64/build/wine-ios/dlls/rpcrt4/aarch64-windows/rpcrt4.dll machine=0000 status=c0000135
[JuiceHybrid] open name=/private/var/containers/Bundle/Application/124F0A70-2EFF-40C7-B2F9-D71B571C9E11/Juice.app/Grape-X64/build/wine-ios/programs/rpcrt4.dll/aarch64-windows/rpcrt4.dll machine=0000 status=c0000135
[JuiceHybrid] open name=/private/var/containers/Bundle/Application/124F0A70-2EFF-40C7-B2F9-D71B571C9E11/Juice.app/Grape-X64/runtime/lib/wine/aarch64-windows/rpcrt4.dll machine=0000 status=00000000
[JuiceWine] anonymous PE executable section .text at 0x2d6a80000 size=655360
[JuiceWine] anonymous PE executable section .hexpthk at 0x2d6b20000 size=65536
[JuiceHybrid] map name=/private/var/containers/Bundle/Application/124F0A70-2EFF-40C7-B2F9-D71B571C9E11/Juice.app/Grape-X64/runtime/lib/wine/aarch64-windows/rpcrt4.dll status=40000003 module=0x2d6a70000 size=460000
[JuiceHybrid] open name=/private/var/containers/Bundle/Application/124F0A70-2EFF-40C7-B2F9-D71B571C9E11/Juice.app/Grape-X64/build/wine-ios/dlls/advapi32/aarch64-windows/advapi32.dll machine=0000 status=c0000135
[JuiceHybrid] open name=/private/var/containers/Bundle/Application/124F0A70-2EFF-40C7-B2F9-D71B571C9E11/Juice.app/Grape-X64/build/wine-ios/programs/advapi32.dll/aarch64-windows/advapi32.dll machine=0000 status=c0000135
[JuiceHybrid] open name=/private/var/containers/Bundle/Application/124F0A70-2EFF-40C7-B2F9-D71B571C9E11/Juice.app/Grape-X64/runtime/lib/wine/aarch64-windows/advapi32.dll machine=0000 status=00000000
[JuiceWine] anonymous PE executable section .text at 0x2d6820000 size=327680
[JuiceWine] anonymous PE executable section .hexpthk at 0x2d6870000 size=65536
[JuiceHybrid] map name=/private/var/containers/Bundle/Application/124F0A70-2EFF-40C7-B2F9-D71B571C9E11/Juice.app/Grape-X64/runtime/lib/wine/aarch64-windows/advapi32.dll status=40000003 module=0x2d6810000 size=260000
[JuiceHybrid] open name=/private/var/containers/Bundle/Application/124F0A70-2EFF-40C7-B2F9-D71B571C9E11/Juice.app/Grape-X64/build/wine-ios/dlls/sechost/aarch64-windows/sechost.dll machine=0000 status=c0000135
[JuiceHybrid] open name=/private/var/containers/Bundle/Application/124F0A70-2EFF-40C7-B2F9-D71B571C9E11/Juice.app/Grape-X64/build/wine-ios/programs/sechost.dll/aarch64-windows/sechost.dll machine=0000 status=c0000135
[JuiceHybrid] open name=/private/var/containers/Bundle/Application/124F0A70-2EFF-40C7-B2F9-D71B571C9E11/Juice.app/Grape-X64/runtime/lib/wine/aarch64-windows/sechost.dll machine=0000 status=00000000
[JuiceWine] anonymous PE executable section .text at 0x2d66d0000 size=131072
[JuiceWine] anonymous PE executable section .hexpthk at 0x2d66f0000 size=65536
[JuiceHybrid] map name=/private/var/containers/Bundle/Application/124F0A70-2EFF-40C7-B2F9-D71B571C9E11/Juice.app/Grape-X64/runtime/lib/wine/aarch64-windows/sechost.dll status=40000003 module=0x2d66c0000 size=150000
[JuiceHybrid] open name=/private/var/containers/Bundle/Application/124F0A70-2EFF-40C7-B2F9-D71B571C9E11/Juice.app/Grape-X64/build/wine-ios/dlls/ucrtbase/aarch64-windows/ucrtbase.dll machine=0000 status=c0000135
[JuiceHybrid] open name=/private/var/containers/Bundle/Application/124F0A70-2EFF-40C7-B2F9-D71B571C9E11/Juice.app/Grape-X64/build/wine-ios/programs/ucrtbase.dll/aarch64-windows/ucrtbase.dll machine=0000 status=c0000135
[JuiceHybrid] open name=/private/var/containers/Bundle/Application/124F0A70-2EFF-40C7-B2F9-D71B571C9E11/Juice.app/Grape-X64/runtime/lib/wine/aarch64-windows/ucrtbase.dll machine=0000 status=00000000
[JuiceWine] anonymous PE executable section .text at 0x2d6030000 size=1245184
[JuiceWine] anonymous PE executable section .hexpthk at 0x2d6160000 size=65536
[JuiceHybrid] map name=/private/var/containers/Bundle/Application/124F0A70-2EFF-40C7-B2F9-D71B571C9E11/Juice.app/Grape-X64/runtime/lib/wine/aarch64-windows/ucrtbase.dll status=40000003 module=0x2d6020000 size=6a0000
[JuiceHybrid] open name=/private/var/containers/Bundle/Application/124F0A70-2EFF-40C7-B2F9-D71B571C9E11/Juice.app/Grape-X64/build/wine-ios/dlls/msvcrt/aarch64-windows/msvcrt.dll machine=0000 status=c0000135
[JuiceHybrid] open name=/private/var/containers/Bundle/Application/124F0A70-2EFF-40C7-B2F9-D71B571C9E11/Juice.app/Grape-X64/build/wine-ios/programs/msvcrt.dll/aarch64-windows/msvcrt.dll machine=0000 status=c0000135
[JuiceHybrid] open name=/private/var/containers/Bundle/Application/124F0A70-2EFF-40C7-B2F9-D71B571C9E11/Juice.app/Grape-X64/runtime/lib/wine/aarch64-windows/msvcrt.dll machine=0000 status=00000000
[JuiceWine] anonymous PE executable section .text at 0x2d5a70000 size=983040
[JuiceWine] anonymous PE executable section .hexpthk at 0x2d5b60000 size=65536
[JuiceHybrid] map name=/private/var/containers/Bundle/Application/124F0A70-2EFF-40C7-B2F9-D71B571C9E11/Juice.app/Grape-X64/runtime/lib/wine/aarch64-windows/msvcrt.dll status=40000003 module=0x2d5a60000 size=5c0000
[JuiceHybrid] open name=/private/var/containers/Bundle/Application/124F0A70-2EFF-40C7-B2F9-D71B571C9E11/Juice.app/Grape-X64/build/wine-ios/dlls/cryptbase/aarch64-windows/cryptbase.dll machine=0000 status=c0000135
[JuiceHybrid] open name=/private/var/containers/Bundle/Application/124F0A70-2EFF-40C7-B2F9-D71B571C9E11/Juice.app/Grape-X64/build/wine-ios/programs/cryptbase.dll/aarch64-windows/cryptbase.dll machine=0000 status=c0000135
[JuiceHybrid] open name=/private/var/containers/Bundle/Application/124F0A70-2EFF-40C7-B2F9-D71B571C9E11/Juice.app/Grape-X64/runtime/lib/wine/aarch64-windows/cryptbase.dll machine=0000 status=00000000
[JuiceWine] anonymous PE executable section .text at 0x2d5990000 size=65536
[JuiceWine] anonymous PE executable section .hexpthk at 0x2d59a0000 size=65536
[JuiceHybrid] map name=/private/var/containers/Bundle/Application/124F0A70-2EFF-40C7-B2F9-D71B571C9E11/Juice.app/Grape-X64/runtime/lib/wine/aarch64-windows/cryptbase.dll status=40000003 module=0x2d5980000 size=e0000
[JuiceHybrid] open name=/private/var/containers/Bundle/Application/124F0A70-2EFF-40C7-B2F9-D71B571C9E11/Juice.app/Grape-X64/build/wine-ios/dlls/user32/aarch64-windows/user32.dll machine=0000 status=c0000135
[JuiceHybrid] open name=/private/var/containers/Bundle/Application/124F0A70-2EFF-40C7-B2F9-D71B571C9E11/Juice.app/Grape-X64/build/wine-ios/programs/user32.dll/aarch64-windows/user32.dll machine=0000 status=c0000135
[JuiceHybrid] open name=/private/var/containers/Bundle/Application/124F0A70-2EFF-40C7-B2F9-D71B571C9E11/Juice.app/Grape-X64/runtime/lib/wine/aarch64-windows/user32.dll machine=0000 status=00000000
[JuiceWine] anonymous PE executable section .text at 0x2d50a0000 size=1179648
[JuiceWine] anonymous PE executable section .hexpthk at 0x2d51c0000 size=65536
[JuiceHybrid] map name=/private/var/containers/Bundle/Application/124F0A70-2EFF-40C7-B2F9-D71B571C9E11/Juice.app/Grape-X64/runtime/lib/wine/aarch64-windows/user32.dll status=40000003 module=0x2d5090000 size=8f0000
[JuiceHybrid] open name=/private/var/containers/Bundle/Application/124F0A70-2EFF-40C7-B2F9-D71B571C9E11/Juice.app/Grape-X64/build/wine-ios/dlls/gdi32/aarch64-windows/gdi32.dll machine=0000 status=c0000135
[JuiceHybrid] open name=/private/var/containers/Bundle/Application/124F0A70-2EFF-40C7-B2F9-D71B571C9E11/Juice.app/Grape-X64/build/wine-ios/programs/gdi32.dll/aarch64-windows/gdi32.dll machine=0000 status=c0000135
[JuiceHybrid] open name=/private/var/containers/Bundle/Application/124F0A70-2EFF-40C7-B2F9-D71B571C9E11/Juice.app/Grape-X64/runtime/lib/wine/aarch64-windows/gdi32.dll machine=0000 status=00000000
[JuiceWine] anonymous PE executable section .text at 0x2d4c10000 size=655360
[JuiceWine] anonymous PE executable section .hexpthk at 0x2d4cb0000 size=65536
[JuiceHybrid] map name=/private/var/containers/Bundle/Application/124F0A70-2EFF-40C7-B2F9-D71B571C9E11/Juice.app/Grape-X64/runtime/lib/wine/aarch64-windows/gdi32.dll status=40000003 module=0x2d4c00000 size=490000
[JuiceHybrid] open name=/private/var/containers/Bundle/Application/124F0A70-2EFF-40C7-B2F9-D71B571C9E11/Juice.app/Grape-X64/build/wine-ios/dlls/win32u/aarch64-windows/win32u.dll machine=0000 status=c0000135
[JuiceHybrid] open name=/private/var/containers/Bundle/Application/124F0A70-2EFF-40C7-B2F9-D71B571C9E11/Juice.app/Grape-X64/build/wine-ios/programs/win32u.dll/aarch64-windows/win32u.dll machine=0000 status=c0000135
[JuiceHybrid] open name=/private/var/containers/Bundle/Application/124F0A70-2EFF-40C7-B2F9-D71B571C9E11/Juice.app/Grape-X64/runtime/lib/wine/aarch64-windows/win32u.dll machine=0000 status=00000000
[JuiceWine] anonymous PE executable section .text at 0x2d4ae0000 size=262144
[JuiceWine] anonymous PE executable section .hexpthk at 0x2d4b20000 size=65536
[JuiceHybrid] map name=/private/var/containers/Bundle/Application/124F0A70-2EFF-40C7-B2F9-D71B571C9E11/Juice.app/Grape-X64/runtime/lib/wine/aarch64-windows/win32u.dll status=40000003 module=0x2d4ad0000 size=130000
[JuiceHybrid] open name=/private/var/containers/Bundle/Application/124F0A70-2EFF-40C7-B2F9-D71B571C9E11/Juice.app/Grape-X64/build/wine-ios/dlls/imm32/aarch64-windows/imm32.dll machine=0000 status=c0000135
[JuiceHybrid] open name=/private/var/containers/Bundle/Application/124F0A70-2EFF-40C7-B2F9-D71B571C9E11/Juice.app/Grape-X64/build/wine-ios/programs/imm32.dll/aarch64-windows/imm32.dll machine=0000 status=c0000135
[JuiceHybrid] open name=/private/var/containers/Bundle/Application/124F0A70-2EFF-40C7-B2F9-D71B571C9E11/Juice.app/Grape-X64/runtime/lib/wine/aarch64-windows/imm32.dll machine=0000 status=00000000
[JuiceWine] anonymous PE executable section .text at 0x2d4970000 size=196608
[JuiceWine] anonymous PE executable section .hexpthk at 0x2d49a0000 size=65536
[JuiceHybrid] map name=/private/var/containers/Bundle/Application/124F0A70-2EFF-40C7-B2F9-D71B571C9E11/Juice.app/Grape-X64/runtime/lib/wine/aarch64-windows/imm32.dll status=40000003 module=0x2d4960000 size=170000
[JuiceHybrid] open name=/private/var/containers/Bundle/Application/124F0A70-2EFF-40C7-B2F9-D71B571C9E11/Juice.app/Grape-X64/build/wine-ios/dlls/wineios.drv/aarch64-windows/wineios.drv machine=0000 status=c0000135
[JuiceHybrid] open name=/private/var/containers/Bundle/Application/124F0A70-2EFF-40C7-B2F9-D71B571C9E11/Juice.app/Grape-X64/build/wine-ios/programs/wineios.drv/aarch64-windows/wineios.drv machine=0000 status=c0000135
[JuiceHybrid] open name=/private/var/containers/Bundle/Application/124F0A70-2EFF-40C7-B2F9-D71B571C9E11/Juice.app/Grape-X64/runtime/lib/wine/aarch64-windows/wineios.drv machine=0000 status=00000000
[JuiceWine] anonymous PE executable section .text at 0x2d4880000 size=65536
[JuiceWine] anonymous PE executable section .hexpthk at 0x2d4890000 size=65536
[JuiceHybrid] map name=/private/var/containers/Bundle/Application/124F0A70-2EFF-40C7-B2F9-D71B571C9E11/Juice.app/Grape-X64/runtime/lib/wine/aarch64-windows/wineios.drv status=40000003 module=0x2d4870000 size=f0000
DISPLAY_CLIENT_CONNECTED fd=11
[JuiceInput] display connected path=/var/mobile/Containers/Data/Application/2A4FE42F-DA40-4530-B5B1-96F7C5C63DEB/Documents/j.sock desktop=1024x768 dpi=96
DISPLAY_EVENT HELLO fd=11 pid=44803 desktop=1024x768 dpi=96
[JuiceInput] queue fd registered fd=18 tid=0x2c
[JuiceDriver] ios init set driver create=0x802c4e78 client_surface=0x802c59fc size=1216
[JuiceDriver] install prev=0x8113d3a8 lazy=0x8113d3a8 null=0x81169f10 candidate=0x102010000 create=0x802c4e78 installed=1
[JuiceCreate] ex=00000000 class=0x11ef10 version=0x0 name=0x11eef0 style=86000000 x=0 y=0 cx=0 cy=0 parent=0x0 menu=0x0 classinst=0x0 params=0x11f240 flags=00000000 inst=0x0 classptr=0x8001 ansi=0
JUICE_MOLTENVK_DRIVER_READY version=48 handle=0x1c71fe0
[mvk-info] MoltenVK version 1.4.2, supporting Vulkan version 1.4.357.
	The following 152 Vulkan extensions are supported:
	VK_KHR_16bit_storage v1
	VK_KHR_8bit_storage v1
	VK_KHR_bind_memory2 v1
	VK_KHR_buffer_device_address v1
	VK_KHR_calibrated_timestamps v1
	VK_KHR_copy_commands2 v1
	VK_KHR_create_renderpass2 v1
	VK_KHR_dedicated_allocation v3
	VK_KHR_deferred_host_operations v4
	VK_KHR_depth_stencil_resolve v1
	VK_KHR_descriptor_update_template v1
	VK_KHR_device_group v4
	VK_KHR_device_group_creation v1
	VK_KHR_driver_properties v1
	VK_KHR_dynamic_rendering v1
	VK_KHR_dynamic_rendering_local_read v1
	VK_KHR_external_fence v1
	VK_KHR_external_fence_capabilities v1
	VK_KHR_external_memory v1
	VK_KHR_external_memory_capabilities v1
	VK_KHR_external_semaphore v1
	VK_KHR_external_semaphore_capabilities v1
	VK_KHR_format_feature_flags2 v2
	VK_KHR_fragment_shader_barycentric v1
	VK_KHR_get_memory_requirements2 v1
	VK_KHR_get_physical_device_properties2 v2
	VK_KHR_get_surface_capabilities2 v1
	VK_KHR_global_priority v1
	VK_KHR_image_format_list v1
	VK_KHR_imageless_framebuffer v1
	VK_KHR_incremental_present v2
	VK_KHR_index_type_uint8 v1
	VK_KHR_line_rasterization v1
	VK_KHR_load_store_op_none v1
	VK_KHR_maintenance1 v2
	VK_KHR_maintenance2 v1
	VK_KHR_maintenance3 v1
	VK_KHR_maintenance4 v2
	VK_KHR_maintenance5 v1
	VK_KHR_maintenance6 v1
	VK_KHR_maintenance7 v1
	VK_KHR_maintenance8 v1
	VK_KHR_maintenance9 v1
	VK_KHR_map_memory2 v1
	VK_KHR_multiview v1
	VK_KHR_portability_subset v1
	VK_KHR_present_id v1
	VK_KHR_present_id2 v1
	VK_KHR_present_wait v1
	VK_KHR_present_wait2 v1
	VK_KHR_push_descriptor v2
	VK_KHR_relaxed_block_layout v1
	VK_KHR_robustness2 v1
	VK_KHR_sampler_mirror_clamp_to_edge v3
	VK_KHR_sampler_ycbcr_conversion v14
	VK_KHR_separate_depth_stencil_layouts v1
	VK_KHR_shader_draw_parameters v1
	VK_KHR_shader_expect_assume v1
	VK_KHR_shader_float_controls v4
	VK_KHR_shader_float_controls2 v1
	VK_KHR_shader_float16_int8 v1
	VK_KHR_shader_fma v1
	VK_KHR_shader_integer_dot_product v1
	VK_KHR_shader_maximal_reconvergence v1
	VK_KHR_shader_non_semantic_info v1
	VK_KHR_shader_quad_control v1
	VK_KHR_shader_relaxed_extended_instruction v1
	VK_KHR_shader_subgroup_extended_types v1
	VK_KHR_shader_subgroup_rotate v2
	VK_KHR_shader_subgroup_uniform_control_flow v1
	VK_KHR_shader_terminate_invocation v1
	VK_KHR_spirv_1_4 v1
	VK_KHR_storage_buffer_storage_class v1
	VK_KHR_surface v25
	VK_KHR_surface_maintenance1 v1
	VK_KHR_surface_protected_capabilities v1
	VK_KHR_swapchain v70
	VK_KHR_swapchain_maintenance1 v1
	VK_KHR_swapchain_mutable_format v1
	VK_KHR_synchronization2 v1
	VK_KHR_timeline_semaphore v2
	VK_KHR_uniform_buffer_standard_layout v1
	VK_KHR_variable_pointers v1
	VK_KHR_vertex_attribute_divisor v1
	VK_KHR_vulkan_memory_model v3
	VK_KHR_zero_initialize_workgroup_memory v1
	VK_EXT_4444_formats v1
	VK_EXT_buffer_device_address v2
	VK_EXT_calibrated_timestamps v2
	VK_EXT_debug_marker v4
	VK_EXT_debug_report v10
	VK_EXT_debug_utils v2
	VK_EXT_depth_clip_control v1
	VK_EXT_descriptor_indexing v2
	VK_EXT_extended_dynamic_state v1
	VK_EXT_extended_dynamic_state2 v1
	VK_EXT_extended_dynamic_state3 v2
	VK_EXT_external_memory_host v1
	VK_EXT_external_memory_metal v1
	VK_EXT_fragment_shader_interlock v1
	VK_EXT_global_priority v2
	VK_EXT_global_priority_query v1
	VK_EXT_headless_surface v1
	VK_EXT_host_image_copy v1
	VK_EXT_host_query_reset v1
	VK_EXT_image_2d_view_of_3d v1
	VK_EXT_image_robustness v1
	VK_EXT_index_type_uint8 v1
	VK_EXT_inline_uniform_block v1
	VK_EXT_layer_settings v2
	VK_EXT_legacy_dithering v2
	VK_EXT_line_rasterization v1
	VK_EXT_load_store_op_none v1
	VK_EXT_memory_budget v1
	VK_EXT_metal_objects v2
	VK_EXT_metal_surface v1
	VK_EXT_non_seamless_cube_map v1
	VK_EXT_pipeline_creation_cache_control v3
	VK_EXT_pipeline_creation_feedback v1
	VK_EXT_pipeline_robustness v1
	VK_EXT_post_depth_coverage v1
	VK_EXT_primitive_topology_list_restart v1
	VK_EXT_private_data v1
	VK_EXT_provoking_vertex v1
	VK_EXT_robustness2 v1
	VK_EXT_sample_locations v1
	VK_EXT_scalar_block_layout v1
	VK_EXT_separate_stencil_usage v1
	VK_EXT_shader_atomic_float v1
	VK_EXT_shader_demote_to_helper_invocation v1
	VK_EXT_shader_stencil_export v1
	VK_EXT_shader_subgroup_ballot v1
	VK_EXT_shader_subgroup_vote v1
	VK_EXT_shader_viewport_index_layer v1
	VK_EXT_subgroup_size_control v2
	VK_EXT_surface_maintenance1 v1
	VK_EXT_swapchain_colorspace v5
	VK_EXT_swapchain_maintenance1 v1
	VK_EXT_texel_buffer_alignment v1
	VK_EXT_texture_compression_astc_hdr v1
	VK_EXT_tooling_info v1
	VK_EXT_vertex_attribute_divisor v3
	VK_AMD_gpu_shader_half_float v2
	VK_AMD_negative_viewport_height v1
	VK_AMD_shader_image_load_store_lod v1
	VK_AMD_shader_trinary_minmax v1
	VK_GOOGLE_display_timing v1
	VK_IMG_format_pvrtc v1
	VK_INTEL_shader_integer_functions2 v1
	VK_MVK_ios_surface v3
	VK_MVK_moltenvk v37
	VK_NV_fragment_shader_barycentric v1
[mvk-error] VK_ERROR_INCOMPATIBLE_DRIVER: Vulkan is not supported on this device. MoltenVK requires Metal, which is not available on this device.
[mvk-info] Created VkInstance for Vulkan version 1.0.357, as requested by app, with the following 3 Vulkan extensions enabled:
	VK_KHR_external_fence_capabilities v1
	VK_KHR_external_semaphore_capabilities v1
	VK_KHR_get_physical_device_properties2 v2
[mvk-info] Destroying VkInstance for Vulkan version 1.0.357 with 3 Vulkan extensions enabled.
[JuiceHybrid] open name=/private/var/containers/Bundle/Application/124F0A70-2EFF-40C7-B2F9-D71B571C9E11/Juice.app/Grape-X64/build/wine-ios/dlls/uxtheme/aarch64-windows/uxtheme.dll machine=0000 status=c0000135
[JuiceHybrid] open name=/private/var/containers/Bundle/Application/124F0A70-2EFF-40C7-B2F9-D71B571C9E11/Juice.app/Grape-X64/build/wine-ios/programs/uxtheme.dll/aarch64-windows/uxtheme.dll machine=0000 status=c0000135
[JuiceHybrid] open name=/private/var/containers/Bundle/Application/124F0A70-2EFF-40C7-B2F9-D71B571C9E11/Juice.app/Grape-X64/runtime/lib/wine/aarch64-windows/uxtheme.dll machine=0000 status=00000000
[JuiceWine] anonymous PE executable section .text at 0x2d46b0000 size=196608
[JuiceWine] anonymous PE executable section .hexpthk at 0x2d46e0000 size=65536
[JuiceHybrid] map name=/private/var/containers/Bundle/Application/124F0A70-2EFF-40C7-B2F9-D71B571C9E11/Juice.app/Grape-X64/runtime/lib/wine/aarch64-windows/uxtheme.dll status=40000003 module=0x2d46a0000 size=1d0000
[JuiceRect] input hwnd=0x10020 dpi=96/1 raw=96/1 win=0,0,0,0 client=0,0,0,0 visible=0,0,0,0
DISPLAY_EVENT WINDOW pid=44803 hwnd=0x10020 rect=0,0 0x0 visible=0
[JuiceRect] mapped hwnd=0x10020 win=0,0,0,0 client=0,0,0,0 visible=0,0,0,0
[JuiceGeom] changed hwnd=0x10020 flags=3c ptr=0x10010f620 window=0,0,0,0 client=0,0,0,0 visible=0,0,0,0 surface=0x8114c4f0 shown=0
DISPLAY_EVENT WINDOW pid=44803 hwnd=0x10020 rect=0,0 0x0 visible=0
[JuiceRect] input hwnd=0x10020 dpi=96/1 raw=96/1 win=0,0,0,0 client=0,0,0,0 visible=0,0,0,0
[JuiceRect] mapped hwnd=0x10020 win=0,0,0,0 client=0,0,0,0 visible=0,0,0,0
[JuiceGeom] changed hwnd=0x10020 flags=18 ptr=0x10010f620 window=0,0,0,0 client=0,0,0,0 visible=0,0,0,0 surface=0x8114c4f0 shown=0
[JuiceDriver] create-enter hwnd=0x10020
[JuiceDriver] create-success hwnd=0x10020
[JuiceCreate] ex=00000000 class=0x11ef10 version=0x0 name=0x11eef0 style=86000000 x=0 y=0 cx=100 cy=100 parent=0x0 menu=0x0 classinst=0x0 params=0x0 flags=00000000 inst=0x0 classptr=0x140020ca0 ansi=0
DISPLAY_EVENT WINDOW pid=44803 hwnd=0x10028 rect=0,0 100x100 visible=0
DISPLAY_EVENT WINDOW pid=44803 hwnd=0x10028 rect=0,0 100x100 visible=0
[JuiceRect] input hwnd=0x10028 dpi=96/1 raw=96/1 win=0,0,100,100 client=0,0,100,100 visible=0,0,100,100
[JuiceRect] mapped hwnd=0x10028 win=0,0,100,100 client=0,0,100,100 visible=0,0,100,100
[JuiceGeom] changed hwnd=0x10028 flags=3c ptr=0x10010f620 window=0,0,100,100 client=0,0,100,100 visible=0,0,100,100 surface=0x8114c4f0 shown=0
[JuiceRect] input hwnd=0x10028 dpi=96/1 raw=96/1 win=0,0,100,100 client=0,0,100,100 visible=0,0,100,100
[JuiceRect] mapped hwnd=0x10028 win=0,0,100,100 client=0,0,100,100 visible=0,0,100,100
[JuiceGeom] changed hwnd=0x10028 flags=18 ptr=0x10010f620 window=0,0,100,100 client=0,0,100,100 visible=0,0,100,100 surface=0x8114c4f0 shown=0
[JuiceDriver] create-enter hwnd=0x10028
[JuiceDriver] create-success hwnd=0x10028
[JuiceGeom] surface hwnd=0x10020 rect=0,0,1024,768 size=1024x768 previous=0x8114c4f0
[JuiceRect] input hwnd=0x10020 dpi=96/1 raw=96/1 win=0,0,1024,768 client=0,0,1024,768 visible=0,0,1024,768
[JuiceRect] mapped hwnd=0x10020 win=0,0,1024,768 client=0,0,1024,768 visible=0,0,1024,768
DISPLAY_EVENT WINDOW pid=44803 hwnd=0x10020 rect=0,0 1024x768 visible=1
[JuiceGeom] changed hwnd=0x10020 flags=8000116a ptr=0x10010f820 window=0,0,1024,768 client=0,0,1024,768 visible=0,0,1024,768 surface=0x101150e80 shown=1
[JuiceStage] init_syscall_frame entered; entry=0x1400126e8 arg=0x0 teb=0x7ffe4000 data=0x100110000 frame=0x10021fb00 stack_base=0xca0000 stack_limit=0xba8000
[JuiceStage] calling signal_set_full_context; ctx=0xc9fc70 target_pc=0x2d79c9650 target_sp=0xca0000 target_x18=0x7ffe4000 LdrInitializeThunk=0x2d79c9670 RtlUserThreadStart=0x2d79c9650
[JuiceStage] signal_set_full_context returned; status=00000000 frame_pc=0x2d79c9650 frame_sp=0xca0000 frame_x18=0x7ffe4000 restore=00400007
[JuiceStage] init_syscall_frame complete; dispatcher_pc=0x2d79c9670 user_sp=0xc9fc70 x16=0x2d79c9670 x17=0xc9fc70 x18=0x7ffe4000 restore=00400007
[JuiceCreate] ex=00000000 class=0xc9fa70 version=0x0 name=0xc9fa50 style=00000000 x=0 y=0 cx=0 cy=0 parent=0xfffffffffffffffd menu=0x0 classinst=0x0 params=0x0 flags=00000000 inst=0x0 classptr=0x140020500 ansi=0
[JuiceStage] init_syscall_frame entered; entry=0x140012cc8 arg=0x0 teb=0x7ffe0000 data=0x100220000 frame=0x10032fb00 stack_base=0xda0000 stack_limit=0xca8000
[JuiceStage] calling signal_set_full_context; ctx=0xd9fc70 target_pc=0x2d79c9650 target_sp=0xda0000 target_x18=0x7ffe0000 LdrInitializeThunk=0x2d79c9670 RtlUserThreadStart=0x2d79c9650
[JuiceStage] signal_set_full_context returned; status=00000000 frame_pc=0x2d79c9650 frame_sp=0xda0000 frame_x18=0x7ffe0000 restore=00400007
[JuiceStage] init_syscall_frame complete; dispatcher_pc=0x2d79c9670 user_sp=0xd9fc70 x16=0x2d79c9670 x17=0xd9fc70 x18=0x7ffe0000 restore=00400007
[JuiceCreate] ex=00000000 class=0x11ee90 version=0x0 name=0x11ee70 style=00000000 x=0 y=0 cx=0 cy=0 parent=0xfffffffffffffffd menu=0x0 classinst=0x0 params=0x0 flags=00000000 inst=0x0 classptr=0x140020140 ansi=0
[JuiceCreate] ex=00000000 class=0xd9fc10 version=0x0 name=0xd9fbf0 style=00000000 x=0 y=0 cx=0 cy=0 parent=0xfffffffffffffffd menu=0x0 classinst=0x0 params=0x0 flags=00000000 inst=0x0 classptr=0x140021320 ansi=0
[JuiceMonitor] callee hwnd=0x10034 hmon=0x1 info=0x10032f550 monitor=0,0,1024,768 work=0,0,1024,768 flags=00000001
[JuiceMinMax] hwnd=0x10034 min=112,27 maxtrack=1036,780 max=106,106 pos=-3,-3
DISPLAY_EVENT WINDOW pid=44803 hwnd=0x10034 rect=0,0 112x27 visible=0
[JuiceRect] input hwnd=0x10034 dpi=96/1 raw=96/1 win=0,0,112,27 client=0,0,112,27 visible=0,0,112,27
[JuiceRect] mapped hwnd=0x10034 win=0,0,112,27 client=0,0,112,27 visible=0,0,112,27
[JuiceMonitor] callee hwnd=0x1002e hmon=0x1 info=0x10021f550 monitor=0,0,1024,768 work=0,0,1024,768 flags=00000001
[JuiceMinMax] hwnd=0x1002e min=112,27 maxtrack=1036,780 max=106,106 pos=-3,-3
[JuiceMonitor] callee hwnd=0x10032 hmon=0x1 info=0x10010f720 monitor=0,0,1024,768 work=0,0,1024,768 flags=00000001
[JuiceMinMax] hwnd=0x10032 min=112,27 maxtrack=1036,780 max=106,106 pos=-3,-3
[JuiceGeom] changed hwnd=0x10034 flags=14 ptr=0x10032f450 window=0,0,112,27 client=0,0,112,27 visible=0,0,112,27 surface=0x0 shown=0
[JuiceRect] input hwnd=0x1002e dpi=96/1 raw=96/1 win=0,0,112,27 client=0,0,112,27 visible=0,0,112,27
[JuiceRect] input hwnd=0x10032 dpi=96/1 raw=96/1 win=0,0,112,27 client=0,0,112,27 visible=0,0,112,27
DISPLAY_EVENT WINDOW pid=44803 hwnd=0x10032 rect=0,0 112x27 visible=0
DISPLAY_EVENT WINDOW pid=44803 hwnd=0x1002e rect=0,0 112x27 visible=0
DISPLAY_EVENT WINDOW pid=44803 hwnd=0x10034 rect=0,0 112x27 visible=0
[JuiceRect] mapped hwnd=0x10032 win=0,0,112,27 client=0,0,112,27 visible=0,0,112,27
[JuiceRect] mapped hwnd=0x1002e win=0,0,112,27 client=0,0,112,27 visible=0,0,112,27
[JuiceGeom] changed hwnd=0x10032 flags=14 ptr=0x10010f620 window=0,0,112,27 client=0,0,112,27 visible=0,0,112,27 surface=0x0 shown=0
[JuiceRect] input hwnd=0x10034 dpi=96/1 raw=96/1 win=0,0,112,27 client=3,22,109,24 visible=0,0,112,27
[JuiceGeom] changed hwnd=0x1002e flags=14 ptr=0x10021f450 window=0,0,112,27 client=0,0,112,27 visible=0,0,112,27 surface=0x0 shown=0
[JuiceRect] mapped hwnd=0x10034 win=0,0,112,27 client=3,22,109,24 visible=0,0,112,27
[JuiceCreate] failed hwnd=0x1002e stage=wm-nccreate
[JuiceRect] input hwnd=0x10032 dpi=96/1 raw=96/1 win=0,0,112,27 client=3,22,109,24 visible=0,0,112,27
[JuiceRect] mapped hwnd=0x10032 win=0,0,112,27 client=3,22,109,24 visible=0,0,112,27
[JuiceGeom] changed hwnd=0x10034 flags=10 ptr=0x10032f450 window=0,0,112,27 client=3,22,109,24 visible=0,0,112,27 surface=0x0 shown=0
[JuiceDriver] create-enter hwnd=0x10034
[JuiceGeom] changed hwnd=0x10032 flags=10 ptr=0x10010f620 window=0,0,112,27 client=3,22,109,24 visible=0,0,112,27 surface=0x0 shown=0
[JuiceDriver] create-enter hwnd=0x10032
[JuiceDriver] create-success hwnd=0x10032
DISPLAY_EVENT WINDOW pid=44803 hwnd=0x10032 rect=0,0 112x27 visible=0
DISPLAY_EVENT DESTROY pid=44803 hwnd=0x1002e
[JuiceInput] queue fd registered fd=18 tid=0x34
[JuiceDriver] create-success hwnd=0x10034
[JuiceCreate] ex=00000000 class=0x11ee80 version=0x0 name=0x11ee60 style=00c80000 x=-2147483648 y=-2147483648 cx=166 cy=45 parent=0x0 menu=0x0 classinst=0x0 params=0x0 flags=00000000 inst=0x0 classptr=0x140026398 ansi=0
[JuiceMonitor] callee hwnd=0x0 hmon=0x1 info=0x10010fa00 monitor=0,0,1024,768 work=0,0,1024,768 flags=00000001
[JuiceMonitor] caller hwnd=0x0 monitor=0,0,1024,768 work=0,0,1024,768 flags=00000001
[JuiceMonitor] callee hwnd=0x1003a hmon=0x1 info=0x10010f720 monitor=0,0,1024,768 work=0,0,1024,768 flags=00000001
[JuiceMinMax] hwnd=0x1003a min=112,27 maxtrack=1036,780 max=1030,774 pos=-3,-3
[JuiceRect] input hwnd=0x1003a dpi=96/1 raw=96/1 win=0,0,166,45 client=0,0,166,45 visible=0,0,166,45
[JuiceRect] mapped hwnd=0x1003a win=0,0,166,45 client=0,0,166,45 visible=0,0,166,45
[JuiceGeom] changed hwnd=0x1003a flags=3c ptr=0x10010f620 window=0,0,166,45 client=0,0,166,45 visible=0,0,166,45 surface=0x8114c4f0 shown=0
DISPLAY_EVENT WINDOW pid=44803 hwnd=0x1003a rect=0,0 166x45 visible=0
[JuiceCreate] ex=00000000 class=0x10010f590 version=0x0 name=0x10010f580 style=8c000000 x=0 y=0 cx=1 cy=1 parent=0x0 menu=0x0 classinst=0x0 params=0x0 flags=00000000 inst=0x0 classptr=0x0 ansi=0
DISPLAY_EVENT WINDOW pid=44803 hwnd=0x1003e rect=0,0 1x1 visible=0
DISPLAY_EVENT WINDOW pid=44803 hwnd=0x1003e rect=0,0 1x1 visible=0
[JuiceRect] input hwnd=0x1003e dpi=96/1 raw=96/1 win=0,0,1,1 client=0,0,1,1 visible=0,0,1,1
[JuiceRect] mapped hwnd=0x1003e win=0,0,1,1 client=0,0,1,1 visible=0,0,1,1
[JuiceGeom] changed hwnd=0x1003e flags=3c ptr=0x10010eed0 window=0,0,1,1 client=0,0,1,1 visible=0,0,1,1 surface=0x8114c4f0 shown=0
[JuiceRect] input hwnd=0x1003e dpi=96/1 raw=96/1 win=0,0,1,1 client=0,0,1,1 visible=0,0,1,1
[JuiceRect] mapped hwnd=0x1003e win=0,0,1,1 client=0,0,1,1 visible=0,0,1,1
[JuiceGeom] changed hwnd=0x1003e flags=18 ptr=0x10010eed0 window=0,0,1,1 client=0,0,1,1 visible=0,0,1,1 surface=0x8114c4f0 shown=0
[JuiceDriver] create-enter hwnd=0x1003e
[JuiceDriver] create-success hwnd=0x1003e
[JuiceRect] input hwnd=0x1003a dpi=96/1 raw=96/1 win=0,0,166,45 client=3,22,163,42 visible=0,0,166,45
[JuiceRect] mapped hwnd=0x1003a win=0,0,166,45 client=3,22,163,42 visible=0,0,166,45
[JuiceGeom] changed hwnd=0x1003a flags=18 ptr=0x10010f620 window=0,0,166,45 client=3,22,163,42 visible=0,0,166,45 surface=0x8114c4f0 shown=0
DISPLAY_EVENT WINDOW pid=44803 hwnd=0x1003a rect=0,0 166x45 visible=0
[JuiceDriver] create-enter hwnd=0x1003a
[JuiceDriver] create-success hwnd=0x1003a
[JuiceHybrid] open name=/private/var/containers/Bundle/Application/124F0A70-2EFF-40C7-B2F9-D71B571C9E11/Juice.app/Grape-X64/build/wine-ios/dlls/wineios.drv/i386-windows/wineios.drv machine=0000 status=c0000135
[JuiceHybrid] open name=/private/var/containers/Bundle/Application/124F0A70-2EFF-40C7-B2F9-D71B571C9E11/Juice.app/Grape-X64/build/wine-ios/dlls/shell32/aarch64-windows/shell32.dll machine=0000 status=c0000135
[JuiceHybrid] open name=/private/var/containers/Bundle/Application/124F0A70-2EFF-40C7-B2F9-D71B571C9E11/Juice.app/Grape-X64/build/wine-ios/programs/wineios.drv/i386-windows/wineios.drv machine=0000 status=c0000135
[JuiceHybrid] open name=/private/var/containers/Bundle/Application/124F0A70-2EFF-40C7-B2F9-D71B571C9E11/Juice.app/Grape-X64/build/wine-ios/programs/shell32.dll/aarch64-windows/shell32.dll machine=0000 status=c0000135
[JuiceHybrid] open name=/private/var/containers/Bundle/Application/124F0A70-2EFF-40C7-B2F9-D71B571C9E11/Juice.app/Grape-X64/runtime/lib/wine/i386-windows/wineios.drv machine=0000 status=00000000
[JuiceHybrid] open name=/private/var/containers/Bundle/Application/124F0A70-2EFF-40C7-B2F9-D71B571C9E11/Juice.app/Grape-X64/runtime/lib/wine/aarch64-windows/shell32.dll machine=0000 status=00000000
[JuiceWine] host-page expanding executable section .text: section=0x791d1000 mapping=0x791d0000 size=16384
[JuiceWine] anonymous PE executable section .text at 0x791d0000 size=16384
[JuiceHybrid] map name=/private/var/containers/Bundle/Application/124F0A70-2EFF-40C7-B2F9-D71B571C9E11/Juice.app/Grape-X64/runtime/lib/wine/i386-windows/wineios.drv status=00000000 module=0x791d0000 size=d000
DISPLAY_CLIENT_CONNECTED fd=12
DISPLAY_EVENT HELLO fd=12 pid=44798 desktop=1024x768 dpi=96
[JuiceInput] display connected path=/var/mobile/Containers/Data/Application/2A4FE42F-DA40-4530-B5B1-96F7C5C63DEB/Documents/j.sock desktop=1024x768 dpi=96
[JuiceInput] queue fd registered fd=20 tid=0x24
[JuiceDriver] ios init set driver create=0x84d4ce78 client_surface=0x84d4d9fc size=1216
[JuiceDriver] install prev=0x82d3d3a8 lazy=0x82d3d3a8 null=0x82d69f10 candidate=0x101008800 create=0x84d4ce78 installed=1
[JuiceDriver] direct-load status=00000000 driver=0x101008800
[JuiceWine] anonymous PE executable section .text at 0x2d36d0000 size=1048576
[JuiceWine] anonymous PE executable section .hexpthk at 0x2d37d0000 size=65536
[JuiceHybrid] map name=/private/var/containers/Bundle/Application/124F0A70-2EFF-40C7-B2F9-D71B571C9E11/Juice.app/Grape-X64/runtime/lib/wine/aarch64-windows/shell32.dll status=40000003 module=0x2d36c0000 size=ff0000
[JuiceHybrid] open name=/private/var/containers/Bundle/Application/124F0A70-2EFF-40C7-B2F9-D71B571C9E11/Juice.app/Grape-X64/build/wine-ios/dlls/shlwapi/aarch64-windows/shlwapi.dll machine=0000 status=c0000135
[JuiceHybrid] open name=/private/var/containers/Bundle/Application/124F0A70-2EFF-40C7-B2F9-D71B571C9E11/Juice.app/Grape-X64/build/wine-ios/programs/shlwapi.dll/aarch64-windows/shlwapi.dll machine=0000 status=c0000135
[JuiceHybrid] open name=/private/var/containers/Bundle/Application/124F0A70-2EFF-40C7-B2F9-D71B571C9E11/Juice.app/Grape-X64/runtime/lib/wine/aarch64-windows/shlwapi.dll machine=0000 status=00000000
[JuiceWine] anonymous PE executable section .text at 0x2d3490000 size=262144
[JuiceWine] anonymous PE executable section .hexpthk at 0x2d34d0000 size=65536
[JuiceHybrid] map name=/private/var/containers/Bundle/Application/124F0A70-2EFF-40C7-B2F9-D71B571C9E11/Juice.app/Grape-X64/runtime/lib/wine/aarch64-windows/shlwapi.dll status=40000003 module=0x2d3480000 size=240000
[JuiceHybrid] open name=/private/var/containers/Bundle/Application/124F0A70-2EFF-40C7-B2F9-D71B571C9E11/Juice.app/Grape-X64/build/wine-ios/dlls/shcore/aarch64-windows/shcore.dll machine=0000 status=c0000135
[JuiceHybrid] open name=/private/var/containers/Bundle/Application/124F0A70-2EFF-40C7-B2F9-D71B571C9E11/Juice.app/Grape-X64/build/wine-ios/programs/shcore.dll/aarch64-windows/shcore.dll machine=0000 status=c0000135
[JuiceHybrid] open name=/private/var/containers/Bundle/Application/124F0A70-2EFF-40C7-B2F9-D71B571C9E11/Juice.app/Grape-X64/runtime/lib/wine/aarch64-windows/shcore.dll machine=0000 status=00000000
[JuiceHybrid] open name=/private/var/containers/Bundle/Application/124F0A70-2EFF-40C7-B2F9-D71B571C9E11/Juice.app/Grape-X64/build/wine-ios/dlls/uxtheme/i386-windows/uxtheme.dll machine=0000 status=c0000135
[JuiceHybrid] open name=/private/var/containers/Bundle/Application/124F0A70-2EFF-40C7-B2F9-D71B571C9E11/Juice.app/Grape-X64/build/wine-ios/programs/uxtheme.dll/i386-windows/uxtheme.dll machine=0000 status=c0000135
[JuiceHybrid] open name=/private/var/containers/Bundle/Application/124F0A70-2EFF-40C7-B2F9-D71B571C9E11/Juice.app/Grape-X64/runtime/lib/wine/i386-windows/uxtheme.dll machine=0000 status=00000000
[JuiceWine] host-page expanding executable section .text: section=0x79151000 mapping=0x79150000 size=81920
[JuiceWine] anonymous PE executable section .text at 0x79150000 size=81920
[JuiceHybrid] map name=/private/var/containers/Bundle/Application/124F0A70-2EFF-40C7-B2F9-D71B571C9E11/Juice.app/Grape-X64/runtime/lib/wine/i386-windows/uxtheme.dll status=00000000 module=0x79150000 size=6c000
[JuiceWine] anonymous PE executable section .text at 0x2d4770000 size=131072
[JuiceWine] anonymous PE executable section .hexpthk at 0x2d4790000 size=65536
[JuiceHybrid] map name=/private/var/containers/Bundle/Application/124F0A70-2EFF-40C7-B2F9-D71B571C9E11/Juice.app/Grape-X64/runtime/lib/wine/aarch64-windows/shcore.dll status=40000003 module=0x2d4760000 size=110000
[JuiceCreate] ex=00000000 class=0x11ee30 version=0x0 name=0x11ee10 style=80000000 x=0 y=0 cx=0 cy=0 parent=0x0 menu=0x0 classinst=0x0 params=0x0 flags=00000000 inst=0x0 classptr=0x2d51d84f0 ansi=0
[JuiceRect] input hwnd=0x10044 dpi=96/1 raw=96/1 win=0,0,0,0 client=0,0,0,0 visible=0,0,0,0
[JuiceRect] mapped hwnd=0x10044 win=0,0,0,0 client=0,0,0,0 visible=0,0,0,0
[JuiceGeom] changed hwnd=0x10044 flags=3c ptr=0x10010f620 window=0,0,0,0 client=0,0,0,0 visible=0,0,0,0 surface=0x8114c4f0 shown=0
DISPLAY_EVENT WINDOW pid=44803 hwnd=0x10044 rect=0,0 0x0 visible=0
[JuiceRect] input hwnd=0x10044 dpi=96/1 raw=96/1 win=0,0,0,0 client=0,0,0,0 visible=0,0,0,0
DISPLAY_EVENT WINDOW pid=44803 hwnd=0x10044 rect=0,0 0x0 visible=0
[JuiceRect] mapped hwnd=0x10044 win=0,0,0,0 client=0,0,0,0 visible=0,0,0,0
[JuiceGeom] changed hwnd=0x10044 flags=18 ptr=0x10010f620 window=0,0,0,0 client=0,0,0,0 visible=0,0,0,0 surface=0x8114c4f0 shown=0
[JuiceDriver] create-enter hwnd=0x10044
[JuiceDriver] create-success hwnd=0x10044
[JuiceCreate] ex=00000000 class=0x11ee30 version=0x0 name=0x11ee10 style=80000000 x=0 y=0 cx=0 cy=0 parent=0x0 menu=0x0 classinst=0x0 params=0x0 flags=00000000 inst=0x0 classptr=0x2d51d9248 ansi=0
[JuiceRect] input hwnd=0x10046 dpi=96/1 raw=96/1 win=0,0,0,0 client=0,0,0,0 visible=0,0,0,0
[JuiceRect] mapped hwnd=0x10046 win=0,0,0,0 client=0,0,0,0 visible=0,0,0,0
[JuiceGeom] changed hwnd=0x10046 flags=3c ptr=0x10010f620 window=0,0,0,0 client=0,0,0,0 visible=0,0,0,0 surface=0x8114c4f0 shown=0
DISPLAY_EVENT WINDOW pid=44803 hwnd=0x10046 rect=0,0 0x0 visible=0
[JuiceRect] input hwnd=0x10046 dpi=96/1 raw=96/1 win=0,0,0,0 client=0,0,0,0 visible=0,0,0,0
[JuiceRect] mapped hwnd=0x10046 win=0,0,0,0 client=0,0,0,0 visible=0,0,0,0
[JuiceGeom] changed hwnd=0x10046 flags=18 ptr=0x10010f620 window=0,0,0,0 client=0,0,0,0 visible=0,0,0,0 surface=0x8114c4f0 shown=0
[JuiceDriver] create-enter hwnd=0x10046
[JuiceDriver] create-success hwnd=0x10046
DISPLAY_EVENT WINDOW pid=44803 hwnd=0x10046 rect=0,0 0x0 visible=0
[JuiceCreate] ex=00000000 class=0x11ee30 version=0x0 name=0x11ee10 style=80000000 x=0 y=0 cx=0 cy=0 parent=0x0 menu=0x0 classinst=0x0 params=0x0 flags=00000000 inst=0x0 classptr=0x2d51d9248 ansi=0
[JuiceRect] input hwnd=0x10048 dpi=96/1 raw=96/1 win=0,0,0,0 client=0,0,0,0 visible=0,0,0,0
[JuiceRect] mapped hwnd=0x10048 win=0,0,0,0 client=0,0,0,0 visible=0,0,0,0
[JuiceGeom] changed hwnd=0x10048 flags=3c ptr=0x10010f620 window=0,0,0,0 client=0,0,0,0 visible=0,0,0,0 surface=0x8114c4f0 shown=0
DISPLAY_EVENT WINDOW pid=44803 hwnd=0x10048 rect=0,0 0x0 visible=0
[JuiceRect] input hwnd=0x10048 dpi=96/1 raw=96/1 win=0,0,0,0 client=0,0,0,0 visible=0,0,0,0
[JuiceRect] mapped hwnd=0x10048 win=0,0,0,0 client=0,0,0,0 visible=0,0,0,0
DISPLAY_EVENT WINDOW pid=44803 hwnd=0x10048 rect=0,0 0x0 visible=0
[JuiceGeom] changed hwnd=0x10048 flags=18 ptr=0x10010f620 window=0,0,0,0 client=0,0,0,0 visible=0,0,0,0 surface=0x8114c4f0 shown=0
[JuiceDriver] create-enter hwnd=0x10048
[JuiceDriver] create-success hwnd=0x10048
[JuiceCreate] ex=00000000 class=0x11ee60 version=0x0 name=0x11ee40 style=80000000 x=0 y=0 cx=0 cy=0 parent=0x0 menu=0x0 classinst=0x0 params=0x0 flags=00000000 inst=0x0 classptr=0x2d51d9248 ansi=0
[JuiceRect] input hwnd=0x1004a dpi=96/1 raw=96/1 win=0,0,0,0 client=0,0,0,0 visible=0,0,0,0
[JuiceRect] mapped hwnd=0x1004a win=0,0,0,0 client=0,0,0,0 visible=0,0,0,0
DISPLAY_EVENT WINDOW pid=44803 hwnd=0x1004a rect=0,0 0x0 visible=0
DISPLAY_EVENT WINDOW pid=44803 hwnd=0x1004a rect=0,0 0x0 visible=0
[JuiceGeom] changed hwnd=0x1004a flags=3c ptr=0x10010f620 window=0,0,0,0 client=0,0,0,0 visible=0,0,0,0 surface=0x8114c4f0 shown=0
[JuiceRect] input hwnd=0x1004a dpi=96/1 raw=96/1 win=0,0,0,0 client=0,0,0,0 visible=0,0,0,0
[JuiceRect] mapped hwnd=0x1004a win=0,0,0,0 client=0,0,0,0 visible=0,0,0,0
[JuiceGeom] changed hwnd=0x1004a flags=18 ptr=0x10010f620 window=0,0,0,0 client=0,0,0,0 visible=0,0,0,0 surface=0x8114c4f0 shown=0
[JuiceDriver] create-enter hwnd=0x1004a
[JuiceDriver] create-success hwnd=0x1004a
[JuiceHybrid] open name=/private/var/containers/Bundle/Application/124F0A70-2EFF-40C7-B2F9-D71B571C9E11/Juice.app/Grape-X64/build/wine-ios/dlls/ole32/aarch64-windows/ole32.dll machine=0000 status=c0000135
[JuiceHybrid] open name=/private/var/containers/Bundle/Application/124F0A70-2EFF-40C7-B2F9-D71B571C9E11/Juice.app/Grape-X64/build/wine-ios/programs/ole32.dll/aarch64-windows/ole32.dll machine=0000 status=c0000135
[JuiceHybrid] open name=/private/var/containers/Bundle/Application/124F0A70-2EFF-40C7-B2F9-D71B571C9E11/Juice.app/Grape-X64/runtime/lib/wine/aarch64-windows/ole32.dll machine=0000 status=00000000
[JuiceWine] anonymous PE executable section .text at 0x2d2e60000 size=720896
[JuiceWine] anonymous PE executable section .hexpthk at 0x2d2f10000 size=65536
[JuiceHybrid] map name=/private/var/containers/Bundle/Application/124F0A70-2EFF-40C7-B2F9-D71B571C9E11/Juice.app/Grape-X64/runtime/lib/wine/aarch64-windows/ole32.dll status=40000003 module=0x2d2e50000 size=630000
[JuiceHybrid] open name=/private/var/containers/Bundle/Application/124F0A70-2EFF-40C7-B2F9-D71B571C9E11/Juice.app/Grape-X64/build/wine-ios/dlls/combase/aarch64-windows/combase.dll machine=0000 status=c0000135
[JuiceHybrid] open name=/private/var/containers/Bundle/Application/124F0A70-2EFF-40C7-B2F9-D71B571C9E11/Juice.app/Grape-X64/build/wine-ios/programs/combase.dll/aarch64-windows/combase.dll machine=0000 status=c0000135
[JuiceHybrid] open name=/private/var/containers/Bundle/Application/124F0A70-2EFF-40C7-B2F9-D71B571C9E11/Juice.app/Grape-X64/runtime/lib/wine/aarch64-windows/combase.dll machine=0000 status=00000000
[JuiceWine] anonymous PE executable section .text at 0x2d2b60000 size=393216
[JuiceWine] anonymous PE executable section .hexpthk at 0x2d2bc0000 size=65536
[JuiceHybrid] map name=/private/var/containers/Bundle/Application/124F0A70-2EFF-40C7-B2F9-D71B571C9E11/Juice.app/Grape-X64/runtime/lib/wine/aarch64-windows/combase.dll status=40000003 module=0x2d2b50000 size=300000
[JuiceHybrid] open name=/private/var/containers/Bundle/Application/124F0A70-2EFF-40C7-B2F9-D71B571C9E11/Juice.app/Grape-X64/build/wine-ios/dlls/coml2/aarch64-windows/coml2.dll machine=0000 status=c0000135
[JuiceHybrid] open name=/private/var/containers/Bundle/Application/124F0A70-2EFF-40C7-B2F9-D71B571C9E11/Juice.app/Grape-X64/build/wine-ios/programs/coml2.dll/aarch64-windows/coml2.dll machine=0000 status=c0000135
[JuiceHybrid] open name=/private/var/containers/Bundle/Application/124F0A70-2EFF-40C7-B2F9-D71B571C9E11/Juice.app/Grape-X64/runtime/lib/wine/aarch64-windows/coml2.dll machine=0000 status=00000000
[JuiceWine] anonymous PE executable section .text at 0x2d2a30000 size=65536
[JuiceWine] anonymous PE executable section .hexpthk at 0x2d2a40000 size=65536
[JuiceHybrid] map name=/private/var/containers/Bundle/Application/124F0A70-2EFF-40C7-B2F9-D71B571C9E11/Juice.app/Grape-X64/runtime/lib/wine/aarch64-windows/coml2.dll status=40000003 module=0x2d2a20000 size=130000
[JuiceCreate] ex=00000000 class=0x11ee80 version=0x0 name=0x11ee60 style=00000000 x=0 y=0 cx=0 cy=0 parent=0xfffffffffffffffd menu=0x0 classinst=0x2d2b50000 params=0x0 flags=00000000 inst=0x2d2b50000 classptr=0x2d2bd3868 ansi=0
[JuiceMonitor] callee hwnd=0x1004c hmon=0x1 info=0x10010f720 monitor=0,0,1024,768 work=0,0,1024,768 flags=00000001
[JuiceMinMax] hwnd=0x1004c min=112,27 maxtrack=1036,780 max=106,106 pos=-3,-3
[JuiceRect] input hwnd=0x1004c dpi=96/1 raw=96/1 win=0,0,112,27 client=0,0,112,27 visible=0,0,112,27
[JuiceRect] mapped hwnd=0x1004c win=0,0,112,27 client=0,0,112,27 visible=0,0,112,27
[JuiceGeom] changed hwnd=0x1004c flags=14 ptr=0x10010f620 window=0,0,112,27 client=0,0,112,27 visible=0,0,112,27 surface=0x0 shown=0
DISPLAY_EVENT WINDOW pid=44803 hwnd=0x1004c rect=0,0 112x27 visible=0
[JuiceRect] input hwnd=0x1004c dpi=96/1 raw=96/1 win=0,0,112,27 client=3,22,109,24 visible=0,0,112,27
[JuiceRect] mapped hwnd=0x1004c win=0,0,112,27 client=3,22,109,24 visible=0,0,112,27
[JuiceGeom] changed hwnd=0x1004c flags=10 ptr=0x10010f620 window=0,0,112,27 client=3,22,109,24 visible=0,0,112,27 surface=0x0 shown=0
[JuiceDriver] create-enter hwnd=0x1004c
[JuiceDriver] create-success hwnd=0x1004c
DISPLAY_EVENT WINDOW pid=44803 hwnd=0x1004c rect=0,0 112x27 visible=0
[JuiceStage] init_syscall_frame entered; entry=0x2d6ab5360 arg=0xa529b0 teb=0x7ffdc000 data=0x100330000 frame=0x10043fb00 stack_base=0xf00000 stack_limit=0xe08000
[JuiceStage] calling signal_set_full_context; ctx=0xeffc70 target_pc=0x2d79c9650 target_sp=0xf00000 target_x18=0x7ffdc000 LdrInitializeThunk=0x2d79c9670 RtlUserThreadStart=0x2d79c9650
[JuiceStage] signal_set_full_context returned; status=00000000 frame_pc=0x2d79c9650 frame_sp=0xf00000 frame_x18=0x7ffdc000 restore=00400007
[JuiceStage] init_syscall_frame complete; dispatcher_pc=0x2d79c9670 user_sp=0xeffc70 x16=0x2d79c9670 x17=0xeffc70 x18=0x7ffdc000 restore=00400007
002c:err:ole:StdMarshalImpl_MarshalInterface Failed to create ifstub, hr 0x80004002
002c:err:ole:CoMarshalInterface Failed to marshal the interface {6d5140c1-7436-11ce-8034-00aa006009fa}, hr 0x80004002
002c:err:ole:apartment_get_local_server_stream Failed: 0x80004002
[JuiceGeom] surface hwnd=0x10020 rect=0,0,1024,768 size=1024x768 previous=0x101150e80
[JuiceRect] input hwnd=0x10020 dpi=96/1 raw=96/1 win=0,0,1024,768 client=0,0,1024,768 visible=0,0,1024,768
DISPLAY_EVENT WINDOW pid=44803 hwnd=0x10020 rect=0,0 1024x768 visible=1
[JuiceRect] mapped hwnd=0x10020 win=0,0,1024,768 client=0,0,1024,768 visible=0,0,1024,768
[JuiceGeom] changed hwnd=0x10020 flags=8000181b ptr=0x10010f750 window=0,0,1024,768 client=0,0,1024,768 visible=0,0,1024,768 surface=0x101150e80 shown=1
DISPLAY_CLIENT_CLOSED fd=11 pid=44803
[JuiceWine parent] child exited with 1
PROCESS_GROUP_STOP reason=application-will-resign-active child_pgid=44797 server_pgid=44794 wineserver_kill=0 status=0
DISPLAY_CLIENT_CLOSED fd=12 pid=44798
