(mobile@192.168.8.161) Password for mobile@Jacks-iPad-toot:
89cf7abc7a0a501768cd0a880d31a8abe14b39dfa6de804b3125be8c97478cdc  /var/mobile/Documents/Juice-Compatibility-Stable-X18-v21-20260824.tipa
Password:2026-08-24 13:14:06.702 trollstorehelper[56437:572251] trollstorehelper invoked with arguments: (
    install,
    force,
    "/var/mobile/Documents/Juice-Compatibility-Stable-X18-v21-20260824.tipa"
)
2026-08-24 13:14:14.314 trollstorehelper[56437:572251] [installApp force = 1]
2026-08-24 13:14:14.509 trollstorehelper[56437:572251] [dumpEntitlements] dumped {
    "com.apple.private.security.no-sandbox" = 1;
    "com.apple.private.security.storage.AppDataContainers" = 1;
    "get-task-allow" = 1;
    "platform-application" = 1;
}
2026-08-24 13:14:14.689 trollstorehelper[56437:572251] About to spawn ldid (/private/var/containers/Bundle/Application/960BEDEA-F4B6-49AD-BE45-914E6E49E771/TrollStore.app/ldid) with args (
    "-S/var/tmp/F6001CEE-FB29-4E9E-BB8A-39278E9A6169.plist",
    "/private/var/tmp/FCAF9AAA-1D9D-4741-B2BB-D5394A1C8E4C/Payload/Juice.app/Juice"
)
2026-08-24 13:14:14.952 trollstorehelper[56437:572251] ldid exited with status 0
2026-08-24 13:14:14.952 trollstorehelper[56437:572251] - ldid error output start -
2026-08-24 13:14:14.952 trollstorehelper[56437:572251] - ldid error output end -
2026-08-24 13:14:14.964 trollstorehelper[56437:572251] About to spawn ldid (/private/var/containers/Bundle/Application/960BEDEA-F4B6-49AD-BE45-914E6E49E771/TrollStore.app/ldid) with args (
    "-s",
    "/var/tmp/FCAF9AAA-1D9D-4741-B2BB-D5394A1C8E4C/Payload/Juice.app"
)
2026-08-24 13:14:18.556 trollstorehelper[56437:572251] ldid exited with status 0
2026-08-24 13:14:18.557 trollstorehelper[56437:572251] - ldid error output start -
2026-08-24 13:14:18.557 trollstorehelper[56437:572251] - ldid error output end -
2026-08-24 13:14:18.560 trollstorehelper[56437:572251] /private/var/tmp/FCAF9AAA-1D9D-4741-B2BB-D5394A1C8E4C/Payload/Juice.app/Grape-X64/tools/juice-lowva-helper is binary
2026-08-24 13:14:18.565 trollstorehelper[56437:572251] [/private/var/tmp/FCAF9AAA-1D9D-4741-B2BB-D5394A1C8E4C/Payload/Juice.app/Grape-X64/tools/juice-lowva-helper] Applying CoreTrust bypass...
2026-08-24 13:14:18.590 trollstorehelper[56437:572251] [/private/var/tmp/FCAF9AAA-1D9D-4741-B2BB-D5394A1C8E4C/Payload/Juice.app/Grape-X64/tools/juice-lowva-helper] Applied CoreTrust bypass!
2026-08-24 13:14:18.591 trollstorehelper[56437:572251] /private/var/tmp/FCAF9AAA-1D9D-4741-B2BB-D5394A1C8E4C/Payload/Juice.app/Grape-X64/tools/grape-nested-wrapper is binary
2026-08-24 13:14:18.645 trollstorehelper[56437:572251] [/private/var/tmp/FCAF9AAA-1D9D-4741-B2BB-D5394A1C8E4C/Payload/Juice.app/Grape-X64/tools/grape-nested-wrapper] Applying CoreTrust bypass...
2026-08-24 13:14:18.649 trollstorehelper[56437:572251] [/private/var/tmp/FCAF9AAA-1D9D-4741-B2BB-D5394A1C8E4C/Payload/Juice.app/Grape-X64/tools/grape-nested-wrapper] Applied CoreTrust bypass!
2026-08-24 13:14:18.649 trollstorehelper[56437:572251] /private/var/tmp/FCAF9AAA-1D9D-4741-B2BB-D5394A1C8E4C/Payload/Juice.app/Grape-X64/tools/grape-trace-parent is binary
2026-08-24 13:14:18.650 trollstorehelper[56437:572251] [/private/var/tmp/FCAF9AAA-1D9D-4741-B2BB-D5394A1C8E4C/Payload/Juice.app/Grape-X64/tools/grape-trace-parent] Applying CoreTrust bypass...
2026-08-24 13:14:18.653 trollstorehelper[56437:572251] [/private/var/tmp/FCAF9AAA-1D9D-4741-B2BB-D5394A1C8E4C/Payload/Juice.app/Grape-X64/tools/grape-trace-parent] Applied CoreTrust bypass!
2026-08-24 13:14:18.654 trollstorehelper[56437:572251] /private/var/tmp/FCAF9AAA-1D9D-4741-B2BB-D5394A1C8E4C/Payload/Juice.app/Grape-X64/runtime/lib/wine/aarch64-unix/opengl32.so is binary
2026-08-24 13:14:18.657 trollstorehelper[56437:572251] [/private/var/tmp/FCAF9AAA-1D9D-4741-B2BB-D5394A1C8E4C/Payload/Juice.app/Grape-X64/runtime/lib/wine/aarch64-unix/opengl32.so] Applying CoreTrust bypass...
2026-08-24 13:14:18.662 trollstorehelper[56437:572251] [/private/var/tmp/FCAF9AAA-1D9D-4741-B2BB-D5394A1C8E4C/Payload/Juice.app/Grape-X64/runtime/lib/wine/aarch64-unix/opengl32.so] Applied CoreTrust bypass!
2026-08-24 13:14:18.663 trollstorehelper[56437:572251] /private/var/tmp/FCAF9AAA-1D9D-4741-B2BB-D5394A1C8E4C/Payload/Juice.app/Grape-X64/runtime/lib/wine/aarch64-unix/dnsapi.so is binary
2026-08-24 13:14:18.663 trollstorehelper[56437:572251] [/private/var/tmp/FCAF9AAA-1D9D-4741-B2BB-D5394A1C8E4C/Payload/Juice.app/Grape-X64/runtime/lib/wine/aarch64-unix/dnsapi.so] Applying CoreTrust bypass...
2026-08-24 13:14:18.667 trollstorehelper[56437:572251] [/private/var/tmp/FCAF9AAA-1D9D-4741-B2BB-D5394A1C8E4C/Payload/Juice.app/Grape-X64/runtime/lib/wine/aarch64-unix/dnsapi.so] Applied CoreTrust bypass!
2026-08-24 13:14:18.667 trollstorehelper[56437:572251] /private/var/tmp/FCAF9AAA-1D9D-4741-B2BB-D5394A1C8E4C/Payload/Juice.app/Grape-X64/runtime/lib/wine/aarch64-unix/crypt32.so is binary
2026-08-24 13:14:18.667 trollstorehelper[56437:572251] [/private/var/tmp/FCAF9AAA-1D9D-4741-B2BB-D5394A1C8E4C/Payload/Juice.app/Grape-X64/runtime/lib/wine/aarch64-unix/crypt32.so] Applying CoreTrust bypass...
2026-08-24 13:14:18.670 trollstorehelper[56437:572251] [/private/var/tmp/FCAF9AAA-1D9D-4741-B2BB-D5394A1C8E4C/Payload/Juice.app/Grape-X64/runtime/lib/wine/aarch64-unix/crypt32.so] Applied CoreTrust bypass!
2026-08-24 13:14:18.671 trollstorehelper[56437:572251] /private/var/tmp/FCAF9AAA-1D9D-4741-B2BB-D5394A1C8E4C/Payload/Juice.app/Grape-X64/runtime/lib/wine/aarch64-unix/ntdll.so is binary
2026-08-24 13:14:18.672 trollstorehelper[56437:572251] [/private/var/tmp/FCAF9AAA-1D9D-4741-B2BB-D5394A1C8E4C/Payload/Juice.app/Grape-X64/runtime/lib/wine/aarch64-unix/ntdll.so] Applying CoreTrust bypass...
Applying App Store code directory...
Adding new signature blob...
Updating TeamID...
TeamID set to T8ALTGMVXN!
Doing initial signing to calculate size...
SHA1 hash: 51f9bca295be9c2e1dee77d093ce0fcf3fc93450
SHA256 hash: 7f9200fd18dc254da292325aac57e29a9bf282da5abe08e394b35bd102341df4
Encoding unsigned superblob...
Updating load commands...
Updating __LINKEDIT segment...
Updating LC_CODE_SIGNATURE load command...
Updating code slot hashes...
Signing binary...
SHA1 hash: 51f9bca295be9c2e1dee77d093ce0fcf3fc93450
SHA256 hash: aab16fb854b155cb0fe33c4057ac957a4d5a1230944781a64d06b6e9e32e186a
Encoding signed superblob...
Writing superblob to MachO...
Applying App Store code directory...
Adding new signature blob...
Updating TeamID...
TeamID set to T8ALTGMVXN!
Doing initial signing to calculate size...
SHA1 hash: 51f9bca295be9c2e1dee77d093ce0fcf3fc93450
SHA256 hash: 1f52bd16531741c110c316d400718fa86f388ad944d74b838cf4baf3d00ac816
Encoding unsigned superblob...
Updating load commands...
Updating __LINKEDIT segment...
Updating LC_CODE_SIGNATURE load command...
Updating code slot hashes...
Signing binary...
SHA1 hash: 51f9bca295be9c2e1dee77d093ce0fcf3fc93450
SHA256 hash: 47456efe59acc5076bd2b811e2c1da62dda3c98022f4ca1073205f5262345b6f
Encoding signed superblob...
Writing superblob to MachO...
Applying App Store code directory...
Adding new signature blob...
Updating TeamID...
TeamID set to T8ALTGMVXN!
Doing initial signing to calculate size...
SHA1 hash: 51f9bca295be9c2e1dee77d093ce0fcf3fc93450
SHA256 hash: 84fb224e59fd5e30e25d3975da418126c64f5498a232a2a2251346fb1bd0bd6e
Encoding unsigned superblob...
Updating load commands...
Updating __LINKEDIT segment...
Updating LC_CODE_SIGNATURE load command...
Updating code slot hashes...
Signing binary...
SHA1 hash: 51f9bca295be9c2e1dee77d093ce0fcf3fc93450
SHA256 hash: 8e36ac49ebd3079be353d2892d8ea1833e302c2df742048d10d3fe9eb19556ab
Encoding signed superblob...
Writing superblob to MachO...
Applying App Store code directory...
Adding new signature blob...
Updating TeamID...
TeamID set to T8ALTGMVXN!
Doing initial signing to calculate size...
SHA1 hash: 51f9bca295be9c2e1dee77d093ce0fcf3fc93450
SHA256 hash: cc8e19a0acafb50c0419ccb1147e759eeaebbb73e6a894cad60ada488af013c7
Encoding unsigned superblob...
Updating load commands...
Updating __LINKEDIT segment...
Updating LC_CODE_SIGNATURE load command...
Updating code slot hashes...
Signing binary...
SHA1 hash: 51f9bca295be9c2e1dee77d093ce0fcf3fc93450
SHA256 hash: 3c17e45c779baa66d7903943c5ac8f0d3bd705b4e3470cc069bf6d82ecf082bb
Encoding signed superblob...
Writing superblob to MachO...
Applying App Store code directory...
Adding new signature blob...
Updating TeamID...
TeamID set to T8ALTGMVXN!
Doing initial signing to calculate size...
SHA1 hash: 51f9bca295be9c2e1dee77d093ce0fcf3fc93450
SHA256 hash: fb0b378cd0bb7fc24ee199cf9a8cb706c1b3ed158ffbc74cbcc8793b95dcc7a8
Encoding unsigned superblob...
Updating load commands...
Updating __LINKEDIT segment...
Updating LC_CODE_SIGNATURE load command...
Updating code slot hashes...
Signing binary...
SHA1 hash: 51f9bca295be9c2e1dee77d093ce0fcf3fc93450
SHA256 hash: 1207fb0d77bbce8a5a08e2fe2ef1da953ba5818916ddda2c51df54d618f93666
Encoding signed superblob...
Writing superblob to MachO...
Applying App Store code directory...
Adding new signature blob...
Updating TeamID...
TeamID set to T8ALTGMVXN!
Doing initial signing to calculate size...
SHA1 hash: 51f9bca295be9c2e1dee77d093ce0fcf3fc93450
SHA256 hash: 20b1db24e6a674738eba95066c63a51c73cc16e73dbf2e3e22a9b4116166cecc
Encoding unsigned superblob...
Updating load commands...
Updating __LINKEDIT segment...
Updating LC_CODE_SIGNATURE load command...
Updating code slot hashes...
Signing binary...
SHA1 hash: 51f9bca295be9c2e1dee77d093ce0fcf3fc93450
SHA256 hash: 88af8610f4e71ba23f720dc56d2ce0b9848acc9356670c92f975ef698d1f51b0
Encoding signed superblob...
Writing superblob to MachO...
Applying App Store code directory...
Adding new signature blob...
Updating TeamID...
TeamID set to T8ALTGMVXN!
Doing initial signing to calculate size...
SHA1 hash: 51f9bca295be9c2e1dee77d092026-08-24 13:14:18.676 trollstorehelper[56437:572251] [/private/var/tmp/FCAF9AAA-1D9D-4741-B2BB-D5394A1C8E4C/Payload/Juice.app/Grape-X64/runtime/lib/wine/aarch64-unix/ntdll.so] Applied CoreTrust bypass!
2026-08-24 13:14:18.676 trollstorehelper[56437:572251] /private/var/tmp/FCAF9AAA-1D9D-4741-B2BB-D5394A1C8E4C/Payload/Juice.app/Grape-X64/runtime/lib/wine/aarch64-unix/ws2_32.so is binary
2026-08-24 13:14:18.677 trollstorehelper[56437:572251] [/private/var/tmp/FCAF9AAA-1D9D-4741-B2BB-D5394A1C8E4C/Payload/Juice.app/Grape-X64/runtime/lib/wine/aarch64-unix/ws2_32.so] Applying CoreTrust bypass...
2026-08-24 13:14:18.680 trollstorehelper[56437:572251] [/private/var/tmp/FCAF9AAA-1D9D-4741-B2BB-D5394A1C8E4C/Payload/Juice.app/Grape-X64/runtime/lib/wine/aarch64-unix/ws2_32.so] Applied CoreTrust bypass!
2026-08-24 13:14:18.680 trollstorehelper[56437:572251] /private/var/tmp/FCAF9AAA-1D9D-4741-B2BB-D5394A1C8E4C/Payload/Juice.app/Grape-X64/runtime/lib/wine/aarch64-unix/wineios.so is binary
2026-08-24 13:14:18.681 trollstorehelper[56437:572251] [/private/var/tmp/FCAF9AAA-1D9D-4741-B2BB-D5394A1C8E4C/Payload/Juice.app/Grape-X64/runtime/lib/wine/aarch64-unix/wineios.so] Applying CoreTrust bypass...
2026-08-24 13:14:18.684 trollstorehelper[56437:572251] [/private/var/tmp/FCAF9AAA-1D9D-4741-B2BB-D5394A1C8E4C/Payload/Juice.app/Grape-X64/runtime/lib/wine/aarch64-unix/wineios.so] Applied CoreTrust bypass!
2026-08-24 13:14:18.685 trollstorehelper[56437:572251] /private/var/tmp/FCAF9AAA-1D9D-4741-B2BB-D5394A1C8E4C/Payload/Juice.app/Grape-X64/runtime/lib/wine/aarch64-unix/win32u.so is binary
2026-08-24 13:14:18.691 trollstorehelper[56437:572251] [/private/var/tmp/FCAF9AAA-1D9D-4741-B2BB-D5394A1C8E4C/Payload/Juice.app/Grape-X64/runtime/lib/wine/aarch64-unix/win32u.so] Applying CoreTrust bypass...
2026-08-24 13:14:18.697 trollstorehelper[56437:572251] [/private/var/tmp/FCAF9AAA-1D9D-4741-B2BB-D5394A1C8E4C/Payload/Juice.app/Grape-X64/runtime/lib/wine/aarch64-unix/win32u.so] Applied CoreTrust bypass!
2026-08-24 13:14:18.697 trollstorehelper[56437:572251] /private/var/tmp/FCAF9AAA-1D9D-4741-B2BB-D5394A1C8E4C/Payload/Juice.app/Grape-X64/runtime/lib/wine/aarch64-unix/dwrite.so is binary
2026-08-24 13:14:18.699 trollstorehelper[56437:572251] [/private/var/tmp/FCAF9AAA-1D9D-4741-B2BB-D5394A1C8E4C/Payload/Juice.app/Grape-X64/runtime/lib/wine/aarch64-unix/dwrite.so] Applying CoreTrust bypass...
2026-08-24 13:14:18.703 trollstorehelper[56437:572251] [/private/var/tmp/FCAF9AAA-1D9D-4741-B2BB-D5394A1C8E4C/Payload/Juice.app/Grape-X64/runtime/lib/wine/aarch64-unix/dwrite.so] Applied CoreTrust bypass!
2026-08-24 13:14:18.703 trollstorehelper[56437:572251] /private/var/tmp/FCAF9AAA-1D9D-4741-B2BB-D5394A1C8E4C/Payload/Juice.app/Grape-X64/runtime/lib/wine/aarch64-unix/secur32.so is binary
2026-08-24 13:14:18.704 trollstorehelper[56437:572251] [/private/var/tmp/FCAF9AAA-1D9D-4741-B2BB-D5394A1C8E4C/Payload/Juice.app/Grape-X64/runtime/lib/wine/aarch64-unix/secur32.so] Applying CoreTrust bypass...
2026-08-24 13:14:18.707 trollstorehelper[56437:572251] [/private/var/tmp/FCAF9AAA-1D9D-4741-B2BB-D5394A1C8E4C/Payload/Juice.app/Grape-X64/runtime/lib/wine/aarch64-unix/secur32.so] Applied CoreTrust bypass!
2026-08-24 13:14:18.707 trollstorehelper[56437:572251] /private/var/tmp/FCAF9AAA-1D9D-4741-B2BB-D5394A1C8E4C/Payload/Juice.app/Grape-X64/runtime/lib/wine/aarch64-unix/mountmgr.so is binary
2026-08-24 13:14:18.708 trollstorehelper[56437:572251] [/private/var/tmp/FCAF9AAA-1D9D-4741-B2BB-D5394A1C8E4C/Payload/Juice.app/Grape-X64/runtime/lib/wine/aarch64-unix/mountmgr.so] Applying CoreTrust bypass...
3ce0fcf3fc93450
SHA256 hash: 767b05343d6f18114c66aa988212eb6f15a67e8aa23f352f58d92d37e781bc3e
Encoding unsigned superblob...
Updating load commands...
Updating __LINKEDIT segment...
Updating LC_CODE_SIGNATURE load command...
Updating code slot hashes...
Signing binary...
SHA1 hash: 51f9bca295be9c2e1dee77d093ce0fcf3fc93450
SHA256 hash: dcc3e6411ea39c5d2a56dac68317da6233ee8a341002bad07b385159eb3011df
Encoding signed superblob...
Writing superblob to MachO...
Applying App Store code directory...
Adding new signature blob...
Updating TeamID...
TeamID set to T8ALTGMVXN!
Doing initial signing to calculate size...
SHA1 hash: 51f9bca295be9c2e1dee77d093ce0fcf3fc93450
SHA256 hash: 39a06efc5bc8b501042423c10c7695055f02c800ffe10c985d6cecca4ed0c52c
Encoding unsigned superblob...
Updating load commands...
Updating __LINKEDIT segment...
Updating LC_CODE_SIGNATURE load command...
Updating code slot hashes...
Signing binary...
SHA1 hash: 51f9bca295be9c2e1dee77d093ce0fcf3fc93450
SHA256 hash: d700265978ed12fc8394e430fec4442624da6c2617d25faf4ba9a01fb2c3b5f6
Encoding signed superblob...
Writing superblob to MachO...
Applying App Store code directory...
Adding new signature blob...
Updating TeamID...
TeamID set to T8ALTGMVXN!
Doing initial signing to calculate size...
SHA1 hash: 51f9bca295be9c2e1dee77d093ce0fcf3fc93450
SHA256 hash: 6b93dd59ef44f5144be79c4bdc9f7633ed72de59f521b79affee3d28e711365c
Encoding unsigned superblob...
Updating load commands...
Updating __LINKEDIT segment...
Updating LC_CODE_SIGNATURE load command...
Updating code slot hashes...
Signing binary...
SHA1 hash: 51f9bca295be9c2e1dee77d093ce0fcf3fc93450
SHA256 hash: b6d3bc3165d5d00e65abb5db027da2a6b9fe166ef55321fe2ee6bc3ee30125cb
Encoding signed superblob...
Writing superblob to MachO...
Applying App Store code directory...
Adding new signature blob...
Updating TeamID...
TeamID set to T8ALTGMVXN!
Doing initial signing to calculate size...
SHA1 hash: 51f9bca295be9c2e1dee77d093ce0fcf3fc93450
SHA256 hash: f80ccae63c23681455407629f0fd1edc1e5f485d8f342339f1c2aaad3dd57f1f
Encoding unsigned superblob...
Updating load commands...
Updating __LINKEDIT segment...
Updating LC_CODE_SIGNATURE load command...
Updating code slot hashes...
Signing binary...
SHA1 hash: 51f9bca295be9c2e1dee77d093ce0fcf3fc93450
SHA256 hash: e92a6698259c4b9b7474413e206b54a944edd2f60dfae5cd99fd1f30ec8072de
Encoding signed superblob...
Writing superblob to MachO...
Applying App Store code directory...
Adding new signature blob...
Updating TeamID...
TeamID set to T8ALTGMVXN!
Doing initial signing to calculate size...
SHA1 hash: 51f9bca295be9c2e1dee77d093ce0fcf3fc93450
SHA256 hash: 2bc65e552a069380df8d1828e9091a1cee450ab718bb65d108af1969da85dfb5
Encoding unsigned superblob...
Updating load commands...
Updating __LINKEDIT segment...
Updating LC_CODE_SIGNATURE load command...
Updating code slot hashes...
Signing binary...
SHA1 hash: 51f9bca295be9c2e1dee77d093ce0fcf3fc93450
SHA256 hash: ea6d495f2c69a0c2196dafd16dc58e7e81bc0280e02fb324e98f8361fdc44085
Encoding signed superblob...
Writing superblob to MachO...
Applying App Store code directory...
Adding new signature blob...
Updating TeamID...
TeamID set to T8ALTGMVXN!
Doing initial signing to calculate size...
SHA1 hash: 51f9bca295be9c2e1dee77d093ce0fcf3fc93450
SHA256 hash: 49335decb3c034d6aa813c509e23eb9061f6e8d92d206b83c595e97c3a15288b
Encoding unsigned superblob...
Updating load commands...
Updating __LINKEDIT segment...
Updating LC_CODE_SIGNATURE load command...
Updating code slot hashes...
Signing binary...
SHA1 hash: 51f9bca295be9c2e1dee77d093ce0fcf3fc93450
SHA256 hash: bfa91ddd5b00b6813d7796e5a059fdf729312d023f892c04d40efc05ec6dc013
Encoding signed superblob...
Writing superblob to MachO...
Applying App Store code directory...
Adding new signature blob...
Updating TeamID...
TeamID set to T8ALTGMVXN!
Doing initial signing to calculate size...
SHA1 hash: 51f9bca295be9c2e1dee77d093ce0fcf3fc93450
SHA256 hash: d2c7ccd20f5fc6b0dac2a59ab7d6743d450276fc65a2749034b786310ca424dc
Encoding unsigned superblob...
Updating load commands...
Updating __LINKEDIT segment...
Updating2026-08-24 13:14:18.711 trollstorehelper[56437:572251] [/private/var/tmp/FCAF9AAA-1D9D-4741-B2BB-D5394A1C8E4C/Payload/Juice.app/Grape-X64/runtime/lib/wine/aarch64-unix/mountmgr.so] Applied CoreTrust bypass!
2026-08-24 13:14:18.711 trollstorehelper[56437:572251] /private/var/tmp/FCAF9AAA-1D9D-4741-B2BB-D5394A1C8E4C/Payload/Juice.app/Grape-X64/runtime/lib/wine/aarch64-unix/winevulkan.so is binary
2026-08-24 13:14:18.713 trollstorehelper[56437:572251] [/private/var/tmp/FCAF9AAA-1D9D-4741-B2BB-D5394A1C8E4C/Payload/Juice.app/Grape-X64/runtime/lib/wine/aarch64-unix/winevulkan.so] Applying CoreTrust bypass...
2026-08-24 13:14:18.717 trollstorehelper[56437:572251] [/private/var/tmp/FCAF9AAA-1D9D-4741-B2BB-D5394A1C8E4C/Payload/Juice.app/Grape-X64/runtime/lib/wine/aarch64-unix/winevulkan.so] Applied CoreTrust bypass!
2026-08-24 13:14:18.719 trollstorehelper[56437:572251] /private/var/tmp/FCAF9AAA-1D9D-4741-B2BB-D5394A1C8E4C/Payload/Juice.app/Grape-X64/runtime/lib/wine/aarch64-windows/opengl32.so is binary
2026-08-24 13:14:18.722 trollstorehelper[56437:572251] [/private/var/tmp/FCAF9AAA-1D9D-4741-B2BB-D5394A1C8E4C/Payload/Juice.app/Grape-X64/runtime/lib/wine/aarch64-windows/opengl32.so] Applying CoreTrust bypass...
2026-08-24 13:14:18.727 trollstorehelper[56437:572251] [/private/var/tmp/FCAF9AAA-1D9D-4741-B2BB-D5394A1C8E4C/Payload/Juice.app/Grape-X64/runtime/lib/wine/aarch64-windows/opengl32.so] Applied CoreTrust bypass!
2026-08-24 13:14:18.727 trollstorehelper[56437:572251] /private/var/tmp/FCAF9AAA-1D9D-4741-B2BB-D5394A1C8E4C/Payload/Juice.app/Grape-X64/runtime/lib/wine/aarch64-windows/dnsapi.so is binary
2026-08-24 13:14:18.728 trollstorehelper[56437:572251] [/private/var/tmp/FCAF9AAA-1D9D-4741-B2BB-D5394A1C8E4C/Payload/Juice.app/Grape-X64/runtime/lib/wine/aarch64-windows/dnsapi.so] Applying CoreTrust bypass...
2026-08-24 13:14:18.731 trollstorehelper[56437:572251] [/private/var/tmp/FCAF9AAA-1D9D-4741-B2BB-D5394A1C8E4C/Payload/Juice.app/Grape-X64/runtime/lib/wine/aarch64-windows/dnsapi.so] Applied CoreTrust bypass!
2026-08-24 13:14:18.732 trollstorehelper[56437:572251] /private/var/tmp/FCAF9AAA-1D9D-4741-B2BB-D5394A1C8E4C/Payload/Juice.app/Grape-X64/runtime/lib/wine/aarch64-windows/crypt32.so is binary
2026-08-24 13:14:18.732 trollstorehelper[56437:572251] [/private/var/tmp/FCAF9AAA-1D9D-4741-B2BB-D5394A1C8E4C/Payload/Juice.app/Grape-X64/runtime/lib/wine/aarch64-windows/crypt32.so] Applying CoreTrust bypass...
2026-08-24 13:14:18.736 trollstorehelper[56437:572251] [/private/var/tmp/FCAF9AAA-1D9D-4741-B2BB-D5394A1C8E4C/Payload/Juice.app/Grape-X64/runtime/lib/wine/aarch64-windows/crypt32.so] Applied CoreTrust bypass!
2026-08-24 13:14:18.736 trollstorehelper[56437:572251] /private/var/tmp/FCAF9AAA-1D9D-4741-B2BB-D5394A1C8E4C/Payload/Juice.app/Grape-X64/runtime/lib/wine/aarch64-windows/ws2_32.so is binary
2026-08-24 13:14:18.737 trollstorehelper[56437:572251] [/private/var/tmp/FCAF9AAA-1D9D-4741-B2BB-D5394A1C8E4C/Payload/Juice.app/Grape-X64/runtime/lib/wine/aarch64-windows/ws2_32.so] Applying CoreTrust bypass...
2026-08-24 13:14:18.740 trollstorehelper[56437:572251] [/private/var/tmp/FCAF9AAA-1D9D-4741-B2BB-D5394A1C8E4C/Payload/Juice.app/Grape-X64/runtime/lib/wine/aarch64-windows/ws2_32.so] Applied CoreTrust bypass!
2026-08-24 13:14:18.743 trollstorehelper[56437:572251] /private/var/tmp/FCAF9AAA-1D9D-4741-B2BB-D5394A1C8E4C/Payload/Juice.app/Grape-X64/runtime/lib/wine/aarch64-windows/wineios.so is binary
2026-08-24 13:14:18.743 trollstorehelper[56437:572251] [/private/var/tmp/FCAF9AAA-1D9D-4741-B2BB-D5394A1C8E4C/Payload/Juice.app/Grape-X64/runtime/lib/wine/aarch64-windows/wineios.so] Applying CoreTrust bypass...
 LC_CODE_SIGNATURE load command...
Updating code slot hashes...
Signing binary...
SHA1 hash: 51f9bca295be9c2e1dee77d093ce0fcf3fc93450
SHA256 hash: 13728e75ef37b5d104210286e4597619ce1a672245f85d953946ecfde9296a61
Encoding signed superblob...
Writing superblob to MachO...
Applying App Store code directory...
Adding new signature blob...
Updating TeamID...
TeamID set to T8ALTGMVXN!
Doing initial signing to calculate size...
SHA1 hash: 51f9bca295be9c2e1dee77d093ce0fcf3fc93450
SHA256 hash: cb6d4d8565439ac815cd7e507d5c3f04e57ab2874d8ac52b8557ba8734901bbb
Encoding unsigned superblob...
Updating load commands...
Updating __LINKEDIT segment...
Updating LC_CODE_SIGNATURE load command...
Updating code slot hashes...
Signing binary...
SHA1 hash: 51f9bca295be9c2e1dee77d093ce0fcf3fc93450
SHA256 hash: 328bb8a5686c86af66c46cf3b2d7bd5825137578b7e799afe7c762a0f07d3cad
Encoding signed superblob...
Writing superblob to MachO...
Applying App Store code directory...
Adding new signature blob...
Updating TeamID...
TeamID set to T8ALTGMVXN!
Doing initial signing to calculate size...
SHA1 hash: 51f9bca295be9c2e1dee77d093ce0fcf3fc93450
SHA256 hash: cc8e19a0acafb50c0419ccb1147e759eeaebbb73e6a894cad60ada488af013c7
Encoding unsigned superblob...
Updating load commands...
Updating __LINKEDIT segment...
Updating LC_CODE_SIGNATURE load command...
Updating code slot hashes...
Signing binary...
SHA1 hash: 51f9bca295be9c2e1dee77d093ce0fcf3fc93450
SHA256 hash: 3c17e45c779baa66d7903943c5ac8f0d3bd705b4e3470cc069bf6d82ecf082bb
Encoding signed superblob...
Writing superblob to MachO...
Applying App Store code directory...
Adding new signature blob...
Updating TeamID...
TeamID set to T8ALTGMVXN!
Doing initial signing to calculate size...
SHA1 hash: 51f9bca295be9c2e1dee77d093ce0fcf3fc93450
SHA256 hash: fb0b378cd0bb7fc24ee199cf9a8cb706c1b3ed158ffbc74cbcc8793b95dcc7a8
Encoding unsigned superblob...
Updating load commands...
Updating __LINKEDIT segment...
Updating LC_CODE_SIGNATURE load command...
Updating code slot hashes...
Signing binary...
SHA1 hash: 51f9bca295be9c2e1dee77d093ce0fcf3fc93450
SHA256 hash: 1207fb0d77bbce8a5a08e2fe2ef1da953ba5818916ddda2c51df54d618f93666
Encoding signed superblob...
Writing superblob to MachO...
Applying App Store code directory...
Adding new signature blob...
Updating TeamID...
TeamID set to T8ALTGMVXN!
Doing initial signing to calculate size...
SHA1 hash: 51f9bca295be9c2e1dee77d093ce0fcf3fc93450
SHA256 hash: 20b1db24e6a674738eba95066c63a51c73cc16e73dbf2e3e22a9b4116166cecc
Encoding unsigned superblob...
Updating load commands...
Updating __LINKEDIT segment...
Updating LC_CODE_SIGNATURE load command...
Updating code slot hashes...
Signing binary...
SHA1 hash: 51f9bca295be9c2e1dee77d093ce0fcf3fc93450
SHA256 hash: 88af8610f4e71ba23f720dc56d2ce0b9848acc9356670c92f975ef698d1f51b0
Encoding signed superblob...
Writing superblob to MachO...
Applying App Store code directory...
Adding new signature blob...
Updating TeamID...
TeamID set to T8ALTGMVXN!
Doing initial signing to calculate size...
SHA1 hash: 51f9bca295be9c2e1dee77d093ce0fcf3fc93450
SHA256 hash: 39a06efc5bc8b501042423c10c7695055f02c800ffe10c985d6cecca4ed0c52c
Encoding unsigned superblob...
Updating load commands...
Updating __LINKEDIT segment...
Updating LC_CODE_SIGNATURE load command...
Updating code slot hashes...
Signing binary...
SHA1 hash: 51f9bca295be9c2e1dee77d093ce0fcf3fc93450
SHA256 hash: d700265978ed12fc8394e430fec4442624da6c2617d25faf4ba9a01fb2c3b5f6
Encoding signed superblob...
Writing superblob to MachO...
Applying App Store code directory...
Adding new signature blob...
Updating TeamID...
TeamID set to T8ALTGMVXN!
Doing initial signing to calculate size...
SHA1 hash: 51f9bca295be9c2e1dee77d093ce0fcf3fc93450
SHA256 hash: 6b93dd59ef44f5144be79c4bdc9f7633ed72de59f521b79affee3d28e711365c
Encoding unsigned superblob...
Updating load commands...
Updating __LINKEDIT segment...
Updating LC_CODE_SIGNATURE load command...
Updating code slot hashes...
Signing binary...
SHA1 hash: 51f9bca295be9c2e1dee77d093ce0fcf3fc93450
SHA256 hash: b6d3bc3165d5d00e65abb5db027da2a6b9fe166ef552026-08-24 13:14:18.747 trollstorehelper[56437:572251] [/private/var/tmp/FCAF9AAA-1D9D-4741-B2BB-D5394A1C8E4C/Payload/Juice.app/Grape-X64/runtime/lib/wine/aarch64-windows/wineios.so] Applied CoreTrust bypass!
2026-08-24 13:14:18.747 trollstorehelper[56437:572251] /private/var/tmp/FCAF9AAA-1D9D-4741-B2BB-D5394A1C8E4C/Payload/Juice.app/Grape-X64/runtime/lib/wine/aarch64-windows/win32u.so is binary
2026-08-24 13:14:18.753 trollstorehelper[56437:572251] [/private/var/tmp/FCAF9AAA-1D9D-4741-B2BB-D5394A1C8E4C/Payload/Juice.app/Grape-X64/runtime/lib/wine/aarch64-windows/win32u.so] Applying CoreTrust bypass...
2026-08-24 13:14:18.759 trollstorehelper[56437:572251] [/private/var/tmp/FCAF9AAA-1D9D-4741-B2BB-D5394A1C8E4C/Payload/Juice.app/Grape-X64/runtime/lib/wine/aarch64-windows/win32u.so] Applied CoreTrust bypass!
2026-08-24 13:14:18.760 trollstorehelper[56437:572251] /private/var/tmp/FCAF9AAA-1D9D-4741-B2BB-D5394A1C8E4C/Payload/Juice.app/Grape-X64/runtime/lib/wine/aarch64-windows/dwrite.so is binary
2026-08-24 13:14:18.764 trollstorehelper[56437:572251] [/private/var/tmp/FCAF9AAA-1D9D-4741-B2BB-D5394A1C8E4C/Payload/Juice.app/Grape-X64/runtime/lib/wine/aarch64-windows/dwrite.so] Applying CoreTrust bypass...
2026-08-24 13:14:18.768 trollstorehelper[56437:572251] [/private/var/tmp/FCAF9AAA-1D9D-4741-B2BB-D5394A1C8E4C/Payload/Juice.app/Grape-X64/runtime/lib/wine/aarch64-windows/dwrite.so] Applied CoreTrust bypass!
2026-08-24 13:14:18.768 trollstorehelper[56437:572251] /private/var/tmp/FCAF9AAA-1D9D-4741-B2BB-D5394A1C8E4C/Payload/Juice.app/Grape-X64/runtime/lib/wine/aarch64-windows/secur32.so is binary
2026-08-24 13:14:18.769 trollstorehelper[56437:572251] [/private/var/tmp/FCAF9AAA-1D9D-4741-B2BB-D5394A1C8E4C/Payload/Juice.app/Grape-X64/runtime/lib/wine/aarch64-windows/secur32.so] Applying CoreTrust bypass...
2026-08-24 13:14:18.772 trollstorehelper[56437:572251] [/private/var/tmp/FCAF9AAA-1D9D-4741-B2BB-D5394A1C8E4C/Payload/Juice.app/Grape-X64/runtime/lib/wine/aarch64-windows/secur32.so] Applied CoreTrust bypass!
2026-08-24 13:14:18.773 trollstorehelper[56437:572251] /private/var/tmp/FCAF9AAA-1D9D-4741-B2BB-D5394A1C8E4C/Payload/Juice.app/Grape-X64/runtime/lib/wine/aarch64-windows/mountmgr.so is binary
2026-08-24 13:14:18.773 trollstorehelper[56437:572251] [/private/var/tmp/FCAF9AAA-1D9D-4741-B2BB-D5394A1C8E4C/Payload/Juice.app/Grape-X64/runtime/lib/wine/aarch64-windows/mountmgr.so] Applying CoreTrust bypass...
2026-08-24 13:14:18.776 trollstorehelper[56437:572251] [/private/var/tmp/FCAF9AAA-1D9D-4741-B2BB-D5394A1C8E4C/Payload/Juice.app/Grape-X64/runtime/lib/wine/aarch64-windows/mountmgr.so] Applied CoreTrust bypass!
2026-08-24 13:14:18.777 trollstorehelper[56437:572251] /private/var/tmp/FCAF9AAA-1D9D-4741-B2BB-D5394A1C8E4C/Payload/Juice.app/Grape-X64/runtime/lib/wine/aarch64-windows/winevulkan.so is binary
2026-08-24 13:14:18.779 trollstorehelper[56437:572251] [/private/var/tmp/FCAF9AAA-1D9D-4741-B2BB-D5394A1C8E4C/Payload/Juice.app/Grape-X64/runtime/lib/wine/aarch64-windows/winevulkan.so] Applying CoreTrust bypass...
2026-08-24 13:14:18.783 trollstorehelper[56437:572251] [/private/var/tmp/FCAF9AAA-1D9D-4741-B2BB-D5394A1C8E4C/Payload/Juice.app/Grape-X64/runtime/lib/wine/aarch64-windows/winevulkan.so] Applied CoreTrust bypass!
2026-08-24 13:14:18.785 trollstorehelper[56437:572251] /private/var/tmp/FCAF9AAA-1D9D-4741-B2BB-D5394A1C8E4C/Payload/Juice.app/Grape-X64/build/wine-ios/server/wineserver is binary
2026-08-24 13:14:18.787 trollstorehelper[56437:572251] [/private/var/tmp/FCAF9AAA-1D9D-4741-B2BB-D5394A1C8E4C/Payload/Juice.app/Grape-X64/build/wine-ios/server/wineserver] Applying CoreTrust bypass...
2026-08-24 13:14:18.791 trollstorehelper[56437:572251] [/private/var/tmp/FCAF9AAA-1D9D-4741-B2BB-D5394A1C8E4C/Payload/Juice.app/Grape-X64/build/wine-ios/server/wineserver] Applied CoreTrust bypass!
2026-08-24 13:14:18.791 trollstorehelper[56437:572251] /private/var/tmp/FCAF9AAA-1D9D-4741-B2BB-D5394A1C8E4C/Payload/Juice.app/Grape-X64/build/wine-ios/loader/wine is binary
2026-08-24 13:14:18.792 trollstorehelper[56437:572251] [/private/var/tmp/FCAF9AAA-1D9D-4741-B2BB-D5394A1C8E4C/Payload/Juice.app/Grape-X64/build/wine-ios/loader/wine] Applying CoreTrust bypass...
321fe2ee6bc3ee30125cb
Encoding signed superblob...
Writing superblob to MachO...
Applying App Store code directory...
Adding new signature blob...
Updating TeamID...
TeamID set to T8ALTGMVXN!
Doing initial signing to calculate size...
SHA1 hash: 51f9bca295be9c2e1dee77d093ce0fcf3fc93450
SHA256 hash: f80ccae63c23681455407629f0fd1edc1e5f485d8f342339f1c2aaad3dd57f1f
Encoding unsigned superblob...
Updating load commands...
Updating __LINKEDIT segment...
Updating LC_CODE_SIGNATURE load command...
Updating code slot hashes...
Signing binary...
SHA1 hash: 51f9bca295be9c2e1dee77d093ce0fcf3fc93450
SHA256 hash: e92a6698259c4b9b7474413e206b54a944edd2f60dfae5cd99fd1f30ec8072de
Encoding signed superblob...
Writing superblob to MachO...
Applying App Store code directory...
Adding new signature blob...
Updating TeamID...
TeamID set to T8ALTGMVXN!
Doing initial signing to calculate size...
SHA1 hash: 51f9bca295be9c2e1dee77d093ce0fcf3fc93450
SHA256 hash: 2bc65e552a069380df8d1828e9091a1cee450ab718bb65d108af1969da85dfb5
Encoding unsigned superblob...
Updating load commands...
Updating __LINKEDIT segment...
Updating LC_CODE_SIGNATURE load command...
Updating code slot hashes...
Signing binary...
SHA1 hash: 51f9bca295be9c2e1dee77d093ce0fcf3fc93450
SHA256 hash: ea6d495f2c69a0c2196dafd16dc58e7e81bc0280e02fb324e98f8361fdc44085
Encoding signed superblob...
Writing superblob to MachO...
Applying App Store code directory...
Adding new signature blob...
Updating TeamID...
TeamID set to T8ALTGMVXN!
Doing initial signing to calculate size...
SHA1 hash: 51f9bca295be9c2e1dee77d093ce0fcf3fc93450
SHA256 hash: 49335decb3c034d6aa813c509e23eb9061f6e8d92d206b83c595e97c3a15288b
Encoding unsigned superblob...
Updating load commands...
Updating __LINKEDIT segment...
Updating LC_CODE_SIGNATURE load command...
Updating code slot hashes...
Signing binary...
SHA1 hash: 51f9bca295be9c2e1dee77d093ce0fcf3fc93450
SHA256 hash: bfa91ddd5b00b6813d7796e5a059fdf729312d023f892c04d40efc05ec6dc013
Encoding signed superblob...
Writing superblob to MachO...
Applying App Store code directory...
Adding new signature blob...
Updating TeamID...
TeamID set to T8ALTGMVXN!
Doing initial signing to calculate size...
SHA1 hash: 51f9bca295be9c2e1dee77d093ce0fcf3fc93450
SHA256 hash: d2c7ccd20f5fc6b0dac2a59ab7d6743d450276fc65a2749034b786310ca424dc
Encoding unsigned superblob...
Updating load commands...
Updating __LINKEDIT segment...
Updating LC_CODE_SIGNATURE load command...
Updating code slot hashes...
Signing binary...
SHA1 hash: 51f9bca295be9c2e1dee77d093ce0fcf3fc93450
SHA256 hash: 13728e75ef37b5d104210286e4597619ce1a672245f85d953946ecfde9296a61
Encoding signed superblob...
Writing superblob to MachO...
Applying App Store code directory...
Adding new signature blob...
Updating TeamID...
TeamID set to T8ALTGMVXN!
Doing initial signing to calculate size...
SHA1 hash: 51f9bca295be9c2e1dee77d093ce0fcf3fc93450
SHA256 hash: cb6d4d8565439ac815cd7e507d5c3f04e57ab2874d8ac52b8557ba8734901bbb
Encoding unsigned superblob...
Updating load commands...
Updating __LINKEDIT segment...
Updating LC_CODE_SIGNATURE load command...
Updating code slot hashes...
Signing binary...
SHA1 hash: 51f9bca295be9c2e1dee77d093ce0fcf3fc93450
SHA256 hash: 328bb8a5686c86af66c46cf3b2d7bd5825137578b7e799afe7c762a0f07d3cad
Encoding signed superblob...
Writing superblob to MachO...
Applying App Store code directory...
Adding new signature blob...
Updating TeamID...
TeamID set to T8ALTGMVXN!
Doing initial signing to calculate size...
SHA1 hash: 51f9bca295be9c2e1dee77d093ce0fcf3fc93450
SHA256 hash: 969d9b57ae54bf44c77a539b60725860eb7f56ad3aba4d1c894181d688bedff5
Encoding unsigned superblob...
Updating load commands...
Updating __LINKEDIT segment...
Updating LC_CODE_SIGNATURE load command...
Updating code slot hashes...
Signing binary...
SHA1 hash: 51f9bca295be9c2e1dee77d093ce0fcf3fc93450
SHA256 hash: 7327f51d2c0660411ef92529072efb69a854d195578ee907ed06e99dc809a72d
Encoding signed superblob...
Writing superblob to MachO...
Applying App Store code directory...
Adding new signature blob...
Updating TeamID...
TeamID set to T8ALTGMVXN2026-08-24 13:14:18.795 trollstorehelper[56437:572251] [/private/var/tmp/FCAF9AAA-1D9D-4741-B2BB-D5394A1C8E4C/Payload/Juice.app/Grape-X64/build/wine-ios/loader/wine] Applied CoreTrust bypass!
2026-08-24 13:14:18.795 trollstorehelper[56437:572251] /private/var/tmp/FCAF9AAA-1D9D-4741-B2BB-D5394A1C8E4C/Payload/Juice.app/Grape-X64/build/wine-ios/dlls/opengl32/opengl32.so is binary
2026-08-24 13:14:18.799 trollstorehelper[56437:572251] [/private/var/tmp/FCAF9AAA-1D9D-4741-B2BB-D5394A1C8E4C/Payload/Juice.app/Grape-X64/build/wine-ios/dlls/opengl32/opengl32.so] Applying CoreTrust bypass...
2026-08-24 13:14:18.804 trollstorehelper[56437:572251] [/private/var/tmp/FCAF9AAA-1D9D-4741-B2BB-D5394A1C8E4C/Payload/Juice.app/Grape-X64/build/wine-ios/dlls/opengl32/opengl32.so] Applied CoreTrust bypass!
2026-08-24 13:14:18.804 trollstorehelper[56437:572251] /private/var/tmp/FCAF9AAA-1D9D-4741-B2BB-D5394A1C8E4C/Payload/Juice.app/Grape-X64/build/wine-ios/dlls/wineios.drv/wineios.so is binary
2026-08-24 13:14:18.805 trollstorehelper[56437:572251] [/private/var/tmp/FCAF9AAA-1D9D-4741-B2BB-D5394A1C8E4C/Payload/Juice.app/Grape-X64/build/wine-ios/dlls/wineios.drv/wineios.so] Applying CoreTrust bypass...
2026-08-24 13:14:18.808 trollstorehelper[56437:572251] [/private/var/tmp/FCAF9AAA-1D9D-4741-B2BB-D5394A1C8E4C/Payload/Juice.app/Grape-X64/build/wine-ios/dlls/wineios.drv/wineios.so] Applied CoreTrust bypass!
2026-08-24 13:14:18.808 trollstorehelper[56437:572251] /private/var/tmp/FCAF9AAA-1D9D-4741-B2BB-D5394A1C8E4C/Payload/Juice.app/Grape-X64/build/wine-ios/dlls/ws2_32/ws2_32.so is binary
2026-08-24 13:14:18.809 trollstorehelper[56437:572251] [/private/var/tmp/FCAF9AAA-1D9D-4741-B2BB-D5394A1C8E4C/Payload/Juice.app/Grape-X64/build/wine-ios/dlls/ws2_32/ws2_32.so] Applying CoreTrust bypass...
2026-08-24 13:14:18.812 trollstorehelper[56437:572251] [/private/var/tmp/FCAF9AAA-1D9D-4741-B2BB-D5394A1C8E4C/Payload/Juice.app/Grape-X64/build/wine-ios/dlls/ws2_32/ws2_32.so] Applied CoreTrust bypass!
2026-08-24 13:14:18.812 trollstorehelper[56437:572251] /private/var/tmp/FCAF9AAA-1D9D-4741-B2BB-D5394A1C8E4C/Payload/Juice.app/Grape-X64/build/wine-ios/dlls/ntdll/ntdll.so is binary
2026-08-24 13:14:18.814 trollstorehelper[56437:572251] [/private/var/tmp/FCAF9AAA-1D9D-4741-B2BB-D5394A1C8E4C/Payload/Juice.app/Grape-X64/build/wine-ios/dlls/ntdll/ntdll.so] Applying CoreTrust bypass...
2026-08-24 13:14:18.817 trollstorehelper[56437:572251] [/private/var/tmp/FCAF9AAA-1D9D-4741-B2BB-D5394A1C8E4C/Payload/Juice.app/Grape-X64/build/wine-ios/dlls/ntdll/ntdll.so] Applied CoreTrust bypass!
2026-08-24 13:14:18.818 trollstorehelper[56437:572251] /private/var/tmp/FCAF9AAA-1D9D-4741-B2BB-D5394A1C8E4C/Payload/Juice.app/Grape-X64/build/wine-ios/dlls/dwrite/dwrite.so is binary
2026-08-24 13:14:18.821 trollstorehelper[56437:572251] [/private/var/tmp/FCAF9AAA-1D9D-4741-B2BB-D5394A1C8E4C/Payload/Juice.app/Grape-X64/build/wine-ios/dlls/dwrite/dwrite.so] Applying CoreTrust bypass...
2026-08-24 13:14:18.824 trollstorehelper[56437:572251] [/private/var/tmp/FCAF9AAA-1D9D-4741-B2BB-D5394A1C8E4C/Payload/Juice.app/Grape-X64/build/wine-ios/dlls/dwrite/dwrite.so] Applied CoreTrust bypass!
2026-08-24 13:14:18.825 trollstorehelper[56437:572251] /private/var/tmp/FCAF9AAA-1D9D-4741-B2BB-D5394A1C8E4C/Payload/Juice.app/Grape-X64/build/wine-ios/dlls/winevulkan/winevulkan.so is binary
2026-08-24 13:14:18.829 trollstorehelper[56437:572251] [/private/var/tmp/FCAF9AAA-1D9D-4741-B2BB-D5394A1C8E4C/Payload/Juice.app/Grape-X64/build/wine-ios/dlls/winevulkan/winevulkan.so] Applying CoreTrust bypass...
!
Doing initial signing to calculate size...
SHA1 hash: 51f9bca295be9c2e1dee77d093ce0fcf3fc93450
SHA256 hash: 9f4fc3727b513f83cfbf1d9b2f0b838aab8f29c05df6bf85ae2d55854f1e330b
Encoding unsigned superblob...
Updating load commands...
Updating __LINKEDIT segment...
Updating LC_CODE_SIGNATURE load command...
Updating code slot hashes...
Signing binary...
SHA1 hash: 51f9bca295be9c2e1dee77d093ce0fcf3fc93450
SHA256 hash: b6f650a7581782d688295fa3f4415a9844a1a0afda9089b2f8f4cd3e6042b951
Encoding signed superblob...
Writing superblob to MachO...
Applying App Store code directory...
Adding new signature blob...
Updating TeamID...
TeamID set to T8ALTGMVXN!
Doing initial signing to calculate size...
SHA1 hash: 51f9bca295be9c2e1dee77d093ce0fcf3fc93450
SHA256 hash: cc8e19a0acafb50c0419ccb1147e759eeaebbb73e6a894cad60ada488af013c7
Encoding unsigned superblob...
Updating load commands...
Updating __LINKEDIT segment...
Updating LC_CODE_SIGNATURE load command...
Updating code slot hashes...
Signing binary...
SHA1 hash: 51f9bca295be9c2e1dee77d093ce0fcf3fc93450
SHA256 hash: 3c17e45c779baa66d7903943c5ac8f0d3bd705b4e3470cc069bf6d82ecf082bb
Encoding signed superblob...
Writing superblob to MachO...
Applying App Store code directory...
Adding new signature blob...
Updating TeamID...
TeamID set to T8ALTGMVXN!
Doing initial signing to calculate size...
SHA1 hash: 51f9bca295be9c2e1dee77d093ce0fcf3fc93450
SHA256 hash: 6b93dd59ef44f5144be79c4bdc9f7633ed72de59f521b79affee3d28e711365c
Encoding unsigned superblob...
Updating load commands...
Updating __LINKEDIT segment...
Updating LC_CODE_SIGNATURE load command...
Updating code slot hashes...
Signing binary...
SHA1 hash: 51f9bca295be9c2e1dee77d093ce0fcf3fc93450
SHA256 hash: b6d3bc3165d5d00e65abb5db027da2a6b9fe166ef55321fe2ee6bc3ee30125cb
Encoding signed superblob...
Writing superblob to MachO...
Applying App Store code directory...
Adding new signature blob...
Updating TeamID...
TeamID set to T8ALTGMVXN!
Doing initial signing to calculate size...
SHA1 hash: 51f9bca295be9c2e1dee77d093ce0fcf3fc93450
SHA256 hash: 39a06efc5bc8b501042423c10c7695055f02c800ffe10c985d6cecca4ed0c52c
Encoding unsigned superblob...
Updating load commands...
Updating __LINKEDIT segment...
Updating LC_CODE_SIGNATURE load command...
Updating code slot hashes...
Signing binary...
SHA1 hash: 51f9bca295be9c2e1dee77d093ce0fcf3fc93450
SHA256 hash: d700265978ed12fc8394e430fec4442624da6c2617d25faf4ba9a01fb2c3b5f6
Encoding signed superblob...
Writing superblob to MachO...
Applying App Store code directory...
Adding new signature blob...
Updating TeamID...
TeamID set to T8ALTGMVXN!
Doing initial signing to calculate size...
SHA1 hash: 51f9bca295be9c2e1dee77d093ce0fcf3fc93450
SHA256 hash: 767b05343d6f18114c66aa988212eb6f15a67e8aa23f352f58d92d37e781bc3e
Encoding unsigned superblob...
Updating load commands...
Updating __LINKEDIT segment...
Updating LC_CODE_SIGNATURE load command...
Updating code slot hashes...
Signing binary...
SHA1 hash: 51f9bca295be9c2e1dee77d093ce0fcf3fc93450
SHA256 hash: dcc3e6411ea39c5d2a56dac68317da6233ee8a341002bad07b385159eb3011df
Encoding signed superblob...
Writing superblob to MachO...
Applying App Store code directory...
Adding new signature blob...
Updating TeamID...
TeamID set to T8ALTGMVXN!
Doing initial signing to calculate size...
SHA1 hash: 51f9bca295be9c2e1dee77d093ce0fcf3fc93450
SHA256 hash: 2bc65e552a069380df8d1828e9091a1cee450ab718bb65d108af1969da85dfb5
Encoding unsigned superblob...
Updating load commands...
Updating __LINKEDIT segment...
Updating LC_CODE_SIGNATURE load command...
Updating code slot hashes...
Signing binary...
SHA1 hash: 51f9bca295be9c2e1dee77d093ce0fcf3fc93450
SHA256 hash: ea6d495f2c69a0c2196dafd16dc58e7e81bc0280e02fb324e98f8361fdc44085
Encoding signed superblob...
Writing superblob to MachO...
Applying App Store code directory...
Adding new signature blob...
Updating TeamID...
TeamID set to T8ALTGMVXN!
Doing initial signing to calculate size...
SHA1 hash: 51f9bca295be9c2e1dee77d093ce0fcf3fc93450
SHA256 hash: cb6d4d8565439ac815cd7e507d5c3f04e57ab2874d8ac52b8557ba8734901bbb
Encoding unsign2026-08-24 13:14:18.833 trollstorehelper[56437:572251] [/private/var/tmp/FCAF9AAA-1D9D-4741-B2BB-D5394A1C8E4C/Payload/Juice.app/Grape-X64/build/wine-ios/dlls/winevulkan/winevulkan.so] Applied CoreTrust bypass!
2026-08-24 13:14:18.833 trollstorehelper[56437:572251] /private/var/tmp/FCAF9AAA-1D9D-4741-B2BB-D5394A1C8E4C/Payload/Juice.app/Grape-X64/build/wine-ios/dlls/secur32/secur32.so is binary
2026-08-24 13:14:18.834 trollstorehelper[56437:572251] [/private/var/tmp/FCAF9AAA-1D9D-4741-B2BB-D5394A1C8E4C/Payload/Juice.app/Grape-X64/build/wine-ios/dlls/secur32/secur32.so] Applying CoreTrust bypass...
2026-08-24 13:14:18.837 trollstorehelper[56437:572251] [/private/var/tmp/FCAF9AAA-1D9D-4741-B2BB-D5394A1C8E4C/Payload/Juice.app/Grape-X64/build/wine-ios/dlls/secur32/secur32.so] Applied CoreTrust bypass!
2026-08-24 13:14:18.837 trollstorehelper[56437:572251] /private/var/tmp/FCAF9AAA-1D9D-4741-B2BB-D5394A1C8E4C/Payload/Juice.app/Grape-X64/build/wine-ios/dlls/crypt32/crypt32.so is binary
2026-08-24 13:14:18.844 trollstorehelper[56437:572251] [/private/var/tmp/FCAF9AAA-1D9D-4741-B2BB-D5394A1C8E4C/Payload/Juice.app/Grape-X64/build/wine-ios/dlls/crypt32/crypt32.so] Applying CoreTrust bypass...
2026-08-24 13:14:18.848 trollstorehelper[56437:572251] [/private/var/tmp/FCAF9AAA-1D9D-4741-B2BB-D5394A1C8E4C/Payload/Juice.app/Grape-X64/build/wine-ios/dlls/crypt32/crypt32.so] Applied CoreTrust bypass!
2026-08-24 13:14:18.848 trollstorehelper[56437:572251] /private/var/tmp/FCAF9AAA-1D9D-4741-B2BB-D5394A1C8E4C/Payload/Juice.app/Grape-X64/build/wine-ios/dlls/mountmgr.sys/mountmgr.so is binary
2026-08-24 13:14:18.848 trollstorehelper[56437:572251] [/private/var/tmp/FCAF9AAA-1D9D-4741-B2BB-D5394A1C8E4C/Payload/Juice.app/Grape-X64/build/wine-ios/dlls/mountmgr.sys/mountmgr.so] Applying CoreTrust bypass...
2026-08-24 13:14:18.852 trollstorehelper[56437:572251] [/private/var/tmp/FCAF9AAA-1D9D-4741-B2BB-D5394A1C8E4C/Payload/Juice.app/Grape-X64/build/wine-ios/dlls/mountmgr.sys/mountmgr.so] Applied CoreTrust bypass!
2026-08-24 13:14:18.852 trollstorehelper[56437:572251] /private/var/tmp/FCAF9AAA-1D9D-4741-B2BB-D5394A1C8E4C/Payload/Juice.app/Grape-X64/build/wine-ios/dlls/dnsapi/dnsapi.so is binary
2026-08-24 13:14:18.853 trollstorehelper[56437:572251] [/private/var/tmp/FCAF9AAA-1D9D-4741-B2BB-D5394A1C8E4C/Payload/Juice.app/Grape-X64/build/wine-ios/dlls/dnsapi/dnsapi.so] Applying CoreTrust bypass...
2026-08-24 13:14:18.856 trollstorehelper[56437:572251] [/private/var/tmp/FCAF9AAA-1D9D-4741-B2BB-D5394A1C8E4C/Payload/Juice.app/Grape-X64/build/wine-ios/dlls/dnsapi/dnsapi.so] Applied CoreTrust bypass!
2026-08-24 13:14:18.856 trollstorehelper[56437:572251] /private/var/tmp/FCAF9AAA-1D9D-4741-B2BB-D5394A1C8E4C/Payload/Juice.app/Grape-X64/build/wine-ios/dlls/win32u/win32u.so is binary
2026-08-24 13:14:18.864 trollstorehelper[56437:572251] [/private/var/tmp/FCAF9AAA-1D9D-4741-B2BB-D5394A1C8E4C/Payload/Juice.app/Grape-X64/build/wine-ios/dlls/win32u/win32u.so] Applying CoreTrust bypass...
2026-08-24 13:14:18.870 trollstorehelper[56437:572251] [/private/var/tmp/FCAF9AAA-1D9D-4741-B2BB-D5394A1C8E4C/Payload/Juice.app/Grape-X64/build/wine-ios/dlls/win32u/win32u.so] Applied CoreTrust bypass!
2026-08-24 13:14:18.873 trollstorehelper[56437:572251] /private/var/tmp/FCAF9AAA-1D9D-4741-B2BB-D5394A1C8E4C/Payload/Juice.app/Grape/tools/juice-lowva-helper is binary
2026-08-24 13:14:18.874 trollstorehelper[56437:572251] [/private/var/tmp/FCAF9AAA-1D9D-4741-B2BB-D5394A1C8E4C/Payload/Juice.app/Grape/tools/juice-lowva-helper] Applying CoreTrust bypass...
ed superblob...
Updating load commands...
Updating __LINKEDIT segment...
Updating LC_CODE_SIGNATURE load command...
Updating code slot hashes...
Signing binary...
SHA1 hash: 51f9bca295be9c2e1dee77d093ce0fcf3fc93450
SHA256 hash: 328bb8a5686c86af66c46cf3b2d7bd5825137578b7e799afe7c762a0f07d3cad
Encoding signed superblob...
Writing superblob to MachO...
Applying App Store code directory...
Adding new signature blob...
Updating TeamID...
TeamID set to T8ALTGMVXN!
Doing initial signing to calculate size...
SHA1 hash: 51f9bca295be9c2e1dee77d093ce0fcf3fc93450
SHA256 hash: 49335decb3c034d6aa813c509e23eb9061f6e8d92d206b83c595e97c3a15288b
Encoding unsigned superblob...
Updating load commands...
Updating __LINKEDIT segment...
Updating LC_CODE_SIGNATURE load command...
Updating code slot hashes...
Signing binary...
SHA1 hash: 51f9bca295be9c2e1dee77d093ce0fcf3fc93450
SHA256 hash: bfa91ddd5b00b6813d7796e5a059fdf729312d023f892c04d40efc05ec6dc013
Encoding signed superblob...
Writing superblob to MachO...
Applying App Store code directory...
Adding new signature blob...
Updating TeamID...
TeamID set to T8ALTGMVXN!
Doing initial signing to calculate size...
SHA1 hash: 51f9bca295be9c2e1dee77d093ce0fcf3fc93450
SHA256 hash: 20b1db24e6a674738eba95066c63a51c73cc16e73dbf2e3e22a9b4116166cecc
Encoding unsigned superblob...
Updating load commands...
Updating __LINKEDIT segment...
Updating LC_CODE_SIGNATURE load command...
Updating code slot hashes...
Signing binary...
SHA1 hash: 51f9bca295be9c2e1dee77d093ce0fcf3fc93450
SHA256 hash: 88af8610f4e71ba23f720dc56d2ce0b9848acc9356670c92f975ef698d1f51b0
Encoding signed superblob...
Writing superblob to MachO...
Applying App Store code directory...
Adding new signature blob...
Updating TeamID...
TeamID set to T8ALTGMVXN!
Doing initial signing to calculate size...
SHA1 hash: 51f9bca295be9c2e1dee77d093ce0fcf3fc93450
SHA256 hash: d2c7ccd20f5fc6b0dac2a59ab7d6743d450276fc65a2749034b786310ca424dc
Encoding unsigned superblob...
Updating load commands...
Updating __LINKEDIT segment...
Updating LC_CODE_SIGNATURE load command...
Updating code slot hashes...
Signing binary...
SHA1 hash: 51f9bca295be9c2e1dee77d093ce0fcf3fc93450
SHA256 hash: 13728e75ef37b5d104210286e4597619ce1a672245f85d953946ecfde9296a61
Encoding signed superblob...
Writing superblob to MachO...
Applying App Store code directory...
Adding new signature blob...
Updating TeamID...
TeamID set to T8ALTGMVXN!
Doing initial signing to calculate size...
SHA1 hash: 51f9bca295be9c2e1dee77d093ce0fcf3fc93450
SHA256 hash: fb0b378cd0bb7fc24ee199cf9a8cb706c1b3ed158ffbc74cbcc8793b95dcc7a8
Encoding unsigned superblob...
Updating load commands...
Updating __LINKEDIT segment...
Updating LC_CODE_SIGNATURE load command...
Updating code slot hashes...
Signing binary...
SHA1 hash: 51f9bca295be9c2e1dee77d093ce0fcf3fc93450
SHA256 hash: 1207fb0d77bbce8a5a08e2fe2ef1da953ba5818916ddda2c51df54d618f93666
Encoding signed superblob...
Writing superblob to MachO...
Applying App Store code directory...
Adding new signature blob...
Updating TeamID...
TeamID set to T8ALTGMVXN!
Doing initial signing to calculate size...
SHA1 hash: 51f9bca295be9c2e1dee77d093ce0fcf3fc93450
SHA256 hash: f80ccae63c23681455407629f0fd1edc1e5f485d8f342339f1c2aaad3dd57f1f
Encoding unsigned superblob...
Updating load commands...
Updating __LINKEDIT segment...
Updating LC_CODE_SIGNATURE load command...
Updating code slot hashes...
Signing binary...
SHA1 hash: 51f9bca295be9c2e1dee77d093ce0fcf3fc93450
SHA256 hash: e92a6698259c4b9b7474413e206b54a944edd2f60dfae5cd99fd1f30ec8072de
Encoding signed superblob...
Writing superblob to MachO...
Applying App Store code directory...
Adding new signature blob...
Updating TeamID...
TeamID set to T8ALTGMVXN!
Doing initial signing to calculate size...
SHA1 hash: 51f9bca295be9c2e1dee77d093ce0fcf3fc93450
SHA256 hash: 7f9200fd18dc254da292325aac57e29a9bf282da5abe08e394b35bd102341df4
Encoding unsigned superblob...
Updating load commands...
Updating __LINKEDIT segment...
Updating LC_CODE_SIGNATURE load command...
Updating code slot hashes...
Signing binary...
SHA1 hash: 51f9bca295be9c2e2026-08-24 13:14:18.877 trollstorehelper[56437:572251] [/private/var/tmp/FCAF9AAA-1D9D-4741-B2BB-D5394A1C8E4C/Payload/Juice.app/Grape/tools/juice-lowva-helper] Applied CoreTrust bypass!
2026-08-24 13:14:18.878 trollstorehelper[56437:572251] /private/var/tmp/FCAF9AAA-1D9D-4741-B2BB-D5394A1C8E4C/Payload/Juice.app/Grape/tools/grape-nested-wrapper is binary
2026-08-24 13:14:18.878 trollstorehelper[56437:572251] [/private/var/tmp/FCAF9AAA-1D9D-4741-B2BB-D5394A1C8E4C/Payload/Juice.app/Grape/tools/grape-nested-wrapper] Applying CoreTrust bypass...
2026-08-24 13:14:18.881 trollstorehelper[56437:572251] [/private/var/tmp/FCAF9AAA-1D9D-4741-B2BB-D5394A1C8E4C/Payload/Juice.app/Grape/tools/grape-nested-wrapper] Applied CoreTrust bypass!
2026-08-24 13:14:18.882 trollstorehelper[56437:572251] /private/var/tmp/FCAF9AAA-1D9D-4741-B2BB-D5394A1C8E4C/Payload/Juice.app/Grape/tools/grape-trace-parent is binary
2026-08-24 13:14:18.882 trollstorehelper[56437:572251] [/private/var/tmp/FCAF9AAA-1D9D-4741-B2BB-D5394A1C8E4C/Payload/Juice.app/Grape/tools/grape-trace-parent] Applying CoreTrust bypass...
2026-08-24 13:14:18.885 trollstorehelper[56437:572251] [/private/var/tmp/FCAF9AAA-1D9D-4741-B2BB-D5394A1C8E4C/Payload/Juice.app/Grape/tools/grape-trace-parent] Applied CoreTrust bypass!
2026-08-24 13:14:18.886 trollstorehelper[56437:572251] /private/var/tmp/FCAF9AAA-1D9D-4741-B2BB-D5394A1C8E4C/Payload/Juice.app/Grape/runtime/lib/wine/aarch64-unix/opengl32.so is binary
2026-08-24 13:14:18.890 trollstorehelper[56437:572251] [/private/var/tmp/FCAF9AAA-1D9D-4741-B2BB-D5394A1C8E4C/Payload/Juice.app/Grape/runtime/lib/wine/aarch64-unix/opengl32.so] Applying CoreTrust bypass...
2026-08-24 13:14:18.895 trollstorehelper[56437:572251] [/private/var/tmp/FCAF9AAA-1D9D-4741-B2BB-D5394A1C8E4C/Payload/Juice.app/Grape/runtime/lib/wine/aarch64-unix/opengl32.so] Applied CoreTrust bypass!
2026-08-24 13:14:18.895 trollstorehelper[56437:572251] /private/var/tmp/FCAF9AAA-1D9D-4741-B2BB-D5394A1C8E4C/Payload/Juice.app/Grape/runtime/lib/wine/aarch64-unix/dnsapi.so is binary
2026-08-24 13:14:18.895 trollstorehelper[56437:572251] [/private/var/tmp/FCAF9AAA-1D9D-4741-B2BB-D5394A1C8E4C/Payload/Juice.app/Grape/runtime/lib/wine/aarch64-unix/dnsapi.so] Applying CoreTrust bypass...
2026-08-24 13:14:18.899 trollstorehelper[56437:572251] [/private/var/tmp/FCAF9AAA-1D9D-4741-B2BB-D5394A1C8E4C/Payload/Juice.app/Grape/runtime/lib/wine/aarch64-unix/dnsapi.so] Applied CoreTrust bypass!
2026-08-24 13:14:18.899 trollstorehelper[56437:572251] /private/var/tmp/FCAF9AAA-1D9D-4741-B2BB-D5394A1C8E4C/Payload/Juice.app/Grape/runtime/lib/wine/aarch64-unix/crypt32.so is binary
2026-08-24 13:14:18.900 trollstorehelper[56437:572251] [/private/var/tmp/FCAF9AAA-1D9D-4741-B2BB-D5394A1C8E4C/Payload/Juice.app/Grape/runtime/lib/wine/aarch64-unix/crypt32.so] Applying CoreTrust bypass...
2026-08-24 13:14:18.903 trollstorehelper[56437:572251] [/private/var/tmp/FCAF9AAA-1D9D-4741-B2BB-D5394A1C8E4C/Payload/Juice.app/Grape/runtime/lib/wine/aarch64-unix/crypt32.so] Applied CoreTrust bypass!
2026-08-24 13:14:18.903 trollstorehelper[56437:572251] /private/var/tmp/FCAF9AAA-1D9D-4741-B2BB-D5394A1C8E4C/Payload/Juice.app/Grape/runtime/lib/wine/aarch64-unix/ntdll.so is binary
2026-08-24 13:14:18.905 trollstorehelper[56437:572251] [/private/var/tmp/FCAF9AAA-1D9D-4741-B2BB-D5394A1C8E4C/Payload/Juice.app/Grape/runtime/lib/wine/aarch64-unix/ntdll.so] Applying CoreTrust bypass...
2026-08-24 13:14:18.909 trollstorehelper[56437:572251] [/private/var/tmp/FCAF9AAA-1D9D-4741-B2BB-D5394A1C8E4C/Payload/Juice.app/Grape/runtime/lib/wine/aarch64-unix/ntdll.so] Applied CoreTrust bypass!
2026-08-24 13:14:18.909 trollstorehelper[56437:572251] /private/var/tmp/FCAF9AAA-1D9D-4741-B2BB-D5394A1C8E4C/Payload/Juice.app/Grape/runtime/lib/wine/aarch64-unix/ws2_32.so is binary
2026-08-24 13:14:18.909 trollstorehelper[56437:572251] [/private/var/tmp/FCAF9AAA-1D9D-4741-B2BB-D5394A1C8E4C/Payload/Juice.app/Grape/runtime/lib/wine/aarch64-unix/ws2_32.so] Applying CoreTrust bypass...
1dee77d093ce0fcf3fc93450
SHA256 hash: aab16fb854b155cb0fe33c4057ac957a4d5a1230944781a64d06b6e9e32e186a
Encoding signed superblob...
Writing superblob to MachO...
Applying App Store code directory...
Adding new signature blob...
Updating TeamID...
TeamID set to T8ALTGMVXN!
Doing initial signing to calculate size...
SHA1 hash: 51f9bca295be9c2e1dee77d093ce0fcf3fc93450
SHA256 hash: 1f52bd16531741c110c316d400718fa86f388ad944d74b838cf4baf3d00ac816
Encoding unsigned superblob...
Updating load commands...
Updating __LINKEDIT segment...
Updating LC_CODE_SIGNATURE load command...
Updating code slot hashes...
Signing binary...
SHA1 hash: 51f9bca295be9c2e1dee77d093ce0fcf3fc93450
SHA256 hash: 47456efe59acc5076bd2b811e2c1da62dda3c98022f4ca1073205f5262345b6f
Encoding signed superblob...
Writing superblob to MachO...
Applying App Store code directory...
Adding new signature blob...
Updating TeamID...
TeamID set to T8ALTGMVXN!
Doing initial signing to calculate size...
SHA1 hash: 51f9bca295be9c2e1dee77d093ce0fcf3fc93450
SHA256 hash: 84fb224e59fd5e30e25d3975da418126c64f5498a232a2a2251346fb1bd0bd6e
Encoding unsigned superblob...
Updating load commands...
Updating __LINKEDIT segment...
Updating LC_CODE_SIGNATURE load command...
Updating code slot hashes...
Signing binary...
SHA1 hash: 51f9bca295be9c2e1dee77d093ce0fcf3fc93450
SHA256 hash: 8e36ac49ebd3079be353d2892d8ea1833e302c2df742048d10d3fe9eb19556ab
Encoding signed superblob...
Writing superblob to MachO...
Applying App Store code directory...
Adding new signature blob...
Updating TeamID...
TeamID set to T8ALTGMVXN!
Doing initial signing to calculate size...
SHA1 hash: 51f9bca295be9c2e1dee77d093ce0fcf3fc93450
SHA256 hash: cc8e19a0acafb50c0419ccb1147e759eeaebbb73e6a894cad60ada488af013c7
Encoding unsigned superblob...
Updating load commands...
Updating __LINKEDIT segment...
Updating LC_CODE_SIGNATURE load command...
Updating code slot hashes...
Signing binary...
SHA1 hash: 51f9bca295be9c2e1dee77d093ce0fcf3fc93450
SHA256 hash: 3c17e45c779baa66d7903943c5ac8f0d3bd705b4e3470cc069bf6d82ecf082bb
Encoding signed superblob...
Writing superblob to MachO...
Applying App Store code directory...
Adding new signature blob...
Updating TeamID...
TeamID set to T8ALTGMVXN!
Doing initial signing to calculate size...
SHA1 hash: 51f9bca295be9c2e1dee77d093ce0fcf3fc93450
SHA256 hash: fb0b378cd0bb7fc24ee199cf9a8cb706c1b3ed158ffbc74cbcc8793b95dcc7a8
Encoding unsigned superblob...
Updating load commands...
Updating __LINKEDIT segment...
Updating LC_CODE_SIGNATURE load command...
Updating code slot hashes...
Signing binary...
SHA1 hash: 51f9bca295be9c2e1dee77d093ce0fcf3fc93450
SHA256 hash: 1207fb0d77bbce8a5a08e2fe2ef1da953ba5818916ddda2c51df54d618f93666
Encoding signed superblob...
Writing superblob to MachO...
Applying App Store code directory...
Adding new signature blob...
Updating TeamID...
TeamID set to T8ALTGMVXN!
Doing initial signing to calculate size...
SHA1 hash: 51f9bca295be9c2e1dee77d093ce0fcf3fc93450
SHA256 hash: 20b1db24e6a674738eba95066c63a51c73cc16e73dbf2e3e22a9b4116166cecc
Encoding unsigned superblob...
Updating load commands...
Updating __LINKEDIT segment...
Updating LC_CODE_SIGNATURE load command...
Updating code slot hashes...
Signing binary...
SHA1 hash: 51f9bca295be9c2e1dee77d093ce0fcf3fc93450
SHA256 hash: 88af8610f4e71ba23f720dc56d2ce0b9848acc9356670c92f975ef698d1f51b0
Encoding signed superblob...
Writing superblob to MachO...
Applying App Store code directory...
Adding new signature blob...
Updating TeamID...
TeamID set to T8ALTGMVXN!
Doing initial signing to calculate size...
SHA1 hash: 51f9bca295be9c2e1dee77d093ce0fcf3fc93450
SHA256 hash: 767b05343d6f18114c66aa988212eb6f15a67e8aa23f352f58d92d37e781bc3e
Encoding unsigned superblob...
Updating load commands...
Updating __LINKEDIT segment...
Updating LC_CODE_SIGNATURE load command...
Updating code slot hashes...
Signing binary...
SHA1 hash: 51f9bca295be9c2e1dee77d093ce0fcf3fc93450
SHA256 hash: dcc3e6411ea39c5d2a56dac68317da6233ee8a341002bad07b385159eb3011df
Encoding signed superblob...
Writing superblob to MachO...
Applying App Store code dire2026-08-24 13:14:18.913 trollstorehelper[56437:572251] [/private/var/tmp/FCAF9AAA-1D9D-4741-B2BB-D5394A1C8E4C/Payload/Juice.app/Grape/runtime/lib/wine/aarch64-unix/ws2_32.so] Applied CoreTrust bypass!
2026-08-24 13:14:18.913 trollstorehelper[56437:572251] /private/var/tmp/FCAF9AAA-1D9D-4741-B2BB-D5394A1C8E4C/Payload/Juice.app/Grape/runtime/lib/wine/aarch64-unix/wineios.so is binary
2026-08-24 13:14:18.913 trollstorehelper[56437:572251] [/private/var/tmp/FCAF9AAA-1D9D-4741-B2BB-D5394A1C8E4C/Payload/Juice.app/Grape/runtime/lib/wine/aarch64-unix/wineios.so] Applying CoreTrust bypass...
2026-08-24 13:14:18.917 trollstorehelper[56437:572251] [/private/var/tmp/FCAF9AAA-1D9D-4741-B2BB-D5394A1C8E4C/Payload/Juice.app/Grape/runtime/lib/wine/aarch64-unix/wineios.so] Applied CoreTrust bypass!
2026-08-24 13:14:18.917 trollstorehelper[56437:572251] /private/var/tmp/FCAF9AAA-1D9D-4741-B2BB-D5394A1C8E4C/Payload/Juice.app/Grape/runtime/lib/wine/aarch64-unix/win32u.so is binary
2026-08-24 13:14:18.931 trollstorehelper[56437:572251] [/private/var/tmp/FCAF9AAA-1D9D-4741-B2BB-D5394A1C8E4C/Payload/Juice.app/Grape/runtime/lib/wine/aarch64-unix/win32u.so] Applying CoreTrust bypass...
2026-08-24 13:14:18.936 trollstorehelper[56437:572251] [/private/var/tmp/FCAF9AAA-1D9D-4741-B2BB-D5394A1C8E4C/Payload/Juice.app/Grape/runtime/lib/wine/aarch64-unix/win32u.so] Applied CoreTrust bypass!
2026-08-24 13:14:18.937 trollstorehelper[56437:572251] /private/var/tmp/FCAF9AAA-1D9D-4741-B2BB-D5394A1C8E4C/Payload/Juice.app/Grape/runtime/lib/wine/aarch64-unix/dwrite.so is binary
2026-08-24 13:14:18.942 trollstorehelper[56437:572251] [/private/var/tmp/FCAF9AAA-1D9D-4741-B2BB-D5394A1C8E4C/Payload/Juice.app/Grape/runtime/lib/wine/aarch64-unix/dwrite.so] Applying CoreTrust bypass...
2026-08-24 13:14:18.946 trollstorehelper[56437:572251] [/private/var/tmp/FCAF9AAA-1D9D-4741-B2BB-D5394A1C8E4C/Payload/Juice.app/Grape/runtime/lib/wine/aarch64-unix/dwrite.so] Applied CoreTrust bypass!
2026-08-24 13:14:18.946 trollstorehelper[56437:572251] /private/var/tmp/FCAF9AAA-1D9D-4741-B2BB-D5394A1C8E4C/Payload/Juice.app/Grape/runtime/lib/wine/aarch64-unix/secur32.so is binary
2026-08-24 13:14:18.947 trollstorehelper[56437:572251] [/private/var/tmp/FCAF9AAA-1D9D-4741-B2BB-D5394A1C8E4C/Payload/Juice.app/Grape/runtime/lib/wine/aarch64-unix/secur32.so] Applying CoreTrust bypass...
2026-08-24 13:14:18.950 trollstorehelper[56437:572251] [/private/var/tmp/FCAF9AAA-1D9D-4741-B2BB-D5394A1C8E4C/Payload/Juice.app/Grape/runtime/lib/wine/aarch64-unix/secur32.so] Applied CoreTrust bypass!
2026-08-24 13:14:18.950 trollstorehelper[56437:572251] /private/var/tmp/FCAF9AAA-1D9D-4741-B2BB-D5394A1C8E4C/Payload/Juice.app/Grape/runtime/lib/wine/aarch64-unix/mountmgr.so is binary
2026-08-24 13:14:18.951 trollstorehelper[56437:572251] [/private/var/tmp/FCAF9AAA-1D9D-4741-B2BB-D5394A1C8E4C/Payload/Juice.app/Grape/runtime/lib/wine/aarch64-unix/mountmgr.so] Applying CoreTrust bypass...
2026-08-24 13:14:18.954 trollstorehelper[56437:572251] [/private/var/tmp/FCAF9AAA-1D9D-4741-B2BB-D5394A1C8E4C/Payload/Juice.app/Grape/runtime/lib/wine/aarch64-unix/mountmgr.so] Applied CoreTrust bypass!
2026-08-24 13:14:18.954 trollstorehelper[56437:572251] /private/var/tmp/FCAF9AAA-1D9D-4741-B2BB-D5394A1C8E4C/Payload/Juice.app/Grape/runtime/lib/wine/aarch64-unix/winevulkan.so is binary
2026-08-24 13:14:18.959 trollstorehelper[56437:572251] [/private/var/tmp/FCAF9AAA-1D9D-4741-B2BB-D5394A1C8E4C/Payload/Juice.app/Grape/runtime/lib/wine/aarch64-unix/winevulkan.so] Applying CoreTrust bypass...
ctory...
Adding new signature blob...
Updating TeamID...
TeamID set to T8ALTGMVXN!
Doing initial signing to calculate size...
SHA1 hash: 51f9bca295be9c2e1dee77d093ce0fcf3fc93450
SHA256 hash: 39a06efc5bc8b501042423c10c7695055f02c800ffe10c985d6cecca4ed0c52c
Encoding unsigned superblob...
Updating load commands...
Updating __LINKEDIT segment...
Updating LC_CODE_SIGNATURE load command...
Updating code slot hashes...
Signing binary...
SHA1 hash: 51f9bca295be9c2e1dee77d093ce0fcf3fc93450
SHA256 hash: d700265978ed12fc8394e430fec4442624da6c2617d25faf4ba9a01fb2c3b5f6
Encoding signed superblob...
Writing superblob to MachO...
Applying App Store code directory...
Adding new signature blob...
Updating TeamID...
TeamID set to T8ALTGMVXN!
Doing initial signing to calculate size...
SHA1 hash: 51f9bca295be9c2e1dee77d093ce0fcf3fc93450
SHA256 hash: 6b93dd59ef44f5144be79c4bdc9f7633ed72de59f521b79affee3d28e711365c
Encoding unsigned superblob...
Updating load commands...
Updating __LINKEDIT segment...
Updating LC_CODE_SIGNATURE load command...
Updating code slot hashes...
Signing binary...
SHA1 hash: 51f9bca295be9c2e1dee77d093ce0fcf3fc93450
SHA256 hash: b6d3bc3165d5d00e65abb5db027da2a6b9fe166ef55321fe2ee6bc3ee30125cb
Encoding signed superblob...
Writing superblob to MachO...
Applying App Store code directory...
Adding new signature blob...
Updating TeamID...
TeamID set to T8ALTGMVXN!
Doing initial signing to calculate size...
SHA1 hash: 51f9bca295be9c2e1dee77d093ce0fcf3fc93450
SHA256 hash: f80ccae63c23681455407629f0fd1edc1e5f485d8f342339f1c2aaad3dd57f1f
Encoding unsigned superblob...
Updating load commands...
Updating __LINKEDIT segment...
Updating LC_CODE_SIGNATURE load command...
Updating code slot hashes...
Signing binary...
SHA1 hash: 51f9bca295be9c2e1dee77d093ce0fcf3fc93450
SHA256 hash: e92a6698259c4b9b7474413e206b54a944edd2f60dfae5cd99fd1f30ec8072de
Encoding signed superblob...
Writing superblob to MachO...
Applying App Store code directory...
Adding new signature blob...
Updating TeamID...
TeamID set to T8ALTGMVXN!
Doing initial signing to calculate size...
SHA1 hash: 51f9bca295be9c2e1dee77d093ce0fcf3fc93450
SHA256 hash: 2bc65e552a069380df8d1828e9091a1cee450ab718bb65d108af1969da85dfb5
Encoding unsigned superblob...
Updating load commands...
Updating __LINKEDIT segment...
Updating LC_CODE_SIGNATURE load command...
Updating code slot hashes...
Signing binary...
SHA1 hash: 51f9bca295be9c2e1dee77d093ce0fcf3fc93450
SHA256 hash: ea6d495f2c69a0c2196dafd16dc58e7e81bc0280e02fb324e98f8361fdc44085
Encoding signed superblob...
Writing superblob to MachO...
Applying App Store code directory...
Adding new signature blob...
Updating TeamID...
TeamID set to T8ALTGMVXN!
Doing initial signing to calculate size...
SHA1 hash: 51f9bca295be9c2e1dee77d093ce0fcf3fc93450
SHA256 hash: 49335decb3c034d6aa813c509e23eb9061f6e8d92d206b83c595e97c3a15288b
Encoding unsigned superblob...
Updating load commands...
Updating __LINKEDIT segment...
Updating LC_CODE_SIGNATURE load command...
Updating code slot hashes...
Signing binary...
SHA1 hash: 51f9bca295be9c2e1dee77d093ce0fcf3fc93450
SHA256 hash: bfa91ddd5b00b6813d7796e5a059fdf729312d023f892c04d40efc05ec6dc013
Encoding signed superblob...
Writing superblob to MachO...
Applying App Store code directory...
Adding new signature blob...
Updating TeamID...
TeamID set to T8ALTGMVXN!
Doing initial signing to calculate size...
SHA1 hash: 51f9bca295be9c2e1dee77d093ce0fcf3fc93450
SHA256 hash: d2c7ccd20f5fc6b0dac2a59ab7d6743d450276fc65a2749034b786310ca424dc
Encoding unsigned superblob...
Updating load commands...
Updating __LINKEDIT segment...
Updating LC_CODE_SIGNATURE load command...
Updating code slot hashes...
Signing binary...
SHA1 hash: 51f9bca295be9c2e1dee77d093ce0fcf3fc93450
SHA256 hash: 13728e75ef37b5d104210286e4597619ce1a672245f85d953946ecfde9296a61
Encoding signed superblob...
Writing superblob to MachO...
Applying App Store code directory...
Adding new signature blob...
Updating TeamID...
TeamID set to T8ALTGMVXN!
Doing initial signing to calculate size...
SHA1 hash: 51f9bca295be9c2e1dee77d093ce0fcf3fc93450
SHA256 hash:2026-08-24 13:14:18.963 trollstorehelper[56437:572251] [/private/var/tmp/FCAF9AAA-1D9D-4741-B2BB-D5394A1C8E4C/Payload/Juice.app/Grape/runtime/lib/wine/aarch64-unix/winevulkan.so] Applied CoreTrust bypass!
2026-08-24 13:14:18.964 trollstorehelper[56437:572251] /private/var/tmp/FCAF9AAA-1D9D-4741-B2BB-D5394A1C8E4C/Payload/Juice.app/Grape/runtime/lib/wine/aarch64-windows/opengl32.so is binary
2026-08-24 13:14:18.980 trollstorehelper[56437:572251] [/private/var/tmp/FCAF9AAA-1D9D-4741-B2BB-D5394A1C8E4C/Payload/Juice.app/Grape/runtime/lib/wine/aarch64-windows/opengl32.so] Applying CoreTrust bypass...
2026-08-24 13:14:18.985 trollstorehelper[56437:572251] [/private/var/tmp/FCAF9AAA-1D9D-4741-B2BB-D5394A1C8E4C/Payload/Juice.app/Grape/runtime/lib/wine/aarch64-windows/opengl32.so] Applied CoreTrust bypass!
2026-08-24 13:14:18.985 trollstorehelper[56437:572251] /private/var/tmp/FCAF9AAA-1D9D-4741-B2BB-D5394A1C8E4C/Payload/Juice.app/Grape/runtime/lib/wine/aarch64-windows/dnsapi.so is binary
2026-08-24 13:14:18.987 trollstorehelper[56437:572251] [/private/var/tmp/FCAF9AAA-1D9D-4741-B2BB-D5394A1C8E4C/Payload/Juice.app/Grape/runtime/lib/wine/aarch64-windows/dnsapi.so] Applying CoreTrust bypass...
2026-08-24 13:14:18.995 trollstorehelper[56437:572251] [/private/var/tmp/FCAF9AAA-1D9D-4741-B2BB-D5394A1C8E4C/Payload/Juice.app/Grape/runtime/lib/wine/aarch64-windows/dnsapi.so] Applied CoreTrust bypass!
2026-08-24 13:14:18.996 trollstorehelper[56437:572251] /private/var/tmp/FCAF9AAA-1D9D-4741-B2BB-D5394A1C8E4C/Payload/Juice.app/Grape/runtime/lib/wine/aarch64-windows/crypt32.so is binary
2026-08-24 13:14:19.002 trollstorehelper[56437:572251] [/private/var/tmp/FCAF9AAA-1D9D-4741-B2BB-D5394A1C8E4C/Payload/Juice.app/Grape/runtime/lib/wine/aarch64-windows/crypt32.so] Applying CoreTrust bypass...
2026-08-24 13:14:19.006 trollstorehelper[56437:572251] [/private/var/tmp/FCAF9AAA-1D9D-4741-B2BB-D5394A1C8E4C/Payload/Juice.app/Grape/runtime/lib/wine/aarch64-windows/crypt32.so] Applied CoreTrust bypass!
2026-08-24 13:14:19.007 trollstorehelper[56437:572251] /private/var/tmp/FCAF9AAA-1D9D-4741-B2BB-D5394A1C8E4C/Payload/Juice.app/Grape/runtime/lib/wine/aarch64-windows/ws2_32.so is binary
2026-08-24 13:14:19.009 trollstorehelper[56437:572251] [/private/var/tmp/FCAF9AAA-1D9D-4741-B2BB-D5394A1C8E4C/Payload/Juice.app/Grape/runtime/lib/wine/aarch64-windows/ws2_32.so] Applying CoreTrust bypass...
2026-08-24 13:14:19.013 trollstorehelper[56437:572251] [/private/var/tmp/FCAF9AAA-1D9D-4741-B2BB-D5394A1C8E4C/Payload/Juice.app/Grape/runtime/lib/wine/aarch64-windows/ws2_32.so] Applied CoreTrust bypass!
2026-08-24 13:14:19.014 trollstorehelper[56437:572251] /private/var/tmp/FCAF9AAA-1D9D-4741-B2BB-D5394A1C8E4C/Payload/Juice.app/Grape/runtime/lib/wine/aarch64-windows/wineios.so is binary
2026-08-24 13:14:19.019 trollstorehelper[56437:572251] [/private/var/tmp/FCAF9AAA-1D9D-4741-B2BB-D5394A1C8E4C/Payload/Juice.app/Grape/runtime/lib/wine/aarch64-windows/wineios.so] Applying CoreTrust bypass...
2026-08-24 13:14:19.025 trollstorehelper[56437:572251] [/private/var/tmp/FCAF9AAA-1D9D-4741-B2BB-D5394A1C8E4C/Payload/Juice.app/Grape/runtime/lib/wine/aarch64-windows/wineios.so] Applied CoreTrust bypass!
2026-08-24 13:14:19.025 trollstorehelper[56437:572251] /private/var/tmp/FCAF9AAA-1D9D-4741-B2BB-D5394A1C8E4C/Payload/Juice.app/Grape/runtime/lib/wine/aarch64-windows/win32u.so is binary
2026-08-24 13:14:19.069 trollstorehelper[56437:572251] [/private/var/tmp/FCAF9AAA-1D9D-4741-B2BB-D5394A1C8E4C/Payload/Juice.app/Grape/runtime/lib/wine/aarch64-windows/win32u.so] Applying CoreTrust bypass...
 cb6d4d8565439ac815cd7e507d5c3f04e57ab2874d8ac52b8557ba8734901bbb
Encoding unsigned superblob...
Updating load commands...
Updating __LINKEDIT segment...
Updating LC_CODE_SIGNATURE load command...
Updating code slot hashes...
Signing binary...
SHA1 hash: 51f9bca295be9c2e1dee77d093ce0fcf3fc93450
SHA256 hash: 328bb8a5686c86af66c46cf3b2d7bd5825137578b7e799afe7c762a0f07d3cad
Encoding signed superblob...
Writing superblob to MachO...
Applying App Store code directory...
Adding new signature blob...
Updating TeamID...
TeamID set to T8ALTGMVXN!
Doing initial signing to calculate size...
SHA1 hash: 51f9bca295be9c2e1dee77d093ce0fcf3fc93450
SHA256 hash: cc8e19a0acafb50c0419ccb1147e759eeaebbb73e6a894cad60ada488af013c7
Encoding unsigned superblob...
Updating load commands...
Updating __LINKEDIT segment...
Updating LC_CODE_SIGNATURE load command...
Updating code slot hashes...
Signing binary...
SHA1 hash: 51f9bca295be9c2e1dee77d093ce0fcf3fc93450
SHA256 hash: 3c17e45c779baa66d7903943c5ac8f0d3bd705b4e3470cc069bf6d82ecf082bb
Encoding signed superblob...
Writing superblob to MachO...
Applying App Store code directory...
Adding new signature blob...
Updating TeamID...
TeamID set to T8ALTGMVXN!
Doing initial signing to calculate size...
SHA1 hash: 51f9bca295be9c2e1dee77d093ce0fcf3fc93450
SHA256 hash: fb0b378cd0bb7fc24ee199cf9a8cb706c1b3ed158ffbc74cbcc8793b95dcc7a8
Encoding unsigned superblob...
Updating load commands...
Updating __LINKEDIT segment...
Updating LC_CODE_SIGNATURE load command...
Updating code slot hashes...
Signing binary...
SHA1 hash: 51f9bca295be9c2e1dee77d093ce0fcf3fc93450
SHA256 hash: 1207fb0d77bbce8a5a08e2fe2ef1da953ba5818916ddda2c51df54d618f93666
Encoding signed superblob...
Writing superblob to MachO...
Applying App Store code directory...
Adding new signature blob...
Updating TeamID...
TeamID set to T8ALTGMVXN!
Doing initial signing to calculate size...
SHA1 hash: 51f9bca295be9c2e1dee77d093ce0fcf3fc93450
SHA256 hash: 20b1db24e6a674738eba95066c63a51c73cc16e73dbf2e3e22a9b4116166cecc
Encoding unsigned superblob...
Updating load commands...
Updating __LINKEDIT segment...
Updating LC_CODE_SIGNATURE load command...
Updating code slot hashes...
Signing binary...
SHA1 hash: 51f9bca295be9c2e1dee77d093ce0fcf3fc93450
SHA256 hash: 88af8610f4e71ba23f720dc56d2ce0b9848acc9356670c92f975ef698d1f51b0
Encoding signed superblob...
Writing superblob to MachO...
Applying App Store code directory...
Adding new signature blob...
Updating TeamID...
TeamID set to T8ALTGMVXN!
Doing initial signing to calculate size...
SHA1 hash: 51f9bca295be9c2e1dee77d093ce0fcf3fc93450
SHA256 hash: 39a06efc5bc8b501042423c10c7695055f02c800ffe10c985d6cecca4ed0c52c
Encoding unsigned superblob...
Updating load commands...
Updating __LINKEDIT segment...
Updating LC_CODE_SIGNATURE load command...
Updating code slot hashes...
Signing binary...
SHA1 hash: 51f9bca295be9c2e1dee77d093ce0fcf3fc93450
SHA256 hash: d700265978ed12fc8394e430fec4442624da6c2617d25faf4ba9a01fb2c3b5f6
Encoding signed superblob...
Writing superblob to MachO...
Applying App Store code directory...
Adding new signature blob...
Updating TeamID...
TeamID set to T8ALTGMVXN!
Doing initial signing to calculate size...
SHA1 hash: 51f9bca295be9c2e1dee77d093ce0fcf3fc93450
SHA256 hash: 6b93dd59ef44f5144be79c4bdc9f7633ed72de59f521b79affee3d28e711365c
Encoding unsigned superblob...
Updating load commands...
Updating __LINKEDIT segment...
Updating LC_CODE_SIGNATURE load command...
Updating code slot hashes...
Signing binary...
SHA1 hash: 51f9bca295be9c2e1dee77d093ce0fcf3fc93450
SHA256 hash: b6d3bc3165d5d00e65abb5db027da2a6b9fe166ef55321fe2ee6bc3ee30125cb
Encoding signed superblob...
Writing superblob to MachO...
Applying App Store code directory...
Adding new signature blob...
Updating TeamID...
TeamID set to T8ALTGMVXN!
Doing initial signing to calculate size...
SHA1 hash: 51f9bca295be9c2e1dee77d093ce0fcf3fc93450
SHA256 hash: f80ccae63c23681455407629f0fd1edc1e5f485d8f342339f1c2aaad3dd57f1f
Encoding unsigned superblob...
Updating load commands...
Updating __LINKEDIT segment...
Updating LC_CODE_SIGNATURE load comm2026-08-24 13:14:19.074 trollstorehelper[56437:572251] [/private/var/tmp/FCAF9AAA-1D9D-4741-B2BB-D5394A1C8E4C/Payload/Juice.app/Grape/runtime/lib/wine/aarch64-windows/win32u.so] Applied CoreTrust bypass!
2026-08-24 13:14:19.075 trollstorehelper[56437:572251] /private/var/tmp/FCAF9AAA-1D9D-4741-B2BB-D5394A1C8E4C/Payload/Juice.app/Grape/runtime/lib/wine/aarch64-windows/dwrite.so is binary
2026-08-24 13:14:19.079 trollstorehelper[56437:572251] [/private/var/tmp/FCAF9AAA-1D9D-4741-B2BB-D5394A1C8E4C/Payload/Juice.app/Grape/runtime/lib/wine/aarch64-windows/dwrite.so] Applying CoreTrust bypass...
2026-08-24 13:14:19.082 trollstorehelper[56437:572251] [/private/var/tmp/FCAF9AAA-1D9D-4741-B2BB-D5394A1C8E4C/Payload/Juice.app/Grape/runtime/lib/wine/aarch64-windows/dwrite.so] Applied CoreTrust bypass!
2026-08-24 13:14:19.083 trollstorehelper[56437:572251] /private/var/tmp/FCAF9AAA-1D9D-4741-B2BB-D5394A1C8E4C/Payload/Juice.app/Grape/runtime/lib/wine/aarch64-windows/secur32.so is binary
2026-08-24 13:14:19.083 trollstorehelper[56437:572251] [/private/var/tmp/FCAF9AAA-1D9D-4741-B2BB-D5394A1C8E4C/Payload/Juice.app/Grape/runtime/lib/wine/aarch64-windows/secur32.so] Applying CoreTrust bypass...
2026-08-24 13:14:19.087 trollstorehelper[56437:572251] [/private/var/tmp/FCAF9AAA-1D9D-4741-B2BB-D5394A1C8E4C/Payload/Juice.app/Grape/runtime/lib/wine/aarch64-windows/secur32.so] Applied CoreTrust bypass!
2026-08-24 13:14:19.087 trollstorehelper[56437:572251] /private/var/tmp/FCAF9AAA-1D9D-4741-B2BB-D5394A1C8E4C/Payload/Juice.app/Grape/runtime/lib/wine/aarch64-windows/mountmgr.so is binary
2026-08-24 13:14:19.088 trollstorehelper[56437:572251] [/private/var/tmp/FCAF9AAA-1D9D-4741-B2BB-D5394A1C8E4C/Payload/Juice.app/Grape/runtime/lib/wine/aarch64-windows/mountmgr.so] Applying CoreTrust bypass...
2026-08-24 13:14:19.091 trollstorehelper[56437:572251] [/private/var/tmp/FCAF9AAA-1D9D-4741-B2BB-D5394A1C8E4C/Payload/Juice.app/Grape/runtime/lib/wine/aarch64-windows/mountmgr.so] Applied CoreTrust bypass!
2026-08-24 13:14:19.091 trollstorehelper[56437:572251] /private/var/tmp/FCAF9AAA-1D9D-4741-B2BB-D5394A1C8E4C/Payload/Juice.app/Grape/runtime/lib/wine/aarch64-windows/winevulkan.so is binary
2026-08-24 13:14:19.095 trollstorehelper[56437:572251] [/private/var/tmp/FCAF9AAA-1D9D-4741-B2BB-D5394A1C8E4C/Payload/Juice.app/Grape/runtime/lib/wine/aarch64-windows/winevulkan.so] Applying CoreTrust bypass...
2026-08-24 13:14:19.099 trollstorehelper[56437:572251] [/private/var/tmp/FCAF9AAA-1D9D-4741-B2BB-D5394A1C8E4C/Payload/Juice.app/Grape/runtime/lib/wine/aarch64-windows/winevulkan.so] Applied CoreTrust bypass!
2026-08-24 13:14:19.100 trollstorehelper[56437:572251] /private/var/tmp/FCAF9AAA-1D9D-4741-B2BB-D5394A1C8E4C/Payload/Juice.app/Grape/build/wine-ios/server/wineserver is binary
2026-08-24 13:14:19.103 trollstorehelper[56437:572251] [/private/var/tmp/FCAF9AAA-1D9D-4741-B2BB-D5394A1C8E4C/Payload/Juice.app/Grape/build/wine-ios/server/wineserver] Applying CoreTrust bypass...
2026-08-24 13:14:19.107 trollstorehelper[56437:572251] [/private/var/tmp/FCAF9AAA-1D9D-4741-B2BB-D5394A1C8E4C/Payload/Juice.app/Grape/build/wine-ios/server/wineserver] Applied CoreTrust bypass!
2026-08-24 13:14:19.107 trollstorehelper[56437:572251] /private/var/tmp/FCAF9AAA-1D9D-4741-B2BB-D5394A1C8E4C/Payload/Juice.app/Grape/build/wine-ios/loader/wine is binary
2026-08-24 13:14:19.108 trollstorehelper[56437:572251] [/private/var/tmp/FCAF9AAA-1D9D-4741-B2BB-D5394A1C8E4C/Payload/Juice.app/Grape/build/wine-ios/loader/wine] Applying CoreTrust bypass...
and...
Updating code slot hashes...
Signing binary...
SHA1 hash: 51f9bca295be9c2e1dee77d093ce0fcf3fc93450
SHA256 hash: e92a6698259c4b9b7474413e206b54a944edd2f60dfae5cd99fd1f30ec8072de
Encoding signed superblob...
Writing superblob to MachO...
Applying App Store code directory...
Adding new signature blob...
Updating TeamID...
TeamID set to T8ALTGMVXN!
Doing initial signing to calculate size...
SHA1 hash: 51f9bca295be9c2e1dee77d093ce0fcf3fc93450
SHA256 hash: 2bc65e552a069380df8d1828e9091a1cee450ab718bb65d108af1969da85dfb5
Encoding unsigned superblob...
Updating load commands...
Updating __LINKEDIT segment...
Updating LC_CODE_SIGNATURE load command...
Updating code slot hashes...
Signing binary...
SHA1 hash: 51f9bca295be9c2e1dee77d093ce0fcf3fc93450
SHA256 hash: ea6d495f2c69a0c2196dafd16dc58e7e81bc0280e02fb324e98f8361fdc44085
Encoding signed superblob...
Writing superblob to MachO...
Applying App Store code directory...
Adding new signature blob...
Updating TeamID...
TeamID set to T8ALTGMVXN!
Doing initial signing to calculate size...
SHA1 hash: 51f9bca295be9c2e1dee77d093ce0fcf3fc93450
SHA256 hash: 49335decb3c034d6aa813c509e23eb9061f6e8d92d206b83c595e97c3a15288b
Encoding unsigned superblob...
Updating load commands...
Updating __LINKEDIT segment...
Updating LC_CODE_SIGNATURE load command...
Updating code slot hashes...
Signing binary...
SHA1 hash: 51f9bca295be9c2e1dee77d093ce0fcf3fc93450
SHA256 hash: bfa91ddd5b00b6813d7796e5a059fdf729312d023f892c04d40efc05ec6dc013
Encoding signed superblob...
Writing superblob to MachO...
Applying App Store code directory...
Adding new signature blob...
Updating TeamID...
TeamID set to T8ALTGMVXN!
Doing initial signing to calculate size...
SHA1 hash: 51f9bca295be9c2e1dee77d093ce0fcf3fc93450
SHA256 hash: d2c7ccd20f5fc6b0dac2a59ab7d6743d450276fc65a2749034b786310ca424dc
Encoding unsigned superblob...
Updating load commands...
Updating __LINKEDIT segment...
Updating LC_CODE_SIGNATURE load command...
Updating code slot hashes...
Signing binary...
SHA1 hash: 51f9bca295be9c2e1dee77d093ce0fcf3fc93450
SHA256 hash: 13728e75ef37b5d104210286e4597619ce1a672245f85d953946ecfde9296a61
Encoding signed superblob...
Writing superblob to MachO...
Applying App Store code directory...
Adding new signature blob...
Updating TeamID...
TeamID set to T8ALTGMVXN!
Doing initial signing to calculate size...
SHA1 hash: 51f9bca295be9c2e1dee77d093ce0fcf3fc93450
SHA256 hash: cb6d4d8565439ac815cd7e507d5c3f04e57ab2874d8ac52b8557ba8734901bbb
Encoding unsigned superblob...
Updating load commands...
Updating __LINKEDIT segment...
Updating LC_CODE_SIGNATURE load command...
Updating code slot hashes...
Signing binary...
SHA1 hash: 51f9bca295be9c2e1dee77d093ce0fcf3fc93450
SHA256 hash: 328bb8a5686c86af66c46cf3b2d7bd5825137578b7e799afe7c762a0f07d3cad
Encoding signed superblob...
Writing superblob to MachO...
Applying App Store code directory...
Adding new signature blob...
Updating TeamID...
TeamID set to T8ALTGMVXN!
Doing initial signing to calculate size...
SHA1 hash: 51f9bca295be9c2e1dee77d093ce0fcf3fc93450
SHA256 hash: 969d9b57ae54bf44c77a539b60725860eb7f56ad3aba4d1c894181d688bedff5
Encoding unsigned superblob...
Updating load commands...
Updating __LINKEDIT segment...
Updating LC_CODE_SIGNATURE load command...
Updating code slot hashes...
Signing binary...
SHA1 hash: 51f9bca295be9c2e1dee77d093ce0fcf3fc93450
SHA256 hash: 7327f51d2c0660411ef92529072efb69a854d195578ee907ed06e99dc809a72d
Encoding signed superblob...
Writing superblob to MachO...
Applying App Store code directory...
Adding new signature blob...
Updating TeamID...
TeamID set to T8ALTGMVXN!
Doing initial signing to calculate size...
SHA1 hash: 51f9bca295be9c2e1dee77d093ce0fcf3fc93450
SHA256 hash: d7a7ae720846ade3c4024e12573f75d7259c6afc75e7be9c1ce013875f9886f0
Encoding unsigned superblob...
Updating load commands...
Updating __LINKEDIT segment...
Updating LC_CODE_SIGNATURE load command...
Updating code slot hashes...
Signing binary...
SHA1 hash: 51f9bca295be9c2e1dee77d093ce0fcf3fc93450
SHA256 hash: d6772b5efe030424212ffc638262628d06b95cc8c02c373137f775baa991b189
Encodi2026-08-24 13:14:19.111 trollstorehelper[56437:572251] [/private/var/tmp/FCAF9AAA-1D9D-4741-B2BB-D5394A1C8E4C/Payload/Juice.app/Grape/build/wine-ios/loader/wine] Applied CoreTrust bypass!
2026-08-24 13:14:19.112 trollstorehelper[56437:572251] /private/var/tmp/FCAF9AAA-1D9D-4741-B2BB-D5394A1C8E4C/Payload/Juice.app/Grape/build/wine-ios/dlls/opengl32/opengl32.so is binary
2026-08-24 13:14:19.115 trollstorehelper[56437:572251] [/private/var/tmp/FCAF9AAA-1D9D-4741-B2BB-D5394A1C8E4C/Payload/Juice.app/Grape/build/wine-ios/dlls/opengl32/opengl32.so] Applying CoreTrust bypass...
2026-08-24 13:14:19.120 trollstorehelper[56437:572251] [/private/var/tmp/FCAF9AAA-1D9D-4741-B2BB-D5394A1C8E4C/Payload/Juice.app/Grape/build/wine-ios/dlls/opengl32/opengl32.so] Applied CoreTrust bypass!
2026-08-24 13:14:19.120 trollstorehelper[56437:572251] /private/var/tmp/FCAF9AAA-1D9D-4741-B2BB-D5394A1C8E4C/Payload/Juice.app/Grape/build/wine-ios/dlls/wineios.drv/wineios.so is binary
2026-08-24 13:14:19.121 trollstorehelper[56437:572251] [/private/var/tmp/FCAF9AAA-1D9D-4741-B2BB-D5394A1C8E4C/Payload/Juice.app/Grape/build/wine-ios/dlls/wineios.drv/wineios.so] Applying CoreTrust bypass...
2026-08-24 13:14:19.124 trollstorehelper[56437:572251] [/private/var/tmp/FCAF9AAA-1D9D-4741-B2BB-D5394A1C8E4C/Payload/Juice.app/Grape/build/wine-ios/dlls/wineios.drv/wineios.so] Applied CoreTrust bypass!
2026-08-24 13:14:19.124 trollstorehelper[56437:572251] /private/var/tmp/FCAF9AAA-1D9D-4741-B2BB-D5394A1C8E4C/Payload/Juice.app/Grape/build/wine-ios/dlls/ws2_32/ws2_32.so is binary
2026-08-24 13:14:19.125 trollstorehelper[56437:572251] [/private/var/tmp/FCAF9AAA-1D9D-4741-B2BB-D5394A1C8E4C/Payload/Juice.app/Grape/build/wine-ios/dlls/ws2_32/ws2_32.so] Applying CoreTrust bypass...
2026-08-24 13:14:19.128 trollstorehelper[56437:572251] [/private/var/tmp/FCAF9AAA-1D9D-4741-B2BB-D5394A1C8E4C/Payload/Juice.app/Grape/build/wine-ios/dlls/ws2_32/ws2_32.so] Applied CoreTrust bypass!
2026-08-24 13:14:19.128 trollstorehelper[56437:572251] /private/var/tmp/FCAF9AAA-1D9D-4741-B2BB-D5394A1C8E4C/Payload/Juice.app/Grape/build/wine-ios/dlls/ntdll/ntdll.so is binary
2026-08-24 13:14:19.130 trollstorehelper[56437:572251] [/private/var/tmp/FCAF9AAA-1D9D-4741-B2BB-D5394A1C8E4C/Payload/Juice.app/Grape/build/wine-ios/dlls/ntdll/ntdll.so] Applying CoreTrust bypass...
2026-08-24 13:14:19.134 trollstorehelper[56437:572251] [/private/var/tmp/FCAF9AAA-1D9D-4741-B2BB-D5394A1C8E4C/Payload/Juice.app/Grape/build/wine-ios/dlls/ntdll/ntdll.so] Applied CoreTrust bypass!
2026-08-24 13:14:19.134 trollstorehelper[56437:572251] /private/var/tmp/FCAF9AAA-1D9D-4741-B2BB-D5394A1C8E4C/Payload/Juice.app/Grape/build/wine-ios/dlls/dwrite/dwrite.so is binary
2026-08-24 13:14:19.136 trollstorehelper[56437:572251] [/private/var/tmp/FCAF9AAA-1D9D-4741-B2BB-D5394A1C8E4C/Payload/Juice.app/Grape/build/wine-ios/dlls/dwrite/dwrite.so] Applying CoreTrust bypass...
2026-08-24 13:14:19.139 trollstorehelper[56437:572251] [/private/var/tmp/FCAF9AAA-1D9D-4741-B2BB-D5394A1C8E4C/Payload/Juice.app/Grape/build/wine-ios/dlls/dwrite/dwrite.so] Applied CoreTrust bypass!
2026-08-24 13:14:19.140 trollstorehelper[56437:572251] /private/var/tmp/FCAF9AAA-1D9D-4741-B2BB-D5394A1C8E4C/Payload/Juice.app/Grape/build/wine-ios/dlls/winevulkan/winevulkan.so is binary
2026-08-24 13:14:19.142 trollstorehelper[56437:572251] [/private/var/tmp/FCAF9AAA-1D9D-4741-B2BB-D5394A1C8E4C/Payload/Juice.app/Grape/build/wine-ios/dlls/winevulkan/winevulkan.so] Applying CoreTrust bypass...
2026-08-24 13:14:19.147 trollstorehelper[56437:572251] [/private/var/tmp/FCAF9AAA-1D9D-4741-B2BB-D5394A1C8E4C/Payload/Juice.app/Grape/build/wine-ios/dlls/winevulkan/winevulkan.so] Applied CoreTrust bypass!
ng signed superblob...
Writing superblob to MachO...
Applying App Store code directory...
Adding new signature blob...
Updating TeamID...
TeamID set to T8ALTGMVXN!
Doing initial signing to calculate size...
SHA1 hash: 51f9bca295be9c2e1dee77d093ce0fcf3fc93450
SHA256 hash: cc8e19a0acafb50c0419ccb1147e759eeaebbb73e6a894cad60ada488af013c7
Encoding unsigned superblob...
Updating load commands...
Updating __LINKEDIT segment...
Updating LC_CODE_SIGNATURE load command...
Updating code slot hashes...
Signing binary...
SHA1 hash: 51f9bca295be9c2e1dee77d093ce0fcf3fc93450
SHA256 hash: 3c17e45c779baa66d7903943c5ac8f0d3bd705b4e3470cc069bf6d82ecf082bb
Encoding signed superblob...
Writing superblob to MachO...
Applying App Store code directory...
Adding new signature blob...
Updating TeamID...
TeamID set to T8ALTGMVXN!
Doing initial signing to calculate size...
SHA1 hash: 51f9bca295be9c2e1dee77d093ce0fcf3fc93450
SHA256 hash: 6b93dd59ef44f5144be79c4bdc9f7633ed72de59f521b79affee3d28e711365c
Encoding unsigned superblob...
Updating load commands...
Updating __LINKEDIT segment...
Updating LC_CODE_SIGNATURE load command...
Updating code slot hashes...
Signing binary...
SHA1 hash: 51f9bca295be9c2e1dee77d093ce0fcf3fc93450
SHA256 hash: b6d3bc3165d5d00e65abb5db027da2a6b9fe166ef55321fe2ee6bc3ee30125cb
Encoding signed superblob...
Writing superblob to MachO...
Applying App Store code directory...
Adding new signature blob...
Updating TeamID...
TeamID set to T8ALTGMVXN!
Doing initial signing to calculate size...
SHA1 hash: 51f9bca295be9c2e1dee77d093ce0fcf3fc93450
SHA256 hash: 39a06efc5bc8b501042423c10c7695055f02c800ffe10c985d6cecca4ed0c52c
Encoding unsigned superblob...
Updating load commands...
Updating __LINKEDIT segment...
Updating LC_CODE_SIGNATURE load command...
Updating code slot hashes...
Signing binary...
SHA1 hash: 51f9bca295be9c2e1dee77d093ce0fcf3fc93450
SHA256 hash: d700265978ed12fc8394e430fec4442624da6c2617d25faf4ba9a01fb2c3b5f6
Encoding signed superblob...
Writing superblob to MachO...
Applying App Store code directory...
Adding new signature blob...
Updating TeamID...
TeamID set to T8ALTGMVXN!
Doing initial signing to calculate size...
SHA1 hash: 51f9bca295be9c2e1dee77d093ce0fcf3fc93450
SHA256 hash: 767b05343d6f18114c66aa988212eb6f15a67e8aa23f352f58d92d37e781bc3e
Encoding unsigned superblob...
Updating load commands...
Updating __LINKEDIT segment...
Updating LC_CODE_SIGNATURE load command...
Updating code slot hashes...
Signing binary...
SHA1 hash: 51f9bca295be9c2e1dee77d093ce0fcf3fc93450
SHA256 hash: dcc3e6411ea39c5d2a56dac68317da6233ee8a341002bad07b385159eb3011df
Encoding signed superblob...
Writing superblob to MachO...
Applying App Store code directory...
Adding new signature blob...
Updating TeamID...
TeamID set to T8ALTGMVXN!
Doing initial signing to calculate size...
SHA1 hash: 51f9bca295be9c2e1dee77d093ce0fcf3fc93450
SHA256 hash: 2bc65e552a069380df8d1828e9091a1cee450ab718bb65d108af1969da85dfb5
Encoding unsigned superblob...
Updating load commands...
Updating __LINKEDIT segment...
Updating LC_CODE_SIGNATURE load command...
Updating code slot hashes...
Signing binary...
SHA1 hash: 51f9bca295be9c2e1dee77d093ce0fcf3fc93450
SHA256 hash: ea6d495f2c69a0c2196dafd16dc58e7e81bc0280e02fb324e98f8361fdc44085
Encoding signed superblob...
Writing superblob to MachO...
Applying App Store code directory...
Adding new signature blob...
Updating TeamID...
TeamID set to T8ALTGMVXN!
Doing initial signing to calculate size...
SHA1 hash: 51f9bca295be9c2e1dee77d093ce0fcf3fc93450
SHA256 hash: cb6d4d8565439ac815cd7e507d5c3f04e57ab2874d8ac52b8557ba8734901bbb
Encoding unsigned superblob...
Updating load commands...
Updating __LINKEDIT segment...
Updating LC_CODE_SIGNATURE load command...
Updating code slot hashes...
Signing binary...
SHA1 hash: 51f9bca295be9c2e1dee77d093ce0fcf3fc93450
SHA256 hash: 328bb8a5686c86af66c46cf3b2d7bd5825137578b7e799afe7c762a0f07d3cad
Encoding signed superblob...
Writing superblob to MachO...
Applying App Store code directory...
Adding new signature blob...
Updating TeamID...
TeamID set to T8ALTGMVXN!
Doing initial signing to c2026-08-24 13:14:19.147 trollstorehelper[56437:572251] /private/var/tmp/FCAF9AAA-1D9D-4741-B2BB-D5394A1C8E4C/Payload/Juice.app/Grape/build/wine-ios/dlls/secur32/secur32.so is binary
2026-08-24 13:14:19.148 trollstorehelper[56437:572251] [/private/var/tmp/FCAF9AAA-1D9D-4741-B2BB-D5394A1C8E4C/Payload/Juice.app/Grape/build/wine-ios/dlls/secur32/secur32.so] Applying CoreTrust bypass...
2026-08-24 13:14:19.151 trollstorehelper[56437:572251] [/private/var/tmp/FCAF9AAA-1D9D-4741-B2BB-D5394A1C8E4C/Payload/Juice.app/Grape/build/wine-ios/dlls/secur32/secur32.so] Applied CoreTrust bypass!
2026-08-24 13:14:19.151 trollstorehelper[56437:572251] /private/var/tmp/FCAF9AAA-1D9D-4741-B2BB-D5394A1C8E4C/Payload/Juice.app/Grape/build/wine-ios/dlls/crypt32/crypt32.so is binary
2026-08-24 13:14:19.156 trollstorehelper[56437:572251] [/private/var/tmp/FCAF9AAA-1D9D-4741-B2BB-D5394A1C8E4C/Payload/Juice.app/Grape/build/wine-ios/dlls/crypt32/crypt32.so] Applying CoreTrust bypass...
2026-08-24 13:14:19.159 trollstorehelper[56437:572251] [/private/var/tmp/FCAF9AAA-1D9D-4741-B2BB-D5394A1C8E4C/Payload/Juice.app/Grape/build/wine-ios/dlls/crypt32/crypt32.so] Applied CoreTrust bypass!
2026-08-24 13:14:19.160 trollstorehelper[56437:572251] /private/var/tmp/FCAF9AAA-1D9D-4741-B2BB-D5394A1C8E4C/Payload/Juice.app/Grape/build/wine-ios/dlls/mountmgr.sys/mountmgr.so is binary
2026-08-24 13:14:19.160 trollstorehelper[56437:572251] [/private/var/tmp/FCAF9AAA-1D9D-4741-B2BB-D5394A1C8E4C/Payload/Juice.app/Grape/build/wine-ios/dlls/mountmgr.sys/mountmgr.so] Applying CoreTrust bypass...
2026-08-24 13:14:19.164 trollstorehelper[56437:572251] [/private/var/tmp/FCAF9AAA-1D9D-4741-B2BB-D5394A1C8E4C/Payload/Juice.app/Grape/build/wine-ios/dlls/mountmgr.sys/mountmgr.so] Applied CoreTrust bypass!
2026-08-24 13:14:19.164 trollstorehelper[56437:572251] /private/var/tmp/FCAF9AAA-1D9D-4741-B2BB-D5394A1C8E4C/Payload/Juice.app/Grape/build/wine-ios/dlls/dnsapi/dnsapi.so is binary
2026-08-24 13:14:19.164 trollstorehelper[56437:572251] [/private/var/tmp/FCAF9AAA-1D9D-4741-B2BB-D5394A1C8E4C/Payload/Juice.app/Grape/build/wine-ios/dlls/dnsapi/dnsapi.so] Applying CoreTrust bypass...
2026-08-24 13:14:19.168 trollstorehelper[56437:572251] [/private/var/tmp/FCAF9AAA-1D9D-4741-B2BB-D5394A1C8E4C/Payload/Juice.app/Grape/build/wine-ios/dlls/dnsapi/dnsapi.so] Applied CoreTrust bypass!
2026-08-24 13:14:19.168 trollstorehelper[56437:572251] /private/var/tmp/FCAF9AAA-1D9D-4741-B2BB-D5394A1C8E4C/Payload/Juice.app/Grape/build/wine-ios/dlls/win32u/win32u.so is binary
2026-08-24 13:14:19.177 trollstorehelper[56437:572251] [/private/var/tmp/FCAF9AAA-1D9D-4741-B2BB-D5394A1C8E4C/Payload/Juice.app/Grape/build/wine-ios/dlls/win32u/win32u.so] Applying CoreTrust bypass...
2026-08-24 13:14:19.183 trollstorehelper[56437:572251] [/private/var/tmp/FCAF9AAA-1D9D-4741-B2BB-D5394A1C8E4C/Payload/Juice.app/Grape/build/wine-ios/dlls/win32u/win32u.so] Applied CoreTrust bypass!
2026-08-24 13:14:19.183 trollstorehelper[56437:572251] /private/var/tmp/FCAF9AAA-1D9D-4741-B2BB-D5394A1C8E4C/Payload/Juice.app/Libraries/libp11-kit.0.dylib is binary
2026-08-24 13:14:19.188 trollstorehelper[56437:572251] [/private/var/tmp/FCAF9AAA-1D9D-4741-B2BB-D5394A1C8E4C/Payload/Juice.app/Libraries/libp11-kit.0.dylib] Applying CoreTrust bypass...
2026-08-24 13:14:19.192 trollstorehelper[56437:572251] [/private/var/tmp/FCAF9AAA-1D9D-4741-B2BB-D5394A1C8E4C/Payload/Juice.app/Libraries/libp11-kit.0.dylib] Applied CoreTrust bypass!
2026-08-24 13:14:19.192 trollstorehelper[56437:572251] /private/var/tmp/FCAF9AAA-1D9D-4741-B2BB-D5394A1C8E4C/Payload/Juice.app/Libraries/libiosexec.1.dylib is binary
2026-08-24 13:14:19.194 trollstorehelper[56437:572251] [/private/var/tmp/FCAF9AAA-1D9D-4741-B2BB-D5394A1C8E4C/Payload/Juice.app/Libraries/libiosexec.1.dylib] Applying CoreTrust bypass...
alculate size...
SHA1 hash: 51f9bca295be9c2e1dee77d093ce0fcf3fc93450
SHA256 hash: 49335decb3c034d6aa813c509e23eb9061f6e8d92d206b83c595e97c3a15288b
Encoding unsigned superblob...
Updating load commands...
Updating __LINKEDIT segment...
Updating LC_CODE_SIGNATURE load command...
Updating code slot hashes...
Signing binary...
SHA1 hash: 51f9bca295be9c2e1dee77d093ce0fcf3fc93450
SHA256 hash: bfa91ddd5b00b6813d7796e5a059fdf729312d023f892c04d40efc05ec6dc013
Encoding signed superblob...
Writing superblob to MachO...
Applying App Store code directory...
Adding new signature blob...
Updating TeamID...
TeamID set to T8ALTGMVXN!
Doing initial signing to calculate size...
SHA1 hash: 51f9bca295be9c2e1dee77d093ce0fcf3fc93450
SHA256 hash: 20b1db24e6a674738eba95066c63a51c73cc16e73dbf2e3e22a9b4116166cecc
Encoding unsigned superblob...
Updating load commands...
Updating __LINKEDIT segment...
Updating LC_CODE_SIGNATURE load command...
Updating code slot hashes...
Signing binary...
SHA1 hash: 51f9bca295be9c2e1dee77d093ce0fcf3fc93450
SHA256 hash: 88af8610f4e71ba23f720dc56d2ce0b9848acc9356670c92f975ef698d1f51b0
Encoding signed superblob...
Writing superblob to MachO...
Applying App Store code directory...
Adding new signature blob...
Updating TeamID...
TeamID set to T8ALTGMVXN!
Doing initial signing to calculate size...
SHA1 hash: 51f9bca295be9c2e1dee77d093ce0fcf3fc93450
SHA256 hash: d2c7ccd20f5fc6b0dac2a59ab7d6743d450276fc65a2749034b786310ca424dc
Encoding unsigned superblob...
Updating load commands...
Updating __LINKEDIT segment...
Updating LC_CODE_SIGNATURE load command...
Updating code slot hashes...
Signing binary...
SHA1 hash: 51f9bca295be9c2e1dee77d093ce0fcf3fc93450
SHA256 hash: 13728e75ef37b5d104210286e4597619ce1a672245f85d953946ecfde9296a61
Encoding signed superblob...
Writing superblob to MachO...
Applying App Store code directory...
Adding new signature blob...
Updating TeamID...
TeamID set to T8ALTGMVXN!
Doing initial signing to calculate size...
SHA1 hash: 51f9bca295be9c2e1dee77d093ce0fcf3fc93450
SHA256 hash: fb0b378cd0bb7fc24ee199cf9a8cb706c1b3ed158ffbc74cbcc8793b95dcc7a8
Encoding unsigned superblob...
Updating load commands...
Updating __LINKEDIT segment...
Updating LC_CODE_SIGNATURE load command...
Updating code slot hashes...
Signing binary...
SHA1 hash: 51f9bca295be9c2e1dee77d093ce0fcf3fc93450
SHA256 hash: 1207fb0d77bbce8a5a08e2fe2ef1da953ba5818916ddda2c51df54d618f93666
Encoding signed superblob...
Writing superblob to MachO...
Applying App Store code directory...
Adding new signature blob...
Updating TeamID...
TeamID set to T8ALTGMVXN!
Doing initial signing to calculate size...
SHA1 hash: 51f9bca295be9c2e1dee77d093ce0fcf3fc93450
SHA256 hash: f80ccae63c23681455407629f0fd1edc1e5f485d8f342339f1c2aaad3dd57f1f
Encoding unsigned superblob...
Updating load commands...
Updating __LINKEDIT segment...
Updating LC_CODE_SIGNATURE load command...
Updating code slot hashes...
Signing binary...
SHA1 hash: 51f9bca295be9c2e1dee77d093ce0fcf3fc93450
SHA256 hash: e92a6698259c4b9b7474413e206b54a944edd2f60dfae5cd99fd1f30ec8072de
Encoding signed superblob...
Writing superblob to MachO...
Applying App Store code directory...
Adding new signature blob...
Updating TeamID...
TeamID set to T8ALTGMVXN!
Doing initial signing to calculate size...
SHA1 hash: 51f9bca295be9c2e1dee77d093ce0fcf3fc93450
SHA256 hash: d43003d4685dc9cb8e1dc333b284b69fb9b3110eb3b71b1d8dfb76d5ca042ffa
Encoding unsigned superblob...
Updating load commands...
Updating __LINKEDIT segment...
Updating LC_CODE_SIGNATURE load command...
Updating code slot hashes...
Signing binary...
SHA1 hash: 51f9bca295be9c2e1dee77d093ce0fcf3fc93450
SHA256 hash: f8a2f344a1c891e10b345ee73551ef099f455a7c764f536626e983b7d2f3d7fa
Encoding signed superblob...
Writing superblob to MachO...
Applying App Store code directory...
Adding new signature blob...
Updating TeamID...
TeamID set to T8ALTGMVXN!
Doing initial signing to calculate size...
SHA1 hash: 51f9bca295be9c2e1dee77d093ce0fcf3fc93450
SHA256 hash: 25c8edc91f404c016b20392af7704bad9643fdd1a230db67489ac373dd5883c6
Encoding unsigned superblob...
Updating loa2026-08-24 13:14:19.198 trollstorehelper[56437:572251] [/private/var/tmp/FCAF9AAA-1D9D-4741-B2BB-D5394A1C8E4C/Payload/Juice.app/Libraries/libiosexec.1.dylib] Applied CoreTrust bypass!
2026-08-24 13:14:19.198 trollstorehelper[56437:572251] /private/var/tmp/FCAF9AAA-1D9D-4741-B2BB-D5394A1C8E4C/Payload/Juice.app/Libraries/libffi.8.dylib is binary
2026-08-24 13:14:19.199 trollstorehelper[56437:572251] [/private/var/tmp/FCAF9AAA-1D9D-4741-B2BB-D5394A1C8E4C/Payload/Juice.app/Libraries/libffi.8.dylib] Applying CoreTrust bypass...
2026-08-24 13:14:19.202 trollstorehelper[56437:572251] [/private/var/tmp/FCAF9AAA-1D9D-4741-B2BB-D5394A1C8E4C/Payload/Juice.app/Libraries/libffi.8.dylib] Applied CoreTrust bypass!
2026-08-24 13:14:19.202 trollstorehelper[56437:572251] /private/var/tmp/FCAF9AAA-1D9D-4741-B2BB-D5394A1C8E4C/Payload/Juice.app/Libraries/libbrotlidec.1.dylib is binary
2026-08-24 13:14:19.203 trollstorehelper[56437:572251] [/private/var/tmp/FCAF9AAA-1D9D-4741-B2BB-D5394A1C8E4C/Payload/Juice.app/Libraries/libbrotlidec.1.dylib] Applying CoreTrust bypass...
2026-08-24 13:14:19.206 trollstorehelper[56437:572251] [/private/var/tmp/FCAF9AAA-1D9D-4741-B2BB-D5394A1C8E4C/Payload/Juice.app/Libraries/libbrotlidec.1.dylib] Applied CoreTrust bypass!
2026-08-24 13:14:19.207 trollstorehelper[56437:572251] /private/var/tmp/FCAF9AAA-1D9D-4741-B2BB-D5394A1C8E4C/Payload/Juice.app/Libraries/libgnutls.30.dylib is binary
2026-08-24 13:14:19.213 trollstorehelper[56437:572251] [/private/var/tmp/FCAF9AAA-1D9D-4741-B2BB-D5394A1C8E4C/Payload/Juice.app/Libraries/libgnutls.30.dylib] Applying CoreTrust bypass...
2026-08-24 13:14:19.219 trollstorehelper[56437:572251] [/private/var/tmp/FCAF9AAA-1D9D-4741-B2BB-D5394A1C8E4C/Payload/Juice.app/Libraries/libgnutls.30.dylib] Applied CoreTrust bypass!
2026-08-24 13:14:19.219 trollstorehelper[56437:572251] /private/var/tmp/FCAF9AAA-1D9D-4741-B2BB-D5394A1C8E4C/Payload/Juice.app/Libraries/libbrotlicommon.1.dylib is binary
2026-08-24 13:14:19.221 trollstorehelper[56437:572251] [/private/var/tmp/FCAF9AAA-1D9D-4741-B2BB-D5394A1C8E4C/Payload/Juice.app/Libraries/libbrotlicommon.1.dylib] Applying CoreTrust bypass...
2026-08-24 13:14:19.224 trollstorehelper[56437:572251] [/private/var/tmp/FCAF9AAA-1D9D-4741-B2BB-D5394A1C8E4C/Payload/Juice.app/Libraries/libbrotlicommon.1.dylib] Applied CoreTrust bypass!
2026-08-24 13:14:19.224 trollstorehelper[56437:572251] /private/var/tmp/FCAF9AAA-1D9D-4741-B2BB-D5394A1C8E4C/Payload/Juice.app/Libraries/libtasn1.6.dylib is binary
2026-08-24 13:14:19.225 trollstorehelper[56437:572251] [/private/var/tmp/FCAF9AAA-1D9D-4741-B2BB-D5394A1C8E4C/Payload/Juice.app/Libraries/libtasn1.6.dylib] Applying CoreTrust bypass...
2026-08-24 13:14:19.228 trollstorehelper[56437:572251] [/private/var/tmp/FCAF9AAA-1D9D-4741-B2BB-D5394A1C8E4C/Payload/Juice.app/Libraries/libtasn1.6.dylib] Applied CoreTrust bypass!
2026-08-24 13:14:19.229 trollstorehelper[56437:572251] /private/var/tmp/FCAF9AAA-1D9D-4741-B2BB-D5394A1C8E4C/Payload/Juice.app/Libraries/libidn2.0.dylib is binary
2026-08-24 13:14:19.229 trollstorehelper[56437:572251] [/private/var/tmp/FCAF9AAA-1D9D-4741-B2BB-D5394A1C8E4C/Payload/Juice.app/Libraries/libidn2.0.dylib] Applying CoreTrust bypass...
d commands...
Updating __LINKEDIT segment...
Updating LC_CODE_SIGNATURE load command...
Updating code slot hashes...
Signing binary...
SHA1 hash: 51f9bca295be9c2e1dee77d093ce0fcf3fc93450
SHA256 hash: b678a31ffdb2a6624afc636d1ebb437974ed9e113ffe2ef1df3768dd0505a238
Encoding signed superblob...
Writing superblob to MachO...
Applying App Store code directory...
Adding new signature blob...
Updating TeamID...
TeamID set to T8ALTGMVXN!
Doing initial signing to calculate size...
SHA1 hash: 51f9bca295be9c2e1dee77d093ce0fcf3fc93450
SHA256 hash: 6e742a3823bb5bab6b89018be0c38c467883fdcd6941c3e66ec91ba5afd93db4
Encoding unsigned superblob...
Updating load commands...
Updating __LINKEDIT segment...
Updating LC_CODE_SIGNATURE load command...
Updating code slot hashes...
Signing binary...
SHA1 hash: 51f9bca295be9c2e1dee77d093ce0fcf3fc93450
SHA256 hash: da7343977415fcd24f511975cfcdffc1808990e77042b213558f4c52d32cff2a
Encoding signed superblob...
Writing superblob to MachO...
Applying App Store code directory...
Adding new signature blob...
Updating TeamID...
TeamID set to T8ALTGMVXN!
Doing initial signing to calculate size...
SHA1 hash: 51f9bca295be9c2e1dee77d093ce0fcf3fc93450
SHA256 hash: 1ab2a99fd587e061acd598ee656bd1bc58d71bb7e964b37c5c86a6c09922878f
Encoding unsigned superblob...
Updating load commands...
Updating __LINKEDIT segment...
Updating LC_CODE_SIGNATURE load command...
Updating code slot hashes...
Signing binary...
SHA1 hash: 51f9bca295be9c2e1dee77d093ce0fcf3fc93450
SHA256 hash: 9d1153ad1967da48651a71b77878334b508dc41f2153fdca47caa17530c853a5
Encoding signed superblob...
Writing superblob to MachO...
Applying App Store code directory...
Adding new signature blob...
Updating TeamID...
TeamID set to T8ALTGMVXN!
Doing initial signing to calculate size...
SHA1 hash: 51f9bca295be9c2e1dee77d093ce0fcf3fc93450
SHA256 hash: 48887a6c20f465d4570219a17f6224dc352bda3c3d8713a64ad69f95c06b20a4
Encoding unsigned superblob...
Updating load commands...
Updating __LINKEDIT segment...
Updating LC_CODE_SIGNATURE load command...
Updating code slot hashes...
Signing binary...
SHA1 hash: 51f9bca295be9c2e1dee77d093ce0fcf3fc93450
SHA256 hash: 26325b9790a9315623d908cfaf304013ab3dd86f384889c3f62dc0057bc89200
Encoding signed superblob...
Writing superblob to MachO...
Applying App Store code directory...
Adding new signature blob...
Updating TeamID...
TeamID set to T8ALTGMVXN!
Doing initial signing to calculate size...
SHA1 hash: 51f9bca295be9c2e1dee77d093ce0fcf3fc93450
SHA256 hash: 93f500a870a9fcc387acc419898b6d59ade9ee3f108f908c79781ba7a8af4679
Encoding unsigned superblob...
Updating load commands...
Updating __LINKEDIT segment...
Updating LC_CODE_SIGNATURE load command...
Updating code slot hashes...
Signing binary...
SHA1 hash: 51f9bca295be9c2e1dee77d093ce0fcf3fc93450
SHA256 hash: ee90de67f95758a8be2ae65e49a932cccba35744fc75bd5cf72fb6ebf15d7b47
Encoding signed superblob...
Writing superblob to MachO...
Applying App Store code directory...
Adding new signature blob...
Updating TeamID...
TeamID set to T8ALTGMVXN!
Doing initial signing to calculate size...
SHA1 hash: 51f9bca295be9c2e1dee77d093ce0fcf3fc93450
SHA256 hash: 2d261d8dace44f1c914ab6b1bd96b691b60b41af7706540a04c7d35d2f2c3d4c
Encoding unsigned superblob...
Updating load commands...
Updating __LINKEDIT segment...
Updating LC_CODE_SIGNATURE load command...
Updating code slot hashes...
Signing binary...
SHA1 hash: 51f9bca295be9c2e1dee77d093ce0fcf3fc93450
SHA256 hash: 9c785d1021f0a5c71c2e86658c11153c67b9e6ad5374a7551d7aab24b9e81779
Encoding signed superblob...
Writing superblob to MachO...
Applying App Store code directory...
Adding new signature blob...
Updating TeamID...
TeamID set to T8ALTGMVXN!
Doing initial signing to calculate size...
SHA1 hash: 51f9bca295be9c2e1dee77d093ce0fcf3fc93450
SHA256 hash: 417448ee67eac9e5bc6cbfbaadb7da23fc6c999125c8ac6482b4059df8a67fff
Encoding unsigned superblob...
Updating load commands...
Updating __LINKEDIT segment...
Updating LC_CODE_SIGNATURE load command...
Updating code slot hashes...
Signing binary...
SHA1 hash: 51f9bca295be9c2e1dee77d093ce0fcf3fc93450
SHA2026-08-24 13:14:19.233 trollstorehelper[56437:572251] [/private/var/tmp/FCAF9AAA-1D9D-4741-B2BB-D5394A1C8E4C/Payload/Juice.app/Libraries/libidn2.0.dylib] Applied CoreTrust bypass!
2026-08-24 13:14:19.233 trollstorehelper[56437:572251] /private/var/tmp/FCAF9AAA-1D9D-4741-B2BB-D5394A1C8E4C/Payload/Juice.app/Libraries/j1 is binary
2026-08-24 13:14:19.234 trollstorehelper[56437:572251] [/private/var/tmp/FCAF9AAA-1D9D-4741-B2BB-D5394A1C8E4C/Payload/Juice.app/Libraries/j1] Applying CoreTrust bypass...
2026-08-24 13:14:19.237 trollstorehelper[56437:572251] [/private/var/tmp/FCAF9AAA-1D9D-4741-B2BB-D5394A1C8E4C/Payload/Juice.app/Libraries/j1] Applied CoreTrust bypass!
2026-08-24 13:14:19.237 trollstorehelper[56437:572251] /private/var/tmp/FCAF9AAA-1D9D-4741-B2BB-D5394A1C8E4C/Payload/Juice.app/Libraries/j6 is binary
2026-08-24 13:14:19.238 trollstorehelper[56437:572251] [/private/var/tmp/FCAF9AAA-1D9D-4741-B2BB-D5394A1C8E4C/Payload/Juice.app/Libraries/j6] Applying CoreTrust bypass...
2026-08-24 13:14:19.241 trollstorehelper[56437:572251] [/private/var/tmp/FCAF9AAA-1D9D-4741-B2BB-D5394A1C8E4C/Payload/Juice.app/Libraries/j6] Applied CoreTrust bypass!
2026-08-24 13:14:19.241 trollstorehelper[56437:572251] /private/var/tmp/FCAF9AAA-1D9D-4741-B2BB-D5394A1C8E4C/Payload/Juice.app/Libraries/libbrotlienc.1.dylib is binary
2026-08-24 13:14:19.243 trollstorehelper[56437:572251] [/private/var/tmp/FCAF9AAA-1D9D-4741-B2BB-D5394A1C8E4C/Payload/Juice.app/Libraries/libbrotlienc.1.dylib] Applying CoreTrust bypass...
2026-08-24 13:14:19.247 trollstorehelper[56437:572251] [/private/var/tmp/FCAF9AAA-1D9D-4741-B2BB-D5394A1C8E4C/Payload/Juice.app/Libraries/libbrotlienc.1.dylib] Applied CoreTrust bypass!
2026-08-24 13:14:19.247 trollstorehelper[56437:572251] /private/var/tmp/FCAF9AAA-1D9D-4741-B2BB-D5394A1C8E4C/Payload/Juice.app/Libraries/liblz4.1.9.4.dylib is binary
2026-08-24 13:14:19.248 trollstorehelper[56437:572251] [/private/var/tmp/FCAF9AAA-1D9D-4741-B2BB-D5394A1C8E4C/Payload/Juice.app/Libraries/liblz4.1.9.4.dylib] Applying CoreTrust bypass...
2026-08-24 13:14:19.251 trollstorehelper[56437:572251] [/private/var/tmp/FCAF9AAA-1D9D-4741-B2BB-D5394A1C8E4C/Payload/Juice.app/Libraries/liblz4.1.9.4.dylib] Applied CoreTrust bypass!
2026-08-24 13:14:19.251 trollstorehelper[56437:572251] /private/var/tmp/FCAF9AAA-1D9D-4741-B2BB-D5394A1C8E4C/Payload/Juice.app/Libraries/j0 is binary
2026-08-24 13:14:19.252 trollstorehelper[56437:572251] [/private/var/tmp/FCAF9AAA-1D9D-4741-B2BB-D5394A1C8E4C/Payload/Juice.app/Libraries/j0] Applying CoreTrust bypass...
2026-08-24 13:14:19.256 trollstorehelper[56437:572251] [/private/var/tmp/FCAF9AAA-1D9D-4741-B2BB-D5394A1C8E4C/Payload/Juice.app/Libraries/j0] Applied CoreTrust bypass!
2026-08-24 13:14:19.256 trollstorehelper[56437:572251] /private/var/tmp/FCAF9AAA-1D9D-4741-B2BB-D5394A1C8E4C/Payload/Juice.app/Libraries/libbrotlidec.1.1.0.dylib is binary
2026-08-24 13:14:19.257 trollstorehelper[56437:572251] [/private/var/tmp/FCAF9AAA-1D9D-4741-B2BB-D5394A1C8E4C/Payload/Juice.app/Libraries/libbrotlidec.1.1.0.dylib] Applying CoreTrust bypass...
2026-08-24 13:14:19.260 trollstorehelper[56437:572251] [/private/var/tmp/FCAF9AAA-1D9D-4741-B2BB-D5394A1C8E4C/Payload/Juice.app/Libraries/libbrotlidec.1.1.0.dylib] Applied CoreTrust bypass!
2026-08-24 13:14:19.260 trollstorehelper[56437:572251] /private/var/tmp/FCAF9AAA-1D9D-4741-B2BB-D5394A1C8E4C/Payload/Juice.app/Libraries/libbrotlicommon.1.1.0.dylib is binary
2026-08-24 13:14:19.261 trollstorehelper[56437:572251] [/private/var/tmp/FCAF9AAA-1D9D-4741-B2BB-D5394A1C8E4C/Payload/Juice.app/Libraries/libbrotlicommon.1.1.0.dylib] Applying CoreTrust bypass...
256 hash: a4f3e64996cf03ccc64b0609658d37a9ba600fcc07ecd2aa1ba12b1a968ffa9e
Encoding signed superblob...
Writing superblob to MachO...
Applying App Store code directory...
Adding new signature blob...
Updating TeamID...
TeamID set to T8ALTGMVXN!
Doing initial signing to calculate size...
SHA1 hash: 51f9bca295be9c2e1dee77d093ce0fcf3fc93450
SHA256 hash: eecb90b4b6b95c508942b9e0c4945d9b359b0d370e1424b6d9d1afe1417d26f5
Encoding unsigned superblob...
Updating load commands...
Updating __LINKEDIT segment...
Updating LC_CODE_SIGNATURE load command...
Updating code slot hashes...
Signing binary...
SHA1 hash: 51f9bca295be9c2e1dee77d093ce0fcf3fc93450
SHA256 hash: ce4e11397efa6213390ebde9fe850b932403c3ebda9df6bf6be4fe8e00394681
Encoding signed superblob...
Writing superblob to MachO...
Applying App Store code directory...
Adding new signature blob...
Updating TeamID...
TeamID set to T8ALTGMVXN!
Doing initial signing to calculate size...
SHA1 hash: 51f9bca295be9c2e1dee77d093ce0fcf3fc93450
SHA256 hash: 6e742a3823bb5bab6b89018be0c38c467883fdcd6941c3e66ec91ba5afd93db4
Encoding unsigned superblob...
Updating load commands...
Updating __LINKEDIT segment...
Updating LC_CODE_SIGNATURE load command...
Updating code slot hashes...
Signing binary...
SHA1 hash: 51f9bca295be9c2e1dee77d093ce0fcf3fc93450
SHA256 hash: da7343977415fcd24f511975cfcdffc1808990e77042b213558f4c52d32cff2a
Encoding signed superblob...
Writing superblob to MachO...
Applying App Store code directory...
Adding new signature blob...
Updating TeamID...
TeamID set to T8ALTGMVXN!
Doing initial signing to calculate size...
SHA1 hash: 51f9bca295be9c2e1dee77d093ce0fcf3fc93450
SHA256 hash: 72ba966005ed6eb8dad0e367724a8d93e824c5160cdc4907851940de35d39c1f
Encoding unsigned superblob...
Updating load commands...
Updating __LINKEDIT segment...
Updating LC_CODE_SIGNATURE load command...
Updating code slot hashes...
Signing binary...
SHA1 hash: 51f9bca295be9c2e1dee77d093ce0fcf3fc93450
SHA256 hash: e1bb24201eb7c0346263187ddc93e5b0d79b143a3bea4522d4ff562b48faa14c
Encoding signed superblob...
Writing superblob to MachO...
Applying App Store code directory...
Adding new signature blob...
Updating TeamID...
TeamID set to T8ALTGMVXN!
Doing initial signing to calculate size...
SHA1 hash: 51f9bca295be9c2e1dee77d093ce0fcf3fc93450
SHA256 hash: 887a67958c130124db0071b7a002f38135c36fe51c27d1d95defd7a369a6fb85
Encoding unsigned superblob...
Updating load commands...
Updating __LINKEDIT segment...
Updating LC_CODE_SIGNATURE load command...
Updating code slot hashes...
Signing binary...
SHA1 hash: 51f9bca295be9c2e1dee77d093ce0fcf3fc93450
SHA256 hash: 9f729fe9af053c752af6fd8bcde98c8e44ecfd0ad4f58f819281473d122293d1
Encoding signed superblob...
Writing superblob to MachO...
Applying App Store code directory...
Adding new signature blob...
Updating TeamID...
TeamID set to T8ALTGMVXN!
Doing initial signing to calculate size...
SHA1 hash: 51f9bca295be9c2e1dee77d093ce0fcf3fc93450
SHA256 hash: 93f500a870a9fcc387acc419898b6d59ade9ee3f108f908c79781ba7a8af4679
Encoding unsigned superblob...
Updating load commands...
Updating __LINKEDIT segment...
Updating LC_CODE_SIGNATURE load command...
Updating code slot hashes...
Signing binary...
SHA1 hash: 51f9bca295be9c2e1dee77d093ce0fcf3fc93450
SHA256 hash: ee90de67f95758a8be2ae65e49a932cccba35744fc75bd5cf72fb6ebf15d7b47
Encoding signed superblob...
Writing superblob to MachO...
Applying App Store code directory...
Adding new signature blob...
Updating TeamID...
TeamID set to T8ALTGMVXN!
Doing initial signing to calculate size...
SHA1 hash: 51f9bca295be9c2e1dee77d093ce0fcf3fc93450
SHA256 hash: 1ab2a99fd587e061acd598ee656bd1bc58d71bb7e964b37c5c86a6c09922878f
Encoding unsigned superblob...
Updating load commands...
Updating __LINKEDIT segment...
Updating LC_CODE_SIGNATURE load command...
Updating code slot hashes...
Signing binary...
SHA1 hash: 51f9bca295be9c2e1dee77d093ce0fcf3fc93450
SHA256 hash: 9d1153ad1967da48651a71b77878334b508dc41f2153fdca47caa17530c853a5
Encoding signed superblob...
Writing superblob to MachO...
Applying App Store code directory...
Adding new signatur2026-08-24 13:14:19.264 trollstorehelper[56437:572251] [/private/var/tmp/FCAF9AAA-1D9D-4741-B2BB-D5394A1C8E4C/Payload/Juice.app/Libraries/libbrotlicommon.1.1.0.dylib] Applied CoreTrust bypass!
2026-08-24 13:14:19.264 trollstorehelper[56437:572251] /private/var/tmp/FCAF9AAA-1D9D-4741-B2BB-D5394A1C8E4C/Payload/Juice.app/Libraries/libgnutls.dylib is binary
2026-08-24 13:14:19.267 trollstorehelper[56437:572251] [/private/var/tmp/FCAF9AAA-1D9D-4741-B2BB-D5394A1C8E4C/Payload/Juice.app/Libraries/libgnutls.dylib] Applying CoreTrust bypass...
2026-08-24 13:14:19.273 trollstorehelper[56437:572251] [/private/var/tmp/FCAF9AAA-1D9D-4741-B2BB-D5394A1C8E4C/Payload/Juice.app/Libraries/libgnutls.dylib] Applied CoreTrust bypass!
2026-08-24 13:14:19.273 trollstorehelper[56437:572251] /private/var/tmp/FCAF9AAA-1D9D-4741-B2BB-D5394A1C8E4C/Payload/Juice.app/Libraries/libhogweed.6.dylib is binary
2026-08-24 13:14:19.274 trollstorehelper[56437:572251] [/private/var/tmp/FCAF9AAA-1D9D-4741-B2BB-D5394A1C8E4C/Payload/Juice.app/Libraries/libhogweed.6.dylib] Applying CoreTrust bypass...
2026-08-24 13:14:19.277 trollstorehelper[56437:572251] [/private/var/tmp/FCAF9AAA-1D9D-4741-B2BB-D5394A1C8E4C/Payload/Juice.app/Libraries/libhogweed.6.dylib] Applied CoreTrust bypass!
2026-08-24 13:14:19.278 trollstorehelper[56437:572251] /private/var/tmp/FCAF9AAA-1D9D-4741-B2BB-D5394A1C8E4C/Payload/Juice.app/Libraries/libintl.8.dylib is binary
2026-08-24 13:14:19.278 trollstorehelper[56437:572251] [/private/var/tmp/FCAF9AAA-1D9D-4741-B2BB-D5394A1C8E4C/Payload/Juice.app/Libraries/libintl.8.dylib] Applying CoreTrust bypass...
2026-08-24 13:14:19.282 trollstorehelper[56437:572251] [/private/var/tmp/FCAF9AAA-1D9D-4741-B2BB-D5394A1C8E4C/Payload/Juice.app/Libraries/libintl.8.dylib] Applied CoreTrust bypass!
2026-08-24 13:14:19.282 trollstorehelper[56437:572251] /private/var/tmp/FCAF9AAA-1D9D-4741-B2BB-D5394A1C8E4C/Payload/Juice.app/Libraries/libnettle.8.dylib is binary
2026-08-24 13:14:19.283 trollstorehelper[56437:572251] [/private/var/tmp/FCAF9AAA-1D9D-4741-B2BB-D5394A1C8E4C/Payload/Juice.app/Libraries/libnettle.8.dylib] Applying CoreTrust bypass...
2026-08-24 13:14:19.286 trollstorehelper[56437:572251] [/private/var/tmp/FCAF9AAA-1D9D-4741-B2BB-D5394A1C8E4C/Payload/Juice.app/Libraries/libnettle.8.dylib] Applied CoreTrust bypass!
2026-08-24 13:14:19.286 trollstorehelper[56437:572251] /private/var/tmp/FCAF9AAA-1D9D-4741-B2BB-D5394A1C8E4C/Payload/Juice.app/Libraries/libhogweed.6.8.dylib is binary
2026-08-24 13:14:19.287 trollstorehelper[56437:572251] [/private/var/tmp/FCAF9AAA-1D9D-4741-B2BB-D5394A1C8E4C/Payload/Juice.app/Libraries/libhogweed.6.8.dylib] Applying CoreTrust bypass...
2026-08-24 13:14:19.291 trollstorehelper[56437:572251] [/private/var/tmp/FCAF9AAA-1D9D-4741-B2BB-D5394A1C8E4C/Payload/Juice.app/Libraries/libhogweed.6.8.dylib] Applied CoreTrust bypass!
2026-08-24 13:14:19.291 trollstorehelper[56437:572251] /private/var/tmp/FCAF9AAA-1D9D-4741-B2BB-D5394A1C8E4C/Payload/Juice.app/Libraries/libnettle.8.8.dylib is binary
2026-08-24 13:14:19.292 trollstorehelper[56437:572251] [/private/var/tmp/FCAF9AAA-1D9D-4741-B2BB-D5394A1C8E4C/Payload/Juice.app/Libraries/libnettle.8.8.dylib] Applying CoreTrust bypass...
e blob...
Updating TeamID...
TeamID set to T8ALTGMVXN!
Doing initial signing to calculate size...
SHA1 hash: 51f9bca295be9c2e1dee77d093ce0fcf3fc93450
SHA256 hash: 93f500a870a9fcc387acc419898b6d59ade9ee3f108f908c79781ba7a8af4679
Encoding unsigned superblob...
Updating load commands...
Updating __LINKEDIT segment...
Updating LC_CODE_SIGNATURE load command...
Updating code slot hashes...
Signing binary...
SHA1 hash: 51f9bca295be9c2e1dee77d093ce0fcf3fc93450
SHA256 hash: ee90de67f95758a8be2ae65e49a932cccba35744fc75bd5cf72fb6ebf15d7b47
Encoding signed superblob...
Writing superblob to MachO...
Applying App Store code directory...
Adding new signature blob...
Updating TeamID...
TeamID set to T8ALTGMVXN!
Doing initial signing to calculate size...
SHA1 hash: 51f9bca295be9c2e1dee77d093ce0fcf3fc93450
SHA256 hash: 48887a6c20f465d4570219a17f6224dc352bda3c3d8713a64ad69f95c06b20a4
Encoding unsigned superblob...
Updating load commands...
Updating __LINKEDIT segment...
Updating LC_CODE_SIGNATURE load command...
Updating code slot hashes...
Signing binary...
SHA1 hash: 51f9bca295be9c2e1dee77d093ce0fcf3fc93450
SHA256 hash: 26325b9790a9315623d908cfaf304013ab3dd86f384889c3f62dc0057bc89200
Encoding signed superblob...
Writing superblob to MachO...
Applying App Store code directory...
Adding new signature blob...
Updating TeamID...
TeamID set to T8ALTGMVXN!
Doing initial signing to calculate size...
SHA1 hash: 51f9bca295be9c2e1dee77d093ce0fcf3fc93450
SHA256 hash: e1f9614be44258aa3a5d7ea945dc9e0b6d0267b4a26ba3309037d23736a4be11
Encoding unsigned superblob...
Updating load commands...
Updating __LINKEDIT segment...
Updating LC_CODE_SIGNATURE load command...
Updating code slot hashes...
Signing binary...
SHA1 hash: 51f9bca295be9c2e1dee77d093ce0fcf3fc93450
SHA256 hash: d37e2d34c4d0d150e857d4d821fa8c6a8518976543135a4dc1c0fa3eafc8acc5
Encoding signed superblob...
Writing superblob to MachO...
Applying App Store code directory...
Adding new signature blob...
Updating TeamID...
TeamID set to T8ALTGMVXN!
Doing initial signing to calculate size...
SHA1 hash: 51f9bca295be9c2e1dee77d093ce0fcf3fc93450
SHA256 hash: eecb90b4b6b95c508942b9e0c4945d9b359b0d370e1424b6d9d1afe1417d26f5
Encoding unsigned superblob...
Updating load commands...
Updating __LINKEDIT segment...
Updating LC_CODE_SIGNATURE load command...
Updating code slot hashes...
Signing binary...
SHA1 hash: 51f9bca295be9c2e1dee77d093ce0fcf3fc93450
SHA256 hash: ce4e11397efa6213390ebde9fe850b932403c3ebda9df6bf6be4fe8e00394681
Encoding signed superblob...
Writing superblob to MachO...
Applying App Store code directory...
Adding new signature blob...
Updating TeamID...
TeamID set to T8ALTGMVXN!
Doing initial signing to calculate size...
SHA1 hash: 51f9bca295be9c2e1dee77d093ce0fcf3fc93450
SHA256 hash: 0566026d280df62e6fb4fdd7134749df061a9e31b28724f631efce3b8a7fdca5
Encoding unsigned superblob...
Updating load commands...
Updating __LINKEDIT segment...
Updating LC_CODE_SIGNATURE load command...
Updating code slot hashes...
Signing binary...
SHA1 hash: 51f9bca295be9c2e1dee77d093ce0fcf3fc93450
SHA256 hash: a4b2e147cad11ead398e529f211173e6715d2bc9328875c098cbfaae91be700e
Encoding signed superblob...
Writing superblob to MachO...
Applying App Store code directory...
Adding new signature blob...
Updating TeamID...
TeamID set to T8ALTGMVXN!
Doing initial signing to calculate size...
SHA1 hash: 51f9bca295be9c2e1dee77d093ce0fcf3fc93450
SHA256 hash: e1f9614be44258aa3a5d7ea945dc9e0b6d0267b4a26ba3309037d23736a4be11
Encoding unsigned superblob...
Updating load commands...
Updating __LINKEDIT segment...
Updating LC_CODE_SIGNATURE load command...
Updating code slot hashes...
Signing binary...
SHA1 hash: 51f9bca295be9c2e1dee77d093ce0fcf3fc93450
SHA256 hash: d37e2d34c4d0d150e857d4d821fa8c6a8518976543135a4dc1c0fa3eafc8acc5
Encoding signed superblob...
Writing superblob to MachO...
Applying App Store code directory...
Adding new signature blob...
Updating TeamID...
TeamID set to T8ALTGMVXN!
Doing initial signing to calculate size...
SHA1 hash: 51f9bca295be9c2e1dee77d093ce0fcf3fc93450
SHA256 hash: 0566026d280df62e6fb4fdd71342026-08-24 13:14:19.295 trollstorehelper[56437:572251] [/private/var/tmp/FCAF9AAA-1D9D-4741-B2BB-D5394A1C8E4C/Payload/Juice.app/Libraries/libnettle.8.8.dylib] Applied CoreTrust bypass!
2026-08-24 13:14:19.296 trollstorehelper[56437:572251] /private/var/tmp/FCAF9AAA-1D9D-4741-B2BB-D5394A1C8E4C/Payload/Juice.app/Libraries/liblz4.1.dylib is binary
2026-08-24 13:14:19.296 trollstorehelper[56437:572251] [/private/var/tmp/FCAF9AAA-1D9D-4741-B2BB-D5394A1C8E4C/Payload/Juice.app/Libraries/liblz4.1.dylib] Applying CoreTrust bypass...
2026-08-24 13:14:19.299 trollstorehelper[56437:572251] [/private/var/tmp/FCAF9AAA-1D9D-4741-B2BB-D5394A1C8E4C/Payload/Juice.app/Libraries/liblz4.1.dylib] Applied CoreTrust bypass!
2026-08-24 13:14:19.300 trollstorehelper[56437:572251] /private/var/tmp/FCAF9AAA-1D9D-4741-B2BB-D5394A1C8E4C/Payload/Juice.app/Libraries/liblzma.5.dylib is binary
2026-08-24 13:14:19.300 trollstorehelper[56437:572251] [/private/var/tmp/FCAF9AAA-1D9D-4741-B2BB-D5394A1C8E4C/Payload/Juice.app/Libraries/liblzma.5.dylib] Applying CoreTrust bypass...
2026-08-24 13:14:19.304 trollstorehelper[56437:572251] [/private/var/tmp/FCAF9AAA-1D9D-4741-B2BB-D5394A1C8E4C/Payload/Juice.app/Libraries/liblzma.5.dylib] Applied CoreTrust bypass!
2026-08-24 13:14:19.304 trollstorehelper[56437:572251] /private/var/tmp/FCAF9AAA-1D9D-4741-B2BB-D5394A1C8E4C/Payload/Juice.app/Libraries/libzstd.1.dylib is binary
2026-08-24 13:14:19.305 trollstorehelper[56437:572251] [/private/var/tmp/FCAF9AAA-1D9D-4741-B2BB-D5394A1C8E4C/Payload/Juice.app/Libraries/libzstd.1.dylib] Applying CoreTrust bypass...
2026-08-24 13:14:19.309 trollstorehelper[56437:572251] [/private/var/tmp/FCAF9AAA-1D9D-4741-B2BB-D5394A1C8E4C/Payload/Juice.app/Libraries/libzstd.1.dylib] Applied CoreTrust bypass!
2026-08-24 13:14:19.309 trollstorehelper[56437:572251] /private/var/tmp/FCAF9AAA-1D9D-4741-B2BB-D5394A1C8E4C/Payload/Juice.app/Libraries/j5 is binary
2026-08-24 13:14:19.310 trollstorehelper[56437:572251] [/private/var/tmp/FCAF9AAA-1D9D-4741-B2BB-D5394A1C8E4C/Payload/Juice.app/Libraries/j5] Applying CoreTrust bypass...
2026-08-24 13:14:19.315 trollstorehelper[56437:572251] [/private/var/tmp/FCAF9AAA-1D9D-4741-B2BB-D5394A1C8E4C/Payload/Juice.app/Libraries/j5] Applied CoreTrust bypass!
2026-08-24 13:14:19.315 trollstorehelper[56437:572251] /private/var/tmp/FCAF9AAA-1D9D-4741-B2BB-D5394A1C8E4C/Payload/Juice.app/Libraries/j2 is binary
2026-08-24 13:14:19.316 trollstorehelper[56437:572251] [/private/var/tmp/FCAF9AAA-1D9D-4741-B2BB-D5394A1C8E4C/Payload/Juice.app/Libraries/j2] Applying CoreTrust bypass...
2026-08-24 13:14:19.322 trollstorehelper[56437:572251] [/private/var/tmp/FCAF9AAA-1D9D-4741-B2BB-D5394A1C8E4C/Payload/Juice.app/Libraries/j2] Applied CoreTrust bypass!
2026-08-24 13:14:19.323 trollstorehelper[56437:572251] /private/var/tmp/FCAF9AAA-1D9D-4741-B2BB-D5394A1C8E4C/Payload/Juice.app/Libraries/libunistring.5.dylib is binary
2026-08-24 13:14:19.343 trollstorehelper[56437:572251] [/private/var/tmp/FCAF9AAA-1D9D-4741-B2BB-D5394A1C8E4C/Payload/Juice.app/Libraries/libunistring.5.dylib] Applying CoreTrust bypass...
749df061a9e31b28724f631efce3b8a7fdca5
Encoding unsigned superblob...
Updating load commands...
Updating __LINKEDIT segment...
Updating LC_CODE_SIGNATURE load command...
Updating code slot hashes...
Signing binary...
SHA1 hash: 51f9bca295be9c2e1dee77d093ce0fcf3fc93450
SHA256 hash: a4b2e147cad11ead398e529f211173e6715d2bc9328875c098cbfaae91be700e
Encoding signed superblob...
Writing superblob to MachO...
Applying App Store code directory...
Adding new signature blob...
Updating TeamID...
TeamID set to T8ALTGMVXN!
Doing initial signing to calculate size...
SHA1 hash: 51f9bca295be9c2e1dee77d093ce0fcf3fc93450
SHA256 hash: 887a67958c130124db0071b7a002f38135c36fe51c27d1d95defd7a369a6fb85
Encoding unsigned superblob...
Updating load commands...
Updating __LINKEDIT segment...
Updating LC_CODE_SIGNATURE load command...
Updating code slot hashes...
Signing binary...
SHA1 hash: 51f9bca295be9c2e1dee77d093ce0fcf3fc93450
SHA256 hash: 9f729fe9af053c752af6fd8bcde98c8e44ecfd0ad4f58f819281473d122293d1
Encoding signed superblob...
Writing superblob to MachO...
Applying App Store code directory...
Adding new signature blob...
Updating TeamID...
TeamID set to T8ALTGMVXN!
Doing initial signing to calculate size...
SHA1 hash: 51f9bca295be9c2e1dee77d093ce0fcf3fc93450
SHA256 hash: ca51d13c59377eb2995d3867ccc8a365e82377a58c4de7cefb83882c89d8ebdd
Encoding unsigned superblob...
Updating load commands...
Updating __LINKEDIT segment...
Updating LC_CODE_SIGNATURE load command...
Updating code slot hashes...
Signing binary...
SHA1 hash: 51f9bca295be9c2e1dee77d093ce0fcf3fc93450
SHA256 hash: 9145eb30b86f5b685c245088c35b65c87b2f78cd8a937186d1f18210ba7b9776
Encoding signed superblob...
Writing superblob to MachO...
Applying App Store code directory...
Adding new signature blob...
Updating TeamID...
TeamID set to T8ALTGMVXN!
Doing initial signing to calculate size...
SHA1 hash: 51f9bca295be9c2e1dee77d093ce0fcf3fc93450
SHA256 hash: fac67aab2832386f03779b16da79502fe22e4faa33f94d66b33472d1e4b7552a
Encoding unsigned superblob...
Updating load commands...
Updating __LINKEDIT segment...
Updating LC_CODE_SIGNATURE load command...
Updating code slot hashes...
Signing binary...
SHA1 hash: 51f9bca295be9c2e1dee77d093ce0fcf3fc93450
SHA256 hash: ed8bd5a9fd2b92a8b07ca7a24088858b99a6f742b16812844966f42d4754727e
Encoding signed superblob...
Writing superblob to MachO...
Applying App Store code directory...
Adding new signature blob...
Updating TeamID...
TeamID set to T8ALTGMVXN!
Doing initial signing to calculate size...
SHA1 hash: 51f9bca295be9c2e1dee77d093ce0fcf3fc93450
SHA256 hash: 537aae69c77411e90580c00c7a6dd65b834c97085d6f90725ea95da136fe72c2
Encoding unsigned superblob...
Updating load commands...
Updating __LINKEDIT segment...
Updating LC_CODE_SIGNATURE load command...
Updating code slot hashes...
Signing binary...
SHA1 hash: 51f9bca295be9c2e1dee77d093ce0fcf3fc93450
SHA256 hash: df3a79750943fa1ea4f099875d2f5ad942e6c7989acbdf948836103bc7d57258
Encoding signed superblob...
Writing superblob to MachO...
Applying App Store code directory...
Adding new signature blob...
Updating TeamID...
TeamID set to T8ALTGMVXN!
Doing initial signing to calculate size...
SHA1 hash: 51f9bca295be9c2e1dee77d093ce0fcf3fc93450
SHA256 hash: 417448ee67eac9e5bc6cbfbaadb7da23fc6c999125c8ac6482b4059df8a67fff
Encoding unsigned superblob...
Updating load commands...
Updating __LINKEDIT segment...
Updating LC_CODE_SIGNATURE load command...
Updating code slot hashes...
Signing binary...
SHA1 hash: 51f9bca295be9c2e1dee77d093ce0fcf3fc93450
SHA256 hash: a4f3e64996cf03ccc64b0609658d37a9ba600fcc07ecd2aa1ba12b1a968ffa9e
Encoding signed superblob...
Writing superblob to MachO...
Applying App Store code directory...
Adding new signature blob...
Updating TeamID...
TeamID set to T8ALTGMVXN!
Doing initial signing to calculate size...
SHA1 hash: 51f9bca295be9c2e1dee77d093ce0fcf3fc93450
SHA256 hash: 4d5d9b5490ab2bd22ea5a70db908dd1868186b6e599279e7deeb8b22c442e855
Encoding unsigned superblob...
Updating load commands...
Updating __LINKEDIT segment...
Updating LC_CODE_SIGNATURE load command...
Updating code slot ha2026-08-24 13:14:19.348 trollstorehelper[56437:572251] [/private/var/tmp/FCAF9AAA-1D9D-4741-B2BB-D5394A1C8E4C/Payload/Juice.app/Libraries/libunistring.5.dylib] Applied CoreTrust bypass!
2026-08-24 13:14:19.348 trollstorehelper[56437:572251] /private/var/tmp/FCAF9AAA-1D9D-4741-B2BB-D5394A1C8E4C/Payload/Juice.app/Libraries/libbrotlienc.1.1.0.dylib is binary
2026-08-24 13:14:19.352 trollstorehelper[56437:572251] [/private/var/tmp/FCAF9AAA-1D9D-4741-B2BB-D5394A1C8E4C/Payload/Juice.app/Libraries/libbrotlienc.1.1.0.dylib] Applying CoreTrust bypass...
2026-08-24 13:14:19.363 trollstorehelper[56437:572251] [/private/var/tmp/FCAF9AAA-1D9D-4741-B2BB-D5394A1C8E4C/Payload/Juice.app/Libraries/libbrotlienc.1.1.0.dylib] Applied CoreTrust bypass!
2026-08-24 13:14:19.363 trollstorehelper[56437:572251] /private/var/tmp/FCAF9AAA-1D9D-4741-B2BB-D5394A1C8E4C/Payload/Juice.app/Libraries/j3 is binary
2026-08-24 13:14:19.369 trollstorehelper[56437:572251] [/private/var/tmp/FCAF9AAA-1D9D-4741-B2BB-D5394A1C8E4C/Payload/Juice.app/Libraries/j3] Applying CoreTrust bypass...
2026-08-24 13:14:19.388 trollstorehelper[56437:572251] [/private/var/tmp/FCAF9AAA-1D9D-4741-B2BB-D5394A1C8E4C/Payload/Juice.app/Libraries/j3] Applied CoreTrust bypass!
2026-08-24 13:14:19.388 trollstorehelper[56437:572251] /private/var/tmp/FCAF9AAA-1D9D-4741-B2BB-D5394A1C8E4C/Payload/Juice.app/Libraries/j4 is binary
2026-08-24 13:14:19.389 trollstorehelper[56437:572251] [/private/var/tmp/FCAF9AAA-1D9D-4741-B2BB-D5394A1C8E4C/Payload/Juice.app/Libraries/j4] Applying CoreTrust bypass...
2026-08-24 13:14:19.393 trollstorehelper[56437:572251] [/private/var/tmp/FCAF9AAA-1D9D-4741-B2BB-D5394A1C8E4C/Payload/Juice.app/Libraries/j4] Applied CoreTrust bypass!
2026-08-24 13:14:19.393 trollstorehelper[56437:572251] /private/var/tmp/FCAF9AAA-1D9D-4741-B2BB-D5394A1C8E4C/Payload/Juice.app/Libraries/libzstd.1.5.5.dylib is binary
2026-08-24 13:14:19.398 trollstorehelper[56437:572251] [/private/var/tmp/FCAF9AAA-1D9D-4741-B2BB-D5394A1C8E4C/Payload/Juice.app/Libraries/libzstd.1.5.5.dylib] Applying CoreTrust bypass...
2026-08-24 13:14:19.403 trollstorehelper[56437:572251] [/private/var/tmp/FCAF9AAA-1D9D-4741-B2BB-D5394A1C8E4C/Payload/Juice.app/Libraries/libzstd.1.5.5.dylib] Applied CoreTrust bypass!
2026-08-24 13:14:19.403 trollstorehelper[56437:572251] /private/var/tmp/FCAF9AAA-1D9D-4741-B2BB-D5394A1C8E4C/Payload/Juice.app/Libraries/libgmp.10.dylib is binary
2026-08-24 13:14:19.405 trollstorehelper[56437:572251] [/private/var/tmp/FCAF9AAA-1D9D-4741-B2BB-D5394A1C8E4C/Payload/Juice.app/Libraries/libgmp.10.dylib] Applying CoreTrust bypass...
2026-08-24 13:14:19.409 trollstorehelper[56437:572251] [/private/var/tmp/FCAF9AAA-1D9D-4741-B2BB-D5394A1C8E4C/Payload/Juice.app/Libraries/libgmp.10.dylib] Applied CoreTrust bypass!
2026-08-24 13:14:19.409 trollstorehelper[56437:572251] /private/var/tmp/FCAF9AAA-1D9D-4741-B2BB-D5394A1C8E4C/Payload/Juice.app/Frameworks/MoltenVK.framework/MoltenVK is binary
2026-08-24 13:14:19.480 trollstorehelper[56437:572251] [/private/var/tmp/FCAF9AAA-1D9D-4741-B2BB-D5394A1C8E4C/Payload/Juice.app/Frameworks/MoltenVK.framework/MoltenVK] Applying CoreTrust bypass...
shes...
Signing binary...
SHA1 hash: 51f9bca295be9c2e1dee77d093ce0fcf3fc93450
SHA256 hash: fcc2fcbdd8736491b1dc4eb756bbd30800ee83be720d9b0b8cdb69532fdc1d60
Encoding signed superblob...
Writing superblob to MachO...
Applying App Store code directory...
Adding new signature blob...
Updating TeamID...
TeamID set to T8ALTGMVXN!
Doing initial signing to calculate size...
SHA1 hash: 51f9bca295be9c2e1dee77d093ce0fcf3fc93450
SHA256 hash: 72ba966005ed6eb8dad0e367724a8d93e824c5160cdc4907851940de35d39c1f
Encoding unsigned superblob...
Updating load commands...
Updating __LINKEDIT segment...
Updating LC_CODE_SIGNATURE load command...
Updating code slot hashes...
Signing binary...
SHA1 hash: 51f9bca295be9c2e1dee77d093ce0fcf3fc93450
SHA256 hash: e1bb24201eb7c0346263187ddc93e5b0d79b143a3bea4522d4ff562b48faa14c
Encoding signed superblob...
Writing superblob to MachO...
Applying App Store code directory...
Adding new signature blob...
Updating TeamID...
TeamID set to T8ALTGMVXN!
Doing initial signing to calculate size...
SHA1 hash: 51f9bca295be9c2e1dee77d093ce0fcf3fc93450
SHA256 hash: 4d5d9b5490ab2bd22ea5a70db908dd1868186b6e599279e7deeb8b22c442e855
Encoding unsigned superblob...
Updating load commands...
Updating __LINKEDIT segment...
Updating LC_CODE_SIGNATURE load command...
Updating code slot hashes...
Signing binary...
SHA1 hash: 51f9bca295be9c2e1dee77d093ce0fcf3fc93450
SHA256 hash: fcc2fcbdd8736491b1dc4eb756bbd30800ee83be720d9b0b8cdb69532fdc1d60
Encoding signed superblob...
Writing superblob to MachO...
Applying App Store code directory...
Adding new signature blob...
Updating TeamID...
TeamID set to T8ALTGMVXN!
Doing initial signing to calculate size...
SHA1 hash: 51f9bca295be9c2e1dee77d093ce0fcf3fc93450
SHA256 hash: 2d261d8dace44f1c914ab6b1bd96b691b60b41af7706540a04c7d35d2f2c3d4c
Encoding unsigned superblob...
Updating load commands...
Updating __LINKEDIT segment...
Updating LC_CODE_SIGNATURE load command...
Updating code slot hashes...
Signing binary...
SHA1 hash: 51f9bca295be9c2e1dee77d093ce0fcf3fc93450
SHA256 hash: 9c785d1021f0a5c71c2e86658c11153c67b9e6ad5374a7551d7aab24b9e81779
Encoding signed superblob...
Writing superblob to MachO...
Applying App Store code directory...
Adding new signature blob...
Updating TeamID...
TeamID set to T8ALTGMVXN!
Doing initial signing to calculate size...
SHA1 hash: 51f9bca295be9c2e1dee77d093ce0fcf3fc93450
SHA256 hash: fac67aab2832386f03779b16da79502fe22e4faa33f94d66b33472d1e4b7552a
Encoding unsigned superblob...
Updating load commands...
Updating __LINKEDIT segment...
Updating LC_CODE_SIGNATURE load command...
Updating code slot hashes...
Signing binary...
SHA1 hash: 51f9bca295be9c2e1dee77d093ce0fcf3fc93450
SHA256 hash: ed8bd5a9fd2b92a8b07ca7a24088858b99a6f742b16812844966f42d4754727e
Encoding signed superblob...
Writing superblob to MachO...
Applying App Store code directory...
Adding new signature blob...
Updating TeamID...
TeamID set to T8ALTGMVXN!
Doing initial signing to calculate size...
SHA1 hash: 51f9bca295be9c2e1dee77d093ce0fcf3fc93450
SHA256 hash: 537aae69c77411e90580c00c7a6dd65b834c97085d6f90725ea95da136fe72c2
Encoding unsigned superblob...
Updating load commands...
Updating __LINKEDIT segment...
Updating LC_CODE_SIGNATURE load command...
Updating code slot hashes...
Signing binary...
SHA1 hash: 51f9bca295be9c2e1dee77d093ce0fcf3fc93450
SHA256 hash: df3a79750943fa1ea4f099875d2f5ad942e6c7989acbdf948836103bc7d57258
Encoding signed superblob...
Writing superblob to MachO...
Applying App Store code directory...
Adding new signature blob...
Updating TeamID...
TeamID set to T8ALTGMVXN!
Doing initial signing to calculate size...
SHA1 hash: 51f9bca295be9c2e1dee77d093ce0fcf3fc93450
SHA256 hash: 716daf10fe6154527594de42bc0803d97cd8229324f1b3879a434d230d0d47c8
Encoding unsigned superblob...
Updating load commands...
Updating __LINKEDIT segment...
Updating LC_CODE_SIGNATURE load command...
Updating code slot hashes...
Signing binary...
SHA1 hash: 51f9bca295be9c2e1dee77d093ce0fcf3fc93450
SHA256 hash: 104b84ac55db0b65e9d7771df00847d5af8074a2b732737ebe3ea3f57712b35f
Encoding signed superblob...
Writi2026-08-24 13:14:19.495 trollstorehelper[56437:572251] [/private/var/tmp/FCAF9AAA-1D9D-4741-B2BB-D5394A1C8E4C/Payload/Juice.app/Frameworks/MoltenVK.framework/MoltenVK] Applied CoreTrust bypass!
2026-08-24 13:14:19.496 trollstorehelper[56437:572251] /private/var/tmp/FCAF9AAA-1D9D-4741-B2BB-D5394A1C8E4C/Payload/Juice.app/Juice is binary
2026-08-24 13:14:19.498 trollstorehelper[56437:572251] [/private/var/tmp/FCAF9AAA-1D9D-4741-B2BB-D5394A1C8E4C/Payload/Juice.app/Juice] Applying CoreTrust bypass...
2026-08-24 13:14:19.502 trollstorehelper[56437:572251] [/private/var/tmp/FCAF9AAA-1D9D-4741-B2BB-D5394A1C8E4C/Payload/Juice.app/Juice] Applied CoreTrust bypass!
2026-08-24 13:14:19.508 trollstorehelper[56437:572251] [installApp] replacing existing app with new version
2026-08-24 13:14:26.257 trollstorehelper[56437:572251] [installApp] new app path: /private/var/containers/Bundle/Application/124F0A70-2EFF-40C7-B2F9-D71B571C9E11/Juice.app
2026-08-24 13:14:26.559 trollstorehelper[56437:572251] [dumpEntitlements] dumped {
    "com.apple.private.security.no-sandbox" = 1;
    "com.apple.private.security.storage.AppDataContainers" = 1;
    "get-task-allow" = 1;
    "platform-application" = 1;
}
2026-08-24 13:14:26.573 trollstorehelper[56437:572251] [getDeveloperModeState] got reply {
    armed = 0;
    status = 1;
    success = 1;
}
2026-08-24 13:14:26.655 trollstorehelper[56437:572251] trollstorehelper returning 0
ng superblob to MachO...
Applying App Store code directory...
Adding new signature blob...
Updating TeamID...
TeamID set to T8ALTGMVXN!
Doing initial signing to calculate size...
SHA1 hash: 51f9bca295be9c2e1dee77d093ce0fcf3fc93450
SHA256 hash: fcb50a0802e3e245de3c2c794978bd2cc4db45c3f90f815a08381b0713f19918
Encoding unsigned superblob...
Updating load commands...
Updating __LINKEDIT segment...
Updating LC_CODE_SIGNATURE load command...
Updating code slot hashes...
Signing binary...
SHA1 hash: 51f9bca295be9c2e1dee77d093ce0fcf3fc93450
SHA256 hash: 47b9ff454cc1e46f935d458b520bf4ce9a9dc2b3669d9863816a9001a96c5b54
Encoding signed superblob...
Writing superblob to MachO...
zsh:1: read-only variable: status
