JUICE_TRANSLATION_RUNTIME_SAFETY_OK runtime=/private/var/containers/Bundle/Application/124F0A70-2EFF-40C7-B2F9-D71B571C9E11/Juice.app/Grape-X64 protocol=holes-disabled-v4-teb-tls-recovery
JUICE_WIN32_RUNTIME_LINKS count=103 syswow64=/private/var/mobile/Containers/Data/Application/2A4FE42F-DA40-4530-B5B1-96F7C5C63DEB/Documents/JuiceData/GrapePrefix-x86_64/drive_c/windows/syswow64
[JuiceWine parent] bundle libraries path=/private/var/containers/Bundle/Application/124F0A70-2EFF-40C7-B2F9-D71B571C9E11/Juice.app/Libraries:/var/jb/usr/lib
[JuiceWine parent] launching /private/var/containers/Bundle/Application/124F0A70-2EFF-40C7-B2F9-D71B571C9E11/Juice.app/Grape-X64/build/wine-ios/loader/wine
[JuiceWine parent] child PID=89007
[JuiceWine] iOS low-VA release start=0x10000 end=0x100000000 status=0 OK
JUICE_LOWVA_HOLELIST_OK old_reuse=0 new_reuse=1 allocator=entry-list
JUICE_LOWVA_HELPER_BEGIN path=/private/var/containers/Bundle/Application/124F0A70-2EFF-40C7-B2F9-D71B571C9E11/Juice.app/Grape-X64/tools/juice-lowva-helper target_pid=89007 root_persona=1
JUICE_LOWVA_KERNEL_MIN_OK pid=89007 task=0xffffffdff27851d0 map=0xffffffdc0a78c7c0 old=0x104ca8000 new=0x10000 max=0x2d8000000 already=0
Failed to initialize IOSurface primitives, add "IOSurfaceRootUserClient" to the "com.apple.security.exception.iokit-user-client-class" dictionary of the entitlements from "/private/var/containers/Bundle/Application/124F0A70-2EFF-40C7-B2F9-D71B571C9E11/Juice.app/Grape-X64/tools/juice-lowva-helper" to fix this. Due to this, the kalloc, kmap and kcall primitives will not work.
JUICE_LOWVA_ATOMIC_RESERVE_OK start=0x10000 end=0x80000000 size=0x7fff0000
JUICE_LOWVA_WIN32_2G_RESERVE_OK start=0x10000 end=0x80000000
JUICE_LOWVA_HELPER_OK target_pid=89007
JUICE_LOWVA_KERNEL_PROBE_OK address=0x20000 size=0x4000
JUICE_LOWVA_READY target_pid=89007
[JuiceLowVA] MAP_FIXED enabled start=0x10000 size=0x67ff0000 prot=0 failures=0
[JuiceWine] PT_TRACE_ME succeeded; csflags=0x3280780d CS_DEBUGGED=YES
[JuiceWine] requesting controlled tracer detach
[JuiceWine parent] child stopped pid=89007 signal=17 (Suspended (signal): 17)
[JuiceWine parent] PT_DETACH pid=89007 result=0
[JuiceWine parent] child now running untraced
[JuiceWine] resumed after tracer detach; csflags=0x3280780d CS_DEBUGGED=YES
[JuiceStage] wineboot disabled by JUICE_SKIP_WINEBOOT=1
[JuiceWine] host-page expanding executable section .text: section=0x401000 mapping=0x400000 size=3031040
[JuiceWine] anonymous PE executable section .text at 0x400000 size=3031040
[JuiceStage] loading Windows ntdll; transfer=0x54d26d teb=0x7ffe8000 peb=0x7ffec000
[JuiceHybrid] open name=/private/var/containers/Bundle/Application/124F0A70-2EFF-40C7-B2F9-D71B571C9E11/Juice.app/Grape-X64/build/wine-ios/dlls/ntdll/aarch64-windows/ntdll.dll machine=aa64 status=00000000
[JuiceWine] anonymous PE executable section .text at 0x2d7960000 size=983040
[JuiceWine] anonymous PE executable section .hexpthk at 0x2d7a50000 size=65536
[JuiceHybrid] map name=/private/var/containers/Bundle/Application/124F0A70-2EFF-40C7-B2F9-D71B571C9E11/Juice.app/Grape-X64/build/wine-ios/dlls/ntdll/aarch64-windows/ntdll.dll status=40000003 module=0x2d7950000 size=6b0000
[JuiceStage] load_ntdll returned; transfer=0x54d26d
[JuiceHybrid] open name=/private/var/containers/Bundle/Application/124F0A70-2EFF-40C7-B2F9-D71B571C9E11/Juice.app/Grape-X64/build/wine-ios/dlls/ntdll/i386-windows/ntdll.dll machine=0000 status=00000000
[JuiceWine] host-page expanding executable section .text: section=0x7bd91000 mapping=0x7bd90000 size=442368
[JuiceWine] anonymous PE executable section .text at 0x7bd90000 size=442368
[JuiceHybrid] map name=/private/var/containers/Bundle/Application/124F0A70-2EFF-40C7-B2F9-D71B571C9E11/Juice.app/Grape-X64/build/wine-ios/dlls/ntdll/i386-windows/ntdll.dll status=00000000 module=0x7bd90000 size=252000
[JuiceStage] load_wow64_ntdll returned
[JuiceStage] calling load_apiset_dll
[JuiceStage] load_apiset_dll returned; stack_base=0x10020fd20 stack_limit=0x100118000
[JuiceStage] calling server_init_process_done
[JuiceStage] server_init_process_done entered
[JuiceStage] calling signal_init_process; teb=0x7ffe8000
[JuiceStage] signal_init_process returned
[JuiceStage] init_teb_data returned; syscall_frame=0x10010fcd0 stack_base=0x10020fd20 stack_limit=0x100118000
[JuiceStage] init_process_done server call returned; status=00000000 suspend=0 transfer=0x54d26d teb=0x7ffe8000 peb=0x7ffec000
[JuiceStage] calling signal_start_thread
[JuiceStage] init_syscall_frame entered; entry=0x54d26d arg=0x7ffec000 teb=0x7ffe8000 data=0x100000000 frame=0x10010fcd0 stack_base=0x10020fd20 stack_limit=0x100118000
[JuiceStage] calling signal_set_full_context; ctx=0x10020f990 target_pc=0x2d79b92a0 target_sp=0x10020fd20 target_x18=0x7ffe8000 LdrInitializeThunk=0x2d79b92c0 RtlUserThreadStart=0x2d79b92a0
[JuiceStage] signal_set_full_context returned; status=00000000 frame_pc=0x2d79b92a0 frame_sp=0x10020fd20 frame_x18=0x7ffe8000 restore=00400007
[JuiceStage] init_syscall_frame complete; dispatcher_pc=0x2d79b92c0 user_sp=0x10020f990 x16=0x2d79b92c0 x17=0x10020f990 x18=0x7ffe8000 restore=00400007
[JuiceHybrid] open name=/private/var/containers/Bundle/Application/124F0A70-2EFF-40C7-B2F9-D71B571C9E11/Juice.app/Grape-X64/build/wine-ios/dlls/wow64/aarch64-windows/wow64.dll machine=0000 status=c0000135
[JuiceHybrid] open name=/private/var/containers/Bundle/Application/124F0A70-2EFF-40C7-B2F9-D71B571C9E11/Juice.app/Grape-X64/build/wine-ios/programs/wow64.dll/aarch64-windows/wow64.dll machine=0000 status=c0000135
[JuiceHybrid] open name=/private/var/containers/Bundle/Application/124F0A70-2EFF-40C7-B2F9-D71B571C9E11/Juice.app/Grape-X64/runtime/lib/wine/aarch64-windows/wow64.dll machine=0000 status=00000000
[JuiceWine] anonymous PE executable section .text at 0x2d7840000 size=131072
[JuiceHybrid] map name=/private/var/containers/Bundle/Application/124F0A70-2EFF-40C7-B2F9-D71B571C9E11/Juice.app/Grape-X64/runtime/lib/wine/aarch64-windows/wow64.dll status=40000003 module=0x2d7830000 size=120000
[JuiceHybrid] open name=/private/var/containers/Bundle/Application/124F0A70-2EFF-40C7-B2F9-D71B571C9E11/Juice.app/Grape-X64/build/wine-ios/dlls/libwow64fex/aarch64-windows/libwow64fex.dll machine=0000 status=c0000135
[JuiceHybrid] open name=/private/var/containers/Bundle/Application/124F0A70-2EFF-40C7-B2F9-D71B571C9E11/Juice.app/Grape-X64/build/wine-ios/programs/libwow64fex.dll/aarch64-windows/libwow64fex.dll machine=0000 status=c0000135
[JuiceHybrid] open name=/private/var/containers/Bundle/Application/124F0A70-2EFF-40C7-B2F9-D71B571C9E11/Juice.app/Grape-X64/runtime/lib/wine/aarch64-windows/libwow64fex.dll machine=0000 status=00000000
[JuiceWine] host-page expanding executable section .text: section=0x2d74b1000 mapping=0x2d74b0000 size=1916928
[JuiceWine] anonymous PE executable section .text at 0x2d74b0000 size=1916928
[JuiceHybrid] map name=/private/var/containers/Bundle/Application/124F0A70-2EFF-40C7-B2F9-D71B571C9E11/Juice.app/Grape-X64/runtime/lib/wine/aarch64-windows/libwow64fex.dll status=40000003 module=0x2d74b0000 size=37e000
[JuiceHybrid] open name=/private/var/containers/Bundle/Application/124F0A70-2EFF-40C7-B2F9-D71B571C9E11/Juice.app/Grape-X64/build/wine-ios/dlls/wow64win/aarch64-windows/wow64win.dll machine=0000 status=c0000135
[JuiceHybrid] open name=/private/var/containers/Bundle/Application/124F0A70-2EFF-40C7-B2F9-D71B571C9E11/Juice.app/Grape-X64/build/wine-ios/programs/wow64win.dll/aarch64-windows/wow64win.dll machine=0000 status=c0000135
[JuiceHybrid] open name=/private/var/containers/Bundle/Application/124F0A70-2EFF-40C7-B2F9-D71B571C9E11/Juice.app/Grape-X64/runtime/lib/wine/aarch64-windows/wow64win.dll machine=0000 status=00000000
[JuiceWine] anonymous PE executable section .text at 0x2d7390000 size=65536
[JuiceHybrid] map name=/private/var/containers/Bundle/Application/124F0A70-2EFF-40C7-B2F9-D71B571C9E11/Juice.app/Grape-X64/runtime/lib/wine/aarch64-windows/wow64win.dll status=40000003 module=0x2d7380000 size=130000
[JuiceHybrid] open name=/private/var/containers/Bundle/Application/124F0A70-2EFF-40C7-B2F9-D71B571C9E11/Juice.app/Grape-X64/build/wine-ios/dlls/win32u/aarch64-windows/win32u.dll machine=0000 status=c0000135
[JuiceHybrid] open name=/private/var/containers/Bundle/Application/124F0A70-2EFF-40C7-B2F9-D71B571C9E11/Juice.app/Grape-X64/build/wine-ios/programs/win32u.dll/aarch64-windows/win32u.dll machine=0000 status=c0000135
[JuiceHybrid] open name=/private/var/containers/Bundle/Application/124F0A70-2EFF-40C7-B2F9-D71B571C9E11/Juice.app/Grape-X64/runtime/lib/wine/aarch64-windows/win32u.dll machine=0000 status=00000000
[JuiceWine] anonymous PE executable section .text at 0x2d7260000 size=262144
[JuiceWine] anonymous PE executable section .hexpthk at 0x2d72a0000 size=65536
[JuiceHybrid] map name=/private/var/containers/Bundle/Application/124F0A70-2EFF-40C7-B2F9-D71B571C9E11/Juice.app/Grape-X64/runtime/lib/wine/aarch64-windows/win32u.dll status=40000003 module=0x2d7250000 size=130000
starting FEX based libwow64fex.dll
[JuiceWine] redirected KUSER_SHARED_DATA fault addr=0x7ffe0320 pc=0x2ccbe4044 to 0x17ffe0000
[JuiceHybrid] open name=/private/var/containers/Bundle/Application/124F0A70-2EFF-40C7-B2F9-D71B571C9E11/Juice.app/Grape-X64/build/wine-ios/dlls/kernel32/i386-windows/kernel32.dll machine=0000 status=c0000135
[JuiceHybrid] open name=/private/var/containers/Bundle/Application/124F0A70-2EFF-40C7-B2F9-D71B571C9E11/Juice.app/Grape-X64/build/wine-ios/programs/kernel32.dll/i386-windows/kernel32.dll machine=0000 status=c0000135
[JuiceHybrid] open name=/private/var/containers/Bundle/Application/124F0A70-2EFF-40C7-B2F9-D71B571C9E11/Juice.app/Grape-X64/runtime/lib/wine/i386-windows/kernel32.dll machine=0000 status=00000000
[JuiceWine] host-page expanding executable section .text: section=0x7bc61000 mapping=0x7bc60000 size=180224
[JuiceWine] anonymous PE executable section .text at 0x7bc60000 size=180224
[JuiceHybrid] map name=/private/var/containers/Bundle/Application/124F0A70-2EFF-40C7-B2F9-D71B571C9E11/Juice.app/Grape-X64/runtime/lib/wine/i386-windows/kernel32.dll status=00000000 module=0x7bc60000 size=115000
[JuiceHybrid] open name=/private/var/containers/Bundle/Application/124F0A70-2EFF-40C7-B2F9-D71B571C9E11/Juice.app/Grape-X64/build/wine-ios/dlls/kernelbase/i386-windows/kernelbase.dll machine=0000 status=c0000135
[JuiceHybrid] open name=/private/var/containers/Bundle/Application/124F0A70-2EFF-40C7-B2F9-D71B571C9E11/Juice.app/Grape-X64/build/wine-ios/programs/kernelbase.dll/i386-windows/kernelbase.dll machine=0000 status=c0000135
[JuiceHybrid] open name=/private/var/containers/Bundle/Application/124F0A70-2EFF-40C7-B2F9-D71B571C9E11/Juice.app/Grape-X64/runtime/lib/wine/i386-windows/kernelbase.dll machine=0000 status=00000000
[JuiceWine] host-page expanding executable section .text: section=0x7b991000 mapping=0x7b990000 size=442368
[JuiceWine] anonymous PE executable section .text at 0x7b990000 size=442368
[JuiceHybrid] map name=/private/var/containers/Bundle/Application/124F0A70-2EFF-40C7-B2F9-D71B571C9E11/Juice.app/Grape-X64/runtime/lib/wine/i386-windows/kernelbase.dll status=00000000 module=0x7b990000 size=2b2000
[JuiceHybrid] open name=/private/var/containers/Bundle/Application/124F0A70-2EFF-40C7-B2F9-D71B571C9E11/Juice.app/Grape-X64/build/wine-ios/dlls/user32/i386-windows/user32.dll machine=0000 status=c0000135
[JuiceHybrid] open name=/private/var/containers/Bundle/Application/124F0A70-2EFF-40C7-B2F9-D71B571C9E11/Juice.app/Grape-X64/build/wine-ios/programs/user32.dll/i386-windows/user32.dll machine=0000 status=c0000135
[JuiceHybrid] open name=/private/var/containers/Bundle/Application/124F0A70-2EFF-40C7-B2F9-D71B571C9E11/Juice.app/Grape-X64/runtime/lib/wine/i386-windows/user32.dll machine=0000 status=00000000
[JuiceWine] host-page expanding executable section .text: section=0x7b5b1000 mapping=0x7b5b0000 size=540672
[JuiceWine] anonymous PE executable section .text at 0x7b5b0000 size=540672
[JuiceHybrid] map name=/private/var/containers/Bundle/Application/124F0A70-2EFF-40C7-B2F9-D71B571C9E11/Juice.app/Grape-X64/runtime/lib/wine/i386-windows/user32.dll status=00000000 module=0x7b5b0000 size=3c2000
[JuiceHybrid] open name=/private/var/containers/Bundle/Application/124F0A70-2EFF-40C7-B2F9-D71B571C9E11/Juice.app/Grape-X64/build/wine-ios/dlls/gdi32/i386-windows/gdi32.dll machine=0000 status=c0000135
[JuiceHybrid] open name=/private/var/containers/Bundle/Application/124F0A70-2EFF-40C7-B2F9-D71B571C9E11/Juice.app/Grape-X64/build/wine-ios/programs/gdi32.dll/i386-windows/gdi32.dll machine=0000 status=c0000135
[JuiceHybrid] open name=/private/var/containers/Bundle/Application/124F0A70-2EFF-40C7-B2F9-D71B571C9E11/Juice.app/Grape-X64/runtime/lib/wine/i386-windows/gdi32.dll machine=0000 status=00000000
[JuiceWine] host-page expanding executable section .text: section=0x7b431000 mapping=0x7b430000 size=294912
[JuiceWine] anonymous PE executable section .text at 0x7b430000 size=294912
[JuiceHybrid] map name=/private/var/containers/Bundle/Application/124F0A70-2EFF-40C7-B2F9-D71B571C9E11/Juice.app/Grape-X64/runtime/lib/wine/i386-windows/gdi32.dll status=00000000 module=0x7b430000 size=167000
[JuiceHybrid] open name=/private/var/containers/Bundle/Application/124F0A70-2EFF-40C7-B2F9-D71B571C9E11/Juice.app/Grape-X64/build/wine-ios/dlls/advapi32/i386-windows/advapi32.dll machine=0000 status=c0000135
[JuiceHybrid] open name=/private/var/containers/Bundle/Application/124F0A70-2EFF-40C7-B2F9-D71B571C9E11/Juice.app/Grape-X64/build/wine-ios/programs/advapi32.dll/i386-windows/advapi32.dll machine=0000 status=c0000135
[JuiceHybrid] open name=/private/var/containers/Bundle/Application/124F0A70-2EFF-40C7-B2F9-D71B571C9E11/Juice.app/Grape-X64/runtime/lib/wine/i386-windows/advapi32.dll machine=0000 status=00000000
[JuiceWine] host-page expanding executable section .text: section=0x7b371000 mapping=0x7b370000 size=131072
[JuiceWine] anonymous PE executable section .text at 0x7b370000 size=131072
[JuiceHybrid] map name=/private/var/containers/Bundle/Application/124F0A70-2EFF-40C7-B2F9-D71B571C9E11/Juice.app/Grape-X64/runtime/lib/wine/i386-windows/advapi32.dll status=00000000 module=0x7b370000 size=a8000
[JuiceHybrid] open name=/private/var/containers/Bundle/Application/124F0A70-2EFF-40C7-B2F9-D71B571C9E11/Juice.app/Grape-X64/build/wine-ios/dlls/sechost/i386-windows/sechost.dll machine=0000 status=c0000135
[JuiceHybrid] open name=/private/var/containers/Bundle/Application/124F0A70-2EFF-40C7-B2F9-D71B571C9E11/Juice.app/Grape-X64/build/wine-ios/programs/sechost.dll/i386-windows/sechost.dll machine=0000 status=c0000135
[JuiceHybrid] open name=/private/var/containers/Bundle/Application/124F0A70-2EFF-40C7-B2F9-D71B571C9E11/Juice.app/Grape-X64/runtime/lib/wine/i386-windows/sechost.dll machine=0000 status=00000000
[JuiceWine] host-page expanding executable section .text: section=0x7b311000 mapping=0x7b310000 size=65536
[JuiceWine] anonymous PE executable section .text at 0x7b310000 size=65536
[JuiceHybrid] map name=/private/var/containers/Bundle/Application/124F0A70-2EFF-40C7-B2F9-D71B571C9E11/Juice.app/Grape-X64/runtime/lib/wine/i386-windows/sechost.dll status=00000000 module=0x7b310000 size=4f000
[JuiceHybrid] open name=/private/var/containers/Bundle/Application/124F0A70-2EFF-40C7-B2F9-D71B571C9E11/Juice.app/Grape-X64/build/wine-ios/dlls/ucrtbase/i386-windows/ucrtbase.dll machine=0000 status=c0000135
[JuiceHybrid] open name=/private/var/containers/Bundle/Application/124F0A70-2EFF-40C7-B2F9-D71B571C9E11/Juice.app/Grape-X64/build/wine-ios/programs/ucrtbase.dll/i386-windows/ucrtbase.dll machine=0000 status=c0000135
[JuiceHybrid] open name=/private/var/containers/Bundle/Application/124F0A70-2EFF-40C7-B2F9-D71B571C9E11/Juice.app/Grape-X64/runtime/lib/wine/i386-windows/ucrtbase.dll machine=0000 status=00000000
[JuiceWine] host-page expanding executable section .text: section=0x7b081000 mapping=0x7b080000 size=622592
[JuiceWine] anonymous PE executable section .text at 0x7b080000 size=622592
[JuiceHybrid] map name=/private/var/containers/Bundle/Application/124F0A70-2EFF-40C7-B2F9-D71B571C9E11/Juice.app/Grape-X64/runtime/lib/wine/i386-windows/ucrtbase.dll status=00000000 module=0x7b080000 size=27c000
[JuiceHybrid] open name=/private/var/containers/Bundle/Application/124F0A70-2EFF-40C7-B2F9-D71B571C9E11/Juice.app/Grape-X64/build/wine-ios/dlls/msvcrt/i386-windows/msvcrt.dll machine=0000 status=c0000135
[JuiceHybrid] open name=/private/var/containers/Bundle/Application/124F0A70-2EFF-40C7-B2F9-D71B571C9E11/Juice.app/Grape-X64/build/wine-ios/programs/msvcrt.dll/i386-windows/msvcrt.dll machine=0000 status=c0000135
[JuiceHybrid] open name=/private/var/containers/Bundle/Application/124F0A70-2EFF-40C7-B2F9-D71B571C9E11/Juice.app/Grape-X64/runtime/lib/wine/i386-windows/msvcrt.dll machine=0000 status=00000000
[JuiceWine] host-page expanding executable section .text: section=0x7ae71000 mapping=0x7ae70000 size=491520
[JuiceWine] anonymous PE executable section .text at 0x7ae70000 size=491520
[JuiceHybrid] map name=/private/var/containers/Bundle/Application/124F0A70-2EFF-40C7-B2F9-D71B571C9E11/Juice.app/Grape-X64/runtime/lib/wine/i386-windows/msvcrt.dll status=00000000 module=0x7ae70000 size=1fe000
[JuiceHybrid] open name=/private/var/containers/Bundle/Application/124F0A70-2EFF-40C7-B2F9-D71B571C9E11/Juice.app/Grape-X64/build/wine-ios/dlls/win32u/i386-windows/win32u.dll machine=0000 status=c0000135
[JuiceHybrid] open name=/private/var/containers/Bundle/Application/124F0A70-2EFF-40C7-B2F9-D71B571C9E11/Juice.app/Grape-X64/build/wine-ios/programs/win32u.dll/i386-windows/win32u.dll machine=0000 status=c0000135
[JuiceHybrid] open name=/private/var/containers/Bundle/Application/124F0A70-2EFF-40C7-B2F9-D71B571C9E11/Juice.app/Grape-X64/runtime/lib/wine/i386-windows/win32u.dll machine=0000 status=00000000
[JuiceWine] host-page expanding executable section .text: section=0x7ae21000 mapping=0x7ae20000 size=81920
[JuiceWine] anonymous PE executable section .text at 0x7ae20000 size=81920
[JuiceHybrid] map name=/private/var/containers/Bundle/Application/124F0A70-2EFF-40C7-B2F9-D71B571C9E11/Juice.app/Grape-X64/runtime/lib/wine/i386-windows/win32u.dll status=00000000 module=0x7ae20000 size=39000
[JuiceHybrid] open name=/private/var/containers/Bundle/Application/124F0A70-2EFF-40C7-B2F9-D71B571C9E11/Juice.app/Grape-X64/build/wine-ios/dlls/shell32/i386-windows/shell32.dll machine=0000 status=c0000135
[JuiceHybrid] open name=/private/var/containers/Bundle/Application/124F0A70-2EFF-40C7-B2F9-D71B571C9E11/Juice.app/Grape-X64/build/wine-ios/programs/shell32.dll/i386-windows/shell32.dll machine=0000 status=c0000135
[JuiceHybrid] open name=/private/var/containers/Bundle/Application/124F0A70-2EFF-40C7-B2F9-D71B571C9E11/Juice.app/Grape-X64/runtime/lib/wine/i386-windows/shell32.dll machine=0000 status=00000000
[JuiceWine] host-page expanding executable section .text: section=0x7a321000 mapping=0x7a320000 size=475136
[JuiceWine] anonymous PE executable section .text at 0x7a320000 size=475136
[JuiceHybrid] map name=/private/var/containers/Bundle/Application/124F0A70-2EFF-40C7-B2F9-D71B571C9E11/Juice.app/Grape-X64/runtime/lib/wine/i386-windows/shell32.dll status=00000000 module=0x7a320000 size=ae2000
[JuiceHybrid] open name=/private/var/containers/Bundle/Application/124F0A70-2EFF-40C7-B2F9-D71B571C9E11/Juice.app/Grape-X64/build/wine-ios/dlls/shlwapi/i386-windows/shlwapi.dll machine=0000 status=c0000135
[JuiceHybrid] open name=/private/var/containers/Bundle/Application/124F0A70-2EFF-40C7-B2F9-D71B571C9E11/Juice.app/Grape-X64/build/wine-ios/programs/shlwapi.dll/i386-windows/shlwapi.dll machine=0000 status=c0000135
[JuiceHybrid] open name=/private/var/containers/Bundle/Application/124F0A70-2EFF-40C7-B2F9-D71B571C9E11/Juice.app/Grape-X64/runtime/lib/wine/i386-windows/shlwapi.dll machine=0000 status=00000000
[JuiceWine] host-page expanding executable section .text: section=0x7a261000 mapping=0x7a260000 size=114688
[JuiceWine] anonymous PE executable section .text at 0x7a260000 size=114688
[JuiceHybrid] map name=/private/var/containers/Bundle/Application/124F0A70-2EFF-40C7-B2F9-D71B571C9E11/Juice.app/Grape-X64/runtime/lib/wine/i386-windows/shlwapi.dll status=00000000 module=0x7a260000 size=a7000
[JuiceHybrid] open name=/private/var/containers/Bundle/Application/124F0A70-2EFF-40C7-B2F9-D71B571C9E11/Juice.app/Grape-X64/build/wine-ios/dlls/shcore/i386-windows/shcore.dll machine=0000 status=c0000135
[JuiceHybrid] open name=/private/var/containers/Bundle/Application/124F0A70-2EFF-40C7-B2F9-D71B571C9E11/Juice.app/Grape-X64/build/wine-ios/programs/shcore.dll/i386-windows/shcore.dll machine=0000 status=c0000135
[JuiceHybrid] open name=/private/var/containers/Bundle/Application/124F0A70-2EFF-40C7-B2F9-D71B571C9E11/Juice.app/Grape-X64/runtime/lib/wine/i386-windows/shcore.dll machine=0000 status=00000000
[JuiceWine] host-page expanding executable section .text: section=0x7a221000 mapping=0x7a220000 size=49152
[JuiceWine] anonymous PE executable section .text at 0x7a220000 size=49152
[JuiceHybrid] map name=/private/var/containers/Bundle/Application/124F0A70-2EFF-40C7-B2F9-D71B571C9E11/Juice.app/Grape-X64/runtime/lib/wine/i386-windows/shcore.dll status=00000000 module=0x7a220000 size=2f000
[JuiceHybrid] open name=/private/var/containers/Bundle/Application/124F0A70-2EFF-40C7-B2F9-D71B571C9E11/Juice.app/Grape-X64/build/wine-ios/dlls/ole32/i386-windows/ole32.dll machine=0000 status=c0000135
[JuiceHybrid] open name=/private/var/containers/Bundle/Application/124F0A70-2EFF-40C7-B2F9-D71B571C9E11/Juice.app/Grape-X64/build/wine-ios/programs/ole32.dll/i386-windows/ole32.dll machine=0000 status=c0000135
[JuiceHybrid] open name=/private/var/containers/Bundle/Application/124F0A70-2EFF-40C7-B2F9-D71B571C9E11/Juice.app/Grape-X64/runtime/lib/wine/i386-windows/ole32.dll machine=0000 status=00000000
[JuiceWine] host-page expanding executable section .text: section=0x79fd1000 mapping=0x79fd0000 size=311296
[JuiceWine] anonymous PE executable section .text at 0x79fd0000 size=311296
[JuiceHybrid] map name=/private/var/containers/Bundle/Application/124F0A70-2EFF-40C7-B2F9-D71B571C9E11/Juice.app/Grape-X64/runtime/lib/wine/i386-windows/ole32.dll status=00000000 module=0x79fd0000 size=235000
[JuiceHybrid] open name=/private/var/containers/Bundle/Application/124F0A70-2EFF-40C7-B2F9-D71B571C9E11/Juice.app/Grape-X64/build/wine-ios/dlls/combase/i386-windows/combase.dll machine=0000 status=c0000135
[JuiceHybrid] open name=/private/var/containers/Bundle/Application/124F0A70-2EFF-40C7-B2F9-D71B571C9E11/Juice.app/Grape-X64/build/wine-ios/programs/combase.dll/i386-windows/combase.dll machine=0000 status=c0000135
[JuiceHybrid] open name=/private/var/containers/Bundle/Application/124F0A70-2EFF-40C7-B2F9-D71B571C9E11/Juice.app/Grape-X64/runtime/lib/wine/i386-windows/combase.dll machine=0000 status=00000000
[JuiceWine] host-page expanding executable section .text: section=0x79ec1000 mapping=0x79ec0000 size=163840
[JuiceWine] anonymous PE executable section .text at 0x79ec0000 size=163840
[JuiceHybrid] map name=/private/var/containers/Bundle/Application/124F0A70-2EFF-40C7-B2F9-D71B571C9E11/Juice.app/Grape-X64/runtime/lib/wine/i386-windows/combase.dll status=00000000 module=0x79ec0000 size=f6000
[JuiceHybrid] open name=/private/var/containers/Bundle/Application/124F0A70-2EFF-40C7-B2F9-D71B571C9E11/Juice.app/Grape-X64/build/wine-ios/dlls/rpcrt4/i386-windows/rpcrt4.dll machine=0000 status=c0000135
[JuiceHybrid] open name=/private/var/containers/Bundle/Application/124F0A70-2EFF-40C7-B2F9-D71B571C9E11/Juice.app/Grape-X64/build/wine-ios/programs/rpcrt4.dll/i386-windows/rpcrt4.dll machine=0000 status=c0000135
[JuiceHybrid] open name=/private/var/containers/Bundle/Application/124F0A70-2EFF-40C7-B2F9-D71B571C9E11/Juice.app/Grape-X64/runtime/lib/wine/i386-windows/rpcrt4.dll machine=0000 status=00000000
[JuiceWine] host-page expanding executable section .text: section=0x79d31000 mapping=0x79d30000 size=294912
[JuiceWine] anonymous PE executable section .text at 0x79d30000 size=294912
[JuiceHybrid] map name=/private/var/containers/Bundle/Application/124F0A70-2EFF-40C7-B2F9-D71B571C9E11/Juice.app/Grape-X64/runtime/lib/wine/i386-windows/rpcrt4.dll status=00000000 module=0x79d30000 size=17b000
[JuiceHybrid] open name=/private/var/containers/Bundle/Application/124F0A70-2EFF-40C7-B2F9-D71B571C9E11/Juice.app/Grape-X64/build/wine-ios/dlls/cryptbase/i386-windows/cryptbase.dll machine=0000 status=c0000135
[JuiceHybrid] open name=/private/var/containers/Bundle/Application/124F0A70-2EFF-40C7-B2F9-D71B571C9E11/Juice.app/Grape-X64/build/wine-ios/programs/cryptbase.dll/i386-windows/cryptbase.dll machine=0000 status=c0000135
[JuiceHybrid] open name=/private/var/containers/Bundle/Application/124F0A70-2EFF-40C7-B2F9-D71B571C9E11/Juice.app/Grape-X64/runtime/lib/wine/i386-windows/cryptbase.dll machine=0000 status=00000000
[JuiceWine] host-page expanding executable section .text: section=0x79d01000 mapping=0x79d00000 size=16384
[JuiceWine] anonymous PE executable section .text at 0x79d00000 size=16384
[JuiceHybrid] map name=/private/var/containers/Bundle/Application/124F0A70-2EFF-40C7-B2F9-D71B571C9E11/Juice.app/Grape-X64/runtime/lib/wine/i386-windows/cryptbase.dll status=00000000 module=0x79d00000 size=18000
[JuiceHybrid] open name=/private/var/containers/Bundle/Application/124F0A70-2EFF-40C7-B2F9-D71B571C9E11/Juice.app/Grape-X64/build/wine-ios/dlls/coml2/i386-windows/coml2.dll machine=0000 status=c0000135
[JuiceHybrid] open name=/private/var/containers/Bundle/Application/124F0A70-2EFF-40C7-B2F9-D71B571C9E11/Juice.app/Grape-X64/build/wine-ios/programs/coml2.dll/i386-windows/coml2.dll machine=0000 status=c0000135
[JuiceHybrid] open name=/private/var/containers/Bundle/Application/124F0A70-2EFF-40C7-B2F9-D71B571C9E11/Juice.app/Grape-X64/runtime/lib/wine/i386-windows/coml2.dll machine=0000 status=00000000
[JuiceWine] host-page expanding executable section .text: section=0x79ca1000 mapping=0x79ca0000 size=16384
[JuiceWine] anonymous PE executable section .text at 0x79ca0000 size=16384
[JuiceHybrid] map name=/private/var/containers/Bundle/Application/124F0A70-2EFF-40C7-B2F9-D71B571C9E11/Juice.app/Grape-X64/runtime/lib/wine/i386-windows/coml2.dll status=00000000 module=0x79ca0000 size=43000
[JuiceHybrid] open name=/private/var/containers/Bundle/Application/124F0A70-2EFF-40C7-B2F9-D71B571C9E11/Juice.app/Grape-X64/build/wine-ios/dlls/oleaut32/i386-windows/oleaut32.dll machine=0000 status=c0000135
[JuiceHybrid] open name=/private/var/containers/Bundle/Application/124F0A70-2EFF-40C7-B2F9-D71B571C9E11/Juice.app/Grape-X64/build/wine-ios/programs/oleaut32.dll/i386-windows/oleaut32.dll machine=0000 status=c0000135
[JuiceHybrid] open name=/private/var/containers/Bundle/Application/124F0A70-2EFF-40C7-B2F9-D71B571C9E11/Juice.app/Grape-X64/runtime/lib/wine/i386-windows/oleaut32.dll machine=0000 status=00000000
[JuiceWine] host-page expanding executable section .text: section=0x79a91000 mapping=0x79a90000 size=344064
[JuiceWine] anonymous PE executable section .text at 0x79a90000 size=344064
[JuiceHybrid] map name=/private/var/containers/Bundle/Application/124F0A70-2EFF-40C7-B2F9-D71B571C9E11/Juice.app/Grape-X64/runtime/lib/wine/i386-windows/oleaut32.dll status=00000000 module=0x79a90000 size=1f8000
[JuiceHybrid] open name=/private/var/containers/Bundle/Application/124F0A70-2EFF-40C7-B2F9-D71B571C9E11/Juice.app/Grape-X64/build/wine-ios/dlls/comctl32/i386-windows/comctl32.dll machine=0000 status=c0000135
[JuiceHybrid] open name=/private/var/containers/Bundle/Application/124F0A70-2EFF-40C7-B2F9-D71B571C9E11/Juice.app/Grape-X64/build/wine-ios/programs/comctl32.dll/i386-windows/comctl32.dll machine=0000 status=c0000135
[JuiceHybrid] open name=/private/var/containers/Bundle/Application/124F0A70-2EFF-40C7-B2F9-D71B571C9E11/Juice.app/Grape-X64/runtime/lib/wine/i386-windows/comctl32.dll machine=0000 status=00000000
[JuiceWine] host-page expanding executable section .text: section=0x79811000 mapping=0x79810000 size=491520
[JuiceWine] anonymous PE executable section .text at 0x79810000 size=491520
[JuiceHybrid] map name=/private/var/containers/Bundle/Application/124F0A70-2EFF-40C7-B2F9-D71B571C9E11/Juice.app/Grape-X64/runtime/lib/wine/i386-windows/comctl32.dll status=00000000 module=0x79810000 size=267000
[JuiceHybrid] open name=/private/var/containers/Bundle/Application/124F0A70-2EFF-40C7-B2F9-D71B571C9E11/Juice.app/Grape-X64/build/wine-ios/dlls/psapi/i386-windows/psapi.dll machine=0000 status=c0000135
[JuiceHybrid] open name=/private/var/containers/Bundle/Application/124F0A70-2EFF-40C7-B2F9-D71B571C9E11/Juice.app/Grape-X64/build/wine-ios/programs/psapi.dll/i386-windows/psapi.dll machine=0000 status=c0000135
[JuiceHybrid] open name=/private/var/containers/Bundle/Application/124F0A70-2EFF-40C7-B2F9-D71B571C9E11/Juice.app/Grape-X64/runtime/lib/wine/i386-windows/psapi.dll machine=0000 status=00000000
[JuiceWine] host-page expanding executable section .text: section=0x797f1000 mapping=0x797f0000 size=16384
[JuiceWine] anonymous PE executable section .text at 0x797f0000 size=16384
[JuiceHybrid] map name=/private/var/containers/Bundle/Application/124F0A70-2EFF-40C7-B2F9-D71B571C9E11/Juice.app/Grape-X64/runtime/lib/wine/i386-windows/psapi.dll status=00000000 module=0x797f0000 size=c000
[JuiceHybrid] open name=/private/var/containers/Bundle/Application/124F0A70-2EFF-40C7-B2F9-D71B571C9E11/Juice.app/Grape-X64/build/wine-ios/dlls/version/i386-windows/version.dll machine=0000 status=c0000135
[JuiceHybrid] open name=/private/var/containers/Bundle/Application/124F0A70-2EFF-40C7-B2F9-D71B571C9E11/Juice.app/Grape-X64/build/wine-ios/programs/version.dll/i386-windows/version.dll machine=0000 status=c0000135
[JuiceHybrid] open name=/private/var/containers/Bundle/Application/124F0A70-2EFF-40C7-B2F9-D71B571C9E11/Juice.app/Grape-X64/runtime/lib/wine/i386-windows/version.dll machine=0000 status=00000000
[JuiceWine] host-page expanding executable section .text: section=0x797c1000 mapping=0x797c0000 size=16384
[JuiceWine] anonymous PE executable section .text at 0x797c0000 size=16384
[JuiceHybrid] map name=/private/var/containers/Bundle/Application/124F0A70-2EFF-40C7-B2F9-D71B571C9E11/Juice.app/Grape-X64/runtime/lib/wine/i386-windows/version.dll status=00000000 module=0x797c0000 size=12000
[JuiceHybrid] open name=/private/var/containers/Bundle/Application/124F0A70-2EFF-40C7-B2F9-D71B571C9E11/Juice.app/Grape-X64/build/wine-ios/dlls/crypt32/i386-windows/crypt32.dll machine=0000 status=c0000135
[JuiceHybrid] open name=/private/var/containers/Bundle/Application/124F0A70-2EFF-40C7-B2F9-D71B571C9E11/Juice.app/Grape-X64/build/wine-ios/programs/crypt32.dll/i386-windows/crypt32.dll machine=0000 status=c0000135
[JuiceHybrid] open name=/private/var/containers/Bundle/Application/124F0A70-2EFF-40C7-B2F9-D71B571C9E11/Juice.app/Grape-X64/runtime/lib/wine/i386-windows/crypt32.dll machine=0000 status=00000000
[JuiceWine] host-page expanding executable section .text: section=0x795c1000 mapping=0x795c0000 size=360448
[JuiceWine] anonymous PE executable section .text at 0x795c0000 size=360448
[JuiceHybrid] map name=/private/var/containers/Bundle/Application/124F0A70-2EFF-40C7-B2F9-D71B571C9E11/Juice.app/Grape-X64/runtime/lib/wine/i386-windows/crypt32.dll status=00000000 module=0x795c0000 size=1ed000
[JuiceHybrid] open name=/private/var/containers/Bundle/Application/124F0A70-2EFF-40C7-B2F9-D71B571C9E11/Juice.app/Grape-X64/build/wine-ios/dlls/bcrypt/i386-windows/bcrypt.dll machine=0000 status=c0000135
[JuiceHybrid] open name=/private/var/containers/Bundle/Application/124F0A70-2EFF-40C7-B2F9-D71B571C9E11/Juice.app/Grape-X64/build/wine-ios/programs/bcrypt.dll/i386-windows/bcrypt.dll machine=0000 status=c0000135
[JuiceHybrid] open name=/private/var/containers/Bundle/Application/124F0A70-2EFF-40C7-B2F9-D71B571C9E11/Juice.app/Grape-X64/runtime/lib/wine/i386-windows/bcrypt.dll machine=0000 status=00000000
[JuiceWine] host-page expanding executable section .text: section=0x79461000 mapping=0x79460000 size=278528
[JuiceWine] anonymous PE executable section .text at 0x79460000 size=278528
[JuiceHybrid] map name=/private/var/containers/Bundle/Application/124F0A70-2EFF-40C7-B2F9-D71B571C9E11/Juice.app/Grape-X64/runtime/lib/wine/i386-windows/bcrypt.dll status=00000000 module=0x79460000 size=14d000
[JuiceHybrid] open name=/private/var/containers/Bundle/Application/124F0A70-2EFF-40C7-B2F9-D71B571C9E11/Juice.app/Grape-X64/build/wine-ios/dlls/ncrypt/i386-windows/ncrypt.dll machine=0000 status=c0000135
[JuiceHybrid] open name=/private/var/containers/Bundle/Application/124F0A70-2EFF-40C7-B2F9-D71B571C9E11/Juice.app/Grape-X64/build/wine-ios/programs/ncrypt.dll/i386-windows/ncrypt.dll machine=0000 status=c0000135
[JuiceHybrid] open name=/private/var/containers/Bundle/Application/124F0A70-2EFF-40C7-B2F9-D71B571C9E11/Juice.app/Grape-X64/runtime/lib/wine/i386-windows/ncrypt.dll machine=0000 status=00000000
[JuiceWine] host-page expanding executable section .text: section=0x79431000 mapping=0x79430000 size=32768
[JuiceWine] anonymous PE executable section .text at 0x79430000 size=32768
[JuiceHybrid] map name=/private/var/containers/Bundle/Application/124F0A70-2EFF-40C7-B2F9-D71B571C9E11/Juice.app/Grape-X64/runtime/lib/wine/i386-windows/ncrypt.dll status=00000000 module=0x79430000 size=1a000
[JuiceHybrid] open name=/private/var/containers/Bundle/Application/124F0A70-2EFF-40C7-B2F9-D71B571C9E11/Juice.app/Grape-X64/build/wine-ios/dlls/ws2_32/i386-windows/ws2_32.dll machine=0000 status=c0000135
[JuiceHybrid] open name=/private/var/containers/Bundle/Application/124F0A70-2EFF-40C7-B2F9-D71B571C9E11/Juice.app/Grape-X64/build/wine-ios/programs/ws2_32.dll/i386-windows/ws2_32.dll machine=0000 status=c0000135
[JuiceHybrid] open name=/private/var/containers/Bundle/Application/124F0A70-2EFF-40C7-B2F9-D71B571C9E11/Juice.app/Grape-X64/runtime/lib/wine/i386-windows/ws2_32.dll machine=0000 status=00000000
[JuiceWine] host-page expanding executable section .text: section=0x793b1000 mapping=0x793b0000 size=81920
[JuiceWine] anonymous PE executable section .text at 0x793b0000 size=81920
[JuiceHybrid] map name=/private/var/containers/Bundle/Application/124F0A70-2EFF-40C7-B2F9-D71B571C9E11/Juice.app/Grape-X64/runtime/lib/wine/i386-windows/ws2_32.dll status=00000000 module=0x793b0000 size=63000
[JuiceHybrid] open name=/private/var/containers/Bundle/Application/124F0A70-2EFF-40C7-B2F9-D71B571C9E11/Juice.app/Grape-X64/build/wine-ios/dlls/wsock32/i386-windows/wsock32.dll machine=0000 status=c0000135
[JuiceHybrid] open name=/private/var/containers/Bundle/Application/124F0A70-2EFF-40C7-B2F9-D71B571C9E11/Juice.app/Grape-X64/build/wine-ios/programs/wsock32.dll/i386-windows/wsock32.dll machine=0000 status=c0000135
[JuiceHybrid] open name=/private/var/containers/Bundle/Application/124F0A70-2EFF-40C7-B2F9-D71B571C9E11/Juice.app/Grape-X64/runtime/lib/wine/i386-windows/wsock32.dll machine=0000 status=00000000
[JuiceWine] host-page expanding executable section .text: section=0x79381000 mapping=0x79380000 size=16384
[JuiceWine] anonymous PE executable section .text at 0x79380000 size=16384
[JuiceHybrid] map name=/private/var/containers/Bundle/Application/124F0A70-2EFF-40C7-B2F9-D71B571C9E11/Juice.app/Grape-X64/runtime/lib/wine/i386-windows/wsock32.dll status=00000000 module=0x79380000 size=1b000
[JuiceHybrid] open name=/private/var/containers/Bundle/Application/124F0A70-2EFF-40C7-B2F9-D71B571C9E11/Juice.app/Grape-X64/build/wine-ios/dlls/iphlpapi/i386-windows/iphlpapi.dll machine=0000 status=c0000135
[JuiceHybrid] open name=/private/var/containers/Bundle/Application/124F0A70-2EFF-40C7-B2F9-D71B571C9E11/Juice.app/Grape-X64/build/wine-ios/programs/iphlpapi.dll/i386-windows/iphlpapi.dll machine=0000 status=c0000135
[JuiceHybrid] open name=/private/var/containers/Bundle/Application/124F0A70-2EFF-40C7-B2F9-D71B571C9E11/Juice.app/Grape-X64/runtime/lib/wine/i386-windows/iphlpapi.dll machine=0000 status=00000000
[JuiceWine] host-page expanding executable section .text: section=0x792f1000 mapping=0x792f0000 size=65536
[JuiceWine] anonymous PE executable section .text at 0x792f0000 size=65536
[JuiceHybrid] map name=/private/var/containers/Bundle/Application/124F0A70-2EFF-40C7-B2F9-D71B571C9E11/Juice.app/Grape-X64/runtime/lib/wine/i386-windows/iphlpapi.dll status=00000000 module=0x792f0000 size=71000
[JuiceHybrid] open name=/private/var/containers/Bundle/Application/124F0A70-2EFF-40C7-B2F9-D71B571C9E11/Juice.app/Grape-X64/build/wine-ios/dlls/dnsapi/i386-windows/dnsapi.dll machine=0000 status=c0000135
[JuiceHybrid] open name=/private/var/containers/Bundle/Application/124F0A70-2EFF-40C7-B2F9-D71B571C9E11/Juice.app/Grape-X64/build/wine-ios/programs/dnsapi.dll/i386-windows/dnsapi.dll machine=0000 status=c0000135
[JuiceHybrid] open name=/private/var/containers/Bundle/Application/124F0A70-2EFF-40C7-B2F9-D71B571C9E11/Juice.app/Grape-X64/runtime/lib/wine/i386-windows/dnsapi.dll machine=0000 status=00000000
[JuiceWine] host-page expanding executable section .text: section=0x792a1000 mapping=0x792a0000 size=49152
[JuiceWine] anonymous PE executable section .text at 0x792a0000 size=49152
[JuiceHybrid] map name=/private/var/containers/Bundle/Application/124F0A70-2EFF-40C7-B2F9-D71B571C9E11/Juice.app/Grape-X64/runtime/lib/wine/i386-windows/dnsapi.dll status=00000000 module=0x792a0000 size=31000
[JuiceHybrid] open name=/private/var/containers/Bundle/Application/124F0A70-2EFF-40C7-B2F9-D71B571C9E11/Juice.app/Grape-X64/build/wine-ios/dlls/nsi/i386-windows/nsi.dll machine=0000 status=c0000135
[JuiceHybrid] open name=/private/var/containers/Bundle/Application/124F0A70-2EFF-40C7-B2F9-D71B571C9E11/Juice.app/Grape-X64/build/wine-ios/programs/nsi.dll/i386-windows/nsi.dll machine=0000 status=c0000135
[JuiceHybrid] open name=/private/var/containers/Bundle/Application/124F0A70-2EFF-40C7-B2F9-D71B571C9E11/Juice.app/Grape-X64/runtime/lib/wine/i386-windows/nsi.dll machine=0000 status=00000000
[JuiceWine] host-page expanding executable section .text: section=0x79271000 mapping=0x79270000 size=16384
[JuiceWine] anonymous PE executable section .text at 0x79270000 size=16384
[JuiceHybrid] map name=/private/var/containers/Bundle/Application/124F0A70-2EFF-40C7-B2F9-D71B571C9E11/Juice.app/Grape-X64/runtime/lib/wine/i386-windows/nsi.dll status=00000000 module=0x79270000 size=16000
[JuiceHybrid] open name=/private/var/containers/Bundle/Application/124F0A70-2EFF-40C7-B2F9-D71B571C9E11/Juice.app/Grape-X64/build/wine-ios/dlls/mswsock/i386-windows/mswsock.dll machine=0000 status=c0000135
[JuiceHybrid] open name=/private/var/containers/Bundle/Application/124F0A70-2EFF-40C7-B2F9-D71B571C9E11/Juice.app/Grape-X64/build/wine-ios/programs/mswsock.dll/i386-windows/mswsock.dll machine=0000 status=c0000135
[JuiceHybrid] open name=/private/var/containers/Bundle/Application/124F0A70-2EFF-40C7-B2F9-D71B571C9E11/Juice.app/Grape-X64/runtime/lib/wine/i386-windows/mswsock.dll machine=0000 status=00000000
[JuiceWine] host-page expanding executable section .text: section=0x79251000 mapping=0x79250000 size=16384
[JuiceWine] anonymous PE executable section .text at 0x79250000 size=16384
[JuiceHybrid] map name=/private/var/containers/Bundle/Application/124F0A70-2EFF-40C7-B2F9-D71B571C9E11/Juice.app/Grape-X64/runtime/lib/wine/i386-windows/mswsock.dll status=00000000 module=0x79250000 size=10000
[JuiceHybrid] open name=/private/var/containers/Bundle/Application/124F0A70-2EFF-40C7-B2F9-D71B571C9E11/Juice.app/Grape-X64/build/wine-ios/dlls/imm32/i386-windows/imm32.dll machine=0000 status=c0000135
[JuiceHybrid] open name=/private/var/containers/Bundle/Application/124F0A70-2EFF-40C7-B2F9-D71B571C9E11/Juice.app/Grape-X64/build/wine-ios/programs/imm32.dll/i386-windows/imm32.dll machine=0000 status=c0000135
[JuiceHybrid] open name=/private/var/containers/Bundle/Application/124F0A70-2EFF-40C7-B2F9-D71B571C9E11/Juice.app/Grape-X64/runtime/lib/wine/i386-windows/imm32.dll machine=0000 status=00000000
[JuiceWine] host-page expanding executable section .text: section=0x791f1000 mapping=0x791f0000 size=65536
[JuiceWine] anonymous PE executable section .text at 0x791f0000 size=65536
[JuiceHybrid] map name=/private/var/containers/Bundle/Application/124F0A70-2EFF-40C7-B2F9-D71B571C9E11/Juice.app/Grape-X64/runtime/lib/wine/i386-windows/imm32.dll status=00000000 module=0x791f0000 size=4d000
[JuiceWine] redirected KUSER_SHARED_DATA fault addr=0x7ffe03d8 pc=0x2cd4d4044 to 0x17ffe0000
[JuiceWine] redirected KUSER_SHARED_DATA fault addr=0x7ffe03dc pc=0x2cd4d4060 to 0x17ffe0000
[JuiceWine parent] bundle libraries path=/private/var/containers/Bundle/Application/124F0A70-2EFF-40C7-B2F9-D71B571C9E11/Juice.app/Libraries:/private/var/containers/Bundle/Application/124F0A70-2EFF-40C7-B2F9-D71B571C9E11/Juice.app/Libraries:/var/jb/usr/lib
[JuiceWine parent] launching /private/var/containers/Bundle/Application/124F0A70-2EFF-40C7-B2F9-D71B571C9E11/Juice.app/Grape-X64/build/wine-ios/loader/wine
[JuiceWine parent] child PID=89012
[JuiceWine] iOS low-VA release start=0x10000 end=0x100000000 status=0 OK
JUICE_LOWVA_HOLELIST_OK old_reuse=0 new_reuse=1 allocator=entry-list
JUICE_LOWVA_HELPER_BEGIN path=/private/var/containers/Bundle/Application/124F0A70-2EFF-40C7-B2F9-D71B571C9E11/Juice.app/Grape-X64/tools/juice-lowva-helper target_pid=89012 root_persona=1
JUICE_LOWVA_KERNEL_MIN_OK pid=89012 task=0xffffffdff18ccf18 map=0xffffffdc0a91f640 old=0x1008ac000 new=0x10000 max=0x2d8000000 already=0
JUICE_LOWVA_ATOMIC_RESERVE_OK start=0x10000 end=0x80000000 size=0x7fff0000
JUICE_LOWVA_WIN32_2G_RESERVE_OK start=0x10000 end=0x80000000
JUICE_LOWVA_HELPER_OK target_pid=89012
JUICE_LOWVA_KERNEL_PROBE_OK address=0x20000 size=0x4000
JUICE_LOWVA_READY target_pid=89012
[JuiceLowVA] MAP_FIXED enabled start=0x10000 size=0x67ff0000 prot=0 failures=0
[JuiceWine] PT_TRACE_ME succeeded; csflags=0x3280780d CS_DEBUGGED=YES
[JuiceWine] requesting controlled tracer detach
[JuiceWine parent] child stopped pid=89012 signal=17 (Suspended (signal): 17)
[JuiceWine parent] PT_DETACH pid=89012 result=0
[JuiceWine parent] child now running untraced
[JuiceWine] resumed after tracer detach; csflags=0x3280780d CS_DEBUGGED=YES
[JuiceHybrid] open name=/private/var/containers/Bundle/Application/124F0A70-2EFF-40C7-B2F9-D71B571C9E11/Juice.app/Grape-X64/build/wine-ios/dlls/explorer.exe/aarch64-windows/explorer.exe machine=aa64 status=c0000135
[JuiceHybrid] open name=/private/var/containers/Bundle/Application/124F0A70-2EFF-40C7-B2F9-D71B571C9E11/Juice.app/Grape-X64/build/wine-ios/programs/explorer/aarch64-windows/explorer.exe machine=aa64 status=c0000135
[JuiceHybrid] open name=/private/var/containers/Bundle/Application/124F0A70-2EFF-40C7-B2F9-D71B571C9E11/Juice.app/Grape-X64/runtime/lib/wine/aarch64-windows/explorer.exe machine=aa64 status=00000000
[JuiceWine] anonymous PE executable section .text at 0x140010000 size=65536
[JuiceHybrid] map name=/private/var/containers/Bundle/Application/124F0A70-2EFF-40C7-B2F9-D71B571C9E11/Juice.app/Grape-X64/runtime/lib/wine/aarch64-windows/explorer.exe status=00000000 module=0x140000000 size=110000
[JuiceStage] loading Windows ntdll; transfer=0x14001d65c teb=0x7ffe8000 peb=0x7ffec000
[JuiceHybrid] open name=/private/var/containers/Bundle/Application/124F0A70-2EFF-40C7-B2F9-D71B571C9E11/Juice.app/Grape-X64/build/wine-ios/dlls/ntdll/aarch64-windows/ntdll.dll machine=aa64 status=00000000
[JuiceWine] anonymous PE executable section .text at 0x2d7960000 size=983040
[JuiceWine] anonymous PE executable section .hexpthk at 0x2d7a50000 size=65536
[JuiceHybrid] map name=/private/var/containers/Bundle/Application/124F0A70-2EFF-40C7-B2F9-D71B571C9E11/Juice.app/Grape-X64/build/wine-ios/dlls/ntdll/aarch64-windows/ntdll.dll status=40000003 module=0x2d7950000 size=6b0000
[JuiceStage] load_ntdll returned; transfer=0x14001d65c
[JuiceStage] load_wow64_ntdll returned
[JuiceStage] calling load_apiset_dll
[JuiceStage] load_apiset_dll returned; stack_base=0x120000 stack_limit=0x28000
[JuiceStage] calling server_init_process_done
[JuiceStage] server_init_process_done entered
[JuiceStage] calling signal_init_process; teb=0x7ffe8000
[JuiceStage] signal_init_process returned
[JuiceStage] init_teb_data returned; syscall_frame=0x10010fcd0 stack_base=0x120000 stack_limit=0x28000
[JuiceStage] init_process_done server call returned; status=00000000 suspend=1 transfer=0x14001d65c teb=0x7ffe8000 peb=0x7ffec000
[JuiceStage] calling signal_start_thread
[JuiceStage] init_syscall_frame entered; entry=0x14001d65c arg=0x7ffec000 teb=0x7ffe8000 data=0x100000000 frame=0x10010fcd0 stack_base=0x120000 stack_limit=0x28000
[JuiceStage] calling signal_set_full_context; ctx=0x11fc70 target_pc=0x2d79b92a0 target_sp=0x120000 target_x18=0x7ffe8000 LdrInitializeThunk=0x2d79b92c0 RtlUserThreadStart=0x2d79b92a0
[JuiceStage] signal_set_full_context returned; status=00000000 frame_pc=0x2d79b92a0 frame_sp=0x120000 frame_x18=0x7ffe8000 restore=00400007
[JuiceStage] init_syscall_frame complete; dispatcher_pc=0x2d79b92c0 user_sp=0x11fc70 x16=0x2d79b92c0 x17=0x11fc70 x18=0x7ffe8000 restore=00400007
[JuiceHybrid] open name=/private/var/containers/Bundle/Application/124F0A70-2EFF-40C7-B2F9-D71B571C9E11/Juice.app/Grape-X64/build/wine-ios/dlls/kernel32/aarch64-windows/kernel32.dll machine=0000 status=c0000135
[JuiceHybrid] open name=/private/var/containers/Bundle/Application/124F0A70-2EFF-40C7-B2F9-D71B571C9E11/Juice.app/Grape-X64/build/wine-ios/programs/kernel32.dll/aarch64-windows/kernel32.dll machine=0000 status=c0000135
[JuiceHybrid] open name=/private/var/containers/Bundle/Application/124F0A70-2EFF-40C7-B2F9-D71B571C9E11/Juice.app/Grape-X64/runtime/lib/wine/aarch64-windows/kernel32.dll machine=0000 status=00000000
[JuiceWine] anonymous PE executable section .text at 0x2d7610000 size=393216
[JuiceWine] anonymous PE executable section .hexpthk at 0x2d7670000 size=65536
[JuiceHybrid] map name=/private/var/containers/Bundle/Application/124F0A70-2EFF-40C7-B2F9-D71B571C9E11/Juice.app/Grape-X64/runtime/lib/wine/aarch64-windows/kernel32.dll status=40000003 module=0x2d7600000 size=350000
[JuiceHybrid] open name=/private/var/containers/Bundle/Application/124F0A70-2EFF-40C7-B2F9-D71B571C9E11/Juice.app/Grape-X64/build/wine-ios/dlls/kernelbase/aarch64-windows/kernelbase.dll machine=0000 status=c0000135
[JuiceHybrid] open name=/private/var/containers/Bundle/Application/124F0A70-2EFF-40C7-B2F9-D71B571C9E11/Juice.app/Grape-X64/build/wine-ios/programs/kernelbase.dll/aarch64-windows/kernelbase.dll machine=0000 status=c0000135
[JuiceHybrid] open name=/private/var/containers/Bundle/Application/124F0A70-2EFF-40C7-B2F9-D71B571C9E11/Juice.app/Grape-X64/runtime/lib/wine/aarch64-windows/kernelbase.dll machine=0000 status=00000000
[JuiceWine] anonymous PE executable section .text at 0x2d6ee0000 size=983040
[JuiceWine] anonymous PE executable section .hexpthk at 0x2d6fd0000 size=65536
[JuiceHybrid] map name=/private/var/containers/Bundle/Application/124F0A70-2EFF-40C7-B2F9-D71B571C9E11/Juice.app/Grape-X64/runtime/lib/wine/aarch64-windows/kernelbase.dll status=40000003 module=0x2d6ed0000 size=730000
[JuiceHybrid] open name=/private/var/containers/Bundle/Application/124F0A70-2EFF-40C7-B2F9-D71B571C9E11/Juice.app/Grape-X64/build/wine-ios/dlls/rpcrt4/aarch64-windows/rpcrt4.dll machine=0000 status=c0000135
[JuiceHybrid] open name=/private/var/containers/Bundle/Application/124F0A70-2EFF-40C7-B2F9-D71B571C9E11/Juice.app/Grape-X64/build/wine-ios/programs/rpcrt4.dll/aarch64-windows/rpcrt4.dll machine=0000 status=c0000135
[JuiceHybrid] open name=/private/var/containers/Bundle/Application/124F0A70-2EFF-40C7-B2F9-D71B571C9E11/Juice.app/Grape-X64/runtime/lib/wine/aarch64-windows/rpcrt4.dll machine=0000 status=00000000
[JuiceWine] anonymous PE executable section .text at 0x2d6a80000 size=655360
[JuiceWine] anonymous PE executable section .hexpthk at 0x2d6b20000 size=65536
[JuiceHybrid] map name=/private/var/containers/Bundle/Application/124F0A70-2EFF-40C7-B2F9-D71B571C9E11/Juice.app/Grape-X64/runtime/lib/wine/aarch64-windows/rpcrt4.dll status=40000003 module=0x2d6a70000 size=460000
[JuiceHybrid] open name=/private/var/containers/Bundle/Application/124F0A70-2EFF-40C7-B2F9-D71B571C9E11/Juice.app/Grape-X64/build/wine-ios/dlls/advapi32/aarch64-windows/advapi32.dll machine=0000 status=c0000135
[JuiceHybrid] open name=/private/var/containers/Bundle/Application/124F0A70-2EFF-40C7-B2F9-D71B571C9E11/Juice.app/Grape-X64/build/wine-ios/programs/advapi32.dll/aarch64-windows/advapi32.dll machine=0000 status=c0000135
[JuiceHybrid] open name=/private/var/containers/Bundle/Application/124F0A70-2EFF-40C7-B2F9-D71B571C9E11/Juice.app/Grape-X64/runtime/lib/wine/aarch64-windows/advapi32.dll machine=0000 status=00000000
[JuiceWine] anonymous PE executable section .text at 0x2d6810000 size=327680
[JuiceWine] anonymous PE executable section .hexpthk at 0x2d6860000 size=65536
[JuiceHybrid] map name=/private/var/containers/Bundle/Application/124F0A70-2EFF-40C7-B2F9-D71B571C9E11/Juice.app/Grape-X64/runtime/lib/wine/aarch64-windows/advapi32.dll status=40000003 module=0x2d6800000 size=270000
[JuiceHybrid] open name=/private/var/containers/Bundle/Application/124F0A70-2EFF-40C7-B2F9-D71B571C9E11/Juice.app/Grape-X64/build/wine-ios/dlls/sechost/aarch64-windows/sechost.dll machine=0000 status=c0000135
[JuiceHybrid] open name=/private/var/containers/Bundle/Application/124F0A70-2EFF-40C7-B2F9-D71B571C9E11/Juice.app/Grape-X64/build/wine-ios/programs/sechost.dll/aarch64-windows/sechost.dll machine=0000 status=c0000135
[JuiceHybrid] open name=/private/var/containers/Bundle/Application/124F0A70-2EFF-40C7-B2F9-D71B571C9E11/Juice.app/Grape-X64/runtime/lib/wine/aarch64-windows/sechost.dll machine=0000 status=00000000
[JuiceWine] anonymous PE executable section .text at 0x2d66c0000 size=131072
[JuiceWine] anonymous PE executable section .hexpthk at 0x2d66e0000 size=65536
[JuiceHybrid] map name=/private/var/containers/Bundle/Application/124F0A70-2EFF-40C7-B2F9-D71B571C9E11/Juice.app/Grape-X64/runtime/lib/wine/aarch64-windows/sechost.dll status=40000003 module=0x2d66b0000 size=150000
[JuiceHybrid] open name=/private/var/containers/Bundle/Application/124F0A70-2EFF-40C7-B2F9-D71B571C9E11/Juice.app/Grape-X64/build/wine-ios/dlls/ucrtbase/aarch64-windows/ucrtbase.dll machine=0000 status=c0000135
[JuiceHybrid] open name=/private/var/containers/Bundle/Application/124F0A70-2EFF-40C7-B2F9-D71B571C9E11/Juice.app/Grape-X64/build/wine-ios/programs/ucrtbase.dll/aarch64-windows/ucrtbase.dll machine=0000 status=c0000135
[JuiceHybrid] open name=/private/var/containers/Bundle/Application/124F0A70-2EFF-40C7-B2F9-D71B571C9E11/Juice.app/Grape-X64/runtime/lib/wine/aarch64-windows/ucrtbase.dll machine=0000 status=00000000
[JuiceWine] anonymous PE executable section .text at 0x2d6010000 size=1245184
[JuiceWine] anonymous PE executable section .hexpthk at 0x2d6140000 size=65536
[JuiceHybrid] map name=/private/var/containers/Bundle/Application/124F0A70-2EFF-40C7-B2F9-D71B571C9E11/Juice.app/Grape-X64/runtime/lib/wine/aarch64-windows/ucrtbase.dll status=40000003 module=0x2d6000000 size=6b0000
[JuiceHybrid] open name=/private/var/containers/Bundle/Application/124F0A70-2EFF-40C7-B2F9-D71B571C9E11/Juice.app/Grape-X64/build/wine-ios/dlls/msvcrt/aarch64-windows/msvcrt.dll machine=0000 status=c0000135
[JuiceHybrid] open name=/private/var/containers/Bundle/Application/124F0A70-2EFF-40C7-B2F9-D71B571C9E11/Juice.app/Grape-X64/build/wine-ios/programs/msvcrt.dll/aarch64-windows/msvcrt.dll machine=0000 status=c0000135
[JuiceHybrid] open name=/private/var/containers/Bundle/Application/124F0A70-2EFF-40C7-B2F9-D71B571C9E11/Juice.app/Grape-X64/runtime/lib/wine/aarch64-windows/msvcrt.dll machine=0000 status=00000000
[JuiceWine] anonymous PE executable section .text at 0x2d5a50000 size=983040
[JuiceWine] anonymous PE executable section .hexpthk at 0x2d5b40000 size=65536
[JuiceHybrid] map name=/private/var/containers/Bundle/Application/124F0A70-2EFF-40C7-B2F9-D71B571C9E11/Juice.app/Grape-X64/runtime/lib/wine/aarch64-windows/msvcrt.dll status=40000003 module=0x2d5a40000 size=5c0000
[JuiceHybrid] open name=/private/var/containers/Bundle/Application/124F0A70-2EFF-40C7-B2F9-D71B571C9E11/Juice.app/Grape-X64/build/wine-ios/dlls/cryptbase/aarch64-windows/cryptbase.dll machine=0000 status=c0000135
[JuiceHybrid] open name=/private/var/containers/Bundle/Application/124F0A70-2EFF-40C7-B2F9-D71B571C9E11/Juice.app/Grape-X64/build/wine-ios/programs/cryptbase.dll/aarch64-windows/cryptbase.dll machine=0000 status=c0000135
[JuiceHybrid] open name=/private/var/containers/Bundle/Application/124F0A70-2EFF-40C7-B2F9-D71B571C9E11/Juice.app/Grape-X64/runtime/lib/wine/aarch64-windows/cryptbase.dll machine=0000 status=00000000
[JuiceWine] anonymous PE executable section .text at 0x2d5970000 size=65536
[JuiceWine] anonymous PE executable section .hexpthk at 0x2d5980000 size=65536
[JuiceHybrid] map name=/private/var/containers/Bundle/Application/124F0A70-2EFF-40C7-B2F9-D71B571C9E11/Juice.app/Grape-X64/runtime/lib/wine/aarch64-windows/cryptbase.dll status=40000003 module=0x2d5960000 size=e0000
[JuiceHybrid] open name=/private/var/containers/Bundle/Application/124F0A70-2EFF-40C7-B2F9-D71B571C9E11/Juice.app/Grape-X64/build/wine-ios/dlls/user32/aarch64-windows/user32.dll machine=0000 status=c0000135
[JuiceHybrid] open name=/private/var/containers/Bundle/Application/124F0A70-2EFF-40C7-B2F9-D71B571C9E11/Juice.app/Grape-X64/build/wine-ios/programs/user32.dll/aarch64-windows/user32.dll machine=0000 status=c0000135
[JuiceHybrid] open name=/private/var/containers/Bundle/Application/124F0A70-2EFF-40C7-B2F9-D71B571C9E11/Juice.app/Grape-X64/runtime/lib/wine/aarch64-windows/user32.dll machine=0000 status=00000000
[JuiceWine] anonymous PE executable section .text at 0x2d5070000 size=1179648
[JuiceWine] anonymous PE executable section .hexpthk at 0x2d5190000 size=65536
[JuiceHybrid] map name=/private/var/containers/Bundle/Application/124F0A70-2EFF-40C7-B2F9-D71B571C9E11/Juice.app/Grape-X64/runtime/lib/wine/aarch64-windows/user32.dll status=40000003 module=0x2d5060000 size=900000
[JuiceHybrid] open name=/private/var/containers/Bundle/Application/124F0A70-2EFF-40C7-B2F9-D71B571C9E11/Juice.app/Grape-X64/build/wine-ios/dlls/gdi32/aarch64-windows/gdi32.dll machine=0000 status=c0000135
[JuiceHybrid] open name=/private/var/containers/Bundle/Application/124F0A70-2EFF-40C7-B2F9-D71B571C9E11/Juice.app/Grape-X64/build/wine-ios/programs/gdi32.dll/aarch64-windows/gdi32.dll machine=0000 status=c0000135
[JuiceHybrid] open name=/private/var/containers/Bundle/Application/124F0A70-2EFF-40C7-B2F9-D71B571C9E11/Juice.app/Grape-X64/runtime/lib/wine/aarch64-windows/gdi32.dll machine=0000 status=00000000
[JuiceWine] anonymous PE executable section .text at 0x2d4be0000 size=655360
[JuiceWine] anonymous PE executable section .hexpthk at 0x2d4c80000 size=65536
[JuiceHybrid] map name=/private/var/containers/Bundle/Application/124F0A70-2EFF-40C7-B2F9-D71B571C9E11/Juice.app/Grape-X64/runtime/lib/wine/aarch64-windows/gdi32.dll status=40000003 module=0x2d4bd0000 size=490000
[JuiceHybrid] open name=/private/var/containers/Bundle/Application/124F0A70-2EFF-40C7-B2F9-D71B571C9E11/Juice.app/Grape-X64/build/wine-ios/dlls/win32u/aarch64-windows/win32u.dll machine=0000 status=c0000135
[JuiceHybrid] open name=/private/var/containers/Bundle/Application/124F0A70-2EFF-40C7-B2F9-D71B571C9E11/Juice.app/Grape-X64/build/wine-ios/programs/win32u.dll/aarch64-windows/win32u.dll machine=0000 status=c0000135
[JuiceHybrid] open name=/private/var/containers/Bundle/Application/124F0A70-2EFF-40C7-B2F9-D71B571C9E11/Juice.app/Grape-X64/runtime/lib/wine/aarch64-windows/win32u.dll machine=0000 status=00000000
[JuiceWine] anonymous PE executable section .text at 0x2d4ab0000 size=262144
[JuiceWine] anonymous PE executable section .hexpthk at 0x2d4af0000 size=65536
[JuiceHybrid] map name=/private/var/containers/Bundle/Application/124F0A70-2EFF-40C7-B2F9-D71B571C9E11/Juice.app/Grape-X64/runtime/lib/wine/aarch64-windows/win32u.dll status=40000003 module=0x2d4aa0000 size=130000
[JuiceHybrid] open name=/private/var/containers/Bundle/Application/124F0A70-2EFF-40C7-B2F9-D71B571C9E11/Juice.app/Grape-X64/build/wine-ios/dlls/imm32/aarch64-windows/imm32.dll machine=0000 status=c0000135
[JuiceHybrid] open name=/private/var/containers/Bundle/Application/124F0A70-2EFF-40C7-B2F9-D71B571C9E11/Juice.app/Grape-X64/build/wine-ios/programs/imm32.dll/aarch64-windows/imm32.dll machine=0000 status=c0000135
[JuiceHybrid] open name=/private/var/containers/Bundle/Application/124F0A70-2EFF-40C7-B2F9-D71B571C9E11/Juice.app/Grape-X64/runtime/lib/wine/aarch64-windows/imm32.dll machine=0000 status=00000000
[JuiceWine] anonymous PE executable section .text at 0x2d4940000 size=196608
[JuiceWine] anonymous PE executable section .hexpthk at 0x2d4970000 size=65536
[JuiceHybrid] map name=/private/var/containers/Bundle/Application/124F0A70-2EFF-40C7-B2F9-D71B571C9E11/Juice.app/Grape-X64/runtime/lib/wine/aarch64-windows/imm32.dll status=40000003 module=0x2d4930000 size=170000
[JuiceX18] broad #1 pc=0x140010a68 fault=0x30 instr=f9401a48 x8=0x0 x16=0x2d798c2d8 x17=0x11fde0 x18=0x0 teb=0x7ffe8000
[JuiceHybrid] open name=/private/var/containers/Bundle/Application/124F0A70-2EFF-40C7-B2F9-D71B571C9E11/Juice.app/Grape-X64/build/wine-ios/dlls/wineios.drv/aarch64-windows/wineios.drv machine=0000 status=c0000135
[JuiceHybrid] open name=/private/var/containers/Bundle/Application/124F0A70-2EFF-40C7-B2F9-D71B571C9E11/Juice.app/Grape-X64/build/wine-ios/programs/wineios.drv/aarch64-windows/wineios.drv machine=0000 status=c0000135
[JuiceHybrid] open name=/private/var/containers/Bundle/Application/124F0A70-2EFF-40C7-B2F9-D71B571C9E11/Juice.app/Grape-X64/runtime/lib/wine/aarch64-windows/wineios.drv machine=0000 status=00000000
[JuiceWine] anonymous PE executable section .text at 0x2d4850000 size=65536
[JuiceWine] anonymous PE executable section .hexpthk at 0x2d4860000 size=65536
[JuiceHybrid] map name=/private/var/containers/Bundle/Application/124F0A70-2EFF-40C7-B2F9-D71B571C9E11/Juice.app/Grape-X64/runtime/lib/wine/aarch64-windows/wineios.drv status=40000003 module=0x2d4840000 size=f0000
[JuiceInput] display socket disabled: JUICE_IOS_SOCKET is unset
[JuiceDriver] ios init set driver create=0x80084e78 client_surface=0x800859fc size=1216
[JuiceDriver] install prev=0x80c3d3a8 lazy=0x80c3d3a8 null=0x80c69f10 candidate=0x101015000 create=0x80084e78 installed=1
[JuiceCreate] ex=00000000 class=0x11ef10 version=0x0 name=0x11eef0 style=86000000 x=0 y=0 cx=0 cy=0 parent=0x0 menu=0x0 classinst=0x0 params=0x11f240 flags=00000000 inst=0x0 classptr=0x8001 ansi=0
JUICE_MOLTENVK_DRIVER_READY version=48 handle=0x30dfe0
[mvk-info] MoltenVK version 1.4.2, supporting Vulkan version 1.4.357.
	The following 152 Vulkan extensions are supported:
	VK_KHR_16bit_storage v1
	VK_KHR_8bit_storage v1
	VK_KHR_bind_memory2 v1
	VK_KHR_buffer_device_address v1
	VK_KHR_calibrated_timestamps v1
	VK_KHR_copy_commands2 v1
	VK_KHR_create_renderpass2 v1
	VK_KHR_dedicated_allocation v3
	VK_KHR_deferred_host_operations v4
	VK_KHR_depth_stencil_resolve v1
	VK_KHR_descriptor_update_template v1
	VK_KHR_device_group v4
	VK_KHR_device_group_creation v1
	VK_KHR_driver_properties v1
	VK_KHR_dynamic_rendering v1
	VK_KHR_dynamic_rendering_local_read v1
	VK_KHR_external_fence v1
	VK_KHR_external_fence_capabilities v1
	VK_KHR_external_memory v1
	VK_KHR_external_memory_capabilities v1
	VK_KHR_external_semaphore v1
	VK_KHR_external_semaphore_capabilities v1
	VK_KHR_format_feature_flags2 v2
	VK_KHR_fragment_shader_barycentric v1
	VK_KHR_get_memory_requirements2 v1
	VK_KHR_get_physical_device_properties2 v2
	VK_KHR_get_surface_capabilities2 v1
	VK_KHR_global_priority v1
	VK_KHR_image_format_list v1
	VK_KHR_imageless_framebuffer v1
	VK_KHR_incremental_present v2
	VK_KHR_index_type_uint8 v1
	VK_KHR_line_rasterization v1
	VK_KHR_load_store_op_none v1
	VK_KHR_maintenance1 v2
	VK_KHR_maintenance2 v1
	VK_KHR_maintenance3 v1
	VK_KHR_maintenance4 v2
	VK_KHR_maintenance5 v1
	VK_KHR_maintenance6 v1
	VK_KHR_maintenance7 v1
	VK_KHR_maintenance8 v1
	VK_KHR_maintenance9 v1
	VK_KHR_map_memory2 v1
	VK_KHR_multiview v1
	VK_KHR_portability_subset v1
	VK_KHR_present_id v1
	VK_KHR_present_id2 v1
	VK_KHR_present_wait v1
	VK_KHR_present_wait2 v1
	VK_KHR_push_descriptor v2
	VK_KHR_relaxed_block_layout v1
	VK_KHR_robustness2 v1
	VK_KHR_sampler_mirror_clamp_to_edge v3
	VK_KHR_sampler_ycbcr_conversion v14
	VK_KHR_separate_depth_stencil_layouts v1
	VK_KHR_shader_draw_parameters v1
	VK_KHR_shader_expect_assume v1
	VK_KHR_shader_float_controls v4
	VK_KHR_shader_float_controls2 v1
	VK_KHR_shader_float16_int8 v1
	VK_KHR_shader_fma v1
	VK_KHR_shader_integer_dot_product v1
	VK_KHR_shader_maximal_reconvergence v1
	VK_KHR_shader_non_semantic_info v1
	VK_KHR_shader_quad_control v1
	VK_KHR_shader_relaxed_extended_instruction v1
	VK_KHR_shader_subgroup_extended_types v1
	VK_KHR_shader_subgroup_rotate v2
	VK_KHR_shader_subgroup_uniform_control_flow v1
	VK_KHR_shader_terminate_invocation v1
	VK_KHR_spirv_1_4 v1
	VK_KHR_storage_buffer_storage_class v1
	VK_KHR_surface v25
	VK_KHR_surface_maintenance1 v1
	VK_KHR_surface_protected_capabilities v1
	VK_KHR_swapchain v70
	VK_KHR_swapchain_maintenance1 v1
	VK_KHR_swapchain_mutable_format v1
	VK_KHR_synchronization2 v1
	VK_KHR_timeline_semaphore v2
	VK_KHR_uniform_buffer_standard_layout v1
	VK_KHR_variable_pointers v1
	VK_KHR_vertex_attribute_divisor v1
	VK_KHR_vulkan_memory_model v3
	VK_KHR_zero_initialize_workgroup_memory v1
	VK_EXT_4444_formats v1
	VK_EXT_buffer_device_address v2
	VK_EXT_calibrated_timestamps v2
	VK_EXT_debug_marker v4
	VK_EXT_debug_report v10
	VK_EXT_debug_utils v2
	VK_EXT_depth_clip_control v1
	VK_EXT_descriptor_indexing v2
	VK_EXT_extended_dynamic_state v1
	VK_EXT_extended_dynamic_state2 v1
	VK_EXT_extended_dynamic_state3 v2
	VK_EXT_external_memory_host v1
	VK_EXT_external_memory_metal v1
	VK_EXT_fragment_shader_interlock v1
	VK_EXT_global_priority v2
	VK_EXT_global_priority_query v1
	VK_EXT_headless_surface v1
	VK_EXT_host_image_copy v1
	VK_EXT_host_query_reset v1
	VK_EXT_image_2d_view_of_3d v1
	VK_EXT_image_robustness v1
	VK_EXT_index_type_uint8 v1
	VK_EXT_inline_uniform_block v1
	VK_EXT_layer_settings v2
	VK_EXT_legacy_dithering v2
	VK_EXT_line_rasterization v1
	VK_EXT_load_store_op_none v1
	VK_EXT_memory_budget v1
	VK_EXT_metal_objects v2
	VK_EXT_metal_surface v1
	VK_EXT_non_seamless_cube_map v1
	VK_EXT_pipeline_creation_cache_control v3
	VK_EXT_pipeline_creation_feedback v1
	VK_EXT_pipeline_robustness v1
	VK_EXT_post_depth_coverage v1
	VK_EXT_primitive_topology_list_restart v1
	VK_EXT_private_data v1
	VK_EXT_provoking_vertex v1
	VK_EXT_robustness2 v1
	VK_EXT_sample_locations v1
	VK_EXT_scalar_block_layout v1
	VK_EXT_separate_stencil_usage v1
	VK_EXT_shader_atomic_float v1
	VK_EXT_shader_demote_to_helper_invocation v1
	VK_EXT_shader_stencil_export v1
	VK_EXT_shader_subgroup_ballot v1
	VK_EXT_shader_subgroup_vote v1
	VK_EXT_shader_viewport_index_layer v1
	VK_EXT_subgroup_size_control v2
	VK_EXT_surface_maintenance1 v1
	VK_EXT_swapchain_colorspace v5
	VK_EXT_swapchain_maintenance1 v1
	VK_EXT_texel_buffer_alignment v1
	VK_EXT_texture_compression_astc_hdr v1
	VK_EXT_tooling_info v1
	VK_EXT_vertex_attribute_divisor v3
	VK_AMD_gpu_shader_half_float v2
	VK_AMD_negative_viewport_height v1
	VK_AMD_shader_image_load_store_lod v1
	VK_AMD_shader_trinary_minmax v1
	VK_GOOGLE_display_timing v1
	VK_IMG_format_pvrtc v1
	VK_INTEL_shader_integer_functions2 v1
	VK_MVK_ios_surface v3
	VK_MVK_moltenvk v37
	VK_NV_fragment_shader_barycentric v1
[mvk-error] VK_ERROR_INCOMPATIBLE_DRIVER: Vulkan is not supported on this device. MoltenVK requires Metal, which is not available on this device.
[mvk-info] Created VkInstance for Vulkan version 1.0.357, as requested by app, with the following 3 Vulkan extensions enabled:
	VK_KHR_external_fence_capabilities v1
	VK_KHR_external_semaphore_capabilities v1
	VK_KHR_get_physical_device_properties2 v2
[mvk-info] Destroying VkInstance for Vulkan version 1.0.357 with 3 Vulkan extensions enabled.
[JuiceHybrid] open name=/private/var/containers/Bundle/Application/124F0A70-2EFF-40C7-B2F9-D71B571C9E11/Juice.app/Grape-X64/build/wine-ios/dlls/uxtheme/aarch64-windows/uxtheme.dll machine=0000 status=c0000135
[JuiceHybrid] open name=/private/var/containers/Bundle/Application/124F0A70-2EFF-40C7-B2F9-D71B571C9E11/Juice.app/Grape-X64/build/wine-ios/programs/uxtheme.dll/aarch64-windows/uxtheme.dll machine=0000 status=c0000135
[JuiceHybrid] open name=/private/var/containers/Bundle/Application/124F0A70-2EFF-40C7-B2F9-D71B571C9E11/Juice.app/Grape-X64/runtime/lib/wine/aarch64-windows/uxtheme.dll machine=0000 status=00000000
[JuiceWine] anonymous PE executable section .text at 0x2d4680000 size=196608
[JuiceWine] anonymous PE executable section .hexpthk at 0x2d46b0000 size=65536
[JuiceHybrid] map name=/private/var/containers/Bundle/Application/124F0A70-2EFF-40C7-B2F9-D71B571C9E11/Juice.app/Grape-X64/runtime/lib/wine/aarch64-windows/uxtheme.dll status=40000003 module=0x2d4670000 size=1d0000
[JuiceRect] input hwnd=0x10020 dpi=96/1 raw=96/1 win=0,0,0,0 client=0,0,0,0 visible=0,0,0,0
[JuiceRect] mapped hwnd=0x10020 win=0,0,0,0 client=0,0,0,0 visible=0,0,0,0
[JuiceGeom] changed hwnd=0x10020 flags=3c ptr=0x10010f620 window=0,0,0,0 client=0,0,0,0 visible=0,0,0,0 surface=0x80c4c4f0 shown=0
[JuiceRect] input hwnd=0x10020 dpi=96/1 raw=96/1 win=0,0,0,0 client=0,0,0,0 visible=0,0,0,0
[JuiceRect] mapped hwnd=0x10020 win=0,0,0,0 client=0,0,0,0 visible=0,0,0,0
[JuiceGeom] changed hwnd=0x10020 flags=18 ptr=0x10010f620 window=0,0,0,0 client=0,0,0,0 visible=0,0,0,0 surface=0x80c4c4f0 shown=0
[JuiceDriver] create-enter hwnd=0x10020
[JuiceDriver] create-success hwnd=0x10020
[JuiceCreate] ex=00000000 class=0x11ef10 version=0x0 name=0x11eef0 style=86000000 x=0 y=0 cx=100 cy=100 parent=0x0 menu=0x0 classinst=0x0 params=0x0 flags=00000000 inst=0x0 classptr=0x140020ca0 ansi=0
[JuiceRect] input hwnd=0x10028 dpi=96/1 raw=96/1 win=0,0,100,100 client=0,0,100,100 visible=0,0,100,100
[JuiceRect] mapped hwnd=0x10028 win=0,0,100,100 client=0,0,100,100 visible=0,0,100,100
[JuiceGeom] changed hwnd=0x10028 flags=3c ptr=0x10010f620 window=0,0,100,100 client=0,0,100,100 visible=0,0,100,100 surface=0x80c4c4f0 shown=0
[JuiceRect] input hwnd=0x10028 dpi=96/1 raw=96/1 win=0,0,100,100 client=0,0,100,100 visible=0,0,100,100
[JuiceRect] mapped hwnd=0x10028 win=0,0,100,100 client=0,0,100,100 visible=0,0,100,100
[JuiceGeom] changed hwnd=0x10028 flags=18 ptr=0x10010f620 window=0,0,100,100 client=0,0,100,100 visible=0,0,100,100 surface=0x80c4c4f0 shown=0
[JuiceDriver] create-enter hwnd=0x10028
[JuiceDriver] create-success hwnd=0x10028
[JuiceGeom] surface hwnd=0x10020 rect=0,0,1024,768 size=1024x768 previous=0x80c4c4f0
[JuiceRect] input hwnd=0x10020 dpi=96/1 raw=96/1 win=0,0,1024,768 client=0,0,1024,768 visible=0,0,1024,768
[JuiceRect] mapped hwnd=0x10020 win=0,0,1024,768 client=0,0,1024,768 visible=0,0,1024,768
[JuiceGeom] changed hwnd=0x10020 flags=8000116a ptr=0x10010f820 window=0,0,1024,768 client=0,0,1024,768 visible=0,0,1024,768 surface=0x100a64d30 shown=1
[JuiceStage] init_syscall_frame entered; entry=0x1400126e8 arg=0x0 teb=0x7ffe4000 data=0x100110000 frame=0x10021fb00 stack_base=0xca0000 stack_limit=0xba8000
[JuiceStage] calling signal_set_full_context; ctx=0xc9fc70 target_pc=0x2d79b92a0 target_sp=0xca0000 target_x18=0x7ffe4000 LdrInitializeThunk=0x2d79b92c0 RtlUserThreadStart=0x2d79b92a0
[JuiceStage] signal_set_full_context returned; status=00000000 frame_pc=0x2d79b92a0 frame_sp=0xca0000 frame_x18=0x7ffe4000 restore=00400007
[JuiceStage] init_syscall_frame complete; dispatcher_pc=0x2d79b92c0 user_sp=0xc9fc70 x16=0x2d79b92c0 x17=0xc9fc70 x18=0x7ffe4000 restore=00400007
[JuiceCreate] ex=00000000 class=0xc9fa70 version=0x0 name=0xc9fa50 style=00000000 x=0 y=0 cx=0 cy=0 parent=0xfffffffffffffffd menu=0x0 classinst=0x0 params=0x0 flags=00000000 inst=0x0 classptr=0x140020500 ansi=0
[JuiceCreate] ex=00000000 class=0x11ee90 version=0x0 name=0x11ee70 style=00000000 x=0 y=0 cx=0 cy=0 parent=0xfffffffffffffffd menu=0x0 classinst=0x0 params=0x0 flags=00000000 inst=0x0 classptr=0x140020140 ansi=0
[JuiceStage] init_syscall_frame entered; entry=0x140012cc8 arg=0x0 teb=0x7ffe0000 data=0x100220000 frame=0x10032fb00 stack_base=0xda0000 stack_limit=0xca8000
[JuiceStage] calling signal_set_full_context; ctx=0xd9fc70 target_pc=0x2d79b92a0 target_sp=0xda0000 target_x18=0x7ffe0000 LdrInitializeThunk=0x2d79b92c0 RtlUserThreadStart=0x2d79b92a0
[JuiceStage] signal_set_full_context returned; status=00000000 frame_pc=0x2d79b92a0 frame_sp=0xda0000 frame_x18=0x7ffe0000 restore=00400007
[JuiceStage] init_syscall_frame complete; dispatcher_pc=0x2d79b92c0 user_sp=0xd9fc70 x16=0x2d79b92c0 x17=0xd9fc70 x18=0x7ffe0000 restore=00400007
[JuiceCreate] ex=00000000 class=0xd9fc10 version=0x0 name=0xd9fbf0 style=00000000 x=0 y=0 cx=0 cy=0 parent=0xfffffffffffffffd menu=0x0 classinst=0x0 params=0x0 flags=00000000 inst=0x0 classptr=0x140021320 ansi=0
[JuiceMonitor] callee hwnd=0x10032 hmon=0x1 info=0x10010f720 monitor=0,0,1024,768 work=0,0,1024,768 flags=00000001
[JuiceMinMax] hwnd=0x10032 min=112,27 maxtrack=1036,780 max=106,106 pos=-3,-3
[JuiceRect] input hwnd=0x10032 dpi=96/1 raw=96/1 win=0,0,112,27 client=0,0,112,27 visible=0,0,112,27
[JuiceRect] mapped hwnd=0x10032 win=0,0,112,27 client=0,0,112,27 visible=0,0,112,27
[JuiceGeom] changed hwnd=0x10032 flags=14 ptr=0x10010f620 window=0,0,112,27 client=0,0,112,27 visible=0,0,112,27 surface=0x0 shown=0
[JuiceMonitor] callee hwnd=0x10034 hmon=0x1 info=0x10032f550 monitor=0,0,1024,768 work=0,0,1024,768 flags=00000001
[JuiceMinMax] hwnd=0x10034 min=112,27 maxtrack=1036,780 max=106,106 pos=-3,-3
[JuiceMonitor] callee hwnd=0x1002e hmon=0x1 info=0x10021f550 monitor=0,0,1024,768 work=0,0,1024,768 flags=00000001
[JuiceMinMax] hwnd=0x1002e min=112,27 maxtrack=1036,780 max=106,106 pos=-3,-3
[JuiceRect] input hwnd=0x10034 dpi=96/1 raw=96/1 win=0,0,112,27 client=0,0,112,27 visible=0,0,112,27
[JuiceRect] input hwnd=0x10032 dpi=96/1 raw=96/1 win=0,0,112,27 client=3,22,109,24 visible=0,0,112,27
[JuiceRect] mapped hwnd=0x10034 win=0,0,112,27 client=0,0,112,27 visible=0,0,112,27
[JuiceRect] mapped hwnd=0x10032 win=0,0,112,27 client=3,22,109,24 visible=0,0,112,27
[JuiceRect] input hwnd=0x1002e dpi=96/1 raw=96/1 win=0,0,112,27 client=0,0,112,27 visible=0,0,112,27
[JuiceRect] mapped hwnd=0x1002e win=0,0,112,27 client=0,0,112,27 visible=0,0,112,27
[JuiceGeom] changed hwnd=0x10032 flags=10 ptr=0x10010f620 window=0,0,112,27 client=3,22,109,24 visible=0,0,112,27 surface=0x0 shown=0
[JuiceGeom] changed hwnd=0x10034 flags=14 ptr=0x10032f450 window=0,0,112,27 client=0,0,112,27 visible=0,0,112,27 surface=0x0 shown=0
[JuiceDriver] create-enter hwnd=0x10032
[JuiceDriver] create-success hwnd=0x10032
[JuiceGeom] changed hwnd=0x1002e flags=14 ptr=0x10021f450 window=0,0,112,27 client=0,0,112,27 visible=0,0,112,27 surface=0x0 shown=0
[JuiceCreate] failed hwnd=0x1002e stage=wm-nccreate
[JuiceRect] input hwnd=0x10034 dpi=96/1 raw=96/1 win=0,0,112,27 client=3,22,109,24 visible=0,0,112,27
[JuiceRect] mapped hwnd=0x10034 win=0,0,112,27 client=3,22,109,24 visible=0,0,112,27
[JuiceGeom] changed hwnd=0x10034 flags=10 ptr=0x10032f450 window=0,0,112,27 client=3,22,109,24 visible=0,0,112,27 surface=0x0 shown=0
[JuiceDriver] create-enter hwnd=0x10034
[JuiceDriver] create-success hwnd=0x10034
[JuiceCreate] ex=00000000 class=0x11ee80 version=0x0 name=0x11ee60 style=00c80000 x=-2147483648 y=-2147483648 cx=166 cy=45 parent=0x0 menu=0x0 classinst=0x0 params=0x0 flags=00000000 inst=0x0 classptr=0x140026398 ansi=0
[JuiceMonitor] callee hwnd=0x0 hmon=0x1 info=0x10010fa00 monitor=0,0,1024,768 work=0,0,1024,768 flags=00000001
[JuiceMonitor] caller hwnd=0x0 monitor=0,0,1024,768 work=0,0,1024,768 flags=00000001
[JuiceMonitor] callee hwnd=0x2002e hmon=0x1 info=0x10010f720 monitor=0,0,1024,768 work=0,0,1024,768 flags=00000001
[JuiceMinMax] hwnd=0x2002e min=112,27 maxtrack=1036,780 max=1030,774 pos=-3,-3
[JuiceRect] input hwnd=0x2002e dpi=96/1 raw=96/1 win=0,0,166,45 client=0,0,166,45 visible=0,0,166,45
[JuiceRect] mapped hwnd=0x2002e win=0,0,166,45 client=0,0,166,45 visible=0,0,166,45
[JuiceGeom] changed hwnd=0x2002e flags=3c ptr=0x10010f620 window=0,0,166,45 client=0,0,166,45 visible=0,0,166,45 surface=0x80c4c4f0 shown=0
[JuiceCreate] ex=00000000 class=0x10010f590 version=0x0 name=0x10010f580 style=8c000000 x=0 y=0 cx=1 cy=1 parent=0x0 menu=0x0 classinst=0x0 params=0x0 flags=00000000 inst=0x0 classptr=0x0 ansi=0
[JuiceRect] input hwnd=0x1003e dpi=96/1 raw=96/1 win=0,0,1,1 client=0,0,1,1 visible=0,0,1,1
[JuiceRect] mapped hwnd=0x1003e win=0,0,1,1 client=0,0,1,1 visible=0,0,1,1
[JuiceGeom] changed hwnd=0x1003e flags=3c ptr=0x10010eed0 window=0,0,1,1 client=0,0,1,1 visible=0,0,1,1 surface=0x80c4c4f0 shown=0
[JuiceRect] input hwnd=0x1003e dpi=96/1 raw=96/1 win=0,0,1,1 client=0,0,1,1 visible=0,0,1,1
[JuiceRect] mapped hwnd=0x1003e win=0,0,1,1 client=0,0,1,1 visible=0,0,1,1
[JuiceGeom] changed hwnd=0x1003e flags=18 ptr=0x10010eed0 window=0,0,1,1 client=0,0,1,1 visible=0,0,1,1 surface=0x80c4c4f0 shown=0
[JuiceDriver] create-enter hwnd=0x1003e
[JuiceDriver] create-success hwnd=0x1003e
[JuiceRect] input hwnd=0x2002e dpi=96/1 raw=96/1 win=0,0,166,45 client=3,22,163,42 visible=0,0,166,45
[JuiceRect] mapped hwnd=0x2002e win=0,0,166,45 client=3,22,163,42 visible=0,0,166,45
[JuiceGeom] changed hwnd=0x2002e flags=18 ptr=0x10010f620 window=0,0,166,45 client=3,22,163,42 visible=0,0,166,45 surface=0x80c4c4f0 shown=0
[JuiceDriver] create-enter hwnd=0x2002e
[JuiceDriver] create-success hwnd=0x2002e
[JuiceHybrid] open name=/private/var/containers/Bundle/Application/124F0A70-2EFF-40C7-B2F9-D71B571C9E11/Juice.app/Grape-X64/build/wine-ios/dlls/shell32/aarch64-windows/shell32.dll machine=0000 status=c0000135
[JuiceHybrid] open name=/private/var/containers/Bundle/Application/124F0A70-2EFF-40C7-B2F9-D71B571C9E11/Juice.app/Grape-X64/build/wine-ios/programs/shell32.dll/aarch64-windows/shell32.dll machine=0000 status=c0000135
[JuiceHybrid] open name=/private/var/containers/Bundle/Application/124F0A70-2EFF-40C7-B2F9-D71B571C9E11/Juice.app/Grape-X64/runtime/lib/wine/aarch64-windows/shell32.dll machine=0000 status=00000000
[JuiceWine] anonymous PE executable section .text at 0x2d3690000 size=1048576
[JuiceWine] anonymous PE executable section .hexpthk at 0x2d3790000 size=65536
[JuiceHybrid] map name=/private/var/containers/Bundle/Application/124F0A70-2EFF-40C7-B2F9-D71B571C9E11/Juice.app/Grape-X64/runtime/lib/wine/aarch64-windows/shell32.dll status=40000003 module=0x2d3680000 size=1000000
[JuiceHybrid] open name=/private/var/containers/Bundle/Application/124F0A70-2EFF-40C7-B2F9-D71B571C9E11/Juice.app/Grape-X64/build/wine-ios/dlls/shlwapi/aarch64-windows/shlwapi.dll machine=0000 status=c0000135
[JuiceHybrid] open name=/private/var/containers/Bundle/Application/124F0A70-2EFF-40C7-B2F9-D71B571C9E11/Juice.app/Grape-X64/build/wine-ios/programs/shlwapi.dll/aarch64-windows/shlwapi.dll machine=0000 status=c0000135
[JuiceHybrid] open name=/private/var/containers/Bundle/Application/124F0A70-2EFF-40C7-B2F9-D71B571C9E11/Juice.app/Grape-X64/runtime/lib/wine/aarch64-windows/shlwapi.dll machine=0000 status=00000000
[JuiceWine] anonymous PE executable section .text at 0x2d3450000 size=262144
[JuiceWine] anonymous PE executable section .hexpthk at 0x2d3490000 size=65536
[JuiceHybrid] map name=/private/var/containers/Bundle/Application/124F0A70-2EFF-40C7-B2F9-D71B571C9E11/Juice.app/Grape-X64/runtime/lib/wine/aarch64-windows/shlwapi.dll status=40000003 module=0x2d3440000 size=240000
[JuiceHybrid] open name=/private/var/containers/Bundle/Application/124F0A70-2EFF-40C7-B2F9-D71B571C9E11/Juice.app/Grape-X64/build/wine-ios/dlls/shcore/aarch64-windows/shcore.dll machine=0000 status=c0000135
[JuiceHybrid] open name=/private/var/containers/Bundle/Application/124F0A70-2EFF-40C7-B2F9-D71B571C9E11/Juice.app/Grape-X64/build/wine-ios/programs/shcore.dll/aarch64-windows/shcore.dll machine=0000 status=c0000135
[JuiceHybrid] open name=/private/var/containers/Bundle/Application/124F0A70-2EFF-40C7-B2F9-D71B571C9E11/Juice.app/Grape-X64/runtime/lib/wine/aarch64-windows/shcore.dll machine=0000 status=00000000
[JuiceWine] anonymous PE executable section .text at 0x2d4740000 size=131072
[JuiceWine] anonymous PE executable section .hexpthk at 0x2d4760000 size=65536
[JuiceHybrid] map name=/private/var/containers/Bundle/Application/124F0A70-2EFF-40C7-B2F9-D71B571C9E11/Juice.app/Grape-X64/runtime/lib/wine/aarch64-windows/shcore.dll status=40000003 module=0x2d4730000 size=110000
[JuiceCreate] ex=00000000 class=0x11ee30 version=0x0 name=0x11ee10 style=80000000 x=0 y=0 cx=0 cy=0 parent=0x0 menu=0x0 classinst=0x0 params=0x0 flags=00000000 inst=0x0 classptr=0x2d51a84f0 ansi=0
[JuiceRect] input hwnd=0x10040 dpi=96/1 raw=96/1 win=0,0,0,0 client=0,0,0,0 visible=0,0,0,0
[JuiceRect] mapped hwnd=0x10040 win=0,0,0,0 client=0,0,0,0 visible=0,0,0,0
[JuiceGeom] changed hwnd=0x10040 flags=3c ptr=0x10010f620 window=0,0,0,0 client=0,0,0,0 visible=0,0,0,0 surface=0x80c4c4f0 shown=0
[JuiceRect] input hwnd=0x10040 dpi=96/1 raw=96/1 win=0,0,0,0 client=0,0,0,0 visible=0,0,0,0
[JuiceRect] mapped hwnd=0x10040 win=0,0,0,0 client=0,0,0,0 visible=0,0,0,0
[JuiceGeom] changed hwnd=0x10040 flags=18 ptr=0x10010f620 window=0,0,0,0 client=0,0,0,0 visible=0,0,0,0 surface=0x80c4c4f0 shown=0
[JuiceDriver] create-enter hwnd=0x10040
[JuiceDriver] create-success hwnd=0x10040
[JuiceCreate] ex=00000000 class=0x11ee30 version=0x0 name=0x11ee10 style=80000000 x=0 y=0 cx=0 cy=0 parent=0x0 menu=0x0 classinst=0x0 params=0x0 flags=00000000 inst=0x0 classptr=0x2d51a9248 ansi=0
[JuiceRect] input hwnd=0x10042 dpi=96/1 raw=96/1 win=0,0,0,0 client=0,0,0,0 visible=0,0,0,0
[JuiceRect] mapped hwnd=0x10042 win=0,0,0,0 client=0,0,0,0 visible=0,0,0,0
[JuiceGeom] changed hwnd=0x10042 flags=3c ptr=0x10010f620 window=0,0,0,0 client=0,0,0,0 visible=0,0,0,0 surface=0x80c4c4f0 shown=0
[JuiceRect] input hwnd=0x10042 dpi=96/1 raw=96/1 win=0,0,0,0 client=0,0,0,0 visible=0,0,0,0
[JuiceRect] mapped hwnd=0x10042 win=0,0,0,0 client=0,0,0,0 visible=0,0,0,0
[JuiceGeom] changed hwnd=0x10042 flags=18 ptr=0x10010f620 window=0,0,0,0 client=0,0,0,0 visible=0,0,0,0 surface=0x80c4c4f0 shown=0
[JuiceDriver] create-enter hwnd=0x10042
[JuiceDriver] create-success hwnd=0x10042
[JuiceCreate] ex=00000000 class=0x11ee30 version=0x0 name=0x11ee10 style=80000000 x=0 y=0 cx=0 cy=0 parent=0x0 menu=0x0 classinst=0x0 params=0x0 flags=00000000 inst=0x0 classptr=0x2d51a9248 ansi=0
[JuiceRect] input hwnd=0x10044 dpi=96/1 raw=96/1 win=0,0,0,0 client=0,0,0,0 visible=0,0,0,0
[JuiceRect] mapped hwnd=0x10044 win=0,0,0,0 client=0,0,0,0 visible=0,0,0,0
[JuiceGeom] changed hwnd=0x10044 flags=3c ptr=0x10010f620 window=0,0,0,0 client=0,0,0,0 visible=0,0,0,0 surface=0x80c4c4f0 shown=0
[JuiceRect] input hwnd=0x10044 dpi=96/1 raw=96/1 win=0,0,0,0 client=0,0,0,0 visible=0,0,0,0
[JuiceRect] mapped hwnd=0x10044 win=0,0,0,0 client=0,0,0,0 visible=0,0,0,0
[JuiceGeom] changed hwnd=0x10044 flags=18 ptr=0x10010f620 window=0,0,0,0 client=0,0,0,0 visible=0,0,0,0 surface=0x80c4c4f0 shown=0
[JuiceDriver] create-enter hwnd=0x10044
[JuiceDriver] create-success hwnd=0x10044
[JuiceCreate] ex=00000000 class=0x11ee60 version=0x0 name=0x11ee40 style=80000000 x=0 y=0 cx=0 cy=0 parent=0x0 menu=0x0 classinst=0x0 params=0x0 flags=00000000 inst=0x0 classptr=0x2d51a9248 ansi=0
[JuiceRect] input hwnd=0x10046 dpi=96/1 raw=96/1 win=0,0,0,0 client=0,0,0,0 visible=0,0,0,0
[JuiceRect] mapped hwnd=0x10046 win=0,0,0,0 client=0,0,0,0 visible=0,0,0,0
[JuiceGeom] changed hwnd=0x10046 flags=3c ptr=0x10010f620 window=0,0,0,0 client=0,0,0,0 visible=0,0,0,0 surface=0x80c4c4f0 shown=0
[JuiceRect] input hwnd=0x10046 dpi=96/1 raw=96/1 win=0,0,0,0 client=0,0,0,0 visible=0,0,0,0
[JuiceRect] mapped hwnd=0x10046 win=0,0,0,0 client=0,0,0,0 visible=0,0,0,0
[JuiceGeom] changed hwnd=0x10046 flags=18 ptr=0x10010f620 window=0,0,0,0 client=0,0,0,0 visible=0,0,0,0 surface=0x80c4c4f0 shown=0
[JuiceDriver] create-enter hwnd=0x10046
[JuiceDriver] create-success hwnd=0x10046
[JuiceHybrid] open name=/private/var/containers/Bundle/Application/124F0A70-2EFF-40C7-B2F9-D71B571C9E11/Juice.app/Grape-X64/build/wine-ios/dlls/ole32/aarch64-windows/ole32.dll machine=0000 status=c0000135
[JuiceHybrid] open name=/private/var/containers/Bundle/Application/124F0A70-2EFF-40C7-B2F9-D71B571C9E11/Juice.app/Grape-X64/build/wine-ios/programs/ole32.dll/aarch64-windows/ole32.dll machine=0000 status=c0000135
[JuiceHybrid] open name=/private/var/containers/Bundle/Application/124F0A70-2EFF-40C7-B2F9-D71B571C9E11/Juice.app/Grape-X64/runtime/lib/wine/aarch64-windows/ole32.dll machine=0000 status=00000000
[JuiceWine] anonymous PE executable section .text at 0x2d2e20000 size=720896
[JuiceWine] anonymous PE executable section .hexpthk at 0x2d2ed0000 size=65536
[JuiceHybrid] map name=/private/var/containers/Bundle/Application/124F0A70-2EFF-40C7-B2F9-D71B571C9E11/Juice.app/Grape-X64/runtime/lib/wine/aarch64-windows/ole32.dll status=40000003 module=0x2d2e10000 size=630000
[JuiceHybrid] open name=/private/var/containers/Bundle/Application/124F0A70-2EFF-40C7-B2F9-D71B571C9E11/Juice.app/Grape-X64/build/wine-ios/dlls/combase/aarch64-windows/combase.dll machine=0000 status=c0000135
[JuiceHybrid] open name=/private/var/containers/Bundle/Application/124F0A70-2EFF-40C7-B2F9-D71B571C9E11/Juice.app/Grape-X64/build/wine-ios/programs/combase.dll/aarch64-windows/combase.dll machine=0000 status=c0000135
[JuiceHybrid] open name=/private/var/containers/Bundle/Application/124F0A70-2EFF-40C7-B2F9-D71B571C9E11/Juice.app/Grape-X64/runtime/lib/wine/aarch64-windows/combase.dll machine=0000 status=00000000
[JuiceWine] anonymous PE executable section .text at 0x2d2b20000 size=393216
[JuiceWine] anonymous PE executable section .hexpthk at 0x2d2b80000 size=65536
[JuiceHybrid] map name=/private/var/containers/Bundle/Application/124F0A70-2EFF-40C7-B2F9-D71B571C9E11/Juice.app/Grape-X64/runtime/lib/wine/aarch64-windows/combase.dll status=40000003 module=0x2d2b10000 size=300000
[JuiceHybrid] open name=/private/var/containers/Bundle/Application/124F0A70-2EFF-40C7-B2F9-D71B571C9E11/Juice.app/Grape-X64/build/wine-ios/dlls/coml2/aarch64-windows/coml2.dll machine=0000 status=c0000135
[JuiceHybrid] open name=/private/var/containers/Bundle/Application/124F0A70-2EFF-40C7-B2F9-D71B571C9E11/Juice.app/Grape-X64/build/wine-ios/programs/coml2.dll/aarch64-windows/coml2.dll machine=0000 status=c0000135
[JuiceHybrid] open name=/private/var/containers/Bundle/Application/124F0A70-2EFF-40C7-B2F9-D71B571C9E11/Juice.app/Grape-X64/runtime/lib/wine/aarch64-windows/coml2.dll machine=0000 status=00000000
[JuiceWine] anonymous PE executable section .text at 0x2d29f0000 size=65536
[JuiceWine] anonymous PE executable section .hexpthk at 0x2d2a00000 size=65536
[JuiceHybrid] map name=/private/var/containers/Bundle/Application/124F0A70-2EFF-40C7-B2F9-D71B571C9E11/Juice.app/Grape-X64/runtime/lib/wine/aarch64-windows/coml2.dll status=40000003 module=0x2d29e0000 size=130000
[JuiceCreate] ex=00000000 class=0x11ee80 version=0x0 name=0x11ee60 style=00000000 x=0 y=0 cx=0 cy=0 parent=0xfffffffffffffffd menu=0x0 classinst=0x2d2b10000 params=0x0 flags=00000000 inst=0x2d2b10000 classptr=0x2d2b93868 ansi=0
[JuiceMonitor] callee hwnd=0x10048 hmon=0x1 info=0x10010f720 monitor=0,0,1024,768 work=0,0,1024,768 flags=00000001
[JuiceMinMax] hwnd=0x10048 min=112,27 maxtrack=1036,780 max=106,106 pos=-3,-3
[JuiceRect] input hwnd=0x10048 dpi=96/1 raw=96/1 win=0,0,112,27 client=0,0,112,27 visible=0,0,112,27
[JuiceRect] mapped hwnd=0x10048 win=0,0,112,27 client=0,0,112,27 visible=0,0,112,27
[JuiceGeom] changed hwnd=0x10048 flags=14 ptr=0x10010f620 window=0,0,112,27 client=0,0,112,27 visible=0,0,112,27 surface=0x0 shown=0
[JuiceRect] input hwnd=0x10048 dpi=96/1 raw=96/1 win=0,0,112,27 client=3,22,109,24 visible=0,0,112,27
[JuiceRect] mapped hwnd=0x10048 win=0,0,112,27 client=3,22,109,24 visible=0,0,112,27
[JuiceGeom] changed hwnd=0x10048 flags=10 ptr=0x10010f620 window=0,0,112,27 client=3,22,109,24 visible=0,0,112,27 surface=0x0 shown=0
[JuiceDriver] create-enter hwnd=0x10048
[JuiceDriver] create-success hwnd=0x10048
[JuiceStage] init_syscall_frame entered; entry=0x2d6ab5380 arg=0xa52460 teb=0x7ffdc000 data=0x100330000 frame=0x10043fb00 stack_base=0xf00000 stack_limit=0xe08000
[JuiceStage] calling signal_set_full_context; ctx=0xeffc70 target_pc=0x2d79b92a0 target_sp=0xf00000 target_x18=0x7ffdc000 LdrInitializeThunk=0x2d79b92c0 RtlUserThreadStart=0x2d79b92a0
[JuiceStage] signal_set_full_context returned; status=00000000 frame_pc=0x2d79b92a0 frame_sp=0xf00000 frame_x18=0x7ffdc000 restore=00400007
[JuiceStage] init_syscall_frame complete; dispatcher_pc=0x2d79b92c0 user_sp=0xeffc70 x16=0x2d79b92c0 x17=0xeffc70 x18=0x7ffdc000 restore=00400007
[JuiceGeom] surface hwnd=0x10020 rect=0,0,1024,768 size=1024x768 previous=0x100a64d30
[JuiceRect] input hwnd=0x10020 dpi=96/1 raw=96/1 win=0,0,1024,768 client=0,0,1024,768 visible=0,0,1024,768
[JuiceRect] mapped hwnd=0x10020 win=0,0,1024,768 client=0,0,1024,768 visible=0,0,1024,768
[JuiceGeom] changed hwnd=0x10020 flags=8000181b ptr=0x10010f750 window=0,0,1024,768 client=0,0,1024,768 visible=0,0,1024,768 surface=0x100a64d30 shown=1
[JuiceX18] broad #1 pc=0x104e4d6d0 fault=0x378 instr=f901be41 x8=0x2d727c084 x16=0x1fb288050 x17=0x10010e106 x18=0x0 teb=0x7ffe8000
[JuiceHybrid] open name=/private/var/containers/Bundle/Application/124F0A70-2EFF-40C7-B2F9-D71B571C9E11/Juice.app/Grape-X64/build/wine-ios/dlls/wineios.drv/i386-windows/wineios.drv machine=0000 status=c0000135
[JuiceHybrid] open name=/private/var/containers/Bundle/Application/124F0A70-2EFF-40C7-B2F9-D71B571C9E11/Juice.app/Grape-X64/build/wine-ios/programs/wineios.drv/i386-windows/wineios.drv machine=0000 status=c0000135
[JuiceHybrid] open name=/private/var/containers/Bundle/Application/124F0A70-2EFF-40C7-B2F9-D71B571C9E11/Juice.app/Grape-X64/runtime/lib/wine/i386-windows/wineios.drv machine=0000 status=00000000
[JuiceWine] host-page expanding executable section .text: section=0x791d1000 mapping=0x791d0000 size=16384
[JuiceWine] anonymous PE executable section .text at 0x791d0000 size=16384
[JuiceHybrid] map name=/private/var/containers/Bundle/Application/124F0A70-2EFF-40C7-B2F9-D71B571C9E11/Juice.app/Grape-X64/runtime/lib/wine/i386-windows/wineios.drv status=00000000 module=0x791d0000 size=d000
[JuiceInput] display socket disabled: JUICE_IOS_SOCKET is unset
[JuiceDriver] ios init set driver create=0x80838e78 client_surface=0x808399fc size=1216
[JuiceDriver] install prev=0x80c3d3a8 lazy=0x80c3d3a8 null=0x80c69f10 candidate=0x11000f600 create=0x80838e78 installed=1
[JuiceHybrid] open name=/private/var/containers/Bundle/Application/124F0A70-2EFF-40C7-B2F9-D71B571C9E11/Juice.app/Grape-X64/build/wine-ios/dlls/uxtheme/i386-windows/uxtheme.dll machine=0000 status=c0000135
[JuiceHybrid] open name=/private/var/containers/Bundle/Application/124F0A70-2EFF-40C7-B2F9-D71B571C9E11/Juice.app/Grape-X64/build/wine-ios/programs/uxtheme.dll/i386-windows/uxtheme.dll machine=0000 status=c0000135
[JuiceHybrid] open name=/private/var/containers/Bundle/Application/124F0A70-2EFF-40C7-B2F9-D71B571C9E11/Juice.app/Grape-X64/runtime/lib/wine/i386-windows/uxtheme.dll machine=0000 status=00000000
[JuiceWine] host-page expanding executable section .text: section=0x79151000 mapping=0x79150000 size=81920
[JuiceWine] anonymous PE executable section .text at 0x79150000 size=81920
[JuiceHybrid] map name=/private/var/containers/Bundle/Application/124F0A70-2EFF-40C7-B2F9-D71B571C9E11/Juice.app/Grape-X64/runtime/lib/wine/i386-windows/uxtheme.dll status=00000000 module=0x79150000 size=6c000
[JuiceStage] native segv #1; signal=10 code=1 pc=0x2ca0cc094 lr=0x2ca0cc094 sp=0x10020f130 x8=0x10000 x16=0x2d727c084 x17=0x10020efe0 x18=0x7ffe8000 addr=0x2ca0cc094 esr=0000000082000007 ec=20 teb=0x7ffe8000 frame=0x10010fcd0
[JuiceStage] native regs x0=0x0 x1=0x4 x2=0x120a8 x3=0x7ffe8000 x4=0x10010ee70 x5=0x10010f2d0 x6=0x10010f2dc x7=0x12fea0 x9=0x2d7818380 x10=0x10000 x11=0xffffffff x12=0x0 x13=0x0 x14=0x0 x15=0x0
[JuiceFEX] execute fault pc=0x2ca0cc094 addr=0x2ca0cc094 state_rip=0x7ae30e1c state_rsp=0x12f848 x8=0x10000 x9=0x2d7818380 x19=0x10020f350 x20=0x10000 x21=0x7b5bd361 x22=0x1 x23=0x31 x24=0x2d7ab2000 x25=0x2cc71fbf0 x26=0x12f860 x27=0x12f854 x28=0x114001140 base=0x2cc620000 entry=0x0/0x0
[JuiceFEX] recovered retired JIT target host=0x2ca0cc094 guest=0x7ae30e1c checkpoint_rsp=0x12f848 dispatcher=0x2d7240034
[JuiceCreate] ex=00000000 class=0x10020ee60 version=0x0 name=0x10020ee40 style=00ca0000 x=-2147483648 y=0 cx=400 cy=129 parent=0x0 menu=0x0 classinst=0x400000 params=0x0 flags=00000000 inst=0x400000 classptr=0x6e7d94 ansi=0
[JuiceMonitor] callee hwnd=0x0 hmon=0x1 info=0x10010fa00 monitor=0,0,1024,768 work=0,0,1024,768 flags=00000001
[JuiceMonitor] caller hwnd=0x0 monitor=0,0,1024,768 work=0,0,1024,768 flags=00000001
[JuiceMonitor] callee hwnd=0x10052 hmon=0x1 info=0x10010f720 monitor=0,0,1024,768 work=0,0,1024,768 flags=00000001
[JuiceMinMax] hwnd=0x10052 min=112,27 maxtrack=1036,780 max=1030,774 pos=-3,-3
[JuiceRect] input hwnd=0x10052 dpi=0/0 raw=96/1 win=0,0,400,129 client=0,0,400,129 visible=0,0,400,129
[JuiceRect] mapped hwnd=0x10052 win=0,0,400,129 client=0,0,400,129 visible=0,0,400,129
[JuiceGeom] changed hwnd=0x10052 flags=3c ptr=0x10010f620 window=0,0,400,129 client=0,0,400,129 visible=0,0,400,129 surface=0x80c4c4f0 shown=0
[JuiceCreate] ex=00000000 class=0x10010f590 version=0x0 name=0x10010f580 style=8c000000 x=0 y=0 cx=1 cy=1 parent=0x0 menu=0x0 classinst=0x0 params=0x0 flags=00000000 inst=0x0 classptr=0x0 ansi=0
[JuiceRect] input hwnd=0x1005a dpi=0/0 raw=96/1 win=0,0,1,1 client=0,0,1,1 visible=0,0,1,1
[JuiceRect] mapped hwnd=0x1005a win=0,0,1,1 client=0,0,1,1 visible=0,0,1,1
[JuiceGeom] changed hwnd=0x1005a flags=3c ptr=0x10010eed0 window=0,0,1,1 client=0,0,1,1 visible=0,0,1,1 surface=0x80c4c4f0 shown=0
[JuiceRect] input hwnd=0x1005a dpi=0/0 raw=96/1 win=0,0,1,1 client=0,0,1,1 visible=0,0,1,1
[JuiceRect] mapped hwnd=0x1005a win=0,0,1,1 client=0,0,1,1 visible=0,0,1,1
[JuiceGeom] changed hwnd=0x1005a flags=18 ptr=0x10010eed0 window=0,0,1,1 client=0,0,1,1 visible=0,0,1,1 surface=0x80c4c4f0 shown=0
[JuiceDriver] create-enter hwnd=0x1005a
[JuiceDriver] create-success hwnd=0x1005a
[JuiceRect] input hwnd=0x10052 dpi=0/0 raw=96/1 win=0,0,400,129 client=3,22,397,126 visible=0,0,400,129
[JuiceRect] mapped hwnd=0x10052 win=0,0,400,129 client=3,22,397,126 visible=0,0,400,129
[JuiceGeom] changed hwnd=0x10052 flags=18 ptr=0x10010f620 window=0,0,400,129 client=3,22,397,126 visible=0,0,400,129 surface=0x80c4c4f0 shown=0
[JuiceDriver] create-enter hwnd=0x10052
[JuiceDriver] create-success hwnd=0x10052
[JuiceCreate] ex=00000020 class=0x10020ee60 version=0x0 name=0x10020ee40 style=50000000 x=15 y=15 cx=365 cy=25 parent=0x10052 menu=0x0 classinst=0x400000 params=0x0 flags=00000000 inst=0x400000 classptr=0x6e7e74 ansi=0
[JuiceRect] input hwnd=0x1005c dpi=0/0 raw=96/1 win=15,15,380,40 client=15,15,380,40 visible=15,15,380,40
[JuiceRect] mapped hwnd=0x1005c win=15,15,380,40 client=15,15,380,40 visible=15,15,380,40
[JuiceGeom] changed hwnd=0x1005c flags=14 ptr=0x10010f620 window=15,15,380,40 client=15,15,380,40 visible=15,15,380,40 surface=0x0 shown=0
[JuiceRect] input hwnd=0x1005c dpi=0/0 raw=96/1 win=15,15,380,40 client=15,15,380,40 visible=15,15,380,40
[JuiceRect] mapped hwnd=0x1005c win=15,15,380,40 client=15,15,380,40 visible=15,15,380,40
[JuiceGeom] changed hwnd=0x1005c flags=10 ptr=0x10010f620 window=15,15,380,40 client=15,15,380,40 visible=15,15,380,40 surface=0x0 shown=0
[JuiceDriver] create-enter hwnd=0x1005c
[JuiceDriver] create-success hwnd=0x1005c
[JuiceRect] input hwnd=0x1005c dpi=0/0 raw=96/1 win=15,15,380,40 client=15,15,380,40 visible=15,15,380,40
[JuiceRect] mapped hwnd=0x1005c win=15,15,380,40 client=15,15,380,40 visible=15,15,380,40
[JuiceGeom] changed hwnd=0x1005c flags=181f ptr=0x10010f3f0 window=15,15,380,40 client=15,15,380,40 visible=15,15,380,40 surface=0x0 shown=0
[JuiceRect] input hwnd=0x10052 dpi=0/0 raw=96/1 win=0,0,400,129 client=3,22,397,126 visible=0,0,400,129
[JuiceRect] mapped hwnd=0x10052 win=0,0,400,129 client=3,22,397,126 visible=0,0,400,129
[JuiceGeom] changed hwnd=0x10052 flags=181f ptr=0x10010f590 window=0,0,400,129 client=3,22,397,126 visible=0,0,400,129 surface=0x80c4c4f0 shown=0
[JuiceCreate] ex=00000000 class=0x10020ee60 version=0x0 name=0x10020ee40 style=50000000 x=305 y=64 cx=75 cy=25 parent=0x10052 menu=0x0 classinst=0x400000 params=0x0 flags=00000000 inst=0x400000 classptr=0x6e7e84 ansi=0
[JuiceRect] input hwnd=0x1005e dpi=0/0 raw=96/1 win=305,64,380,89 client=305,64,380,89 visible=305,64,380,89
[JuiceRect] mapped hwnd=0x1005e win=305,64,380,89 client=305,64,380,89 visible=305,64,380,89
[JuiceGeom] changed hwnd=0x1005e flags=14 ptr=0x10010f620 window=305,64,380,89 client=305,64,380,89 visible=305,64,380,89 surface=0x0 shown=0
[JuiceRect] input hwnd=0x1005e dpi=0/0 raw=96/1 win=305,64,380,89 client=305,64,380,89 visible=305,64,380,89
[JuiceRect] mapped hwnd=0x1005e win=305,64,380,89 client=305,64,380,89 visible=305,64,380,89
[JuiceGeom] changed hwnd=0x1005e flags=10 ptr=0x10010f620 window=305,64,380,89 client=305,64,380,89 visible=305,64,380,89 surface=0x0 shown=0
[JuiceDriver] create-enter hwnd=0x1005e
[JuiceDriver] create-success hwnd=0x1005e
[JuiceRect] input hwnd=0x1005e dpi=0/0 raw=96/1 win=305,64,380,89 client=305,64,380,89 visible=305,64,380,89
[JuiceRect] mapped hwnd=0x1005e win=305,64,380,89 client=305,64,380,89 visible=305,64,380,89
[JuiceGeom] changed hwnd=0x1005e flags=181f ptr=0x10010f3f0 window=305,64,380,89 client=305,64,380,89 visible=305,64,380,89 surface=0x0 shown=0
[JuiceRect] input hwnd=0x10052 dpi=0/0 raw=96/1 win=0,0,400,129 client=3,22,397,126 visible=0,0,400,129
[JuiceRect] mapped hwnd=0x10052 win=0,0,400,129 client=3,22,397,126 visible=0,0,400,129
[JuiceGeom] changed hwnd=0x10052 flags=181f ptr=0x10010f590 window=0,0,400,129 client=3,22,397,126 visible=0,0,400,129 surface=0x80c4c4f0 shown=0
[JuiceCreate] ex=00000000 class=0x10020ee60 version=0x0 name=0x10020ee40 style=50000000 x=15 y=40 cx=365 cy=14 parent=0x10052 menu=0x0 classinst=0x400000 params=0x0 flags=00000000 inst=0x400000 classptr=0x6e7e94 ansi=0
[JuiceRect] input hwnd=0x10060 dpi=0/0 raw=96/1 win=15,40,380,54 client=15,40,380,54 visible=15,40,380,54
[JuiceRect] mapped hwnd=0x10060 win=15,40,380,54 client=15,40,380,54 visible=15,40,380,54
[JuiceGeom] changed hwnd=0x10060 flags=14 ptr=0x10010f620 window=15,40,380,54 client=15,40,380,54 visible=15,40,380,54 surface=0x0 shown=0
[JuiceRect] input hwnd=0x10060 dpi=0/0 raw=96/1 win=15,40,380,54 client=15,40,380,54 visible=15,40,380,54
[JuiceRect] mapped hwnd=0x10060 win=15,40,380,54 client=15,40,380,54 visible=15,40,380,54
[JuiceGeom] changed hwnd=0x10060 flags=10 ptr=0x10010f620 window=15,40,380,54 client=15,40,380,54 visible=15,40,380,54 surface=0x0 shown=0
[JuiceRect] input hwnd=0x10060 dpi=0/0 raw=96/1 win=15,40,380,54 client=16,41,379,53 visible=15,40,380,54
[JuiceRect] mapped hwnd=0x10060 win=15,40,380,54 client=16,41,379,53 visible=15,40,380,54
[JuiceGeom] changed hwnd=0x10060 flags=3f ptr=0x10010e830 window=15,40,380,54 client=16,41,379,53 visible=15,40,380,54 surface=0x0 shown=0
[JuiceDriver] create-enter hwnd=0x10060
[JuiceDriver] create-success hwnd=0x10060
[JuiceRect] input hwnd=0x10060 dpi=0/0 raw=96/1 win=15,40,380,54 client=16,41,379,53 visible=15,40,380,54
[JuiceRect] mapped hwnd=0x10060 win=15,40,380,54 client=16,41,379,53 visible=15,40,380,54
[JuiceGeom] changed hwnd=0x10060 flags=181f ptr=0x10010f3f0 window=15,40,380,54 client=16,41,379,53 visible=15,40,380,54 surface=0x0 shown=0
[JuiceRect] input hwnd=0x10052 dpi=0/0 raw=96/1 win=0,0,400,129 client=3,22,397,126 visible=0,0,400,129
[JuiceRect] mapped hwnd=0x10052 win=0,0,400,129 client=3,22,397,126 visible=0,0,400,129
[JuiceGeom] changed hwnd=0x10052 flags=181f ptr=0x10010f590 window=0,0,400,129 client=3,22,397,126 visible=0,0,400,129 surface=0x80c4c4f0 shown=0
[JuiceCreate] ex=00000020 class=0x10020ee60 version=0x0 name=0x10020ee40 style=50000000 x=15 y=64 cx=270 cy=25 parent=0x10052 menu=0x0 classinst=0x400000 params=0x0 flags=00000000 inst=0x400000 classptr=0x6e7e74 ansi=0
[JuiceRect] input hwnd=0x10062 dpi=0/0 raw=96/1 win=15,64,285,89 client=15,64,285,89 visible=15,64,285,89
[JuiceRect] mapped hwnd=0x10062 win=15,64,285,89 client=15,64,285,89 visible=15,64,285,89
[JuiceGeom] changed hwnd=0x10062 flags=14 ptr=0x10010f620 window=15,64,285,89 client=15,64,285,89 visible=15,64,285,89 surface=0x0 shown=0
[JuiceRect] input hwnd=0x10062 dpi=0/0 raw=96/1 win=15,64,285,89 client=15,64,285,89 visible=15,64,285,89
[JuiceRect] mapped hwnd=0x10062 win=15,64,285,89 client=15,64,285,89 visible=15,64,285,89
[JuiceGeom] changed hwnd=0x10062 flags=10 ptr=0x10010f620 window=15,64,285,89 client=15,64,285,89 visible=15,64,285,89 surface=0x0 shown=0
[JuiceDriver] create-enter hwnd=0x10062
[JuiceDriver] create-success hwnd=0x10062
[JuiceRect] input hwnd=0x10062 dpi=0/0 raw=96/1 win=15,64,285,89 client=15,64,285,89 visible=15,64,285,89
[JuiceRect] mapped hwnd=0x10062 win=15,64,285,89 client=15,64,285,89 visible=15,64,285,89
[JuiceGeom] changed hwnd=0x10062 flags=181f ptr=0x10010f3f0 window=15,64,285,89 client=15,64,285,89 visible=15,64,285,89 surface=0x0 shown=0
[JuiceRect] input hwnd=0x10052 dpi=0/0 raw=96/1 win=0,0,400,129 client=3,22,397,126 visible=0,0,400,129
[JuiceRect] mapped hwnd=0x10052 win=0,0,400,129 client=3,22,397,126 visible=0,0,400,129
[JuiceGeom] changed hwnd=0x10052 flags=181f ptr=0x10010f590 window=0,0,400,129 client=3,22,397,126 visible=0,0,400,129 surface=0x80c4c4f0 shown=0
[JuiceStage] init_syscall_frame entered; entry=0x53cee0 arg=0xf44928 teb=0x7ffe4000 data=0x100540000 frame=0x10064fb00 stack_base=0x10074fd20 stack_limit=0x100658000
[JuiceStage] calling signal_set_full_context; ctx=0x10074f990 target_pc=0x2d79b92a0 target_sp=0x10074fd20 target_x18=0x7ffe4000 LdrInitializeThunk=0x2d79b92c0 RtlUserThreadStart=0x2d79b92a0
[JuiceStage] signal_set_full_context returned; status=00000000 frame_pc=0x2d79b92a0 frame_sp=0x10074fd20 frame_x18=0x7ffe4000 restore=00400007
[JuiceStage] init_syscall_frame complete; dispatcher_pc=0x2d79b92c0 user_sp=0x10074f990 x16=0x2d79b92c0 x17=0x10074f990 x18=0x7ffe4000 restore=00400007
[JuiceWine] redirected KUSER_SHARED_DATA fault addr=0x7ffe0320 pc=0x2c8a5c028 to 0x17ffe0000
[JuiceHybrid] open name=/private/var/containers/Bundle/Application/124F0A70-2EFF-40C7-B2F9-D71B571C9E11/Juice.app/Grape-X64/build/wine-ios/dlls/winhttp/i386-windows/winhttp.dll machine=0000 status=c0000135
[JuiceHybrid] open name=/private/var/containers/Bundle/Application/124F0A70-2EFF-40C7-B2F9-D71B571C9E11/Juice.app/Grape-X64/build/wine-ios/programs/winhttp.dll/i386-windows/winhttp.dll machine=0000 status=c0000135
[JuiceHybrid] open name=/private/var/containers/Bundle/Application/124F0A70-2EFF-40C7-B2F9-D71B571C9E11/Juice.app/Grape-X64/runtime/lib/wine/i386-windows/winhttp.dll machine=0000 status=00000000
[JuiceLowVA] MAP_FIXED failed count=1 start=0x790e0000 size=0xd4000 prot=7 errno=12
[JuiceWine] host-page expanding executable section .text: section=0x7fe81000 mapping=0x7fe80000 size=131072
[JuiceWine] anonymous PE executable section .text at 0x7fe80000 size=131072
[JuiceHybrid] map name=/private/var/containers/Bundle/Application/124F0A70-2EFF-40C7-B2F9-D71B571C9E11/Juice.app/Grape-X64/runtime/lib/wine/i386-windows/winhttp.dll status=40000003 module=0x7fe80000 size=d2000
[JuiceHybrid] open name=/private/var/containers/Bundle/Application/124F0A70-2EFF-40C7-B2F9-D71B571C9E11/Juice.app/Grape-X64/build/wine-ios/dlls/jsproxy/i386-windows/jsproxy.dll machine=0000 status=c0000135
[JuiceHybrid] open name=/private/var/containers/Bundle/Application/124F0A70-2EFF-40C7-B2F9-D71B571C9E11/Juice.app/Grape-X64/build/wine-ios/programs/jsproxy.dll/i386-windows/jsproxy.dll machine=0000 status=c0000135
[JuiceHybrid] open name=/private/var/containers/Bundle/Application/124F0A70-2EFF-40C7-B2F9-D71B571C9E11/Juice.app/Grape-X64/runtime/lib/wine/i386-windows/jsproxy.dll machine=0000 status=00000000
[JuiceWine] host-page expanding executable section .text: section=0x79081000 mapping=0x79080000 size=16384
[JuiceWine] anonymous PE executable section .text at 0x79080000 size=16384
[JuiceHybrid] map name=/private/var/containers/Bundle/Application/124F0A70-2EFF-40C7-B2F9-D71B571C9E11/Juice.app/Grape-X64/runtime/lib/wine/i386-windows/jsproxy.dll status=00000000 module=0x79080000 size=42000
[JuiceStage] init_syscall_frame entered; entry=0x53cee0 arg=0xf44b88 teb=0x7ffe0000 data=0x100b00000 frame=0x100c0fb00 stack_base=0x100d0fd20 stack_limit=0x100c18000
[JuiceStage] calling signal_set_full_context; ctx=0x100d0f990 target_pc=0x2d79b92a0 target_sp=0x100d0fd20 target_x18=0x7ffe0000 LdrInitializeThunk=0x2d79b92c0 RtlUserThreadStart=0x2d79b92a0
[JuiceStage] signal_set_full_context returned; status=00000000 frame_pc=0x2d79b92a0 frame_sp=0x100d0fd20 frame_x18=0x7ffe0000 restore=00400007
[JuiceStage] init_syscall_frame complete; dispatcher_pc=0x2d79b92c0 user_sp=0x100d0f990 x16=0x2d79b92c0 x17=0x100d0f990 x18=0x7ffe0000 restore=00400007
[JuiceStage] init_syscall_frame entered; entry=0x7bdea470 arg=0xf52a40 teb=0x7ffdc000 data=0x100d10000 frame=0x100e1fb00 stack_base=0x100f1fd20 stack_limit=0x100e28000
[JuiceStage] calling signal_set_full_context; ctx=0x100f1f990 target_pc=0x2d79b92a0 target_sp=0x100f1fd20 target_x18=0x7ffdc000 LdrInitializeThunk=0x2d79b92c0 RtlUserThreadStart=0x2d79b92a0
[JuiceStage] signal_set_full_context returned; status=00000000 frame_pc=0x2d79b92a0 frame_sp=0x100f1fd20 frame_x18=0x7ffdc000 restore=00400007
[JuiceStage] init_syscall_frame complete; dispatcher_pc=0x2d79b92c0 user_sp=0x100f1f990 x16=0x2d79b92c0 x17=0x100f1f990 x18=0x7ffdc000 restore=00400007
[JuiceGeom] surface hwnd=0x10052 rect=0,0,512,256 size=512x256 previous=0x80c4c4f0
[JuiceRect] input hwnd=0x10052 dpi=0/0 raw=96/1 win=312,319,712,448 client=315,341,709,445 visible=312,319,712,448
[JuiceRect] mapped hwnd=0x10052 win=312,319,712,448 client=315,341,709,445 visible=312,319,712,448
[JuiceGeom] changed hwnd=0x10052 flags=4965 ptr=0x10010f820 window=312,319,712,448 client=315,341,709,445 visible=312,319,712,448 surface=0x10fda2900 shown=1
[JuiceCreate] ex=00000000 class=0x10020cbc0 version=0x0 name=0x10020cba0 style=00000000 x=0 y=0 cx=0 cy=0 parent=0xfffffffffffffffd menu=0x0 classinst=0x79ec0000 params=0x0 flags=00000000 inst=0x79ec0000 classptr=0x79ee7598 ansi=0
[JuiceMonitor] callee hwnd=0x10064 hmon=0x1 info=0x10010d8e0 monitor=0,0,1024,768 work=0,0,1024,768 flags=00000001
[JuiceMinMax] hwnd=0x10064 min=112,27 maxtrack=1036,780 max=106,106 pos=-3,-3
[JuiceRect] input hwnd=0x10064 dpi=0/0 raw=96/1 win=0,0,112,27 client=0,0,112,27 visible=0,0,112,27
[JuiceRect] mapped hwnd=0x10064 win=0,0,112,27 client=0,0,112,27 visible=0,0,112,27
[JuiceGeom] changed hwnd=0x10064 flags=14 ptr=0x10010d7e0 window=0,0,112,27 client=0,0,112,27 visible=0,0,112,27 surface=0x0 shown=0
[JuiceRect] input hwnd=0x10064 dpi=0/0 raw=96/1 win=0,0,112,27 client=3,22,109,24 visible=0,0,112,27
[JuiceRect] mapped hwnd=0x10064 win=0,0,112,27 client=3,22,109,24 visible=0,0,112,27
[JuiceGeom] changed hwnd=0x10064 flags=10 ptr=0x10010d7e0 window=0,0,112,27 client=3,22,109,24 visible=0,0,112,27 surface=0x0 shown=0
[JuiceDriver] create-enter hwnd=0x10064
[JuiceDriver] create-success hwnd=0x10064
[JuiceCreate] ex=00000080 class=0x10020b860 version=0x0 name=0x10020b840 style=80000000 x=0 y=0 cx=1 cy=1 parent=0x1005a menu=0x0 classinst=0x791f0000 params=0x0 flags=00000000 inst=0x791f0000 classptr=0xf0e620 ansi=0
[JuiceRect] input hwnd=0x1006a dpi=0/0 raw=96/1 win=0,0,1,1 client=0,0,1,1 visible=0,0,1,1
[JuiceRect] mapped hwnd=0x1006a win=0,0,1,1 client=0,0,1,1 visible=0,0,1,1
[JuiceGeom] changed hwnd=0x1006a flags=3c ptr=0x10010cab0 window=0,0,1,1 client=0,0,1,1 visible=0,0,1,1 surface=0x80c4c4f0 shown=0
[JuiceRect] input hwnd=0x1006a dpi=0/0 raw=96/1 win=0,0,1,1 client=0,0,1,1 visible=0,0,1,1
[JuiceRect] mapped hwnd=0x1006a win=0,0,1,1 client=0,0,1,1 visible=0,0,1,1
[JuiceGeom] changed hwnd=0x1006a flags=18 ptr=0x10010cab0 window=0,0,1,1 client=0,0,1,1 visible=0,0,1,1 surface=0x80c4c4f0 shown=0
[JuiceDriver] create-enter hwnd=0x1006a
[JuiceDriver] create-success hwnd=0x1006a
[JuiceRect] input hwnd=0x1006a dpi=0/0 raw=96/1 win=0,0,1,1 client=0,0,1,1 visible=0,0,1,1
[JuiceRect] mapped hwnd=0x1006a win=0,0,1,1 client=0,0,1,1 visible=0,0,1,1
[JuiceGeom] changed hwnd=0x1006a flags=181b ptr=0x10010ccb0 window=0,0,1,1 client=0,0,1,1 visible=0,0,1,1 surface=0x80c4c4f0 shown=0
[JuiceMonitor] callee hwnd=0x10052 hmon=0x1 info=0x10010f630 monitor=0,0,1024,768 work=0,0,1024,768 flags=00000001
[JuiceHybrid] open name=/private/var/containers/Bundle/Application/124F0A70-2EFF-40C7-B2F9-D71B571C9E11/Juice.app/Grape-X64/build/wine-ios/dlls/rsaenh/i386-windows/rsaenh.dll machine=0000 status=c0000135
[JuiceHybrid] open name=/private/var/containers/Bundle/Application/124F0A70-2EFF-40C7-B2F9-D71B571C9E11/Juice.app/Grape-X64/build/wine-ios/programs/rsaenh.dll/i386-windows/rsaenh.dll machine=0000 status=c0000135
[JuiceHybrid] open name=/private/var/containers/Bundle/Application/124F0A70-2EFF-40C7-B2F9-D71B571C9E11/Juice.app/Grape-X64/runtime/lib/wine/i386-windows/rsaenh.dll machine=0000 status=00000000
[JuiceWine] host-page expanding executable section .text: section=0x78f71000 mapping=0x78f70000 size=229376
[JuiceWine] anonymous PE executable section .text at 0x78f70000 size=229376
[JuiceHybrid] map name=/private/var/containers/Bundle/Application/124F0A70-2EFF-40C7-B2F9-D71B571C9E11/Juice.app/Grape-X64/runtime/lib/wine/i386-windows/rsaenh.dll status=00000000 module=0x78f70000 size=fe000
[JuiceHybrid] open name=/private/var/containers/Bundle/Application/124F0A70-2EFF-40C7-B2F9-D71B571C9E11/Juice.app/Grape-X64/build/wine-ios/dlls/rsaenh/i386-windows/rsaenh.dll machine=0000 status=c0000135
[JuiceHybrid] open name=/private/var/containers/Bundle/Application/124F0A70-2EFF-40C7-B2F9-D71B571C9E11/Juice.app/Grape-X64/build/wine-ios/programs/rsaenh.dll/i386-windows/rsaenh.dll machine=0000 status=c0000135
[JuiceHybrid] open name=/private/var/containers/Bundle/Application/124F0A70-2EFF-40C7-B2F9-D71B571C9E11/Juice.app/Grape-X64/runtime/lib/wine/i386-windows/rsaenh.dll machine=0000 status=00000000
[JuiceLowVA] MAP_FIXED failed count=2 start=0x78f70000 size=0x100000 prot=7 errno=12
[JuiceWine] host-page expanding executable section .text: section=0x7fd81000 mapping=0x7fd80000 size=229376
[JuiceWine] anonymous PE executable section .text at 0x7fd80000 size=229376
[JuiceHybrid] map name=/private/var/containers/Bundle/Application/124F0A70-2EFF-40C7-B2F9-D71B571C9E11/Juice.app/Grape-X64/runtime/lib/wine/i386-windows/rsaenh.dll status=40000003 module=0x7fd80000 size=fe000
[JuiceHybrid] open name=/private/var/containers/Bundle/Application/124F0A70-2EFF-40C7-B2F9-D71B571C9E11/Juice.app/Grape-X64/build/wine-ios/dlls/cryptnet/i386-windows/cryptnet.dll machine=0000 status=c0000135
[JuiceHybrid] open name=/private/var/containers/Bundle/Application/124F0A70-2EFF-40C7-B2F9-D71B571C9E11/Juice.app/Grape-X64/build/wine-ios/programs/cryptnet.dll/i386-windows/cryptnet.dll machine=0000 status=c0000135
[JuiceHybrid] open name=/private/var/containers/Bundle/Application/124F0A70-2EFF-40C7-B2F9-D71B571C9E11/Juice.app/Grape-X64/runtime/lib/wine/i386-windows/cryptnet.dll machine=0000 status=00000000
[JuiceWine] host-page expanding executable section .text: section=0x78f31000 mapping=0x78f30000 size=32768
[JuiceWine] anonymous PE executable section .text at 0x78f30000 size=32768
[JuiceHybrid] map name=/private/var/containers/Bundle/Application/124F0A70-2EFF-40C7-B2F9-D71B571C9E11/Juice.app/Grape-X64/runtime/lib/wine/i386-windows/cryptnet.dll status=00000000 module=0x78f30000 size=2c000
[JuiceHybrid] open name=/private/var/containers/Bundle/Application/124F0A70-2EFF-40C7-B2F9-D71B571C9E11/Juice.app/Grape-X64/build/wine-ios/dlls/cryptnet/i386-windows/cryptnet.dll machine=0000 status=c0000135
[JuiceHybrid] open name=/private/var/containers/Bundle/Application/124F0A70-2EFF-40C7-B2F9-D71B571C9E11/Juice.app/Grape-X64/build/wine-ios/programs/cryptnet.dll/i386-windows/cryptnet.dll machine=0000 status=c0000135
[JuiceHybrid] open name=/private/var/containers/Bundle/Application/124F0A70-2EFF-40C7-B2F9-D71B571C9E11/Juice.app/Grape-X64/runtime/lib/wine/i386-windows/cryptnet.dll machine=0000 status=00000000
[JuiceLowVA] MAP_FIXED failed count=3 start=0x78f30000 size=0x2c000 prot=7 errno=12
[JuiceWine] host-page expanding executable section .text: section=0x7fd51000 mapping=0x7fd50000 size=32768
[JuiceWine] anonymous PE executable section .text at 0x7fd50000 size=32768
[JuiceHybrid] map name=/private/var/containers/Bundle/Application/124F0A70-2EFF-40C7-B2F9-D71B571C9E11/Juice.app/Grape-X64/runtime/lib/wine/i386-windows/cryptnet.dll status=40000003 module=0x7fd50000 size=2c000
[JuiceHybrid] open name=/private/var/containers/Bundle/Application/124F0A70-2EFF-40C7-B2F9-D71B571C9E11/Juice.app/Grape-X64/build/wine-ios/dlls/cryptnet/i386-windows/cryptnet.dll machine=0000 status=c0000135
[JuiceHybrid] open name=/private/var/containers/Bundle/Application/124F0A70-2EFF-40C7-B2F9-D71B571C9E11/Juice.app/Grape-X64/build/wine-ios/programs/cryptnet.dll/i386-windows/cryptnet.dll machine=0000 status=c0000135
[JuiceHybrid] open name=/private/var/containers/Bundle/Application/124F0A70-2EFF-40C7-B2F9-D71B571C9E11/Juice.app/Grape-X64/runtime/lib/wine/i386-windows/cryptnet.dll machine=0000 status=00000000
[JuiceLowVA] MAP_FIXED failed count=4 start=0x78f30000 size=0x2c000 prot=7 errno=12
[JuiceVM] preserved live native mapping candidate=0x7fd50000-0x7fd7c000 cursor=0x7fd58000 region=0x7fd7c000-0x7fd80000 prot=0 status=0
[JuiceWine] host-page expanding executable section .text: section=0xfffc1000 mapping=0xfffc0000 size=32768
[JuiceWine] anonymous PE executable section .text at 0xfffc0000 size=32768
[JuiceHybrid] map name=/private/var/containers/Bundle/Application/124F0A70-2EFF-40C7-B2F9-D71B571C9E11/Juice.app/Grape-X64/runtime/lib/wine/i386-windows/cryptnet.dll status=40000003 module=0xfffc0000 size=2c000
[2026-08-24 15:44:09] Startup - updater built May 20 2024 14:26:54
[2026-08-24 15:44:09] Startup - Steam Client launched with: "C:\Program Files\Steam\Steam.exe"
Looks like steam didn't shutdown cleanly, scheduling immediate update check
[2026-08-24 15:44:09] Failed to load cached hosts file (File 'update_hosts_cached.vdf' not found), using defaults
[2026-08-24 15:44:09] Using the following download hosts for Public, Realm steamglobal
[2026-08-24 15:44:09] 1. https://cdn.steamstatic.com, /client/, Realm 'steamglobal', weight was 1, source = 'baked in'
[2026-08-24 15:44:09] Checking for update on startup
[2026-08-24 15:44:09] Checking for available updates...
[2026-08-24 15:44:09] Downloading manifest: https://cdn.steamstatic.com/client/steam_client_win32
[2026-08-24 15:44:09] Manifest download: send request
[2026-08-24 15:44:10] Manifest download: waiting for download to finish
[2026-08-24 15:44:13] Manifest download: finished
[2026-08-24 15:44:13] Downloaded new manifest: /client/steam_client_win32 version 1769731672, installed version 0, existing pending version 0
[2026-08-24 15:44:13] Package file tenfoot_images_all.zip.vz.193cb8c4eb4446698ea2c0a9e8c4e6b6a623dac7_5572671 missing or incorrect size
[2026-08-24 15:44:13] Package file steamui_websrc_all.zip.vz.3454fedc48870f10019f5c5707aa34b9445f8fce_25053126 missing or incorrect size
[2026-08-24 15:44:13] Package file resources_misc_all.zip.vz.e86a975545f3ab21a77373870cb311ef93934b8c_2224876 missing or incorrect size
[2026-08-24 15:44:13] Package file resources_hidpi_all.zip.vz.3de815c3117712cb9eeb7ea4c8b275faf481dcfd_56342 missing or incorrect size
[2026-08-24 15:44:13] Package file resources_all.zip.vz.3c8b3203e5c69d75ea0684c2409b86fe4d0d6f83_2856188 missing or incorrect size
[2026-08-24 15:44:13] Package file strings_en_all.zip.8eef428d222948911a09e2ceb6e5e8a7225b3447 missing or incorrect size
[2026-08-24 15:44:13] Package file strings_all.zip.vz.c8734726f00a425eca473282cbd933f4c0f13a00_2015332 missing or incorrect size
[2026-08-24 15:44:13] Package file public_all.zip.vz.48a9a991c3ce62641e0705c48fd483b4587d09cc_23753492 missing or incorrect size
[2026-08-24 15:44:13] Package file bins_hardware_all.zip.vz.306ae066fe4956d11ac55b1ef54f2decf827df44_268398 missing or incorrect size
[2026-08-24 15:44:13] Package file steamui_websrc_sounds_all.zip.vz.5ba6acd8f4dfe4b93437895b20344fab5bb3ff96_3714779 missing or incorrect size
[2026-08-24 15:44:13] Package file steamui_websrc_movies_all.zip.f556f4b9c7e087e07c0fef2da2b1d9f27f734cff missing or incorrect size
[2026-08-24 15:44:13] Package file bins_codecs_win32.zip.vz.d9d8ef26467ee44cc445b1d78216580fdc6b2c84_6136735 missing or incorrect size
[2026-08-24 15:44:13] Package file bins_misc_win32.zip.vz.825801daade33a37975c094c79ce2958eb41fd6a_11881906 missing or incorrect size
[2026-08-24 15:44:13] Package file bins_hardware_win32.zip.5761afacd4ecada95f3b6c780bd881b46edb2f34 missing or incorrect size
[2026-08-24 15:44:13] Package file bins_win32.zip.vz.9e2e9a682812cea461b510de33ccbe43ebe31067_31353717 missing or incorrect size
[2026-08-24 15:44:13] Package file steam_win32_steamrow.zip.vz.bbc936b85d699fd5a58f846502da312446c5c690_1884139 missing or incorrect size
[2026-08-24 15:44:13] Package file bins_win64_win32.zip.vz.f1e8aff3b2a8672382ad817491e7dd633eefcb4d_5004865 missing or incorrect size
[2026-08-24 15:44:13] Package file bins_cef_win32_win7-64.zip.vz.cd0b352c7e651dd695c51a894a3973eb2efbee4b_105972111 missing or incorrect size
[2026-08-24 15:44:13] Package file bins_cef_win32.zip.vz.32d0a9a814380018608194e469177baf04817232_94381050 missing or incorrect size
[2026-08-24 15:44:13] Package file bins_webhelpers_win32_win7-64.zip.vz.36920971a7f411394bb3e017c6df811f0fd4dabd_3585052 missing or incorrect size
[2026-08-24 15:44:13] Package file bins_webhelpers_win32.zip.vz.76c4f0a47d1e916c4f714185e19a63cd5d3c08f0_2173983 missing or incorrect size
[2026-08-24 15:44:13] Add pending download: https://cdn.steamstatic.com/client/tenfoot_images_all.zip.vz.193cb8c4eb4446698ea2c0a9e8c4e6b6a623dac7_5572671
[2026-08-24 15:44:13] Manifest download[JuiceX18] broad #2 pc=0x2d79b9110 fault=0x60 instr=f9403243 x8=0x10010f4c0 x16=0x1fb288050 x17=0x2 x18=0x0 teb=0x7ffe8000
[JuiceHybrid] open name=/private/var/containers/Bundle/Application/124F0A70-2EFF-40C7-B2F9-D71B571C9E11/Juice.app/Grape-X64/build/wine-ios/dlls/cryptnet/i386-windows/cryptnet.dll machine=0000 status=c0000135
[JuiceHybrid] open name=/private/var/containers/Bundle/Application/124F0A70-2EFF-40C7-B2F9-D71B571C9E11/Juice.app/Grape-X64/build/wine-ios/programs/cryptnet.dll/i386-windows/cryptnet.dll machine=0000 status=c0000135
[JuiceHybrid] open name=/private/var/containers/Bundle/Application/124F0A70-2EFF-40C7-B2F9-D71B571C9E11/Juice.app/Grape-X64/runtime/lib/wine/i386-windows/cryptnet.dll machine=0000 status=00000000
[JuiceLowVA] MAP_FIXED failed count=5 start=0x78f30000 size=0x2c000 prot=7 errno=12
[JuiceVM] preserved live native mapping candidate=0x7fd50000-0x7fd7c000 cursor=0x7fd58000 region=0x7fd7c000-0x7fd80000 prot=0 status=0
[JuiceLowVA] MAP_FIXED failed count=6 start=0xfffc0000 size=0x2c000 prot=7 errno=12
[JuiceWine] host-page expanding executable section .text: section=0xffeb1000 mapping=0xffeb0000 size=32768
[JuiceWine] anonymous PE executable section .text at 0xffeb0000 size=32768
[JuiceHybrid] map name=/private/var/containers/Bundle/Application/124F0A70-2EFF-40C7-B2F9-D71B571C9E11/Juice.app/Grape-X64/runtime/lib/wine/i386-windows/cryptnet.dll status=40000003 module=0xffeb0000 size=2c000
[JuiceHybrid] open name=/private/var/containers/Bundle/Application/124F0A70-2EFF-40C7-B2F9-D71B571C9E11/Juice.app/Grape-X64/build/wine-ios/dlls/cryptnet/i386-windows/cryptnet.dll machine=0000 status=c0000135
[JuiceHybrid] open name=/private/var/containers/Bundle/Application/124F0A70-2EFF-40C7-B2F9-D71B571C9E11/Juice.app/Grape-X64/build/wine-ios/programs/cryptnet.dll/i386-windows/cryptnet.dll machine=0000 status=c0000135
[JuiceHybrid] open name=/private/var/containers/Bundle/Application/124F0A70-2EFF-40C7-B2F9-D71B571C9E11/Juice.app/Grape-X64/runtime/lib/wine/i386-windows/cryptnet.dll machine=0000 status=00000000
[JuiceLowVA] MAP_FIXED failed count=7 start=0x78f30000 size=0x2c000 prot=7 errno=12
[JuiceVM] preserved live native mapping candidate=0x7fd50000-0x7fd7c000 cursor=0x7fd58000 region=0x7fd7c000-0x7fd80000 prot=0 status=0
[JuiceLowVA] MAP_FIXED failed count=8 start=0xfffc0000 size=0x2c000 prot=7 errno=12
[JuiceLowVA] MAP_FIXED failed count=9 start=0xffeb0000 size=0x2c000 prot=7 errno=12
[JuiceLowVA] MAP_FIXED failed count=10 start=0x7fd50000 size=0x2c000 prot=7 errno=12
[JuiceWine] host-page expanding executable section .text: section=0x791a1000 mapping=0x791a0000 size=32768
[JuiceWine] anonymous PE executable section .text at 0x791a0000 size=32768
[JuiceHybrid] map name=/private/var/containers/Bundle/Application/124F0A70-2EFF-40C7-B2F9-D71B571C9E11/Juice.app/Grape-X64/runtime/lib/wine/i386-windows/cryptnet.dll status=40000003 module=0x791a0000 size=2c000
[JuiceHybrid] open name=/private/var/containers/Bundle/Application/124F0A70-2EFF-40C7-B2F9-D71B571C9E11/Juice.app/Grape-X64/build/wine-ios/dlls/cryptnet/i386-windows/cryptnet.dll machine=0000 status=c0000135
[JuiceHybrid] open name=/private/var/containers/Bundle/Application/124F0A70-2EFF-40C7-B2F9-D71B571C9E11/Juice.app/Grape-X64/build/wine-ios/programs/cryptnet.dll/i386-windows/cryptnet.dll machine=0000 status=c0000135
[JuiceHybrid] open name=/private/var/containers/Bundle/Application/124F0A70-2EFF-40C7-B2F9-D71B571C9E11/Juice.app/Grape-X64/runtime/lib/wine/i386-windows/cryptnet.dll machine=0000 status=00000000
[JuiceLowVA] MAP_FIXED failed count=11 start=0x78f30000 size=0x2c000 prot=7 errno=12
[JuiceVM] preserved live native mapping candidate=0x7fd50000-0x7fd7c000 cursor=0x7fd58000 region=0x7fd7c000-0x7fd80000 prot=0 status=0
[JuiceLowVA] MAP_FIXED failed count=12 start=0xfffc0000 size=0x2c000 prot=7 errno=12
[JuiceLowVA] MAP_FIXED failed count=13 start=0xffeb0000 size=0x2c000 prot=7 errno=12
[JuiceLowVA] MAP_FIXED failed count=14 start=0x7fd50000 size=0x2c000 prot=7 errno=12
[JuiceLowVA] MAP_FIXED failed count=15 start=0x791a0000 size=0x2c000 prot=7 errno=12
[JuiceWine] host-page expanding executable section .text: section=0x79051000 mapping=0x79050000 size=32768
[JuiceWine] anonymous PE executable section .text at 0x79050000 size=32768
[JuiceHybrid] map name=/private/var/containers/Bundle/Application/124F0A70-2EFF-40C7-B2F9-D71B571C9E11/Juice.app/Grape-X64/runtime/lib/wine/i386-windows/cryptnet.dll status=40000003 module=0x79050000 size=2c000
[JuiceHybrid] open name=/private/var/containers/Bundle/Application/124F0A70-2EFF-40C7-B2F9-D71B571C9E11/Juice.app/Grape-X64/build/wine-ios/dlls/cryptnet/i386-windows/cryptnet.dll machine=0000 status=c0000135
[JuiceHybrid] open name=/private/var/containers/Bundle/Application/124F0A70-2EFF-40C7-B2F9-D71B571C9E11/Juice.app/Grape-X64/build/wine-ios/programs/cryptnet.dll/i386-windows/cryptnet.dll machine=0000 status=c0000135
[JuiceHybrid] open name=/private/var/containers/Bundle/Application/124F0A70-2EFF-40C7-B2F9-D71B571C9E11/Juice.app/Grape-X64/runtime/lib/wine/i386-windows/cryptnet.dll machine=0000 status=00000000
[JuiceLowVA] MAP_FIXED failed count=16 start=0x78f30000 size=0x2c000 prot=7 errno=12
[JuiceVM] preserved live native mapping candidate=0x7fd50000-0x7fd7c000 cursor=0x7fd58000 region=0x7fd7c000-0x7fd80000 prot=0 status=0
[JuiceLowVA] MAP_FIXED failed count=17 start=0xfffc0000 size=0x2c000 prot=7 errno=12
[JuiceLowVA] MAP_FIXED failed count=18 start=0xffeb0000 size=0x2c000 prot=7 errno=12
[JuiceLowVA] MAP_FIXED failed count=19 start=0x7fd50000 size=0x2c000 prot=7 errno=12
[JuiceLowVA] MAP_FIXED failed count=20 start=0x791a0000 size=0x2c000 prot=7 errno=12
[JuiceLowVA] MAP_FIXED failed count=21 start=0x79050000 size=0x2c000 prot=7 errno=12
[JuiceVM] preserved live native mapping candidate=0x7fd50000-0x7fd7c000 cursor=0x7fd58000 region=0x7fd7c000-0x7fd80000 prot=0 status=0
[JuiceWine] host-page expanding executable section .text: section=0xfffd1000 mapping=0xfffd0000 size=32768
[JuiceWine] anonymous PE executable section .text at 0xfffd0000 size=32768
[JuiceHybrid] map name=/private/var/containers/Bundle/Application/124F0A70-2EFF-40C7-B2F9-D71B571C9E11/Juice.app/Grape-X64/runtime/lib/wine/i386-windows/cryptnet.dll status=40000003 module=0xfffd0000 size=2c000
[JuiceHybrid] open name=/private/var/containers/Bundle/Application/124F0A70-2EFF-40C7-B2F9-D71B571C9E11/Juice.app/Grape-X64/build/wine-ios/dlls/cryptnet/i386-windows/cryptnet.dll machine=0000 status=c0000135
[JuiceHybrid] open name=/private/var/containers/Bundle/Application/124F0A70-2EFF-40C7-B2F9-D71B571C9E11/Juice.app/Grape-X64/build/wine-ios/programs/cryptnet.dll/i386-windows/cryptnet.dll machine=0000 status=c0000135
[JuiceHybrid] open name=/private/var/containers/Bundle/Application/124F0A70-2EFF-40C7-B2F9-D71B571C9E11/Juice.app/Grape-X64/runtime/lib/wine/i386-windows/cryptnet.dll machine=0000 status=00000000
[JuiceLowVA] MAP_FIXED failed count=22 start=0x78f30000 size=0x2c000 prot=7 errno=12
[JuiceVM] preserved live native mapping candidate=0x7fd50000-0x7fd7c000 cursor=0x7fd58000 region=0x7fd7c000-0x7fd80000 prot=0 status=0
[JuiceLowVA] MAP_FIXED failed count=23 start=0xfffc0000 size=0x2c000 prot=7 errno=12
[JuiceLowVA] MAP_FIXED failed count=24 start=0xffeb0000 size=0x2c000 prot=7 errno=12
[JuiceLowVA] MAP_FIXED failed count=25 start=0x7fd50000 size=0x2c000 prot=7 errno=12
[JuiceLowVA] MAP_FIXED failed count=26 start=0x791a0000 size=0x2c000 prot=7 errno=12
[JuiceLowVA] MAP_FIXED failed count=27 start=0x79050000 size=0x2c000 prot=7 errno=12
[JuiceVM] preserved live native mapping candidate=0x7fd50000-0x7fd7c000 cursor=0x7fd58000 region=0x7fd7c000-0x7fd80000 prot=0 status=0
[JuiceLowVA] MAP_FIXED failed count=28 start=0xfffd0000 size=0x2c000 prot=7 errno=12
[JuiceLowVA] MAP_FIXED failed count=29 start=0xffeb0000 size=0x2c000 prot=7 errno=12
[JuiceLowVA] MAP_FIXED failed count=30 start=0x7fd50000 size=0x2c000 prot=7 errno=12
[JuiceLowVA] MAP_FIXED failed count=31 start=0x791a0000 size=0x2c000 prot=7 errno=12
[JuiceLowVA] MAP_FIXED failed count=32 start=0x79050000 size=0x2c000 prot=7 errno=12
[JuiceHybrid] map name=/private/var/containers/Bundle/Application/124F0A70-2EFF-40C7-B2F9-D71B571C9E11/Juice.app/Grape-X64/runtime/lib/wine/i386-windows/cryptnet.dll status=c0000017 module=0x0 size=0
[JuiceHybrid] open name=/private/var/containers/Bundle/Application/124F0A70-2EFF-40C7-B2F9-D71B571C9E11/Juice.app/Grape-X64/build/wine-ios/dlls/cryptnet/i386-windows/cryptnet.dll machine=0000 status=c0000135
[JuiceHybrid] open name=/private/var/containers/Bundle/Application/124F0A70-2EFF-40C7-B2F9-D71B571C9E11/Juice.app/Grape-X64/build/wine-ios/programs/cryptnet.dll/i386-windows/cryptnet.dll machine=0000 status=c0000135
[JuiceHybrid] open name=/private/var/containers/Bundle/Application/124F0A70-2EFF-40C7-B2F9-D71B571C9E11/Juice.app/Grape-X64/runtime/lib/wine/i386-windows/cryptnet.dll machine=0000 status=00000000
[JuiceLowVA] suppressing repeated MAP_FIXED failures; sampling every 256 probes
[JuiceVM] preserved live native mapping candidate=0x7fd50000-0x7fd7c000 cursor=0x7fd58000 region=0x7fd7c000-0x7fd80000 prot=0 status=0
[JuiceVM] preserved live native mapping candidate=0x7fd50000-0x7fd7c000 cursor=0x7fd58000 region=0x7fd7c000-0x7fd80000 prot=0 status=0
[JuiceHybrid] map name=/private/var/containers/Bundle/Application/124F0A70-2EFF-40C7-B2F9-D71B571C9E11/Juice.app/Grape-X64/runtime/lib/wine/i386-windows/cryptnet.dll status=c0000017 module=0x0 size=0
: send request
[2026-08-24 15:44:13] Add pending download: https://cdn.steamstatic.com/client/steamui_websrc_all.zip.vz.3454fedc48870f10019f5c5707aa34b9445f8fce_25053126
[2026-08-24 15:44:13] Manifest download: send request
[2026-08-24 15:44:13] Add pending download: https://cdn.steamstatic.com/client/resources_misc_all.zip.vz.e86a975545f3ab21a77373870cb311ef93934b8c_2224876
[2026-08-24 15:44:13] Manifest download: send request
[2026-08-24 15:44:13] Add pending download: https://cdn.steamstatic.com/client/resources_hidpi_all.zip.vz.3de815c3117712cb9eeb7ea4c8b275faf481dcfd_56342
[2026-08-24 15:44:13] Manifest download: send request
[2026-08-24 15:44:13] Add pending download: https://cdn.steamstatic.com/client/resources_all.zip.vz.3c8b3203e5c69d75ea0684c2409b86fe4d0d6f83_2856188
[2026-08-24 15:44:13] Manifest download: send request
[2026-08-24 15:44:13] Add pending download: https://cdn.steamstatic.com/client/strings_en_all.zip.8eef428d222948911a09e2ceb6e5e8a7225b3447
[2026-08-24 15:44:13] Manifest download: send request
[2026-08-24 15:44:13] Add pending download: https://cdn.steamstatic.com/client/strings_all.zip.vz.c8734726f00a425eca473282cbd933f4c0f13a00_2015332
[2026-08-24 15:44:13] Manifest download: send request
[2026-08-24 15:44:13] Add pending download: https://cdn.steamstatic.com/client/public_all.zip.vz.48a9a991c3ce62641e0705c48fd483b4587d09cc_23753492
[2026-08-24 15:44:13] Manifest download: send request
[2026-08-24 15:44:13] Add pending download: https://cdn.steamstatic.com/client/bins_hardware_all.zip.vz.306ae066fe4956d11ac55b1ef54f2decf827df44_268398
[2026-08-24 15:44:13] Manifest download: send request
[2026-08-24 15:44:13] Add pending download: https://cdn.steamstatic.com/client/steamui_websrc_sounds_all.zip.vz.5ba6acd8f4dfe4b93437895b20344fab5bb3ff96_3714779
[2026-08-24 15:44:13] Manifest download: send request
[2026-08-24 15:44:13] Add pending download: https://cdn.steamstatic.com/client/steamui_websrc_movies_all.zip.f556f4b9c7e087e07c0fef2da2b1d9f27f734cff
[2026-08-24 15:44:13] Manifest download: send request
[2026-08-24 15:44:13] Add pending download: https://cdn.steamstatic.com/client/bins_codecs_win32.zip.vz.d9d8ef26467ee44cc445b1d78216580fdc6b2c84_6136735
[2026-08-24 15:44:13] Manifest download: send request
[2026-08-24 15:44:13] Add pending download: https://cdn.steamstatic.com/client/bins_misc_win32.zip.vz.825801daade33a37975c094c79ce2958eb41fd6a_11881906
[2026-08-24 15:44:13] Manifest download: send request
[2026-08-24 15:44:13] Add pending download: https://cdn.steamstatic.com/client/bins_hardware_win32.zip.5761afacd4ecada95f3b6c780bd881b46edb2f34
[2026-08-24 15:44:13] Manifest download: send request
[2026-08-24 15:44:13] Add pending download: https://cdn.steamstatic.com/client/bins_win32.zip.vz.9e2e9a682812cea461b510de33ccbe43ebe31067_31353717
[2026-08-24 15:44:13] Manifest download: send request
[2026-08-24 15:44:13] Add pending download: https://cdn.steamstatic.com/client/steam_win32_steamrow.zip.vz.bbc936b85d699fd5a58f846502da312446c5c690_1884139
[2026-08-24 15:44:13] Manifest download: send request
[2026-08-24 15:44:13] Add pending download: https://cdn.steamstatic.com/client/bins_win64_win32.zip.vz.f1e8aff3b2a8672382ad817491e7dd633eefcb4d_5004865
[2026-08-24 15:44:13] Manifest download: send request
[2026-08-24 15:44:13] Add pending download: https://cdn.steamstatic.com/client/bins_cef_win32_win7-64.zip.vz.cd0b352c7e651dd695c51a894a3973eb2efbee4b_105972111
[2026-08-24 15:44:13] Manifest download: send request
[2026-08-24 15:44:13] Add pending download: https://cdn.steamstatic.com/client/bins_cef_win32.zip.vz.32d0a9a814380018608194e469177baf04817232_94381050
[2026-08-24 15:44:13] Manifest download: send request
[2026-08-24 15:44:13] Add pending download: https://cdn.steamstatic.com/client/bins_webhelpers_win32_win7-64.zip.vz.36920971a7f411394bb3e017c6df811f0fd4dabd_3585052
[2026-08-24 15:44:13] Manifest download: send request
[2026-08-24 15:44:13] Add pending download: https://cdn.steamstatic.com/client/bins_webhelpers_win32.zip.vz.76c4f0a47d1e916c4f714185e19a63cd5d3c08f0_2173983
[2026-08-24[JuiceStage] native segv #2; signal=10 code=1 pc=0x2d74c5a60 lr=0x2d75673c0 sp=0x100d0f290 x8=0x2b94e0000 x16=0x2d79b79e4 x17=0x100d0f1f0 x18=0x7ffe0000 addr=0x2b96d7b08 esr=0000000092000007 ec=24 teb=0x7ffe0000 frame=0x100c0fb00
[JuiceStage] native regs x0=0x144010080 x1=0x13c001000 x2=0x53f7b0 x3=0xfffffc088 x4=0x1 x5=0x0 x6=0x4 x7=0x1 x9=0x1f7b0 x10=0x0 x11=0xf14100 x12=0x16e3600 x13=0x2ce3c x14=0x53fb10 x15=0x2d76323d4
[JuiceX18] broad #3 pc=0x104e4d934 fault=0x378 instr=f941be4a x8=0x5a x16=0x104e4d820 x17=0x10074f130 x18=0x0 teb=0x7ffe4000
[JuiceStage] native segv #3; signal=10 code=1 pc=0x2d74c5a60 lr=0x2d75673c0 sp=0x100d0f290 x8=0x2b94e0000 x16=0x2d79b79e4 x17=0x100d0f1f0 x18=0x7ffe0000 addr=0x2b96d7b08 esr=0000000092000007 ec=24 teb=0x7ffe0000 frame=0x100c0fb00
[JuiceStage] native regs x0=0x144010080 x1=0x13c001000 x2=0x53f7b0 x3=0xfffffc088 x4=0x1 x5=0x0 x6=0x4 x7=0x1 x9=0x1f7b0 x10=0x0 x11=0xf14100 x12=0x16e3600 x13=0x35f9fc x14=0x53fb10 x15=0x2d76323d4
[JuiceX18] broad #4 pc=0x104e4d934 fault=0x378 instr=f941be4a x8=0x5a x16=0x104e4d820 x17=0x10074f1f0 x18=0x0 teb=0x7ffe4000
[JuiceX18] broad #5 pc=0x104e4d934 fault=0x378 instr=f941be4a x8=0x15d8 x16=0x104e4d820 x17=0x10020f010 x18=0x0 teb=0x7ffe8000
[JuiceX18] broad #6 pc=0x104e4d934 fault=0x378 instr=f941be4a x8=0x31 x16=0x104e4d820 x17=0x10020f010 x18=0x0 teb=0x7ffe8000
[JuiceStage] native segv #4; signal=10 code=1 pc=0x2d74c5a60 lr=0x2d75673c0 sp=0x100d0f290 x8=0x2b94e0000 x16=0x2d79b79e4 x17=0x100d0f1f0 x18=0x7ffe0000 addr=0x2b96d7b08 esr=0000000092000007 ec=24 teb=0x7ffe0000 frame=0x100c0fb00
[JuiceStage] native regs x0=0x144010080 x1=0x13c001000 x2=0x53f7b0 x3=0xfffffc088 x4=0x1 x5=0xffffffff x6=0x4 x7=0x0 x9=0x1f7b0 x10=0x0 x11=0x1422238 x12=0x16e3600 x13=0x762af1 x14=0x53fb10 x15=0x2d76323d4
 15:44:13] Manifest download: send request
[2026-08-24 15:44:13] Downloading update (476 of 336,229 KB)...
[2026-08-24 15:44:14] Downloading update (729 of 336,229 KB)...
[2026-08-24 15:44:14] Downloading update (1,097 of 336,229 KB)...
[2026-08-24 15:44:14] Downloading update (1,305 of 336,229 KB)...
[2026-08-24 15:44:14] Downloading update (1,577 of 336,229 KB)...
[2026-08-24 15:44:15] Downloading update (1,833 of 336,229 KB)...
[2026-08-24 15:44:15] Downloading update (2,153 of 336,229 KB)...
[2026-08-24 15:44:15] Downloading update (2,521 of 336,229 KB)...
[2026-08-24 15:44:15] Downloading update (2,793 of 336,229 KB)...
[2026-08-24 15:44:16] Downloading update (3,049 of 336,229 KB)...
[2026-08-24 15:44:16] Downloading update (3,305 of 336,229 KB)...
[2026-08-24 15:44:16] Downloading update (3,465 of 336,229 KB)...
[2026-08-24 15:44:16] Downloading update (3,641 of 336,229 KB)...
[2026-08-24 15:44:17] Downloading update (3,817 of 336,229 KB)...
[2026-08-24 15:44:17] Downloading update (4,009 of 336,229 KB)...
[2026-08-24 15:44:17] Downloading update (4,201 of 336,229 KB)...
[2026-08-24 15:44:17] Downloading update (4,377 of 336,229 KB)...
[2026-08-24 15:44:18] Downloading update (4,601 of 336,229 KB)...
[2026-08-24 15:44:18] Downloading update (4,793 of 336,229 KB)...
[2026-08-24 15:44:18] Downloading update (4,969 of 336,229 KB)...
[2026-08-24 15:44:18] Downloading update (5,241 of 336,229 KB)...
[2026-08-24 15:44:19] Downloading update (5,545 of 336,229 KB)...
[2026-08-24 15:44:19] Downloading update (5,849 of 336,229 KB)...
[2026-08-24 15:44:19] Downloading update (6,185 of 336,229 KB)...
[2026-08-24 15:44:20] Downloading update (6,489 of 336,229 KB)...
[2026-08-24 15:44:20] Downloading update (6,729 of 336,229 KB)...
[2026-08-24 15:44:20] Downloading update (6,969 of 336,229 KB)...
[2026-08-24 15:44:20] Downloading update (7,161 of 336,229 KB)...
[2026-08-24 15:44:21] Downloading update (7,417 of 336,229 KB)...
[2026-08-24 15:44:21] Downloading update (7,625 of 336,229 KB)...
[2026-08-24 15:44:21] Downloading update (7,897 of 336,229 KB)...
[2026-08-24 15:44:21] Downloading update (8,216 of 336,229 KB)...
[2026-08-24 15:44:22] Downloading update (8,408 of 336,229 KB)...
[2026-08-24 15:44:22] Downloading update (8,616 of 336,229 KB)...
[2026-08-24 15:44:22] Downloading update (8,776 of 336,229 KB)...
[2026-08-24 15:44:22] Downloading update (9,087 of 336,229 KB)...
[2026-08-24 15:44:23] Downloading update (9,407 of 336,229 KB)...
[2026-08-24 15:44:23] Downloading update (9,663 of 336,229 KB)...
[2026-08-24 15:44:23] Downloading update (9,903 of 336,229 KB)...
[2026-08-24 15:44:23] Downloading update (10,204 of 336,229 KB)...
[2026-08-24 15:44:24] Downloading update (10,396 of 336,229 KB)...
[2026-08-24 15:44:24] Downloading update (10,508 of 336,229 KB)...
[2026-08-24 15:44:24] Downloading update (10,572 of 336,229 KB)...
[2026-08-24 15:44:24] Downloading update (10,604 of 336,229 KB)...
[2026-08-24 15:44:25] Downloading update (10,876 of 336,229 KB)...
[2026-08-24 15:44:25] Downloading update (10,972 of 336,229 KB)...
[2026-08-24 15:44:26] Downloading update (11,196 of 336,229 KB)...
[2026-08-24 15:44:26] Downloading update (11,292 of 336,229 KB)...
[2026-08-24 15:44:26] Downloading update (11,404 of 336,229 KB)...
[2026-08-24 15:44:26] Downloading update (11,436 of 336,229 KB)...
[2026-08-24 15:44:27] Downloading update (11,948 of 336,229 KB)...
[2026-08-24 15:44:27] Downloading update (13,711 of 336,229 KB)...
[2026-08-24 15:44:27] Downloading update (14,287 of 336,229 KB)...
[2026-08-24 15:44:28] Downloading update (14,639 of 336,229 KB)...
[2026-08-24 15:44:28] Downloading update (14,911 of 336,229 KB)...
[2026-08-24 15:44:28] Downloading update (15,085 of 336,229 KB)...
[2026-08-24 15:44:28] Downloading update (15,341 of 336,229 KB)...
[2026-08-24 15:44:29] Downloading update (15,677 of 336,229 KB)...
[2026-08-24 15:44:29] Downloading update (16,013 of 336,229 KB)...
[2026-08-24 15:44:29] Downloading update (16,173 of 336,229 KB)...
[2026-08-24 15:44:29] Downloading update (16,333 of 336,229 KB)...
[2026-08-[JuiceStage] native segv #5; signal=10 code=1 pc=0x2d74c5a60 lr=0x2d75673c0 sp=0x100d0f290 x8=0x2b94e0000 x16=0x2d79b79e4 x17=0x100d0f1f0 x18=0x7ffe0000 addr=0x2b96d7b08 esr=0000000092000007 ec=24 teb=0x7ffe0000 frame=0x100c0fb00
[JuiceStage] native regs x0=0x144010080 x1=0x13c001000 x2=0x53f7b0 x3=0xfffffc088 x4=0x1 x5=0x0 x6=0x4 x7=0x1 x9=0x1f7b0 x10=0x0 x11=0xf14100 x12=0x16e3600 x13=0x7247ce x14=0x53fb10 x15=0x2d76323d4
[JuiceStage] native segv #6; signal=10 code=1 pc=0x2d74c5a60 lr=0x2d75673c0 sp=0x100d0f290 x8=0x2b94e0000 x16=0x2d79b79e4 x17=0x100d0f1f0 x18=0x7ffe0000 addr=0x2b96d7b08 esr=0000000092000007 ec=24 teb=0x7ffe0000 frame=0x100c0fb00
[JuiceStage] native regs x0=0x144010080 x1=0x13c001000 x2=0x53f7b0 x3=0xfffffc088 x4=0x1 x5=0x0 x6=0x4 x7=0x1 x9=0x1f7b0 x10=0x0 x11=0xf14100 x12=0x16e3600 x13=0x3111f0 x14=0x53fb10 x15=0x2d76323d4
[JuiceX18] broad #7 pc=0x104e4d934 fault=0x378 instr=f941be4a x8=0x31 x16=0x104e4d820 x17=0x10020f070 x18=0x0 teb=0x7ffe8000
[JuiceStage] native segv #7; signal=10 code=1 pc=0x2d74c5a60 lr=0x2d75673c0 sp=0x100d0f290 x8=0x2b94e0000 x16=0x2d79b79e4 x17=0x100d0f1f0 x18=0x7ffe0000 addr=0x2b96d7b08 esr=0000000092000007 ec=24 teb=0x7ffe0000 frame=0x100c0fb00
[JuiceStage] native regs x0=0x144010080 x1=0x13c001000 x2=0x53f7b0 x3=0xfffffc088 x4=0x1 x5=0x0 x6=0x4 x7=0x1 x9=0x1f7b0 x10=0x0 x11=0xf14100 x12=0x16e3600 x13=0x77f8c6 x14=0x53fb10 x15=0x2d76323d4
[JuiceStage] native segv #8; signal=10 code=1 pc=0x2d74c5a60 lr=0x2d75673c0 sp=0x100d0f290 x8=0x2b94e0000 x16=0x2d79b79e4 x17=0x100d0f1f0 x18=0x7ffe0000 addr=0x2b96d7b08 esr=0000000092000007 ec=24 teb=0x7ffe0000 frame=0x100c0fb00
[JuiceStage] native regs x0=0x144010080 x1=0x13c001000 x2=0x53f7b0 x3=0xfffffc088 x4=0x1 x5=0x0 x6=0x4 x7=0x1 x9=0x1f7b0 x10=0x0 x11=0xf14100 x12=0x16e3600 x13=0x276001 x14=0x53fb10 x15=0x2d76323d4
24 15:44:30] Downloading update (16,573 of 336,229 KB)...
[2026-08-24 15:44:30] Downloading update (16,765 of 336,229 KB)...
[2026-08-24 15:44:30] Downloading update (16,845 of 336,229 KB)...
[2026-08-24 15:44:31] Downloading update (17,709 of 336,229 KB)...
[2026-08-24 15:44:31] Downloading update (18,205 of 336,229 KB)...
[2026-08-24 15:44:32] Downloading update (18,509 of 336,229 KB)...
[2026-08-24 15:44:32] Downloading update (18,749 of 336,229 KB)...
[2026-08-24 15:44:32] Downloading update (18,957 of 336,229 KB)...
[2026-08-24 15:44:32] Downloading update (19,245 of 336,229 KB)...
[2026-08-24 15:44:33] Downloading update (19,461 of 336,229 KB)...
[2026-08-24 15:44:33] Downloading update (19,733 of 336,229 KB)...
[2026-08-24 15:44:33] Downloading update (19,909 of 336,229 KB)...
[2026-08-24 15:44:33] Downloading update (20,161 of 336,229 KB)...
[2026-08-24 15:44:34] Downloading update (20,467 of 336,229 KB)...
[2026-08-24 15:44:34] Downloading update (20,627 of 336,229 KB)...
[2026-08-24 15:44:34] Downloading update (20,739 of 336,229 KB)...
[2026-08-24 15:44:35] Downloading update (20,865 of 336,229 KB)...
[2026-08-24 15:44:35] Downloading update (21,185 of 336,229 KB)...
[2026-08-24 15:44:35] Downloading update (21,369 of 336,229 KB)...
[2026-08-24 15:44:35] Downloading update (21,801 of 336,229 KB)...
[2026-08-24 15:44:36] Downloading update (22,134 of 336,229 KB)...
[2026-08-24 15:44:36] Downloading update (22,486 of 336,229 KB)...
[2026-08-24 15:44:36] Downloading update (22,662 of 336,229 KB)...
[2026-08-24 15:44:36] Downloading update (22,822 of 336,229 KB)...
[2026-08-24 15:44:37] Downloading update (23,046 of 336,229 KB)...
[2026-08-24 15:44:37] Downloading update (23,206 of 336,229 KB)...
[2026-08-24 15:44:37] Downloading update (23,382 of 336,229 KB)...
[2026-08-24 15:44:37] Downloading update (23,846 of 336,229 KB)...
[2026-08-24 15:44:38] Downloading update (24,198 of 336,229 KB)...
[2026-08-24 15:44:38] Downloading update (24,550 of 336,229 KB)...
[2026-08-24 15:44:38] Downloading update (24,790 of 336,229 KB)...
[2026-08-24 15:44:38] Downloading update (25,190 of 336,229 KB)...
[2026-08-24 15:44:39] Downloading update (25,590 of 336,229 KB)...
[2026-08-24 15:44:39] Downloading update (26,150 of 336,229 KB)...
[2026-08-24 15:44:39] Downloading update (26,582 of 336,229 KB)...
[2026-08-24 15:44:39] Downloading update (26,918 of 336,229 KB)...
[2026-08-24 15:44:40] Downloading update (27,318 of 336,229 KB)...
[2026-08-24 15:44:40] Downloading update (27,558 of 336,229 KB)...
[2026-08-24 15:44:40] Downloading update (27,718 of 336,229 KB)...
[2026-08-24 15:44:40] Downloading update (27,910 of 336,229 KB)...
[2026-08-24 15:44:41] Downloading update (28,054 of 336,229 KB)...
[2026-08-24 15:44:41] Downloading update (28,198 of 336,229 KB)...
[2026-08-24 15:44:41] Downloading update (28,342 of 336,229 KB)...
[2026-08-24 15:44:41] Downloading update (28,454 of 336,229 KB)...
[2026-08-24 15:44:42] Downloading update (29,030 of 336,229 KB)...
[2026-08-24 15:44:42] Downloading update (29,206 of 336,229 KB)...
[2026-08-24 15:44:42] Downloading update (29,398 of 336,229 KB)...
[2026-08-24 15:44:42] Downloading update (29,702 of 336,229 KB)...
[2026-08-24 15:44:43] Downloading update (29,942 of 336,229 KB)...
[2026-08-24 15:44:43] Downloading update (30,166 of 336,229 KB)...
[2026-08-24 15:44:43] Downloading update (30,406 of 336,229 KB)...
[2026-08-24 15:44:43] Downloading update (30,646 of 336,229 KB)...
[2026-08-24 15:44:44] Downloading update (30,822 of 336,229 KB)...
[2026-08-24 15:44:44] Downloading update (31,046 of 336,229 KB)...
[2026-08-24 15:44:44] Downloading update (31,190 of 336,229 KB)...
[2026-08-24 15:44:44] Downloading update (31,430 of 336,229 KB)...
[2026-08-24 15:44:45] Downloading update (31,558 of 336,229 KB)...
[2026-08-24 15:44:45] Downloading update (31,782 of 336,229 KB)...
[2026-08-24 15:44:45] Downloading update (32,310 of 336,229 KB)...
[2026-08-24 15:44:46] Downloading update (32,550 of 336,229 KB)...
[2026-08-24 15:44:46] Downloading update (32,742 of 336,229 KB)...
[2026-08-24 15:44:[JuiceStage] native segv #9; signal=10 code=1 pc=0x2ab7bc3e8 lr=0x2d724010c sp=0x100d0f310 x8=0x11ef920 x16=0x2d79b79e4 x17=0x100d0f130 x18=0x7ffe0000 addr=0x2b08cfff0 esr=0000000092000047 ec=24 teb=0x7ffe0000 frame=0x100c0fb00
[JuiceStage] native regs x0=0x2ab7bc3f0 x1=0x14437bc x2=0x1 x3=0x1419a90 x4=0xef41b8 x5=0xf4e610 x6=0x11ef960 x7=0x10773 x9=0x11ef958 x10=0x10772 x11=0x11ef9c4 x12=0x14437c0 x13=0x11ef9c4 x14=0x1 x15=0x2d76323d4
[JuiceStage] native segv #10; signal=10 code=1 pc=0x2d74c5a60 lr=0x2d75673c0 sp=0x100d0f290 x8=0x2b94e0000 x16=0x2d79b79e4 x17=0x100d0f1f0 x18=0x7ffe0000 addr=0x2b96d7b08 esr=0000000092000007 ec=24 teb=0x7ffe0000 frame=0x100c0fb00
[JuiceStage] native regs x0=0x144010080 x1=0x13c001000 x2=0x53f7b0 x3=0xfffffc088 x4=0x1 x5=0x0 x6=0x4 x7=0x1 x9=0x1f7b0 x10=0x0 x11=0xf14100 x12=0x16e3600 x13=0x1756 x14=0x53fb10 x15=0x2d76323d4
[JuiceX18] broad #8 pc=0x104e4d934 fault=0x378 instr=f941be4a x8=0xd x16=0x104e4d820 x17=0x300 x18=0x0 teb=0x7ffe8000
[JuiceX18] broad #9 pc=0x104e4d934 fault=0x378 instr=f941be4a x8=0x126c x16=0x104e4d820 x17=0x10020e0a0 x18=0x0 teb=0x7ffe8000
[JuiceX18] broad #10 pc=0x104e4d934 fault=0x378 instr=f941be4a x8=0x10 x16=0x104e4d820 x17=0x10020d3e0 x18=0x0 teb=0x7ffe8000
[JuiceStage] native segv #11; signal=10 code=1 pc=0x2d74c5a60 lr=0x2d75673c0 sp=0x100d0f290 x8=0x2b94e0000 x16=0x2d79b79e4 x17=0x100d0f1f0 x18=0x7ffe0000 addr=0x2b96d7b08 esr=0000000092000007 ec=24 teb=0x7ffe0000 frame=0x100c0fb00
[JuiceStage] native regs x0=0x144010080 x1=0x13c001000 x2=0x53f7b0 x3=0xfffffc088 x4=0x1 x5=0x0 x6=0x4 x7=0x1 x9=0x1f7b0 x10=0x0 x11=0xf14100 x12=0x16e3600 x13=0x6e2676 x14=0x53fb10 x15=0x2d76323d4
[JuiceStage] native segv #12; signal=10 code=1 pc=0x2d74c5a60 lr=0x2d75673c0 sp=0x100d0f290 x8=0x2b94e0000 x16=0x2d79b79e4 x17=0x100d0f1f0 x18=0x7ffe0000 addr=0x2b96d7b08 esr=0000000092000007 ec=24 teb=0x7ffe0000 frame=0x100c0fb00
[JuiceStage] native regs x0=0x144010080 x1=0x13c001000 x2=0x53f7b0 x3=0xfffffc088 x4=0x1 x5=0x0 x6=0x4 x7=0x1 x9=0x1f7b0 x10=0x0 x11=0xf14100 x12=0x16e3600 x13=0x703e79 x14=0x53fb10 x15=0x2d76323d4
[JuiceX18] broad #11 pc=0x104e4d934 fault=0x378 instr=f941be4a x8=0x31 x16=0x104e4d820 x17=0x10020f010 x18=0x0 teb=0x7ffe8000
[JuiceX18] broad #12 pc=0x104e4d934 fault=0x378 instr=f941be4a x8=0x141b x16=0x104e4d820 x17=0x10020ef50 x18=0x0 teb=0x7ffe8000
46] Downloading update (32,950 of 336,229 KB)...
[2026-08-24 15:44:46] Downloading update (33,302 of 336,229 KB)...
[2026-08-24 15:44:47] Downloading update (33,621 of 336,229 KB)...
[2026-08-24 15:44:47] Downloading update (33,893 of 336,229 KB)...
[2026-08-24 15:44:47] Downloading update (34,101 of 336,229 KB)...
[2026-08-24 15:44:47] Downloading update (34,325 of 336,229 KB)...
[2026-08-24 15:44:48] Downloading update (34,565 of 336,229 KB)...
[2026-08-24 15:44:48] Downloading update (34,693 of 336,229 KB)...
[2026-08-24 15:44:48] Downloading update (34,741 of 336,229 KB)...
[2026-08-24 15:44:49] Downloading update (34,901 of 336,229 KB)...
[2026-08-24 15:44:49] Downloading update (35,189 of 336,229 KB)...
[2026-08-24 15:44:50] Downloading update (35,845 of 336,229 KB)...
[2026-08-24 15:44:50] Downloading update (36,213 of 336,229 KB)...
[2026-08-24 15:44:50] Downloading update (36,741 of 336,229 KB)...
[2026-08-24 15:44:50] Downloading update (36,901 of 336,229 KB)...
[2026-08-24 15:44:51] Downloading update (37,077 of 336,229 KB)...
[2026-08-24 15:44:51] Downloading update (37,253 of 336,229 KB)...
[2026-08-24 15:44:51] Downloading update (37,637 of 336,229 KB)...
[2026-08-24 15:44:52] Downloading update (37,909 of 336,229 KB)...
[2026-08-24 15:44:52] Downloading update (38,149 of 336,229 KB)...
[2026-08-24 15:44:52] Downloading update (38,245 of 336,229 KB)...
[2026-08-24 15:44:52] Downloading update (38,437 of 336,229 KB)...
[2026-08-24 15:44:53] Downloading update (38,661 of 336,229 KB)...
[2026-08-24 15:44:53] Downloading update (38,949 of 336,229 KB)...
[2026-08-24 15:44:53] Downloading update (39,221 of 336,229 KB)...
[2026-08-24 15:44:53] Downloading update (39,426 of 336,229 KB)...
[2026-08-24 15:44:54] Downloading update (39,698 of 336,229 KB)...
[2026-08-24 15:44:54] Downloading update (39,906 of 336,229 KB)...
[2026-08-24 15:44:54] Downloading update (40,236 of 336,229 KB)...
[2026-08-24 15:44:54] Downloading update (40,428 of 336,229 KB)...
[2026-08-24 15:44:55] Downloading update (40,668 of 336,229 KB)...
[2026-08-24 15:44:55] Downloading update (40,892 of 336,229 KB)...
[2026-08-24 15:44:55] Downloading update (41,142 of 336,229 KB)...
[2026-08-24 15:44:55] Downloading update (41,414 of 336,229 KB)...
[2026-08-24 15:44:56] Downloading update (41,686 of 336,229 KB)...
[2026-08-24 15:44:56] Downloading update (41,862 of 336,229 KB)...
[2026-08-24 15:44:56] Downloading update (42,095 of 336,229 KB)...
[2026-08-24 15:44:56] Downloading update (42,287 of 336,229 KB)...
[2026-08-24 15:44:57] Downloading update (42,527 of 336,229 KB)...
[2026-08-24 15:44:57] Downloading update (42,863 of 336,229 KB)...
[2026-08-24 15:44:57] Downloading update (43,257 of 336,229 KB)...
[2026-08-24 15:44:57] Downloading update (43,561 of 336,229 KB)...
[2026-08-24 15:44:58] Downloading update (43,923 of 336,229 KB)...
[2026-08-24 15:44:58] Downloading update (44,195 of 336,229 KB)...
[2026-08-24 15:44:58] Downloading update (44,627 of 336,229 KB)...
[2026-08-24 15:44:58] Downloading update (45,053 of 336,229 KB)...
[2026-08-24 15:44:59] Downloading update (45,517 of 336,229 KB)...
[2026-08-24 15:44:59] Downloading update (45,895 of 336,229 KB)...
[2026-08-24 15:44:59] Downloading update (46,231 of 336,229 KB)...
[2026-08-24 15:44:59] Downloading update (46,513 of 336,229 KB)...
[2026-08-24 15:45:00] Downloading update (46,737 of 336,229 KB)...
[2026-08-24 15:45:00] Downloading update (46,961 of 336,229 KB)...
[2026-08-24 15:45:00] Downloading update (47,169 of 336,229 KB)...
[2026-08-24 15:45:00] Downloading update (47,370 of 336,229 KB)...
[2026-08-24 15:45:01] Downloading update (47,530 of 336,229 KB)...
[2026-08-24 15:45:01] Downloading update (47,706 of 336,229 KB)...
[2026-08-24 15:45:01] Downloading update (48,154 of 336,229 KB)...
[2026-08-24 15:45:01] Downloading update (48,458 of 336,229 KB)...
[2026-08-24 15:45:02] Downloading update (48,906 of 336,229 KB)...
[2026-08-24 15:45:02] Downloading update (49,205 of 336,229 KB)...
[2026-08-24 15:45:02] Downloading update (49,573 of 336,229 KB)...
[2026-08-24 15:45:02] Downl[JuiceStage] native segv #13; signal=10 code=1 pc=0x2d74c5a60 lr=0x2d75673c0 sp=0x100d0f290 x8=0x2b94e0000 x16=0x2d79b79e4 x17=0x100d0f1f0 x18=0x7ffe0000 addr=0x2b96d7b08 esr=0000000092000007 ec=24 teb=0x7ffe0000 frame=0x100c0fb00
[JuiceStage] native regs x0=0x144010080 x1=0x13c001000 x2=0x53f7b0 x3=0xfffffc088 x4=0x1 x5=0x0 x6=0x4 x7=0x1 x9=0x1f7b0 x10=0x0 x11=0x1 x12=0x0 x13=0x2c1ae x14=0x53fb10 x15=0x2d76323d4
[JuiceStage] native segv #14; signal=10 code=1 pc=0x2d74c5a60 lr=0x2d75673c0 sp=0x100d0f290 x8=0x2b94e0000 x16=0x2d79b79e4 x17=0x100d0f1f0 x18=0x7ffe0000 addr=0x2b96d7b08 esr=0000000092000007 ec=24 teb=0x7ffe0000 frame=0x100c0fb00
[JuiceStage] native regs x0=0x144010080 x1=0x13c001000 x2=0x53f7b0 x3=0xfffffc088 x4=0x1 x5=0xffffffff x6=0x4 x7=0x0 x9=0x1f7b0 x10=0x0 x11=0x1421f58 x12=0x16e3600 x13=0x1630abd x14=0x53fb10 x15=0x2d76323d4
[JuiceX18] broad #13 pc=0x104e4d934 fault=0x378 instr=f941be4a x8=0x31 x16=0x104e4d820 x17=0x100d0f130 x18=0x0 teb=0x7ffe0000
[JuiceX18] broad #14 pc=0x104e4d934 fault=0x378 instr=f941be4a x8=0xd x16=0x104e4d820 x17=0x10020e0a0 x18=0x0 teb=0x7ffe8000
[JuiceX18] broad #15 pc=0x104e4d934 fault=0x378 instr=f941be4a x8=0x31 x16=0x104e4d820 x17=0x100d0f130 x18=0x0 teb=0x7ffe0000
[JuiceStage] native segv #15; signal=10 code=1 pc=0x2d74c5a60 lr=0x2d75673c0 sp=0x100d0f290 x8=0x2b94e0000 x16=0x2d79b79e4 x17=0x100d0f1f0 x18=0x7ffe0000 addr=0x2b96d7b08 esr=0000000092000007 ec=24 teb=0x7ffe0000 frame=0x100c0fb00
[JuiceStage] native regs x0=0x144010080 x1=0x13c001000 x2=0x53f7b0 x3=0xfffffc088 x4=0x1 x5=0x0 x6=0x4 x7=0x1 x9=0x1f7b0 x10=0x0 x11=0xf14100 x12=0x16e3600 x13=0x7d5a18 x14=0x53fb10 x15=0x2d76323d4
[JuiceX18] broad #16 pc=0x104e4d934 fault=0x378 instr=f941be4a x8=0x31 x16=0x104e4d820 x17=0x100d0f130 x18=0x0 teb=0x7ffe0000
[JuiceStage] native segv #16; signal=10 code=1 pc=0x2d74c5a60 lr=0x2d75673c0 sp=0x100d0f290 x8=0x2b94e0000 x16=0x2d79b79e4 x17=0x100d0f1f0 x18=0x7ffe0000 addr=0x2b96d7b08 esr=0000000092000007 ec=24 teb=0x7ffe0000 frame=0x100c0fb00
[JuiceStage] native regs x0=0x144010080 x1=0x13c001000 x2=0x53f7b0 x3=0xfffffc088 x4=0x1 x5=0x0 x6=0x4 x7=0x1 x9=0x1f7b0 x10=0x0 x11=0xf14100 x12=0x16e3600 x13=0x51b61a x14=0x53fb10 x15=0x2d76323d4
oading update (49,973 of 336,229 KB)...
[2026-08-24 15:45:03] Downloading update (50,357 of 336,229 KB)...
[2026-08-24 15:45:03] Downloading update (50,805 of 336,229 KB)...
[2026-08-24 15:45:03] Downloading update (51,040 of 336,229 KB)...
[2026-08-24 15:45:03] Downloading update (51,344 of 336,229 KB)...
[2026-08-24 15:45:04] Downloading update (51,584 of 336,229 KB)...
[2026-08-24 15:45:04] Downloading update (51,952 of 336,229 KB)...
[2026-08-24 15:45:04] Downloading update (52,160 of 336,229 KB)...
[2026-08-24 15:45:04] Downloading update (52,384 of 336,229 KB)...
[2026-08-24 15:45:05] Downloading update (52,619 of 336,229 KB)...
[2026-08-24 15:45:05] Downloading update (53,003 of 336,229 KB)...
[2026-08-24 15:45:05] Downloading update (53,259 of 336,229 KB)...
[2026-08-24 15:45:06] Downloading update (53,531 of 336,229 KB)...
[2026-08-24 15:45:06] Downloading update (53,723 of 336,229 KB)...
[2026-08-24 15:45:06] Downloading update (53,867 of 336,229 KB)...
[2026-08-24 15:45:06] Downloading update (53,915 of 336,229 KB)...
[2026-08-24 15:45:07] Downloading update (54,187 of 336,229 KB)...
[2026-08-24 15:45:07] Downloading update (54,523 of 336,229 KB)...
[2026-08-24 15:45:07] Downloading update (54,646 of 336,229 KB)...
[2026-08-24 15:45:07] Downloading update (55,462 of 336,229 KB)...
[2026-08-24 15:45:08] Downloading update (55,702 of 336,229 KB)...
[2026-08-24 15:45:08] Downloading update (55,905 of 336,229 KB)...
[2026-08-24 15:45:08] Downloading update (56,017 of 336,229 KB)...
[2026-08-24 15:45:08] Downloading update (56,129 of 336,229 KB)...
[2026-08-24 15:45:09] Downloading update (56,849 of 336,229 KB)...
[2026-08-24 15:45:09] Downloading update (57,105 of 336,229 KB)...
[2026-08-24 15:45:09] Downloading update (57,329 of 336,229 KB)...
[2026-08-24 15:45:09] Downloading update (57,548 of 336,229 KB)...
[2026-08-24 15:45:10] Downloading update (57,804 of 336,229 KB)...
[2026-08-24 15:45:10] Downloading update (58,124 of 336,229 KB)...
[2026-08-24 15:45:10] Downloading update (58,540 of 336,229 KB)...
[2026-08-24 15:45:10] Downloading update (58,924 of 336,229 KB)...
[2026-08-24 15:45:11] Downloading update (59,164 of 336,229 KB)...
[2026-08-24 15:45:11] Downloading update (59,436 of 336,229 KB)...
[2026-08-24 15:45:11] Downloading update (59,660 of 336,229 KB)...
[2026-08-24 15:45:11] Downloading update (59,948 of 336,229 KB)...
[2026-08-24 15:45:12] Downloading update (60,156 of 336,229 KB)...
[2026-08-24 15:45:12] Downloading update (60,316 of 336,229 KB)...
[2026-08-24 15:45:12] Downloading update (60,364 of 336,229 KB)...
[2026-08-24 15:45:12] Downloading update (60,425 of 336,229 KB)...
[2026-08-24 15:45:13] Downloading update (60,441 of 336,229 KB)...
[2026-08-24 15:45:13] Downloading update (60,473 of 336,229 KB)...
[2026-08-24 15:45:13] Downloading update (60,697 of 336,229 KB)...
[2026-08-24 15:45:13] Downloading update (61,170 of 336,229 KB)...
[2026-08-24 15:45:14] Downloading update (61,810 of 336,229 KB)...
[2026-08-24 15:45:14] Downloading update (62,002 of 336,229 KB)...
[2026-08-24 15:45:14] Downloading update (62,146 of 336,229 KB)...
[2026-08-24 15:45:14] Downloading update (62,338 of 336,229 KB)...
[2026-08-24 15:45:15] Downloading update (62,578 of 336,229 KB)...
[2026-08-24 15:45:15] Downloading update (62,738 of 336,229 KB)...
[2026-08-24 15:45:15] Downloading update (62,882 of 336,229 KB)...
[2026-08-24 15:45:15] Downloading update (62,982 of 336,229 KB)...
[2026-08-24 15:45:16] Downloading update (63,078 of 336,229 KB)...
[2026-08-24 15:45:16] Downloading update (63,558 of 336,229 KB)...
[2026-08-24 15:45:16] Downloading update (63,734 of 336,229 KB)...
[2026-08-24 15:45:16] Downloading update (63,942 of 336,229 KB)...
[2026-08-24 15:45:17] Downloading update (64,134 of 336,229 KB)...
[2026-08-24 15:45:17] Downloading update (64,342 of 336,229 KB)...
[2026-08-24 15:45:17] Downloading update (64,839 of 336,229 KB)...
[2026-08-24 15:45:18] Downloading update (65,014 of 336,229 KB)...
[2026-08-24 15:45:18] Downloading update (65,270 of 336,229 KB)...
[2026-08-24 15:45:18] Downloading up[JuiceX18] broad #17 pc=0x104e4d934 fault=0x378 instr=f941be4a x8=0x126c x16=0x104e4d820 x17=0x10020e060 x18=0x0 teb=0x7ffe8000
[JuiceX18] broad #18 pc=0x104e4d934 fault=0x378 instr=f941be4a x8=0x15d8 x16=0x104e4d820 x17=0x10020f010 x18=0x0 teb=0x7ffe8000
[JuiceX18] broad #19 pc=0x104e4d934 fault=0x378 instr=f941be4a x8=0xd x16=0x104e4d820 x17=0x300 x18=0x0 teb=0x7ffe8000
[JuiceX18] broad #20 pc=0x104e4d934 fault=0x378 instr=f941be4a x8=0x1336 x16=0x104e4d820 x17=0x10020d100 x18=0x0 teb=0x7ffe8000
[JuiceX18] broad #21 pc=0x104e4d934 fault=0x378 instr=f941be4a x8=0x5 x16=0x104e4d820 x17=0x10020e0a0 x18=0x0 teb=0x7ffe8000
[JuiceX18] broad #22 pc=0x104e4d934 fault=0x378 instr=f941be4a x8=0x31 x16=0x104e4d820 x17=0x10020f010 x18=0x0 teb=0x7ffe8000
date (65,638 of 336,229 KB)...
[2026-08-24 15:45:18] Downloading update (66,159 of 336,229 KB)...
[2026-08-24 15:45:19] Downloading update (66,623 of 336,229 KB)...
[2026-08-24 15:45:19] Downloading update (66,863 of 336,229 KB)...
[2026-08-24 15:45:19] Downloading update (67,119 of 336,229 KB)...
[2026-08-24 15:45:19] Downloading update (67,295 of 336,229 KB)...
[2026-08-24 15:45:20] Downloading update (67,487 of 336,229 KB)...
[2026-08-24 15:45:20] Downloading update (67,759 of 336,229 KB)...
[2026-08-24 15:45:20] Downloading update (67,903 of 336,229 KB)...
[2026-08-24 15:45:21] Downloading update (68,111 of 336,229 KB)...
[2026-08-24 15:45:21] Downloading update (68,447 of 336,229 KB)...
[2026-08-24 15:45:21] Downloading update (68,828 of 336,229 KB)...
[2026-08-24 15:45:21] Downloading update (69,180 of 336,229 KB)...
[2026-08-24 15:45:22] Downloading update (69,452 of 336,229 KB)...
[2026-08-24 15:45:22] Downloading update (69,765 of 336,229 KB)...
[2026-08-24 15:45:22] Downloading update (70,165 of 336,229 KB)...
[2026-08-24 15:45:22] Downloading update (70,437 of 336,229 KB)...
[2026-08-24 15:45:23] Downloading update (70,837 of 336,229 KB)...
[2026-08-24 15:45:23] Downloading update (71,193 of 336,229 KB)...
[2026-08-24 15:45:23] Downloading update (71,561 of 336,229 KB)...
[2026-08-24 15:45:23] Downloading update (71,785 of 336,229 KB)...
[2026-08-24 15:45:24] Downloading update (72,105 of 336,229 KB)...
[2026-08-24 15:45:24] Downloading update (72,409 of 336,229 KB)...
[2026-08-24 15:45:24] Downloading update (72,649 of 336,229 KB)...
[2026-08-24 15:45:24] Downloading update (72,937 of 336,229 KB)...
[2026-08-24 15:45:25] Downloading update (73,353 of 336,229 KB)...
[2026-08-24 15:45:25] Downloading update (74,228 of 336,229 KB)...
[2026-08-24 15:45:26] Downloading update (74,420 of 336,229 KB)...
[2026-08-24 15:45:26] Downloading update (74,692 of 336,229 KB)...
[2026-08-24 15:45:26] Downloading update (74,788 of 336,229 KB)...
[2026-08-24 15:45:26] Downloading update (74,900 of 336,229 KB)...
[2026-08-24 15:45:27] Downloading update (75,028 of 336,229 KB)...
[2026-08-24 15:45:27] Downloading update (75,343 of 336,229 KB)...
[2026-08-24 15:45:27] Downloading update (76,047 of 336,229 KB)...
[2026-08-24 15:45:27] Downloading update (76,763 of 336,229 KB)...
[2026-08-24 15:45:28] Downloading update (77,062 of 336,229 KB)...
[2026-08-24 15:45:28] Downloading update (77,350 of 336,229 KB)...
[2026-08-24 15:45:28] Downloading update (77,712 of 336,229 KB)...
[2026-08-24 15:45:29] Downloading update (78,032 of 336,229 KB)...
[2026-08-24 15:45:29] Downloading update (78,251 of 336,229 KB)...
[2026-08-24 15:45:29] Downloading update (78,453 of 336,229 KB)...
[2026-08-24 15:45:29] Downloading update (78,677 of 336,229 KB)...
[2026-08-24 15:45:30] Downloading update (78,901 of 336,229 KB)...
[2026-08-24 15:45:30] Downloading update (79,151 of 336,229 KB)...
[2026-08-24 15:45:30] Downloading update (79,775 of 336,229 KB)...
[2026-08-24 15:45:30] Downloading update (79,903 of 336,229 KB)...
[2026-08-24 15:45:31] Downloading update (80,185 of 336,229 KB)...
[2026-08-24 15:45:31] Downloading update (80,377 of 336,229 KB)...
[2026-08-24 15:45:31] Downloading update (80,498 of 336,229 KB)...
[2026-08-24 15:45:31] Downloading update (80,690 of 336,229 KB)...
[2026-08-24 15:45:32] Downloading update (81,362 of 336,229 KB)...
[2026-08-24 15:45:32] Downloading update (81,828 of 336,229 KB)...
[2026-08-24 15:45:33] Downloading update (82,528 of 336,229 KB)...
[2026-08-24 15:45:33] Downloading update (83,213 of 336,229 KB)...
[2026-08-24 15:45:33] Downloading update (83,389 of 336,229 KB)...
[2026-08-24 15:45:34] Downloading update (83,597 of 336,229 KB)...
[2026-08-24 15:45:34] Downloading update (83,853 of 336,229 KB)...
[2026-08-24 15:45:34] Downloading update (83,965 of 336,229 KB)...
[2026-08-24 15:45:35] Downloading update (84,141 of 336,229 KB)...
[2026-08-24 15:45:35] Downloading update (85,080 of 336,229 KB)...
[2026-08-24 15:45:36] Downloading update (85,496 of 336,229 KB)...
[2026-08-24 15:45:36] Downloading update (85,[JuiceX18] broad #23 pc=0x2d79b9110 fault=0x60 instr=f9403243 x8=0x10010f4c0 x16=0x1fb288050 x17=0x20000000202 x18=0x0 teb=0x7ffe8000
[JuiceX18] broad #24 pc=0x104e4d934 fault=0x378 instr=f941be4a x8=0x15d8 x16=0x104e4d820 x17=0x10020f010 x18=0x0 teb=0x7ffe8000
[JuiceX18] broad #25 pc=0x104e4d934 fault=0x378 instr=f941be4a x8=0x31 x16=0x104e4d820 x17=0x100d0f1f0 x18=0x0 teb=0x7ffe0000
896 of 336,229 KB)...
[2026-08-24 15:45:36] Downloading update (86,275 of 336,229 KB)...
[2026-08-24 15:45:36] Downloading update (86,659 of 336,229 KB)...
[2026-08-24 15:45:37] Downloading update (86,963 of 336,229 KB)...
[2026-08-24 15:45:37] Downloading update (87,315 of 336,229 KB)...
[2026-08-24 15:45:37] Downloading update (87,646 of 336,229 KB)...
[2026-08-24 15:45:37] Downloading update (87,918 of 336,229 KB)...
[2026-08-24 15:45:38] Downloading update (88,142 of 336,229 KB)...
[2026-08-24 15:45:38] Downloading update (88,574 of 336,229 KB)...
[2026-08-24 15:45:38] Downloading update (88,905 of 336,229 KB)...
[2026-08-24 15:45:38] Downloading update (89,145 of 336,229 KB)...
[2026-08-24 15:45:39] Downloading update (89,449 of 336,229 KB)...
[2026-08-24 15:45:39] Downloading update (89,689 of 336,229 KB)...
[2026-08-24 15:45:39] Downloading update (89,977 of 336,229 KB)...
[2026-08-24 15:45:39] Downloading update (90,372 of 336,229 KB)...
[2026-08-24 15:45:40] Downloading update (90,756 of 336,229 KB)...
[2026-08-24 15:45:40] Downloading update (91,124 of 336,229 KB)...
[2026-08-24 15:45:40] Downloading update (91,508 of 336,229 KB)...
[2026-08-24 15:45:40] Downloading update (91,983 of 336,229 KB)...
[2026-08-24 15:45:41] Downloading update (92,271 of 336,229 KB)...
[2026-08-24 15:45:41] Downloading update (92,671 of 336,229 KB)...
[2026-08-24 15:45:41] Downloading update (92,991 of 336,229 KB)...
[2026-08-24 15:45:41] Downloading update (93,322 of 336,229 KB)...
[2026-08-24 15:45:42] Downloading update (93,722 of 336,229 KB)...
[2026-08-24 15:45:42] Downloading update (94,042 of 336,229 KB)...
[2026-08-24 15:45:42] Downloading update (94,330 of 336,229 KB)...
[2026-08-24 15:45:42] Downloading update (94,597 of 336,229 KB)...
[2026-08-24 15:45:43] Downloading update (94,917 of 336,229 KB)...
[2026-08-24 15:45:43] Downloading update (95,397 of 336,229 KB)...
[2026-08-24 15:45:43] Downloading update (95,813 of 336,229 KB)...
[2026-08-24 15:45:43] Downloading update (96,160 of 336,229 KB)...
[2026-08-24 15:45:44] Downloading update (96,688 of 336,229 KB)...
[2026-08-24 15:45:44] Downloading update (97,136 of 336,229 KB)...
[2026-08-24 15:45:44] Downloading update (97,408 of 336,229 KB)...
[2026-08-24 15:45:44] Downloading update (97,723 of 336,229 KB)...
[2026-08-24 15:45:45] Downloading update (98,059 of 336,229 KB)...
[2026-08-24 15:45:45] Downloading update (98,443 of 336,229 KB)...
[2026-08-24 15:45:45] Downloading update (98,907 of 336,229 KB)...
[2026-08-24 15:45:45] Downloading update (99,190 of 336,229 KB)...
[2026-08-24 15:45:46] Downloading update (99,574 of 336,229 KB)...
[2026-08-24 15:45:46] Downloading update (99,958 of 336,229 KB)...
[2026-08-24 15:45:46] Downloading update (100,198 of 336,229 KB)...
[2026-08-24 15:45:46] Downloading update (100,502 of 336,229 KB)...
[2026-08-24 15:45:47] Downloading update (100,955 of 336,229 KB)...
[2026-08-24 15:45:47] Downloading update (101,579 of 336,229 KB)...
[2026-08-24 15:45:47] Downloading update (101,723 of 336,229 KB)...
[2026-08-24 15:45:48] Downloading update (101,926 of 336,229 KB)...
[2026-08-24 15:45:48] Downloading update (102,166 of 336,229 KB)...
[2026-08-24 15:45:48] Downloading update (102,374 of 336,229 KB)...
[2026-08-24 15:45:49] Downloading update (102,678 of 336,229 KB)...
[2026-08-24 15:45:49] Downloading update (102,950 of 336,229 KB)...
[2026-08-24 15:45:49] Downloading update (103,489 of 336,229 KB)...
[2026-08-24 15:45:50] Downloading update (104,231 of 336,229 KB)...
[2026-08-24 15:45:50] Downloading update (104,831 of 336,229 KB)...
[2026-08-24 15:45:51] Downloading update (105,679 of 336,229 KB)...
[2026-08-24 15:45:51] Downloading update (106,335 of 336,229 KB)...
[2026-08-24 15:45:51] Downloading update (106,843 of 336,229 KB)...
[2026-08-24 15:45:51] Downloading update (107,179 of 336,229 KB)...
[2026-08-24 15:45:52] Downloading update (107,531 of 336,229 KB)...
[2026-08-24 15:45:52] Downloading update (107,803 of 336,229 KB)...
[2026-08-24 15:45:52] Downloading update (108,027 of 336,229 KB)...
[2026-08-24 15:45:52] Downloading [JuiceX18] broad #26 pc=0x104e4d934 fault=0x378 instr=f941be4a x8=0x124c x16=0x104e4d820 x17=0x10020e0a0 x18=0x0 teb=0x7ffe8000
[JuiceX18] broad #27 pc=0x104e4d934 fault=0x378 instr=f941be4a x8=0x7 x16=0x104e4d820 x17=0x10020f010 x18=0x0 teb=0x7ffe8000
[JuiceX18] broad #28 pc=0x104e4d934 fault=0x378 instr=f941be4a x8=0x15d8 x16=0x104e4d820 x17=0x10020f010 x18=0x0 teb=0x7ffe8000
[JuiceX18] broad #29 pc=0x104e4d934 fault=0x378 instr=f941be4a x8=0x7 x16=0x104e4d820 x17=0x10020f010 x18=0x0 teb=0x7ffe8000
update (108,267 of 336,229 KB)...
[2026-08-24 15:45:53] Downloading update (108,523 of 336,229 KB)...
[2026-08-24 15:45:53] Downloading update (108,811 of 336,229 KB)...
[2026-08-24 15:45:53] Downloading update (109,051 of 336,229 KB)...
[2026-08-24 15:45:53] Downloading update (109,243 of 336,229 KB)...
[2026-08-24 15:45:54] Downloading update (109,595 of 336,229 KB)...
[2026-08-24 15:45:54] Downloading update (109,979 of 336,229 KB)...
[2026-08-24 15:45:54] Downloading update (110,283 of 336,229 KB)...
[2026-08-24 15:45:54] Downloading update (110,587 of 336,229 KB)...
[2026-08-24 15:45:55] Downloading update (110,891 of 336,229 KB)...
[2026-08-24 15:45:55] Downloading update (111,179 of 336,229 KB)...
[2026-08-24 15:45:55] Downloading update (111,499 of 336,229 KB)...
[2026-08-24 15:45:55] Downloading update (111,611 of 336,229 KB)...
[2026-08-24 15:45:56] Downloading update (111,675 of 336,229 KB)...
[2026-08-24 15:45:56] Downloading update (111,723 of 336,229 KB)...
[2026-08-24 15:45:56] Downloading update (111,771 of 336,229 KB)...
[2026-08-24 15:45:57] Downloading update (112,075 of 336,229 KB)...
[2026-08-24 15:45:57] Downloading update (112,363 of 336,229 KB)...
[2026-08-24 15:45:57] Downloading update (113,451 of 336,229 KB)...
[2026-08-24 15:45:57] Downloading update (113,643 of 336,229 KB)...
[2026-08-24 15:45:58] Downloading update (113,931 of 336,229 KB)...
[2026-08-24 15:45:58] Downloading update (114,331 of 336,229 KB)...
[2026-08-24 15:45:58] Downloading update (114,747 of 336,229 KB)...
[2026-08-24 15:45:58] Downloading update (115,131 of 336,229 KB)...
[2026-08-24 15:45:59] Downloading update (115,659 of 336,229 KB)...
[2026-08-24 15:45:59] Downloading update (116,139 of 336,229 KB)...
[2026-08-24 15:45:59] Downloading update (116,571 of 336,229 KB)...
[2026-08-24 15:45:59] Downloading update (116,907 of 336,229 KB)...
[2026-08-24 15:46:00] Downloading update (117,451 of 336,229 KB)...
[2026-08-24 15:46:00] Downloading update (117,899 of 336,229 KB)...
[2026-08-24 15:46:00] Downloading update (118,411 of 336,229 KB)...
[2026-08-24 15:46:00] Downloading update (118,923 of 336,229 KB)...
[2026-08-24 15:46:01] Downloading update (119,443 of 336,229 KB)...
[2026-08-24 15:46:01] Downloading update (119,986 of 336,229 KB)...
[2026-08-24 15:46:01] Downloading update (120,210 of 336,229 KB)...
[2026-08-24 15:46:01] Downloading update (120,466 of 336,229 KB)...
[2026-08-24 15:46:02] Downloading update (120,754 of 336,229 KB)...
[2026-08-24 15:46:02] Downloading update (120,946 of 336,229 KB)...
[2026-08-24 15:46:02] Downloading update (121,138 of 336,229 KB)...
[2026-08-24 15:46:03] Downloading update (121,794 of 336,229 KB)...
[2026-08-24 15:46:03] Downloading update (122,242 of 336,229 KB)...
[2026-08-24 15:46:03] Downloading update (122,562 of 336,229 KB)...
[2026-08-24 15:46:03] Downloading update (122,754 of 336,229 KB)...
[2026-08-24 15:46:04] Downloading update (123,058 of 336,229 KB)...
[2026-08-24 15:46:04] Downloading update (123,314 of 336,229 KB)...
[2026-08-24 15:46:04] Downloading update (123,586 of 336,229 KB)...
[2026-08-24 15:46:04] Downloading update (123,794 of 336,229 KB)...
[2026-08-24 15:46:05] Downloading update (124,050 of 336,229 KB)...
[2026-08-24 15:46:05] Downloading update (124,258 of 336,229 KB)...
[2026-08-24 15:46:05] Downloading update (124,482 of 336,229 KB)...
[2026-08-24 15:46:05] Downloading update (124,642 of 336,229 KB)...
[2026-08-24 15:46:06] Downloading update (124,898 of 336,229 KB)...
[2026-08-24 15:46:06] Downloading update (125,122 of 336,229 KB)...
[2026-08-24 15:46:06] Downloading update (125,282 of 336,229 KB)...
[2026-08-24 15:46:07] Downloading update (125,842 of 336,229 KB)...
[2026-08-24 15:46:07] Downloading update (126,722 of 336,229 KB)...
[2026-08-24 15:46:07] Downloading update (127,026 of 336,229 KB)...
[2026-08-24 15:46:08] Downloading update (127,394 of 336,229 KB)...
[2026-08-24 15:46:08] Downloading update (127,698 of 336,229 KB)...
[2026-08-24 15:46:08] Downloading update (127,890 of 336,229 KB)...
[2026-08-24 15:46:08] Downloading update (128,210 [JuiceX18] broad #30 pc=0x104e4d934 fault=0x378 instr=f941be4a x8=0x10 x16=0x104e4d820 x17=0x10020e380 x18=0x0 teb=0x7ffe8000
[JuiceX18] broad #31 pc=0x104e4d934 fault=0x378 instr=f941be4a x8=0x7 x16=0x104e4d820 x17=0x10020f010 x18=0x0 teb=0x7ffe8000
[JuiceX18] broad #32 pc=0x104e4d6c0 fault=0x0 instr=f9400242 x8=0x2d727e2a4 x16=0x1fb288050 x17=0x20000000202 x18=0x0 teb=0x7ffe8000
of 336,229 KB)...
[2026-08-24 15:46:09] Downloading update (128,530 of 336,229 KB)...
[2026-08-24 15:46:09] Downloading update (128,818 of 336,229 KB)...
[2026-08-24 15:46:09] Downloading update (128,978 of 336,229 KB)...
[2026-08-24 15:46:09] Downloading update (129,154 of 336,229 KB)...
[2026-08-24 15:46:10] Downloading update (129,330 of 336,229 KB)...
[2026-08-24 15:46:10] Downloading update (129,458 of 336,229 KB)...
[2026-08-24 15:46:10] Downloading update (129,522 of 336,229 KB)...
[2026-08-24 15:46:11] Downloading update (129,554 of 336,229 KB)...
[2026-08-24 15:46:11] Downloading update (130,658 of 336,229 KB)...
[2026-08-24 15:46:11] Downloading update (131,186 of 336,229 KB)...
[2026-08-24 15:46:11] Downloading update (131,442 of 336,229 KB)...
[2026-08-24 15:46:12] Downloading update (131,810 of 336,229 KB)...
[2026-08-24 15:46:12] Downloading update (132,114 of 336,229 KB)...
[2026-08-24 15:46:12] Downloading update (132,274 of 336,229 KB)...
[2026-08-24 15:46:12] Downloading update (132,546 of 336,229 KB)...
[2026-08-24 15:46:13] Downloading update (132,962 of 336,229 KB)...
[2026-08-24 15:46:13] Downloading update (133,330 of 336,229 KB)...
[2026-08-24 15:46:13] Downloading update (133,522 of 336,229 KB)...
[2026-08-24 15:46:13] Downloading update (133,826 of 336,229 KB)...
[2026-08-24 15:46:14] Downloading update (134,210 of 336,229 KB)...
[2026-08-24 15:46:14] Downloading update (134,610 of 336,229 KB)...
[2026-08-24 15:46:14] Downloading update (135,058 of 336,229 KB)...
[2026-08-24 15:46:14] Downloading update (135,442 of 336,229 KB)...
[2026-08-24 15:46:15] Downloading update (135,794 of 336,229 KB)...
[2026-08-24 15:46:15] Downloading update (136,034 of 336,229 KB)...
[2026-08-24 15:46:15] Downloading update (136,210 of 336,229 KB)...
[2026-08-24 15:46:15] Downloading update (136,562 of 336,229 KB)...
[2026-08-24 15:46:16] Downloading update (136,786 of 336,229 KB)...
[2026-08-24 15:46:16] Downloading update (137,170 of 336,229 KB)...
[2026-08-24 15:46:16] Downloading update (137,362 of 336,229 KB)...
[2026-08-24 15:46:17] Downloading update (137,586 of 336,229 KB)...
[2026-08-24 15:46:17] Downloading update (137,970 of 336,229 KB)...
[2026-08-24 15:46:17] Downloading update (138,130 of 336,229 KB)...
[2026-08-24 15:46:17] Downloading update (138,322 of 336,229 KB)...
[2026-08-24 15:46:18] Downloading update (138,626 of 336,229 KB)...
[2026-08-24 15:46:18] Downloading update (138,930 of 336,229 KB)...
[2026-08-24 15:46:18] Downloading update (139,234 of 336,229 KB)...
[2026-08-24 15:46:18] Downloading update (139,410 of 336,229 KB)...
[2026-08-24 15:46:19] Downloading update (139,714 of 336,229 KB)...
[2026-08-24 15:46:19] Downloading update (139,954 of 336,229 KB)...
[2026-08-24 15:46:19] Downloading update (140,258 of 336,229 KB)...
[2026-08-24 15:46:19] Downloading update (140,466 of 336,229 KB)...
[2026-08-24 15:46:20] Downloading update (140,738 of 336,229 KB)...
[2026-08-24 15:46:20] Downloading update (141,010 of 336,229 KB)...
[2026-08-24 15:46:20] Downloading update (141,314 of 336,229 KB)...
[2026-08-24 15:46:20] Downloading update (141,458 of 336,229 KB)...
[2026-08-24 15:46:21] Downloading update (141,794 of 336,229 KB)...
[2026-08-24 15:46:21] Downloading update (142,098 of 336,229 KB)...
[2026-08-24 15:46:21] Downloading update (142,338 of 336,229 KB)...
[2026-08-24 15:46:21] Downloading update (142,578 of 336,229 KB)...
[2026-08-24 15:46:22] Downloading update (142,946 of 336,229 KB)...
[2026-08-24 15:46:22] Downloading update (143,234 of 336,229 KB)...
[2026-08-24 15:46:22] Downloading update (143,442 of 336,229 KB)...
[2026-08-24 15:46:22] Downloading update (143,746 of 336,229 KB)...
[2026-08-24 15:46:23] Downloading update (144,050 of 336,229 KB)...
[2026-08-24 15:46:23] Downloading update (144,290 of 336,229 KB)...
[2026-08-24 15:46:23] Downloading update (144,530 of 336,229 KB)...
[2026-08-24 15:46:23] Downloading update (144,930 of 336,229 KB)...
[2026-08-24 15:46:24] Downloading update (145,250 of 336,229 KB)...
[2026-08-24 15:46:24] Downloading update (145,554 of 336,229 KB)...
[2026-08-24 15:46:24] Downloading update (145,826 of 336,229 KB)...
[2026-08-24 15:46:24] Downloading update (146,098 of 336,229 KB)...
[2026-08-24 15:46:25] Downloading update (146,290 of 336,229 KB)...
[2026-08-24 15:46:25] Downloading update (146,450 of 336,229 KB)...
[2026-08-24 15:46:25] Downloading update (146,514 of 336,229 KB)...
[2026-08-24 15:46:26] Downloading update (146,802 of 336,229 KB)...
[2026-08-24 15:46:27] Downloading update (147,170 of 336,229 KB)...
[2026-08-24 15:46:27] Downloading update (147,602 of 336,229 KB)...
[2026-08-24 15:46:27] Downloading update (147,794 of 336,229 KB)...
[2026-08-24 15:46:27] Downloading update (148,338 of 336,229 KB)...
[2026-08-24 15:46:28] Downloading update (149,074 of 336,229 KB)...
[2026-08-24 15:46:28] Downloading update (149,234 of 336,229 KB)...
[2026-08-24 15:46:28] Downloading update (149,378 of 336,229 KB)...
[2026-08-24 15:46:28] Downloading update (149,970 of 336,229 KB)...
[2026-08-24 15:46:29] Downloading update (150,354 of 336,229 KB)...
[2026-08-24 15:46:29] Downloading update (150,658 of 336,229 KB)...
[2026-08-24 15:46:29] Downloading update (150,802 of 336,229 KB)...
[2026-08-24 15:46:29] Downloading update (151,090 of 336,229 KB)...
[2026-08-24 15:46:30] Downloading update (151,522 of 336,229 KB)...
[2026-08-24 15:46:30] Downloading update (151,922 of 336,229 KB)...
[2026-08-24 15:46:30] Downloading update (152,386 of 336,229 KB)...
[2026-08-24 15:46:31] Downloading update (152,722 of 336,229 KB)...
[2026-08-24 15:46:31] Downloading update (153,074 of 336,229 KB)...
[2026-08-24 15:46:31] Downloading update (153,362 of 336,229 KB)...
[2026-08-24 15:46:31] Downloading update (153,682 of 336,229 KB)...
[2026-08-24 15:46:32] Downloading update (154,130 of 336,229 KB)...
[2026-08-24 15:46:32] Downloading update (154,530 of 336,229 KB)...
[2026-08-24 15:46:32] Downloading update (154,818 of 336,229 KB)...
[2026-08-24 15:46:32] Downloading update (154,994 of 336,229 KB)...
[2026-08-24 15:46:33] Downloading update (155,362 of 336,229 KB)...
[2026-08-24 15:46:33] Downloading update (155,666 of 336,229 KB)...
[2026-08-24 15:46:33] Downloading update (155,906 of 336,229 KB)...
[2026-08-24 15:46:33] Downloading update (156,050 of 336,229 KB)...
[2026-08-24 15:46:34] Downloading update (156,194 of 336,229 KB)...
[2026-08-24 15:46:34] Downloading update (156,466 of 336,229 KB)...
[2026-08-24 15:46:34] Downloading update (156,786 of 336,229 KB)...
[2026-08-24 15:46:34] Downloading update (157,042 of 336,229 KB)...
[2026-08-24 15:46:35] Downloading update (157,202 of 336,229 KB)...
[2026-08-24 15:46:35] Downloading update (157,330 of 336,229 KB)...
[2026-08-24 15:46:35] Downloading update (157,362 of 336,229 KB)...
[2026-08-24 15:46:36] Downloading update (157,682 of 336,229 KB)...
[2026-08-24 15:46:36] Downloading update (157,746 of 336,229 KB)...
[2026-08-24 15:46:36] Downloading update (158,258 of 336,229 KB)...
[2026-08-24 15:46:37] Downloading update (159,202 of 336,229 KB)...
[2026-08-24 15:46:37] Downloading update (159,538 of 336,229 KB)...
[2026-08-24 15:46:37] Downloading update (159,730 of 336,229 KB)...
[2026-08-24 15:46:37] Downloading update (160,050 of 336,229 KB)...
[2026-08-24 15:46:38] Downloading update (160,354 of 336,229 KB)...
[2026-08-24 15:46:38] Downloading update (160,690 of 336,229 KB)...
[2026-08-24 15:46:38] Downloading update (160,978 of 336,229 KB)...
[2026-08-24 15:46:38] Downloading update (161,362 of 336,229 KB)...
[2026-08-24 15:46:39] Downloading update (161,650 of 336,229 KB)...
[2026-08-24 15:46:39] Downloading update (161,938 of 336,229 KB)...
[2026-08-24 15:46:39] Downloading update (162,146 of 336,229 KB)...
[2026-08-24 15:46:39] Downloading update (162,354 of 336,229 KB)...
[2026-08-24 15:46:40] Downloading update (162,562 of 336,229 KB)...
[2026-08-24 15:46:40] Downloading update (162,738 of 336,229 KB)...
[2026-08-24 15:46:40] Downloading update (162,898 of 336,229 KB)...
[2026-08-24 15:46:40] Downloading update (163,074 of 336,229 KB)...
[2026-08-24 15:46:41] Downloading update (163,154 of 336,229 KB)...
[2026-08-24 15:46:41] Downloading update (163,186 of 336,229 KB)...
[2026-08-24 15:46:41] Downloading update (163,378 of 336,229 KB)...
[2026-08-24 15:46:41] Downloading update (163,666 of 336,229 KB)...
[2026-08-24 15:46:42] Downloading update (164,578 of 336,229 KB)...
[2026-08-24 15:46:42] Downloading update (164,946 of 336,229 KB)...
[2026-08-24 15:46:42] Downloading update (165,314 of 336,229 KB)...
[2026-08-24 15:46:42] Downloading update (165,634 of 336,229 KB)...
[2026-08-24 15:46:43] Downloading update (166,050 of 336,229 KB)...
[2026-08-24 15:46:43] Downloading update (166,306 of 336,229 KB)...
[2026-08-24 15:46:43] Downloading update (166,450 of 336,229 KB)...
[2026-08-24 15:46:44] Downloading update (166,658 of 336,229 KB)...
[2026-08-24 15:46:44] Downloading update (166,898 of 336,229 KB)...
[2026-08-24 15:46:44] Downloading update (167,202 of 336,229 KB)...
[2026-08-24 15:46:44] Downloading update (167,586 of 336,229 KB)...
[2026-08-24 15:46:45] Downloading update (167,970 of 336,229 KB)...
[2026-08-24 15:46:45] Downloading update (168,386 of 336,229 KB)...
[2026-08-24 15:46:45] Downloading update (168,626 of 336,229 KB)...
[2026-08-24 15:46:45] Downloading update (168,994 of 336,229 KB)...
[2026-08-24 15:46:46] Downloading update (169,378 of 336,229 KB)...
[2026-08-24 15:46:46] Downloading update (169,778 of 336,229 KB)...
[2026-08-24 15:46:46] Downloading update (170,162 of 336,229 KB)...
[2026-08-24 15:46:46] Downloading update (170,514 of 336,229 KB)...
[2026-08-24 15:46:47] Downloading update (170,882 of 336,229 KB)...
[2026-08-24 15:46:47] Downloading update (171,170 of 336,229 KB)...
[2026-08-24 15:46:47] Downloading update (171,346 of 336,229 KB)...
[2026-08-24 15:46:47] Downloading update (171,490 of 336,229 KB)...
[2026-08-24 15:46:48] Downloading update (171,666 of 336,229 KB)...
[2026-08-24 15:46:48] Downloading update (171,714 of 336,229 KB)...
[2026-08-24 15:46:48] Downloading update (172,210 of 336,229 KB)...
[2026-08-24 15:46:49] Downloading update (172,962 of 336,229 KB)...
[2026-08-24 15:46:49] Downloading update (173,202 of 336,229 KB)...
[2026-08-24 15:46:49] Downloading update (173,442 of 336,229 KB)...
[2026-08-24 15:46:49] Downloading update (173,666 of 336,229 KB)...
[2026-08-24 15:46:50] Downloading update (173,842 of 336,229 KB)...
[2026-08-24 15:46:50] Downloading update (174,050 of 336,229 KB)...
[2026-08-24 15:46:50] Downloading update (174,354 of 336,229 KB)...
[2026-08-24 15:46:50] Downloading update (174,706 of 336,229 KB)...
[2026-08-24 15:46:51] Downloading update (175,106 of 336,229 KB)...
[2026-08-24 15:46:51] Downloading update (175,474 of 336,229 KB)...
[2026-08-24 15:46:51] Downloading update (175,650 of 336,229 KB)...
[2026-08-24 15:46:51] Downloading update (175,842 of 336,229 KB)...
[2026-08-24 15:46:52] Downloading update (176,034 of 336,229 KB)...
[2026-08-24 15:46:52] Downloading update (176,194 of 336,229 KB)...
[2026-08-24 15:46:52] Downloading update (176,338 of 336,229 KB)...
[2026-08-24 15:46:52] Downloading update (176,514 of 336,229 KB)...
[2026-08-24 15:46:53] Downloading update (176,850 of 336,229 KB)...
[2026-08-24 15:46:53] Downloading update (177,442 of 336,229 KB)...
[2026-08-24 15:46:53] Downloading update (177,874 of 336,229 KB)...
[2026-08-24 15:46:53] Downloading update (178,290 of 336,229 KB)...
[2026-08-24 15:46:54] Downloading update (178,578 of 336,229 KB)...
[2026-08-24 15:46:54] Downloading update (178,898 of 336,229 KB)...
[2026-08-24 15:46:54] Downloading update (179,282 of 336,229 KB)...
[2026-08-24 15:46:54] Downloading update (179,634 of 336,229 KB)...
[2026-08-24 15:46:55] Downloading update (179,954 of 336,229 KB)...
[2026-08-24 15:46:55] Downloading update (180,258 of 336,229 KB)...
[2026-08-24 15:46:55] Downloading update (180,466 of 336,229 KB)...
[2026-08-24 15:46:55] Downloading update (180,642 of 336,229 KB)...
[2026-08-24 15:46:56] Downloading update (180,898 of 336,229 KB)...
[2026-08-24 15:46:56] Downloading update (181,410 of 336,229 KB)...
[2026-08-24 15:46:56] Downloading update (181,730 of 336,229 KB)...
[2026-08-24 15:46:57] Downloading update (182,034 of 336,229 KB)...
[2026-08-24 15:46:57] Downloading update (182,290 of 336,229 KB)...
[2026-08-24 15:46:57] Downloading update (182,562 of 336,229 KB)...
[2026-08-24 15:46:57] Downloading update (182,818 of 336,229 KB)...
[2026-08-24 15:46:58] Downloading update (183,090 of 336,229 KB)...
[2026-08-24 15:46:58] Downloading update (183,346 of 336,229 KB)...
[2026-08-24 15:46:58] Downloading update (183,682 of 336,229 KB)...
[2026-08-24 15:46:58] Downloading update (184,066 of 336,229 KB)...
[2026-08-24 15:46:59] Downloading update (184,338 of 336,229 KB)...
[2026-08-24 15:46:59] Downloading update (184,546 of 336,229 KB)...
[2026-08-24 15:46:59] Downloading update (184,722 of 336,229 KB)...
[2026-08-24 15:46:59] Downloading update (184,882 of 336,229 KB)...
[2026-08-24 15:47:00] Downloading update (185,026 of 336,229 KB)...
[2026-08-24 15:47:01] Downloading update (185,378 of 336,229 KB)...
[2026-08-24 15:47:01] Downloading update (186,210 of 336,229 KB)...
[2026-08-24 15:47:01] Downloading update (186,514 of 336,229 KB)...
[2026-08-24 15:47:01] Downloading update (186,818 of 336,229 KB)...
[2026-08-24 15:47:02] Downloading update (187,074 of 336,229 KB)...
[2026-08-24 15:47:02] Downloading update (187,410 of 336,229 KB)...
[2026-08-24 15:47:02] Downloading update (187,634 of 336,229 KB)...
[2026-08-24 15:47:02] Downloading update (187,794 of 336,229 KB)...
[2026-08-24 15:47:03] Downloading update (188,018 of 336,229 KB)...
[2026-08-24 15:47:03] Downloading update (188,178 of 336,229 KB)...
[2026-08-24 15:47:03] Downloading update (188,402 of 336,229 KB)...
[2026-08-24 15:47:03] Downloading update (188,610 of 336,229 KB)...
[2026-08-24 15:47:04] Downloading update (188,754 of 336,229 KB)...
[2026-08-24 15:47:04] Downloading update (188,962 of 336,229 KB)...
[2026-08-24 15:47:04] Downloading update (189,074 of 336,229 KB)...
[2026-08-24 15:47:04] Downloading update (189,410 of 336,229 KB)...
[2026-08-24 15:47:05] Downloading update (189,522 of 336,229 KB)...
[2026-08-24 15:47:05] Downloading update (189,858 of 336,229 KB)...
[2026-08-24 15:47:05] Downloading update (190,002 of 336,229 KB)...
[2026-08-24 15:47:05] Downloading update (190,146 of 336,229 KB)...
[2026-08-24 15:47:06] Downloading update (190,834 of 336,229 KB)...
[2026-08-24 15:47:06] Downloading update (191,074 of 336,229 KB)...
[2026-08-24 15:47:06] Downloading update (191,282 of 336,229 KB)...
[2026-08-24 15:47:06] Downloading update (191,442 of 336,229 KB)...
[2026-08-24 15:47:07] Downloading update (191,618 of 336,229 KB)...
[2026-08-24 15:47:07] Downloading update (191,890 of 336,229 KB)...
[2026-08-24 15:47:07] Downloading update (192,194 of 336,229 KB)...
[2026-08-24 15:47:07] Downloading update (192,466 of 336,229 KB)...
[2026-08-24 15:47:08] Downloading update (192,770 of 336,229 KB)...
[2026-08-24 15:47:08] Downloading update (192,978 of 336,229 KB)...
[2026-08-24 15:47:08] Downloading update (193,090 of 336,229 KB)...
[2026-08-24 15:47:08] Downloading update (193,250 of 336,229 KB)...
[2026-08-24 15:47:09] Downloading update (193,410 of 336,229 KB)...
[2026-08-24 15:47:09] Downloading update (193,506 of 336,229 KB)...
[2026-08-24 15:47:09] Downloading update (193,650 of 336,229 KB)...
[2026-08-24 15:47:10] Downloading update (194,258 of 336,229 KB)...
[2026-08-24 15:47:10] Downloading update (194,674 of 336,229 KB)...
[2026-08-24 15:47:10] Downloading update (194,994 of 336,229 KB)...
[2026-08-24 15:47:10] Downloading update (195,186 of 336,229 KB)...
[2026-08-24 15:47:11] Downloading update (195,378 of 336,229 KB)...
[2026-08-24 15:47:11] Downloading update (195,522 of 336,229 KB)...
[2026-08-24 15:47:11] Downloading update (195,650 of 336,229 KB)...
[2026-08-24 15:47:11] Downloading update (195,858 of 336,229 KB)...
[2026-08-24 15:47:12] Downloading update (196,018 of 336,229 KB)...
[2026-08-24 15:47:12] Downloading update (196,178 of 336,229 KB)...
[2026-08-24 15:47:12] Downloading update (196,434 of 336,229 KB)...
[2026-08-24 15:47:12] Downloading update (196,626 of 336,229 KB)...
[2026-08-24 15:47:13] Downloading update (196,866 of 336,229 KB)...
[2026-08-24 15:47:13] Downloading update (197,042 of 336,229 KB)...
[2026-08-24 15:47:13] Downloading update (197,298 of 336,229 KB)...
[2026-08-24 15:47:13] Downloading update (197,522 of 336,229 KB)...
[2026-08-24 15:47:14] Downloading update (197,794 of 336,229 KB)...
[2026-08-24 15:47:14] Downloading update (198,034 of 336,229 KB)...
[2026-08-24 15:47:14] Downloading update (198,322 of 336,229 KB)...
[2026-08-24 15:47:14] Downloading update (198,546 of 336,229 KB)...
[2026-08-24 15:47:15] Downloading update (198,754 of 336,229 KB)...
[2026-08-24 15:47:15] Downloading update (198,994 of 336,229 KB)...
[2026-08-24 15:47:15] Downloading update (199,346 of 336,229 KB)...
[2026-08-24 15:47:15] Downloading update (199,746 of 336,229 KB)...
[2026-08-24 15:47:16] Downloading update (200,194 of 336,229 KB)...
[2026-08-24 15:47:16] Downloading update (200,450 of 336,229 KB)...
[2026-08-24 15:47:16] Downloading update (200,786 of 336,229 KB)...
[2026-08-24 15:47:16] Downloading update (201,122 of 336,229 KB)...
[2026-08-24 15:47:17] Downloading update (201,346 of 336,229 KB)...
[2026-08-24 15:47:17] Downloading update (201,618 of 336,229 KB)...
[2026-08-24 15:47:17] Downloading update (201,906 of 336,229 KB)...
[2026-08-24 15:47:17] Downloading update (202,162 of 336,229 KB)...
[2026-08-24 15:47:18] Downloading update (202,306 of 336,229 KB)...
[2026-08-24 15:47:18] Downloading update (202,434 of 336,229 KB)...
[2026-08-24 15:47:18] Downloading update (202,562 of 336,229 KB)...
[2026-08-24 15:47:18] Downloading update (202,610 of 336,229 KB)...
[2026-08-24 15:47:19] Downloading update (202,722 of 336,229 KB)...
[2026-08-24 15:47:20] Downloading update (203,586 of 336,229 KB)...
[2026-08-24 15:47:20] Downloading update (204,482 of 336,229 KB)...
[2026-08-24 15:47:20] Downloading update (204,658 of 336,229 KB)...
[2026-08-24 15:47:20] Downloading update (204,914 of 336,229 KB)...
[2026-08-24 15:47:21] Downloading update (205,074 of 336,229 KB)...
[2026-08-24 15:47:21] Downloading update (205,170 of 336,229 KB)...
[2026-08-24 15:47:21] Downloading update (205,202 of 336,229 KB)...
[2026-08-24 15:47:21] Downloading update (205,218 of 336,229 KB)...
[2026-08-24 15:47:22] Downloading update (205,250 of 336,229 KB)...
[2026-08-24 15:47:22] Downloading update (205,538 of 336,229 KB)...
[2026-08-24 15:47:22] Downloading update (205,874 of 336,229 KB)...
[2026-08-24 15:47:22] Downloading update (206,018 of 336,229 KB)...
[2026-08-24 15:47:23] Downloading update (206,386 of 336,229 KB)...
[2026-08-24 15:47:23] Downloading update (206,690 of 336,229 KB)...
[2026-08-24 15:47:23] Downloading update (206,946 of 336,229 KB)...
[2026-08-24 15:47:24] Downloading update (207,426 of 336,229 KB)...
[2026-08-24 15:47:24] Downloading update (207,746 of 336,229 KB)...
[2026-08-24 15:47:24] Downloading update (208,226 of 336,229 KB)...
[2026-08-24 15:47:24] Downloading update (208,674 of 336,229 KB)...
[2026-08-24 15:47:25] Downloading update (209,010 of 336,229 KB)...
[2026-08-24 15:47:25] Downloading update (209,378 of 336,229 KB)...
[2026-08-24 15:47:25] Downloading update (209,650 of 336,229 KB)...
[2026-08-24 15:47:25] Downloading update (209,794 of 336,229 KB)...
[2026-08-24 15:47:26] Downloading update (210,050 of 336,229 KB)...
[2026-08-24 15:47:26] Downloading update (210,386 of 336,229 KB)...
[2026-08-24 15:47:26] Downloading update (210,722 of 336,229 KB)...
[2026-08-24 15:47:26] Downloading update (211,074 of 336,229 KB)...
[2026-08-24 15:47:27] Downloading update (211,378 of 336,229 KB)...
[2026-08-24 15:47:27] Downloading update (211,586 of 336,229 KB)...
[2026-08-24 15:47:27] Downloading update (211,890 of 336,229 KB)...
[2026-08-24 15:47:27] Downloading update (212,226 of 336,229 KB)...
[2026-08-24 15:47:28] Downloading update (212,386 of 336,229 KB)...
[2026-08-24 15:47:28] Downloading update (212,674 of 336,229 KB)...
[2026-08-24 15:47:28] Downloading update (212,994 of 336,229 KB)...
[2026-08-24 15:47:28] Downloading update (213,295 of 336,229 KB)...
[2026-08-24 15:47:29] Downloading update (213,599 of 336,229 KB)...
[2026-08-24 15:47:29] Downloading update (214,063 of 336,229 KB)...
[2026-08-24 15:47:30] Downloading update (214,351 of 336,229 KB)...
[2026-08-24 15:47:30] Downloading update (214,655 of 336,229 KB)...
[2026-08-24 15:47:30] Downloading update (214,927 of 336,229 KB)...
[2026-08-24 15:47:30] Downloading update (215,247 of 336,229 KB)...
[2026-08-24 15:47:31] Downloading update (215,455 of 336,229 KB)...
[2026-08-24 15:47:31] Downloading update (215,711 of 336,229 KB)...
[2026-08-24 15:47:31] Downloading update (215,983 of 336,229 KB)...
[2026-08-24 15:47:31] Downloading update (216,303 of 336,229 KB)...
[2026-08-24 15:47:32] Downloading update (216,575 of 336,229 KB)...
[2026-08-24 15:47:32] Downloading update (216,847 of 336,229 KB)...
[2026-08-24 15:47:32] Downloading update (217,311 of 336,229 KB)...
[2026-08-24 15:47:32] Downloading update (217,727 of 336,229 KB)...
[2026-08-24 15:47:33] Downloading update (218,063 of 336,229 KB)...
[2026-08-24 15:47:33] Downloading update (218,415 of 336,229 KB)...
[2026-08-24 15:47:33] Downloading update (218,559 of 336,229 KB)...
[2026-08-24 15:47:33] Downloading update (218,799 of 336,229 KB)...
[2026-08-24 15:47:34] Downloading update (219,003 of 336,229 KB)...
[2026-08-24 15:47:34] Downloading update (219,131 of 336,229 KB)...
[2026-08-24 15:47:34] Downloading update (219,259 of 336,229 KB)...
[2026-08-24 15:47:35] Downloading update (219,323 of 336,229 KB)...
[2026-08-24 15:47:35] Downloading update (219,451 of 336,229 KB)...
[2026-08-24 15:47:35] Downloading update (219,755 of 336,229 KB)...
[2026-08-24 15:47:35] Downloading update (220,421 of 336,229 KB)...
[2026-08-24 15:47:36] Downloading update (220,565 of 336,229 KB)...
[2026-08-24 15:47:36] Downloading update (220,725 of 336,229 KB)...
[2026-08-24 15:47:36] Downloading update (221,167 of 336,229 KB)...
[2026-08-24 15:47:36] Downloading update (221,567 of 336,229 KB)...
[2026-08-24 15:47:37] Downloading update (221,695 of 336,229 KB)...
[2026-08-24 15:47:37] Downloading update (222,287 of 336,229 KB)...
[2026-08-24 15:47:37] Downloading update (222,415 of 336,229 KB)...
[2026-08-24 15:47:37] Downloading update (222,511 of 336,229 KB)...
[2026-08-24 15:47:38] Downloading update (222,552 of 336,229 KB)...
[2026-08-24 15:47:38] Downloading update (222,600 of 336,229 KB)...
[2026-08-24 15:47:38] Downloading update (222,712 of 336,229 KB)...
[2026-08-24 15:47:38] Downloading update (223,352 of 336,229 KB)...
[2026-08-24 15:47:39] Downloading update (223,400 of 336,229 KB)...
[2026-08-24 15:47:39] Downloading update (223,608 of 336,229 KB)...
[2026-08-24 15:47:39] Downloading update (223,720 of 336,229 KB)...
[2026-08-24 15:47:39] Downloading update (224,184 of 336,229 KB)...
[2026-08-24 15:47:40] Downloading update (224,572 of 336,229 KB)...
[2026-08-24 15:47:40] Downloading update (224,796 of 336,229 KB)...
[2026-08-24 15:47:40] Downloading update (225,132 of 336,229 KB)...
[2026-08-24 15:47:40] Downloading update (225,340 of 336,229 KB)...
[2026-08-24 15:47:41] Downloading update (225,564 of 336,229 KB)...
[2026-08-24 15:47:41] Downloading update (225,900 of 336,229 KB)...
[2026-08-24 15:47:41] Downloading update (226,188 of 336,229 KB)...
[2026-08-24 15:47:41] Downloading update (226,412 of 336,229 KB)...
[2026-08-24 15:47:42] Downloading update (226,599 of 336,229 KB)...
[2026-08-24 15:47:42] Downloading update (226,839 of 336,229 KB)...
[2026-08-24 15:47:42] Downloading update (227,095 of 336,229 KB)...
[2026-08-24 15:47:42] Downloading update (227,239 of 336,229 KB)...
[2026-08-24 15:47:43] Downloading update (227,463 of 336,229 KB)...
[2026-08-24 15:47:43] Downloading update (227,719 of 336,229 KB)...
[2026-08-24 15:47:43] Downloading update (228,007 of 336,229 KB)...
[2026-08-24 15:47:43] Downloading update (228,231 of 336,229 KB)...
[2026-08-24 15:47:44] Downloading update (228,455 of 336,229 KB)...
[2026-08-24 15:47:44] Downloading update (228,738 of 336,229 KB)...
[2026-08-24 15:47:44] Downloading update (229,010 of 336,229 KB)...
[2026-08-24 15:47:44] Downloading update (229,138 of 336,229 KB)...
[2026-08-24 15:47:45] Downloading update (229,564 of 336,229 KB)...
[2026-08-24 15:47:45] Downloading update (229,852 of 336,229 KB)...
[2026-08-24 15:47:45] Downloading update (230,106 of 336,229 KB)...
[2026-08-24 15:47:46] Downloading update (230,314 of 336,229 KB)...
[2026-08-24 15:47:46] Downloading update (230,618 of 336,229 KB)...
[2026-08-24 15:47:46] Downloading update (230,986 of 336,229 KB)...
[2026-08-24 15:47:46] Downloading update (231,370 of 336,229 KB)...
[2026-08-24 15:47:47] Downloading update (231,770 of 336,229 KB)...
[2026-08-24 15:47:47] Downloading update (232,138 of 336,229 KB)...
[2026-08-24 15:47:47] Downloading update (232,426 of 336,229 KB)...
[2026-08-24 15:47:47] Downloading update (232,906 of 336,229 KB)...
[2026-08-24 15:47:48] Downloading update (233,306 of 336,229 KB)...
[2026-08-24 15:47:48] Downloading update (233,546 of 336,229 KB)...
[2026-08-24 15:47:48] Downloading update (233,802 of 336,229 KB)...
[2026-08-24 15:47:48] Downloading update (234,042 of 336,229 KB)...
[2026-08-24 15:47:49] Downloading update (234,170 of 336,229 KB)...
[2026-08-24 15:47:49] Downloading update (234,410 of 336,229 KB)...
[2026-08-24 15:47:49] Downloading update (234,602 of 336,229 KB)...
[2026-08-24 15:47:49] Downloading update (234,794 of 336,229 KB)...
[2026-08-24 15:47:50] Downloading update (234,874 of 336,229 KB)...
[2026-08-24 15:47:50] Downloading update (234,922 of 336,229 KB)...
[2026-08-24 15:47:50] Downloading update (235,546 of 336,229 KB)...
[2026-08-24 15:47:50] Downloading update (235,690 of 336,229 KB)...
[2026-08-24 15:47:51] Downloading update (235,994 of 336,229 KB)...
[2026-08-24 15:47:51] Downloading update (236,154 of 336,229 KB)...
[2026-08-24 15:47:51] Downloading update (236,634 of 336,229 KB)...
[2026-08-24 15:47:51] Downloading update (236,842 of 336,229 KB)...
[2026-08-24 15:47:52] Downloading update (237,079 of 336,229 KB)...
[2026-08-24 15:47:52] Downloading update (237,431 of 336,229 KB)...
[2026-08-24 15:47:52] Downloading update (237,559 of 336,229 KB)...
[2026-08-24 15:47:53] Downloading update (237,703 of 336,229 KB)...
[2026-08-24 15:47:53] Downloading update (237,895 of 336,229 KB)...
[2026-08-24 15:47:53] Downloading update (238,071 of 336,229 KB)...
[2026-08-24 15:47:53] Downloading update (238,375 of 336,229 KB)...
[2026-08-24 15:47:54] Downloading update (238,679 of 336,229 KB)...
[2026-08-24 15:47:54] Downloading update (238,871 of 336,229 KB)...
[2026-08-24 15:47:54] Downloading update (239,223 of 336,229 KB)...
[2026-08-24 15:47:54] Downloading update (239,511 of 336,229 KB)...
[2026-08-24 15:47:55] Downloading update (239,623 of 336,229 KB)...
[2026-08-24 15:47:55] Downloading update (239,847 of 336,229 KB)...
[2026-08-24 15:47:55] Downloading update (240,055 of 336,229 KB)...
[2026-08-24 15:47:55] Downloading update (240,231 of 336,229 KB)...
[2026-08-24 15:47:56] Downloading update (240,471 of 336,229 KB)...
[2026-08-24 15:47:56] Downloading update (240,743 of 336,229 KB)...
[2026-08-24 15:47:56] Downloading update (240,903 of 336,229 KB)...
[2026-08-24 15:47:56] Downloading update (240,935 of 336,229 KB)...
[2026-08-24 15:47:57] Downloading update (241,031 of 336,229 KB)...
[2026-08-24 15:47:57] Downloading update (241,079 of 336,229 KB)...
[2026-08-24 15:47:57] Downloading update (241,239 of 336,229 KB)...
[2026-08-24 15:47:58] Downloading update (242,023 of 336,229 KB)...
[2026-08-24 15:47:58] Downloading update (242,279 of 336,229 KB)...
[2026-08-24 15:47:58] Downloading update (242,487 of 336,229 KB)...
[2026-08-24 15:47:58] Downloading update (242,663 of 336,229 KB)...
[2026-08-24 15:47:59] Downloading update (242,887 of 336,229 KB)...
[2026-08-24 15:47:59] Downloading update (243,079 of 336,229 KB)...
[2026-08-24 15:47:59] Downloading update (243,367 of 336,229 KB)...
[2026-08-24 15:47:59] Downloading update (243,703 of 336,229 KB)...
[2026-08-24 15:48:00] Downloading update (243,863 of 336,229 KB)...
[2026-08-24 15:48:00] Downloading update (243,927 of 336,229 KB)...
[2026-08-24 15:48:00] Downloading update (243,943 of 336,229 KB)...
[2026-08-24 15:48:01] Downloading update (244,359 of 336,229 KB)...
[2026-08-24 15:48:01] Downloading update (244,439 of 336,229 KB)...
[2026-08-24 15:48:01] Downloading update (244,631 of 336,229 KB)...
[2026-08-24 15:48:02] Downloading update (244,647 of 336,229 KB)...
[2026-08-24 15:48:02] Downloading update (244,903 of 336,229 KB)...
[2026-08-24 15:48:02] Downloading update (244,951 of 336,229 KB)...
[2026-08-24 15:48:02] Downloading update (245,079 of 336,229 KB)...
[2026-08-24 15:48:03] Downloading update (245,143 of 336,229 KB)...
[2026-08-24 15:48:03] Downloading update (245,335 of 336,229 KB)...
[2026-08-24 15:48:03] Downloading update (245,415 of 336,229 KB)...
[2026-08-24 15:48:03] Downloading update (245,639 of 336,229 KB)...
[2026-08-24 15:48:04] Downloading update (245,767 of 336,229 KB)...
[2026-08-24 15:48:04] Downloading update (246,055 of 336,229 KB)...
[2026-08-24 15:48:04] Downloading update (246,167 of 336,229 KB)...
[2026-08-24 15:48:04] Downloading update (246,247 of 336,229 KB)...
[2026-08-24 15:48:05] Downloading update (246,279 of 336,229 KB)...
[2026-08-24 15:48:05] Downloading update (246,375 of 336,229 KB)...
[2026-08-24 15:48:05] Downloading update (246,471 of 336,229 KB)...
[2026-08-24 15:48:05] Downloading update (246,535 of 336,229 KB)...
[2026-08-24 15:48:06] Downloading update (246,567 of 336,229 KB)...
[2026-08-24 15:48:06] Downloading update (246,775 of 336,229 KB)...
[2026-08-24 15:48:07] Downloading update (247,207 of 336,229 KB)...
[2026-08-24 15:48:07] Downloading update (247,559 of 336,229 KB)...
[2026-08-24 15:48:07] Downloading update (247,591 of 336,229 KB)...
[2026-08-24 15:48:08] Downloading update (248,007 of 336,229 KB)...
[2026-08-24 15:48:08] Downloading update (248,055 of 336,229 KB)...
[2026-08-24 15:48:08] Downloading update (248,471 of 336,229 KB)...
[2026-08-24 15:48:08] Downloading update (248,503 of 336,229 KB)...
[2026-08-24 15:48:09] Downloading update (248,695 of 336,229 KB)...
[2026-08-24 15:48:09] Downloading update (248,727 of 336,229 KB)...
[2026-08-24 15:48:09] Downloading update (248,967 of 336,229 KB)...
[2026-08-24 15:48:09] Downloading update (249,015 of 336,229 KB)...
[2026-08-24 15:48:10] Downloading update (249,303 of 336,229 KB)...
[2026-08-24 15:48:10] Downloading update (249,399 of 336,229 KB)...
[2026-08-24 15:48:10] Downloading update (249,767 of 336,229 KB)...
[2026-08-24 15:48:10] Downloading update (249,815 of 336,229 KB)...
[2026-08-24 15:48:11] Downloading update (250,087 of 336,229 KB)...
[2026-08-24 15:48:11] Downloading update (250,215 of 336,229 KB)...
[2026-08-24 15:48:11] Downloading update (250,375 of 336,229 KB)...
[2026-08-24 15:48:11] Downloading update (250,551 of 336,229 KB)...
[2026-08-24 15:48:12] Downloading update (250,679 of 336,229 KB)...
[2026-08-24 15:48:12] Downloading update (250,775 of 336,229 KB)...
[2026-08-24 15:48:12] Downloading update (250,871 of 336,229 KB)...
[2026-08-24 15:48:12] Downloading update (250,967 of 336,229 KB)...
[2026-08-24 15:48:13] Downloading update (251,111 of 336,229 KB)...
[2026-08-24 15:48:13] Downloading update (251,191 of 336,229 KB)...
[2026-08-24 15:48:13] Downloading update (251,383 of 336,229 KB)...
[2026-08-24 15:48:13] Downloading update (251,639 of 336,229 KB)...
[2026-08-24 15:48:14] Downloading update (251,927 of 336,229 KB)...
[2026-08-24 15:48:14] Downloading update (252,199 of 336,229 KB)...
[2026-08-24 15:48:14] Downloading update (252,311 of 336,229 KB)...
[2026-08-24 15:48:14] Downloading update (252,423 of 336,229 KB)...
[2026-08-24 15:48:15] Downloading update (252,631 of 336,229 KB)...
[2026-08-24 15:48:15] Downloading update (252,871 of 336,229 KB)...
[2026-08-24 15:48:15] Downloading update (253,063 of 336,229 KB)...
[2026-08-24 15:48:16] Downloading update (253,223 of 336,229 KB)...
[2026-08-24 15:48:16] Downloading update (253,271 of 336,229 KB)...
[2026-08-24 15:48:16] Downloading update (253,335 of 336,229 KB)...
[2026-08-24 15:48:16] Downloading update (253,447 of 336,229 KB)...
[2026-08-24 15:48:17] Downloading update (253,495 of 336,229 KB)...
[2026-08-24 15:48:17] Downloading update (254,087 of 336,229 KB)...
[2026-08-24 15:48:17] Downloading update (254,231 of 336,229 KB)...
[2026-08-24 15:48:18] Downloading update (254,503 of 336,229 KB)...
[2026-08-24 15:48:18] Downloading update (254,695 of 336,229 KB)...
[2026-08-24 15:48:18] Downloading update (254,935 of 336,229 KB)...
[2026-08-24 15:48:18] Downloading update (255,143 of 336,229 KB)...
[2026-08-24 15:48:19] Downloading update (255,351 of 336,229 KB)...
[2026-08-24 15:48:19] Downloading update (255,639 of 336,229 KB)...
[2026-08-24 15:48:19] Downloading update (255,863 of 336,229 KB)...
[2026-08-24 15:48:19] Downloading update (256,071 of 336,229 KB)...
[2026-08-24 15:48:20] Downloading update (256,263 of 336,229 KB)...
[2026-08-24 15:48:20] Downloading update (256,471 of 336,229 KB)...
[2026-08-24 15:48:20] Downloading update (256,711 of 336,229 KB)...
[2026-08-24 15:48:20] Downloading update (256,871 of 336,229 KB)...
[2026-08-24 15:48:21] Downloading update (257,207 of 336,229 KB)...
[2026-08-24 15:48:21] Downloading update (257,495 of 336,229 KB)...
[2026-08-24 15:48:21] Downloading update (257,735 of 336,229 KB)...
[2026-08-24 15:48:21] Downloading update (258,023 of 336,229 KB)...
[2026-08-24 15:48:22] Downloading update (258,359 of 336,229 KB)...
[2026-08-24 15:48:22] Downloading update (258,711 of 336,229 KB)...
[2026-08-24 15:48:22] Downloading update (258,935 of 336,229 KB)...
[2026-08-24 15:48:22] Downloading update (259,127 of 336,229 KB)...
[2026-08-24 15:48:23] Downloading update (259,415 of 336,229 KB)...
[2026-08-24 15:48:23] Downloading update (259,831 of 336,229 KB)...
[2026-08-24 15:48:23] Downloading update (260,103 of 336,229 KB)...
[2026-08-24 15:48:23] Downloading update (260,327 of 336,229 KB)...
[2026-08-24 15:48:24] Downloading update (260,535 of 336,229 KB)...
[2026-08-24 15:48:24] Downloading update (260,727 of 336,229 KB)...
[2026-08-24 15:48:24] Downloading update (260,887 of 336,229 KB)...
[2026-08-24 15:48:24] Downloading update (261,207 of 336,229 KB)...
[2026-08-24 15:48:25] Downloading update (261,559 of 336,229 KB)...
[2026-08-24 15:48:25] Downloading update (261,783 of 336,229 KB)...
[2026-08-24 15:48:25] Downloading update (261,975 of 336,229 KB)...
[2026-08-24 15:48:25] Downloading update (262,327 of 336,229 KB)...
[2026-08-24 15:48:26] Downloading update (262,615 of 336,229 KB)...
[2026-08-24 15:48:26] Downloading update (262,823 of 336,229 KB)...
[2026-08-24 15:48:26] Downloading update (263,047 of 336,229 KB)...
[2026-08-24 15:48:26] Downloading update (263,255 of 336,229 KB)...
[2026-08-24 15:48:27] Downloading update (263,431 of 336,229 KB)...
[2026-08-24 15:48:27] Downloading update (263,735 of 336,229 KB)...
[2026-08-24 15:48:27] Downloading update (263,911 of 336,229 KB)...
[2026-08-24 15:48:28] Downloading update (264,055 of 336,229 KB)...
[2026-08-24 15:48:28] Downloading update (264,231 of 336,229 KB)...
[2026-08-24 15:48:28] Downloading update (264,455 of 336,229 KB)...
[2026-08-24 15:48:28] Downloading update (264,743 of 336,229 KB)...
[2026-08-24 15:48:29] Downloading update (264,999 of 336,229 KB)...
[2026-08-24 15:48:29] Downloading update (265,239 of 336,229 KB)...
[2026-08-24 15:48:29] Downloading update (265,447 of 336,229 KB)...
[2026-08-24 15:48:29] Downloading update (265,687 of 336,229 KB)...
[2026-08-24 15:48:30] Downloading update (265,959 of 336,229 KB)...
[2026-08-24 15:48:30] Downloading update (266,311 of 336,229 KB)...
[2026-08-24 15:48:30] Downloading update (266,679 of 336,229 KB)...
[2026-08-24 15:48:30] Downloading update (266,983 of 336,229 KB)...
[2026-08-24 15:48:31] Downloading update (267,319 of 336,229 KB)...
[2026-08-24 15:48:31] Downloading update (267,591 of 336,229 KB)...
[2026-08-24 15:48:31] Downloading update (267,831 of 336,229 KB)...
[2026-08-24 15:48:31] Downloading update (268,007 of 336,229 KB)...
[2026-08-24 15:48:32] Downloading update (268,103 of 336,229 KB)...
[2026-08-24 15:48:32] Downloading update (268,135 of 336,229 KB)...
[2026-08-24 15:48:33] Downloading update (268,279 of 336,229 KB)...
[2026-08-24 15:48:33] Downloading update (268,471 of 336,229 KB)...
[2026-08-24 15:48:33] Downloading update (268,679 of 336,229 KB)...
[2026-08-24 15:48:34] Downloading update (268,839 of 336,229 KB)...
[2026-08-24 15:48:34] Downloading update (269,015 of 336,229 KB)...
[2026-08-24 15:48:34] Downloading update (270,103 of 336,229 KB)...
[2026-08-24 15:48:34] Downloading update (270,887 of 336,229 KB)...
[2026-08-24 15:48:35] Downloading update (271,271 of 336,229 KB)...
[2026-08-24 15:48:35] Downloading update (271,607 of 336,229 KB)...
[2026-08-24 15:48:35] Downloading update (271,815 of 336,229 KB)...
[2026-08-24 15:48:35] Downloading update (272,023 of 336,229 KB)...
[2026-08-24 15:48:36] Downloading update (272,167 of 336,229 KB)...
[2026-08-24 15:48:36] Downloading update (272,311 of 336,229 KB)...
[2026-08-24 15:48:36] Downloading update (272,471 of 336,229 KB)...
[2026-08-24 15:48:36] Downloading update (272,983 of 336,229 KB)...
[2026-08-24 15:48:37] Downloading update (273,239 of 336,229 KB)...
[2026-08-24 15:48:37] Downloading update (273,495 of 336,229 KB)...
[2026-08-24 15:48:37] Downloading update (273,767 of 336,229 KB)...
[2026-08-24 15:48:37] Downloading update (273,991 of 336,229 KB)...
[2026-08-24 15:48:38] Downloading update (274,279 of 336,229 KB)...
[2026-08-24 15:48:38] Downloading update (274,567 of 336,229 KB)...
[2026-08-24 15:48:38] Downloading update (274,727 of 336,229 KB)...
[2026-08-24 15:48:38] Downloading update (274,823 of 336,229 KB)...
[2026-08-24 15:48:39] Downloading update (274,935 of 336,229 KB)...
[2026-08-24 15:48:39] Downloading update (274,983 of 336,229 KB)...
[2026-08-24 15:48:39] Downloading update (275,031 of 336,229 KB)...
[2026-08-24 15:48:40] Downloading update (275,143 of 336,229 KB)...
[2026-08-24 15:48:40] Downloading update (275,831 of 336,229 KB)...
[2026-08-24 15:48:40] Downloading update (275,959 of 336,229 KB)...
[2026-08-24 15:48:40] Downloading update (276,087 of 336,229 KB)...
[2026-08-24 15:48:41] Downloading update (276,231 of 336,229 KB)...
[2026-08-24 15:48:41] Downloading update (276,471 of 336,229 KB)...
[2026-08-24 15:48:41] Downloading update (276,663 of 336,229 KB)...
[2026-08-24 15:48:42] Downloading update (276,951 of 336,229 KB)...
[2026-08-24 15:48:42] Downloading update (277,111 of 336,229 KB)...
[2026-08-24 15:48:42] Downloading update (277,271 of 336,229 KB)...
[2026-08-24 15:48:42] Downloading update (277,383 of 336,229 KB)...
[2026-08-24 15:48:43] Downloading update (277,543 of 336,229 KB)...
[2026-08-24 15:48:43] Downloading update (277,687 of 336,229 KB)...
[2026-08-24 15:48:43] Downloading update (277,831 of 336,229 KB)...
[2026-08-24 15:48:43] Downloading update (277,927 of 336,229 KB)...
[2026-08-24 15:48:44] Downloading update (278,055 of 336,229 KB)...
[2026-08-24 15:48:44] Downloading update (278,167 of 336,229 KB)...
[2026-08-24 15:48:44] Downloading update (278,263 of 336,229 KB)...
[2026-08-24 15:48:44] Downloading update (278,359 of 336,229 KB)...
[2026-08-24 15:48:45] Downloading update (278,743 of 336,229 KB)...
[2026-08-24 15:48:45] Downloading update (279,015 of 336,229 KB)...
[2026-08-24 15:48:45] Downloading update (279,335 of 336,229 KB)...
[2026-08-24 15:48:45] Downloading update (279,591 of 336,229 KB)...
[2026-08-24 15:48:46] Downloading update (279,879 of 336,229 KB)...
[2026-08-24 15:48:46] Downloading update (280,199 of 336,229 KB)...
[2026-08-24 15:48:46] Downloading update (280,455 of 336,229 KB)...
[2026-08-24 15:48:46] Downloading update (280,711 of 336,229 KB)...
[2026-08-24 15:48:47] Downloading update (280,951 of 336,229 KB)...
[2026-08-24 15:48:47] Downloading update (281,255 of 336,229 KB)...
[2026-08-24 15:48:47] Downloading update (281,479 of 336,229 KB)...
[2026-08-24 15:48:47] Downloading update (281,767 of 336,229 KB)...
[2026-08-24 15:48:48] Downloading update (281,991 of 336,229 KB)...
[2026-08-24 15:48:48] Downloading update (282,151 of 336,229 KB)...
[2026-08-24 15:48:48] Downloading update (282,375 of 336,229 KB)...
[2026-08-24 15:48:48] Downloading update (282,551 of 336,229 KB)...
[2026-08-24 15:48:49] Downloading update (282,743 of 336,229 KB)...
[2026-[JuiceStage] init_syscall_frame entered; entry=0x53cee0 arg=0x146abe0 teb=0x7ffd8000 data=0x103000000 frame=0x10310fb00 stack_base=0x10320fd20 stack_limit=0x103118000
[JuiceStage] calling signal_set_full_context; ctx=0x10320f990 target_pc=0x2d79b92a0 target_sp=0x10320fd20 target_x18=0x7ffd8000 LdrInitializeThunk=0x2d79b92c0 RtlUserThreadStart=0x2d79b92a0
[JuiceStage] signal_set_full_context returned; status=00000000 frame_pc=0x2d79b92a0 frame_sp=0x10320fd20 frame_x18=0x7ffd8000 restore=00400007
[JuiceStage] init_syscall_frame complete; dispatcher_pc=0x2d79b92c0 user_sp=0x10320f990 x16=0x2d79b92c0 x17=0x10320f990 x18=0x7ffd8000 restore=00400007
[JuiceStage] init_syscall_frame entered; entry=0x53cee0 arg=0x146ac40 teb=0x7ffd4000 data=0x103210000 frame=0x10331fb00 stack_base=0x10341fd20 stack_limit=0x103328000
[JuiceStage] calling signal_set_full_context; ctx=0x10341f990 target_pc=0x2d79b92a0 target_sp=0x10341fd20 target_x18=0x7ffd4000 LdrInitializeThunk=0x2d79b92c0 RtlUserThreadStart=0x2d79b92a0
[JuiceStage] signal_set_full_context returned; status=00000000 frame_pc=0x2d79b92a0 frame_sp=0x10341fd20 frame_x18=0x7ffd4000 restore=00400007
[JuiceStage] init_syscall_frame complete; dispatcher_pc=0x2d79b92c0 user_sp=0x10341f990 x16=0x2d79b92c0 x17=0x10341f990 x18=0x7ffd4000 restore=00400007
08-24 15:48:49] Downloading update (282,919 of 336,229 KB)...
[2026-08-24 15:48:49] Downloading update (283,095 of 336,229 KB)...
[2026-08-24 15:48:49] Downloading update (283,207 of 336,229 KB)...
[2026-08-24 15:48:50] Downloading update (283,447 of 336,229 KB)...
[2026-08-24 15:48:50] Downloading update (283,687 of 336,229 KB)...
[2026-08-24 15:48:50] Downloading update (283,943 of 336,229 KB)...
[2026-08-24 15:48:50] Downloading update (284,119 of 336,229 KB)...
[2026-08-24 15:48:51] Downloading update (284,327 of 336,229 KB)...
[2026-08-24 15:48:51] Downloading update (284,551 of 336,229 KB)...
[2026-08-24 15:48:51] Downloading update (284,919 of 336,229 KB)...
[2026-08-24 15:48:51] Downloading update (285,191 of 336,229 KB)...
[2026-08-24 15:48:52] Downloading update (285,447 of 336,229 KB)...
[2026-08-24 15:48:52] Downloading update (285,511 of 336,229 KB)...
[2026-08-24 15:48:52] Downloading update (286,439 of 336,229 KB)...
[2026-08-24 15:48:53] Downloading update (286,679 of 336,229 KB)...
[2026-08-24 15:48:53] Downloading update (287,047 of 336,229 KB)...
[2026-08-24 15:48:53] Downloading update (287,335 of 336,229 KB)...
[2026-08-24 15:48:53] Downloading update (287,639 of 336,229 KB)...
[2026-08-24 15:48:54] Downloading update (287,927 of 336,229 KB)...
[2026-08-24 15:48:54] Downloading update (288,247 of 336,229 KB)...
[2026-08-24 15:48:54] Downloading update (288,503 of 336,229 KB)...
[2026-08-24 15:48:54] Downloading update (288,743 of 336,229 KB)...
[2026-08-24 15:48:55] Downloading update (288,999 of 336,229 KB)...
[2026-08-24 15:48:55] Downloading update (289,143 of 336,229 KB)...
[2026-08-24 15:48:56] Downloading update (289,207 of 336,229 KB)...
[2026-08-24 15:48:57] Downloading update (289,335 of 336,229 KB)...
[2026-08-24 15:48:57] Downloading update (289,431 of 336,229 KB)...
[2026-08-24 15:48:57] Downloading update (291,159 of 336,229 KB)...
[2026-08-24 15:48:58] Downloading update (291,511 of 336,229 KB)...
[2026-08-24 15:48:58] Downloading update (291,735 of 336,229 KB)...
[2026-08-24 15:48:58] Downloading update (291,959 of 336,229 KB)...
[2026-08-24 15:48:58] Downloading update (292,119 of 336,229 KB)...
[2026-08-24 15:48:59] Downloading update (292,279 of 336,229 KB)...
[2026-08-24 15:48:59] Downloading update (292,311 of 336,229 KB)...
[2026-08-24 15:48:59] Downloading update (292,359 of 336,229 KB)...
[2026-08-24 15:48:59] Downloading update (293,255 of 336,229 KB)...
[2026-08-24 15:49:00] Downloading update (293,559 of 336,229 KB)...
[2026-08-24 15:49:00] Downloading update (293,831 of 336,229 KB)...
[2026-08-24 15:49:00] Downloading update (294,087 of 336,229 KB)...
[2026-08-24 15:49:00] Downloading update (294,375 of 336,229 KB)...
[2026-08-24 15:49:01] Downloading update (294,727 of 336,229 KB)...
[2026-08-24 15:49:01] Downloading update (295,095 of 336,229 KB)...
[2026-08-24 15:49:01] Downloading update (295,447 of 336,229 KB)...
[2026-08-24 15:49:01] Downloading update (295,623 of 336,229 KB)...
[2026-08-24 15:49:02] Downloading update (295,831 of 336,229 KB)...
[2026-08-24 15:49:02] Downloading update (296,023 of 336,229 KB)...
[2026-08-24 15:49:02] Downloading update (296,183 of 336,229 KB)...
[2026-08-24 15:49:02] Downloading update (296,231 of 336,229 KB)...
[2026-08-24 15:49:03] Downloading update (296,823 of 336,229 KB)...
[2026-08-24 15:49:03] Downloading update (297,079 of 336,229 KB)...
[2026-08-24 15:49:03] Downloading update (297,383 of 336,229 KB)...
[2026-08-24 15:49:03] Downloading update (297,607 of 336,229 KB)...
[2026-08-24 15:49:04] Downloading update (297,959 of 336,229 KB)...
[2026-08-24 15:49:04] Downloading update (298,295 of 336,229 KB)...
[2026-08-24 15:49:04] Downloading update (298,775 of 336,229 KB)...
[2026-08-24 15:49:04] Downloading update (299,111 of 336,229 KB)...
[2026-08-24 15:49:05] Downloading update (299,319 of 336,229 KB)...
[2026-08-24 15:49:05] Downloading update (299,575 of 336,229 KB)...
[2026-08-24 15:49:05] Downloading update (299,927 of 336,229 KB)...
[2026-08-24 15:49:05] Downloading update (300,023 of 336,229 KB)...
[2026-08-24 15:49:06] Downloading update (300,151 of 336,229 KB)...
[2026-08-24 15:49:06] Downloading update (300,359 of 336,229 KB)...
[2026-08-24 15:49:06] Downloading update (300,631 of 336,229 KB)...
[2026-08-24 15:49:06] Downloading update (300,935 of 336,229 KB)...
[2026-08-24 15:49:07] Downloading update (301,271 of 336,229 KB)...
[2026-08-24 15:49:07] Downloading update (301,623 of 336,229 KB)...
[2026-08-24 15:49:07] Downloading update (301,847 of 336,229 KB)...
[2026-08-24 15:49:07] Downloading update (302,103 of 336,229 KB)...
[2026-08-24 15:49:08] Downloading update (302,311 of 336,229 KB)...
[2026-08-24 15:49:08] Downloading update (302,487 of 336,229 KB)...
[2026-08-24 15:49:08] Downloading update (302,663 of 336,229 KB)...
[2026-08-24 15:49:08] Downloading update (302,807 of 336,229 KB)...
[2026-08-24 15:49:09] Downloading update (303,223 of 336,229 KB)...
[2026-08-24 15:49:09] Downloading update (303,447 of 336,229 KB)...
[2026-08-24 15:49:09] Downloading update (303,607 of 336,229 KB)...
[2026-08-24 15:49:09] Downloading update (303,911 of 336,229 KB)...
[2026-08-24 15:49:10] Downloading update (304,071 of 336,229 KB)...
[2026-08-24 15:49:10] Downloading update (304,407 of 336,229 KB)...
[2026-08-24 15:49:10] Downloading update (304,631 of 336,229 KB)...
[2026-08-24 15:49:11] Downloading update (304,791 of 336,229 KB)...
[2026-08-24 15:49:11] Downloading update (305,319 of 336,229 KB)...
[2026-08-24 15:49:11] Downloading update (305,527 of 336,229 KB)...
[2026-08-24 15:49:11] Downloading update (305,831 of 336,229 KB)...
[2026-08-24 15:49:12] Downloading update (306,135 of 336,229 KB)...
[2026-08-24 15:49:12] Downloading update (306,455 of 336,229 KB)...
[2026-08-24 15:49:12] Downloading update (306,663 of 336,229 KB)...
[2026-08-24 15:49:12] Downloading update (306,919 of 336,229 KB)...
[2026-08-24 15:49:13] Downloading update (307,047 of 336,229 KB)...
[2026-08-24 15:49:13] Downloading update (307,079 of 336,229 KB)...
[2026-08-24 15:49:14] Downloading update (307,207 of 336,229 KB)...
[2026-08-24 15:49:14] Downloading update (307,447 of 336,229 KB)...
[2026-08-24 15:49:15] Downloading update (307,767 of 336,229 KB)...
[2026-08-24 15:49:15] Downloading update (308,215 of 336,229 KB)...
[2026-08-24 15:49:15] Downloading update (309,127 of 336,229 KB)...
[2026-08-24 15:49:15] Downloading update (309,319 of 336,229 KB)...
[2026-08-24 15:49:16] Downloading update (309,591 of 336,229 KB)...
[2026-08-24 15:49:16] Downloading update (309,863 of 336,229 KB)...
[2026-08-24 15:49:16] Downloading update (310,087 of 336,229 KB)...
[2026-08-24 15:49:16] Downloading update (310,311 of 336,229 KB)...
[2026-08-24 15:49:17] Downloading update (310,663 of 336,229 KB)...
[2026-08-24 15:49:17] Downloading update (310,967 of 336,229 KB)...
[2026-08-24 15:49:17] Downloading update (311,239 of 336,229 KB)...
[2026-08-24 15:49:17] Downloading update (311,447 of 336,229 KB)...
[2026-08-24 15:49:18] Downloading update (311,591 of 336,229 KB)...
[2026-08-24 15:49:18] Downloading update (311,815 of 336,229 KB)...
[2026-08-24 15:49:18] Downloading update (312,071 of 336,229 KB)...
[2026-08-24 15:49:18] Downloading update (312,471 of 336,229 KB)...
[2026-08-24 15:49:19] Downloading update (312,807 of 336,229 KB)...
[2026-08-24 15:49:19] Downloading update (313,271 of 336,229 KB)...
[2026-08-24 15:49:19] Downloading update (313,623 of 336,229 KB)...
[2026-08-24 15:49:19] Downloading update (313,959 of 336,229 KB)...
[2026-08-24 15:49:20] Downloading update (314,295 of 336,229 KB)...
[2026-08-24 15:49:20] Downloading update (314,711 of 336,229 KB)...
[2026-08-24 15:49:20] Downloading update (314,967 of 336,229 KB)...
[2026-08-24 15:49:20] Downloading update (315,271 of 336,229 KB)...
[2026-08-24 15:49:21] Downloading update (315,607 of 336,229 KB)...
[2026-08-24 15:49:21] Downloading update (315,863 of 336,229 KB)...
[2026-08-24 15:49:21] Downloading update (316,039 of 336,229 KB)...
[2026-08-24 15:49:21] Downloading update (316,263 of 336,229 KB)...
[2026-08-24 15:49:22] Downloading update (316,487 of 336,229 KB)...
[2026-08-24 15:49:22] Downloading update (316,727 of 336,229 KB)...
[2026-08-24 15:49:22] Downloading update (316,919 of 336,229 KB)...
[2026-08-24 15:49:22] Downloading update (317,143 of 336,229 KB)...
[2026-08-24 15:49:23] Downloading update (317,447 of 336,229 KB)...
[2026-08-24 15:49:23] Downloading update (317,687 of 336,229 KB)...
[2026-08-24 15:49:23] Downloading update (318,023 of 336,229 KB)...
[2026-08-24 15:49:23] Downloading update (318,231 of 336,229 KB)...
[2026-08-24 15:49:24] Downloading update (318,615 of 336,229 KB)...
[2026-08-24 15:49:24] Downloading update (318,951 of 336,229 KB)...
[2026-08-24 15:49:24] Downloading update (319,143 of 336,229 KB)...
[2026-08-24 15:49:25] Downloading update (319,319 of 336,229 KB)...
[2026-08-24 15:49:25] Downloading update (319,527 of 336,229 KB)...
[2026-08-24 15:49:25] Downloading update (319,671 of 336,229 KB)...
[2026-08-24 15:49:25] Downloading update (319,879 of 336,229 KB)...
[2026-08-24 15:49:26] Downloading update (320,071 of 336,229 KB)...
[2026-08-24 15:49:26] Downloading update (320,199 of 336,229 KB)...
[2026-08-24 15:49:26] Downloading update (320,311 of 336,229 KB)...
[2026-08-24 15:49:26] Downloading update (320,423 of 336,229 KB)...
[2026-08-24 15:49:27] Downloading update (320,871 of 336,229 KB)...
[2026-08-24 15:49:27] Downloading update (321,031 of 336,229 KB)...
[2026-08-24 15:49:27] Downloading update (321,431 of 336,229 KB)...
[2026-08-24 15:49:27] Downloading update (321,687 of 336,229 KB)...
[2026-08-24 15:49:28] Downloading update (321,959 of 336,229 KB)...
[2026-08-24 15:49:28] Downloading update (322,295 of 336,229 KB)...
[2026-08-24 15:49:28] Downloading update (322,551 of 336,229 KB)...
[2026-08-24 15:49:28] Downloading update (322,663 of 336,229 KB)...
[2026-08-24 15:49:29] Downloading update (322,871 of 336,229 KB)...
[2026-08-24 15:49:29] Downloading update (322,983 of 336,229 KB)...
[2026-08-24 15:49:29] Downloading update (323,015 of 336,229 KB)...
[2026-08-24 15:49:30] Downloading update (323,127 of 336,229 KB)...
[2026-08-24 15:49:30] Downloading update (323,815 of 336,229 KB)...
[2026-08-24 15:49:30] Downloading update (324,599 of 336,229 KB)...
[2026-08-24 15:49:31] Downloading update (324,855 of 336,229 KB)...
[2026-08-24 15:49:31] Downloading update (325,127 of 336,229 KB)...
[2026-08-24 15:49:31] Downloading update (325,367 of 336,229 KB)...
[2026-08-24 15:49:31] Downloading update (325,543 of 336,229 KB)...
[2026-08-24 15:49:32] Downloading update (325,767 of 336,229 KB)...
[2026-08-24 15:49:32] Downloading update (326,007 of 336,229 KB)...
[2026-08-24 15:49:32] Downloading update (326,135 of 336,229 KB)...
[2026-08-24 15:49:32] Downloading update (326,263 of 336,229 KB)...
[2026-08-24 15:49:33] Downloading update (326,311 of 336,229 KB)...
[2026-08-24 15:49:33] Downloading update (326,327 of 336,229 KB)...
[2026-08-24 15:49:34] Downloading update (326,615 of 336,229 KB)...
[2026-08-24 15:49:34] Downloading update (327,399 of 336,229 KB)...
[2026-08-24 15:49:34] Downloading update (327,911 of 336,229 KB)...
[2026-08-24 15:49:34] Downloading update (328,215 of 336,229 KB)...
[2026-08-24 15:49:35] Downloading update (328,583 of 336,229 KB)...
[2026-08-24 15:49:35] Downloading update (328,919 of 336,229 KB)...
[2026-08-24 15:49:35] Downloading update (329,207 of 336,229 KB)...
[2026-08-24 15:49:35] Downloading update (329,527 of 336,229 KB)...
[2026-08-24 15:49:36] Downloading update (329,799 of 336,229 KB)...
[2026-08-24 15:49:36] Downloading update (330,103 of 336,229 KB)...
[2026-08-24 15:49:36] Downloading update (330,225 of 336,229 KB)...
[2026-08-24 15:49:38] Downloading update (330,545 of 336,229 KB)...
[2026-08-24 15:49:39] Downloading update (332,593 of 336,229 KB)...
[2026-08-24 15:49:39] Downloading update (333,041 of 336,229 KB)...
[2026-08-24 15:49:39] Downloading update (333,089 of 336,229 KB)...
[2026-08-24 15:49:40] Downloading update (333,473 of 336,229 KB)...
[2026-08-24 15:49:40] Downloading update (333,873 of 336,229 KB)...
[2026-08-24 15:49:40] Downloading update (334,257 of 336,229 KB)...
[2026-08-24 15:49:40] Downloading update (334,497 of 3[JuiceStage] init_syscall_frame entered; entry=0x53cee0 arg=0x1486eb0 teb=0x7ffd0000 data=0x103420000 frame=0x10352fb00 stack_base=0x10362fd20 stack_limit=0x103538000
[JuiceStage] calling signal_set_full_context; ctx=0x10362f990 target_pc=0x2d79b92a0 target_sp=0x10362fd20 target_x18=0x7ffd0000 LdrInitializeThunk=0x2d79b92c0 RtlUserThreadStart=0x2d79b92a0
[JuiceStage] signal_set_full_context returned; status=00000000 frame_pc=0x2d79b92a0 frame_sp=0x10362fd20 frame_x18=0x7ffd0000 restore=00400007
[JuiceStage] init_syscall_frame complete; dispatcher_pc=0x2d79b92c0 user_sp=0x10362f990 x16=0x2d79b92c0 x17=0x10362f990 x18=0x7ffd0000 restore=00400007
[JuiceStage] init_syscall_frame entered; entry=0x53cee0 arg=0x1486ed0 teb=0x7ffcc000 data=0x103630000 frame=0x10373fb00 stack_base=0x10383fd20 stack_limit=0x103748000
[JuiceStage] calling signal_set_full_context; ctx=0x10383f990 target_pc=0x2d79b92a0 target_sp=0x10383fd20 target_x18=0x7ffcc000 LdrInitializeThunk=0x2d79b92c0 RtlUserThreadStart=0x2d79b92a0
[JuiceStage] signal_set_full_context returned; status=00000000 frame_pc=0x2d79b92a0 frame_sp=0x10383fd20 frame_x18=0x7ffcc000 restore=00400007
[JuiceStage] init_syscall_frame complete; dispatcher_pc=0x2d79b92c0 user_sp=0x10383f990 x16=0x2d79b92c0 x17=0x10383f990 x18=0x7ffcc000 restore=00400007
[JuiceWine parent] child exited with 0
[JuiceWine parent] child exited with 1
0x1006d4490:2: Async thread=0x1006c21f0
0x1006d29c0:2: I/O status block
0x1006d2da0:1: Event manual=1 signaled=0
0x1006d33b0:1: Fd unix_fd=124 user=0x1006d2ae0 options=00000000
0x1006d2ae0:3: Socket fd=0x1006d33b0, state=3, mask=0, pending=44, reported=44
0x1006d0340:1: Event manual=1 signaled=0
0x1006d02e0:1: Event manual=1 signaled=0
0x1006b4630:1: Event manual=1 signaled=1
0x1006c21f0:1: Thread id=0024 unix pid=89007 unix tid=5379 state=1
0x1006c1c10:1: Token id=0.1001 primary=1 impersonation level=-1
0x101a5f6e0:1: Event manual=1 signaled=1
0x101a5f320:1: Process id=0020 handles=0x0
