JUICE_TRANSLATION_RUNTIME_SAFETY_OK runtime=/private/var/containers/Bundle/Application/124F0A70-2EFF-40C7-B2F9-D71B571C9E11/Juice.app/Grape-X64 protocol=holes-disabled-v4-teb-tls-recovery
JUICE_WIN32_RUNTIME_LINKS count=103 syswow64=/private/var/mobile/Containers/Data/Application/2A4FE42F-DA40-4530-B5B1-96F7C5C63DEB/Documents/JuiceData/GrapePrefix-x86_64/drive_c/windows/syswow64
[JuiceWine parent] bundle libraries path=/private/var/containers/Bundle/Application/124F0A70-2EFF-40C7-B2F9-D71B571C9E11/Juice.app/Libraries:/var/jb/usr/lib
[JuiceWine parent] launching /private/var/containers/Bundle/Application/124F0A70-2EFF-40C7-B2F9-D71B571C9E11/Juice.app/Grape-X64/build/wine-ios/loader/wine
[JuiceWine parent] child PID=90512
[JuiceWine] iOS low-VA release start=0x10000 end=0x100000000 status=0 OK
JUICE_LOWVA_HOLELIST_OK old_reuse=0 new_reuse=1 allocator=entry-list
JUICE_LOWVA_HELPER_BEGIN path=/private/var/containers/Bundle/Application/124F0A70-2EFF-40C7-B2F9-D71B571C9E11/Juice.app/Grape-X64/tools/juice-lowva-helper target_pid=90512 root_persona=1
JUICE_LOWVA_KERNEL_MIN_OK pid=90512 task=0xffffffdff18ccf18 map=0xffffffdc0a78c7c0 old=0x104374000 new=0x10000 max=0x2d8000000 already=0
Failed to initialize IOSurface primitives, add "IOSurfaceRootUserClient" to the "com.apple.security.exception.iokit-user-client-class" dictionary of the entitlements from "/private/var/containers/Bundle/Application/124F0A70-2EFF-40C7-B2F9-D71B571C9E11/Juice.app/Grape-X64/tools/juice-lowva-helper" to fix this. Due to this, the kalloc, kmap and kcall primitives will not work.
JUICE_LOWVA_ATOMIC_RESERVE_OK start=0x10000 end=0x80000000 size=0x7fff0000
JUICE_LOWVA_WIN32_2G_RESERVE_OK start=0x10000 end=0x80000000
JUICE_LOWVA_HELPER_OK target_pid=90512
JUICE_LOWVA_KERNEL_PROBE_OK address=0x20000 size=0x4000
JUICE_LOWVA_READY target_pid=90512
[JuiceLowVA] MAP_FIXED enabled start=0x10000 size=0x7fff0000 prot=0 failures=0
[JuiceWine] PT_TRACE_ME succeeded; csflags=0x3280780d CS_DEBUGGED=YES
[JuiceWine] requesting controlled tracer detach
[JuiceWine parent] child stopped pid=90512 signal=17 (Suspended (signal): 17)
[JuiceWine parent] PT_DETACH pid=90512 result=0
[JuiceWine parent] child now running untraced
[JuiceWine] resumed after tracer detach; csflags=0x3280780d CS_DEBUGGED=YES
[JuiceStage] wineboot disabled by JUICE_SKIP_WINEBOOT=1
[JuiceWine] host-page expanding executable section .text: section=0x401000 mapping=0x400000 size=3031040
[JuiceWine] anonymous PE executable section .text at 0x400000 size=3031040
[JuiceStage] loading Windows ntdll; transfer=0x54d26d teb=0x7fff8000 peb=0x7fffc000
[JuiceHybrid] open name=/private/var/containers/Bundle/Application/124F0A70-2EFF-40C7-B2F9-D71B571C9E11/Juice.app/Grape-X64/build/wine-ios/dlls/ntdll/aarch64-windows/ntdll.dll machine=aa64 status=00000000
[JuiceWine] anonymous PE executable section .text at 0x2d7960000 size=983040
[JuiceWine] anonymous PE executable section .hexpthk at 0x2d7a50000 size=65536
[JuiceHybrid] map name=/private/var/containers/Bundle/Application/124F0A70-2EFF-40C7-B2F9-D71B571C9E11/Juice.app/Grape-X64/build/wine-ios/dlls/ntdll/aarch64-windows/ntdll.dll status=40000003 module=0x2d7950000 size=6b0000
[JuiceStage] load_ntdll returned; transfer=0x54d26d
[JuiceHybrid] open name=/private/var/containers/Bundle/Application/124F0A70-2EFF-40C7-B2F9-D71B571C9E11/Juice.app/Grape-X64/build/wine-ios/dlls/ntdll/i386-windows/ntdll.dll machine=0000 status=00000000
[JuiceWine] host-page expanding executable section .text: section=0x7bd91000 mapping=0x7bd90000 size=442368
[JuiceWine] anonymous PE executable section .text at 0x7bd90000 size=442368
[JuiceHybrid] map name=/private/var/containers/Bundle/Application/124F0A70-2EFF-40C7-B2F9-D71B571C9E11/Juice.app/Grape-X64/build/wine-ios/dlls/ntdll/i386-windows/ntdll.dll status=00000000 module=0x7bd90000 size=252000
[JuiceStage] load_wow64_ntdll returned
[JuiceStage] calling load_apiset_dll
[JuiceStage] load_apiset_dll returned; stack_base=0x10020fd20 stack_limit=0x100118000
[JuiceStage] calling server_init_process_done
[JuiceStage] server_init_process_done entered
[JuiceStage] calling signal_init_process; teb=0x7fff8000
[JuiceStage] signal_init_process returned
[JuiceStage] init_teb_data returned; syscall_frame=0x10010fcd0 stack_base=0x10020fd20 stack_limit=0x100118000
[JuiceStage] init_process_done server call returned; status=00000000 suspend=0 transfer=0x54d26d teb=0x7fff8000 peb=0x7fffc000
[JuiceStage] calling signal_start_thread
[JuiceStage] init_syscall_frame entered; entry=0x54d26d arg=0x7fffc000 teb=0x7fff8000 data=0x100000000 frame=0x10010fcd0 stack_base=0x10020fd20 stack_limit=0x100118000
[JuiceStage] calling signal_set_full_context; ctx=0x10020f990 target_pc=0x2d79b92a0 target_sp=0x10020fd20 target_x18=0x7fff8000 LdrInitializeThunk=0x2d79b92c0 RtlUserThreadStart=0x2d79b92a0
[JuiceStage] signal_set_full_context returned; status=00000000 frame_pc=0x2d79b92a0 frame_sp=0x10020fd20 frame_x18=0x7fff8000 restore=00400007
[JuiceStage] init_syscall_frame complete; dispatcher_pc=0x2d79b92c0 user_sp=0x10020f990 x16=0x2d79b92c0 x17=0x10020f990 x18=0x7fff8000 restore=00400007
[JuiceHybrid] open name=/private/var/containers/Bundle/Application/124F0A70-2EFF-40C7-B2F9-D71B571C9E11/Juice.app/Grape-X64/build/wine-ios/dlls/wow64/aarch64-windows/wow64.dll machine=0000 status=c0000135
[JuiceHybrid] open name=/private/var/containers/Bundle/Application/124F0A70-2EFF-40C7-B2F9-D71B571C9E11/Juice.app/Grape-X64/build/wine-ios/programs/wow64.dll/aarch64-windows/wow64.dll machine=0000 status=c0000135
[JuiceHybrid] open name=/private/var/containers/Bundle/Application/124F0A70-2EFF-40C7-B2F9-D71B571C9E11/Juice.app/Grape-X64/runtime/lib/wine/aarch64-windows/wow64.dll machine=0000 status=00000000
[JuiceWine] anonymous PE executable section .text at 0x2d7840000 size=131072
[JuiceHybrid] map name=/private/var/containers/Bundle/Application/124F0A70-2EFF-40C7-B2F9-D71B571C9E11/Juice.app/Grape-X64/runtime/lib/wine/aarch64-windows/wow64.dll status=40000003 module=0x2d7830000 size=120000
[JuiceHybrid] open name=/private/var/containers/Bundle/Application/124F0A70-2EFF-40C7-B2F9-D71B571C9E11/Juice.app/Grape-X64/build/wine-ios/dlls/libwow64fex/aarch64-windows/libwow64fex.dll machine=0000 status=c0000135
[JuiceHybrid] open name=/private/var/containers/Bundle/Application/124F0A70-2EFF-40C7-B2F9-D71B571C9E11/Juice.app/Grape-X64/build/wine-ios/programs/libwow64fex.dll/aarch64-windows/libwow64fex.dll machine=0000 status=c0000135
[JuiceHybrid] open name=/private/var/containers/Bundle/Application/124F0A70-2EFF-40C7-B2F9-D71B571C9E11/Juice.app/Grape-X64/runtime/lib/wine/aarch64-windows/libwow64fex.dll machine=0000 status=00000000
[JuiceWine] host-page expanding executable section .text: section=0x2d74b1000 mapping=0x2d74b0000 size=1916928
[JuiceWine] anonymous PE executable section .text at 0x2d74b0000 size=1916928
[JuiceHybrid] map name=/private/var/containers/Bundle/Application/124F0A70-2EFF-40C7-B2F9-D71B571C9E11/Juice.app/Grape-X64/runtime/lib/wine/aarch64-windows/libwow64fex.dll status=40000003 module=0x2d74b0000 size=37e000
[JuiceHybrid] open name=/private/var/containers/Bundle/Application/124F0A70-2EFF-40C7-B2F9-D71B571C9E11/Juice.app/Grape-X64/build/wine-ios/dlls/wow64win/aarch64-windows/wow64win.dll machine=0000 status=c0000135
[JuiceHybrid] open name=/private/var/containers/Bundle/Application/124F0A70-2EFF-40C7-B2F9-D71B571C9E11/Juice.app/Grape-X64/build/wine-ios/programs/wow64win.dll/aarch64-windows/wow64win.dll machine=0000 status=c0000135
[JuiceHybrid] open name=/private/var/containers/Bundle/Application/124F0A70-2EFF-40C7-B2F9-D71B571C9E11/Juice.app/Grape-X64/runtime/lib/wine/aarch64-windows/wow64win.dll machine=0000 status=00000000
[JuiceWine] anonymous PE executable section .text at 0x2d7390000 size=65536
[JuiceHybrid] map name=/private/var/containers/Bundle/Application/124F0A70-2EFF-40C7-B2F9-D71B571C9E11/Juice.app/Grape-X64/runtime/lib/wine/aarch64-windows/wow64win.dll status=40000003 module=0x2d7380000 size=130000
[JuiceHybrid] open name=/private/var/containers/Bundle/Application/124F0A70-2EFF-40C7-B2F9-D71B571C9E11/Juice.app/Grape-X64/build/wine-ios/dlls/win32u/aarch64-windows/win32u.dll machine=0000 status=c0000135
[JuiceHybrid] open name=/private/var/containers/Bundle/Application/124F0A70-2EFF-40C7-B2F9-D71B571C9E11/Juice.app/Grape-X64/build/wine-ios/programs/win32u.dll/aarch64-windows/win32u.dll machine=0000 status=c0000135
[JuiceHybrid] open name=/private/var/containers/Bundle/Application/124F0A70-2EFF-40C7-B2F9-D71B571C9E11/Juice.app/Grape-X64/runtime/lib/wine/aarch64-windows/win32u.dll machine=0000 status=00000000
[JuiceWine] anonymous PE executable section .text at 0x2d7260000 size=262144
[JuiceWine] anonymous PE executable section .hexpthk at 0x2d72a0000 size=65536
[JuiceHybrid] map name=/private/var/containers/Bundle/Application/124F0A70-2EFF-40C7-B2F9-D71B571C9E11/Juice.app/Grape-X64/runtime/lib/wine/aarch64-windows/win32u.dll status=40000003 module=0x2d7250000 size=130000
starting FEX based libwow64fex.dll
[JuiceWine] redirected KUSER_SHARED_DATA fault addr=0x7ffe0320 pc=0x2ccbe4044 to 0x17ffe0000
[JuiceHybrid] open name=/private/var/containers/Bundle/Application/124F0A70-2EFF-40C7-B2F9-D71B571C9E11/Juice.app/Grape-X64/build/wine-ios/dlls/kernel32/i386-windows/kernel32.dll machine=0000 status=c0000135
[JuiceHybrid] open name=/private/var/containers/Bundle/Application/124F0A70-2EFF-40C7-B2F9-D71B571C9E11/Juice.app/Grape-X64/build/wine-ios/programs/kernel32.dll/i386-windows/kernel32.dll machine=0000 status=c0000135
[JuiceHybrid] open name=/private/var/containers/Bundle/Application/124F0A70-2EFF-40C7-B2F9-D71B571C9E11/Juice.app/Grape-X64/runtime/lib/wine/i386-windows/kernel32.dll machine=0000 status=00000000
[JuiceWine] host-page expanding executable section .text: section=0x7bc61000 mapping=0x7bc60000 size=180224
[JuiceWine] anonymous PE executable section .text at 0x7bc60000 size=180224
[JuiceHybrid] map name=/private/var/containers/Bundle/Application/124F0A70-2EFF-40C7-B2F9-D71B571C9E11/Juice.app/Grape-X64/runtime/lib/wine/i386-windows/kernel32.dll status=00000000 module=0x7bc60000 size=115000
[JuiceHybrid] open name=/private/var/containers/Bundle/Application/124F0A70-2EFF-40C7-B2F9-D71B571C9E11/Juice.app/Grape-X64/build/wine-ios/dlls/kernelbase/i386-windows/kernelbase.dll machine=0000 status=c0000135
[JuiceHybrid] open name=/private/var/containers/Bundle/Application/124F0A70-2EFF-40C7-B2F9-D71B571C9E11/Juice.app/Grape-X64/build/wine-ios/programs/kernelbase.dll/i386-windows/kernelbase.dll machine=0000 status=c0000135
[JuiceHybrid] open name=/private/var/containers/Bundle/Application/124F0A70-2EFF-40C7-B2F9-D71B571C9E11/Juice.app/Grape-X64/runtime/lib/wine/i386-windows/kernelbase.dll machine=0000 status=00000000
[JuiceWine] host-page expanding executable section .text: section=0x7b991000 mapping=0x7b990000 size=442368
[JuiceWine] anonymous PE executable section .text at 0x7b990000 size=442368
[JuiceHybrid] map name=/private/var/containers/Bundle/Application/124F0A70-2EFF-40C7-B2F9-D71B571C9E11/Juice.app/Grape-X64/runtime/lib/wine/i386-windows/kernelbase.dll status=00000000 module=0x7b990000 size=2b2000
[JuiceHybrid] open name=/private/var/containers/Bundle/Application/124F0A70-2EFF-40C7-B2F9-D71B571C9E11/Juice.app/Grape-X64/build/wine-ios/dlls/user32/i386-windows/user32.dll machine=0000 status=c0000135
[JuiceHybrid] open name=/private/var/containers/Bundle/Application/124F0A70-2EFF-40C7-B2F9-D71B571C9E11/Juice.app/Grape-X64/build/wine-ios/programs/user32.dll/i386-windows/user32.dll machine=0000 status=c0000135
[JuiceHybrid] open name=/private/var/containers/Bundle/Application/124F0A70-2EFF-40C7-B2F9-D71B571C9E11/Juice.app/Grape-X64/runtime/lib/wine/i386-windows/user32.dll machine=0000 status=00000000
[JuiceWine] host-page expanding executable section .text: section=0x7b5b1000 mapping=0x7b5b0000 size=540672
[JuiceWine] anonymous PE executable section .text at 0x7b5b0000 size=540672
[JuiceHybrid] map name=/private/var/containers/Bundle/Application/124F0A70-2EFF-40C7-B2F9-D71B571C9E11/Juice.app/Grape-X64/runtime/lib/wine/i386-windows/user32.dll status=00000000 module=0x7b5b0000 size=3c2000
[JuiceHybrid] open name=/private/var/containers/Bundle/Application/124F0A70-2EFF-40C7-B2F9-D71B571C9E11/Juice.app/Grape-X64/build/wine-ios/dlls/gdi32/i386-windows/gdi32.dll machine=0000 status=c0000135
[JuiceHybrid] open name=/private/var/containers/Bundle/Application/124F0A70-2EFF-40C7-B2F9-D71B571C9E11/Juice.app/Grape-X64/build/wine-ios/programs/gdi32.dll/i386-windows/gdi32.dll machine=0000 status=c0000135
[JuiceHybrid] open name=/private/var/containers/Bundle/Application/124F0A70-2EFF-40C7-B2F9-D71B571C9E11/Juice.app/Grape-X64/runtime/lib/wine/i386-windows/gdi32.dll machine=0000 status=00000000
[JuiceWine] host-page expanding executable section .text: section=0x7b431000 mapping=0x7b430000 size=294912
[JuiceWine] anonymous PE executable section .text at 0x7b430000 size=294912
[JuiceHybrid] map name=/private/var/containers/Bundle/Application/124F0A70-2EFF-40C7-B2F9-D71B571C9E11/Juice.app/Grape-X64/runtime/lib/wine/i386-windows/gdi32.dll status=00000000 module=0x7b430000 size=167000
[JuiceHybrid] open name=/private/var/containers/Bundle/Application/124F0A70-2EFF-40C7-B2F9-D71B571C9E11/Juice.app/Grape-X64/build/wine-ios/dlls/advapi32/i386-windows/advapi32.dll machine=0000 status=c0000135
[JuiceHybrid] open name=/private/var/containers/Bundle/Application/124F0A70-2EFF-40C7-B2F9-D71B571C9E11/Juice.app/Grape-X64/build/wine-ios/programs/advapi32.dll/i386-windows/advapi32.dll machine=0000 status=c0000135
[JuiceHybrid] open name=/private/var/containers/Bundle/Application/124F0A70-2EFF-40C7-B2F9-D71B571C9E11/Juice.app/Grape-X64/runtime/lib/wine/i386-windows/advapi32.dll machine=0000 status=00000000
[JuiceWine] host-page expanding executable section .text: section=0x7b371000 mapping=0x7b370000 size=131072
[JuiceWine] anonymous PE executable section .text at 0x7b370000 size=131072
[JuiceHybrid] map name=/private/var/containers/Bundle/Application/124F0A70-2EFF-40C7-B2F9-D71B571C9E11/Juice.app/Grape-X64/runtime/lib/wine/i386-windows/advapi32.dll status=00000000 module=0x7b370000 size=a8000
[JuiceHybrid] open name=/private/var/containers/Bundle/Application/124F0A70-2EFF-40C7-B2F9-D71B571C9E11/Juice.app/Grape-X64/build/wine-ios/dlls/sechost/i386-windows/sechost.dll machine=0000 status=c0000135
[JuiceHybrid] open name=/private/var/containers/Bundle/Application/124F0A70-2EFF-40C7-B2F9-D71B571C9E11/Juice.app/Grape-X64/build/wine-ios/programs/sechost.dll/i386-windows/sechost.dll machine=0000 status=c0000135
[JuiceHybrid] open name=/private/var/containers/Bundle/Application/124F0A70-2EFF-40C7-B2F9-D71B571C9E11/Juice.app/Grape-X64/runtime/lib/wine/i386-windows/sechost.dll machine=0000 status=00000000
[JuiceWine] host-page expanding executable section .text: section=0x7b311000 mapping=0x7b310000 size=65536
[JuiceWine] anonymous PE executable section .text at 0x7b310000 size=65536
[JuiceHybrid] map name=/private/var/containers/Bundle/Application/124F0A70-2EFF-40C7-B2F9-D71B571C9E11/Juice.app/Grape-X64/runtime/lib/wine/i386-windows/sechost.dll status=00000000 module=0x7b310000 size=4f000
[JuiceHybrid] open name=/private/var/containers/Bundle/Application/124F0A70-2EFF-40C7-B2F9-D71B571C9E11/Juice.app/Grape-X64/build/wine-ios/dlls/ucrtbase/i386-windows/ucrtbase.dll machine=0000 status=c0000135
[JuiceHybrid] open name=/private/var/containers/Bundle/Application/124F0A70-2EFF-40C7-B2F9-D71B571C9E11/Juice.app/Grape-X64/build/wine-ios/programs/ucrtbase.dll/i386-windows/ucrtbase.dll machine=0000 status=c0000135
[JuiceHybrid] open name=/private/var/containers/Bundle/Application/124F0A70-2EFF-40C7-B2F9-D71B571C9E11/Juice.app/Grape-X64/runtime/lib/wine/i386-windows/ucrtbase.dll machine=0000 status=00000000
[JuiceWine] host-page expanding executable section .text: section=0x7b081000 mapping=0x7b080000 size=622592
[JuiceWine] anonymous PE executable section .text at 0x7b080000 size=622592
[JuiceHybrid] map name=/private/var/containers/Bundle/Application/124F0A70-2EFF-40C7-B2F9-D71B571C9E11/Juice.app/Grape-X64/runtime/lib/wine/i386-windows/ucrtbase.dll status=00000000 module=0x7b080000 size=27c000
[JuiceHybrid] open name=/private/var/containers/Bundle/Application/124F0A70-2EFF-40C7-B2F9-D71B571C9E11/Juice.app/Grape-X64/build/wine-ios/dlls/msvcrt/i386-windows/msvcrt.dll machine=0000 status=c0000135
[JuiceHybrid] open name=/private/var/containers/Bundle/Application/124F0A70-2EFF-40C7-B2F9-D71B571C9E11/Juice.app/Grape-X64/build/wine-ios/programs/msvcrt.dll/i386-windows/msvcrt.dll machine=0000 status=c0000135
[JuiceHybrid] open name=/private/var/containers/Bundle/Application/124F0A70-2EFF-40C7-B2F9-D71B571C9E11/Juice.app/Grape-X64/runtime/lib/wine/i386-windows/msvcrt.dll machine=0000 status=00000000
[JuiceWine] host-page expanding executable section .text: section=0x7ae71000 mapping=0x7ae70000 size=491520
[JuiceWine] anonymous PE executable section .text at 0x7ae70000 size=491520
[JuiceHybrid] map name=/private/var/containers/Bundle/Application/124F0A70-2EFF-40C7-B2F9-D71B571C9E11/Juice.app/Grape-X64/runtime/lib/wine/i386-windows/msvcrt.dll status=00000000 module=0x7ae70000 size=1fe000
[JuiceHybrid] open name=/private/var/containers/Bundle/Application/124F0A70-2EFF-40C7-B2F9-D71B571C9E11/Juice.app/Grape-X64/build/wine-ios/dlls/win32u/i386-windows/win32u.dll machine=0000 status=c0000135
[JuiceHybrid] open name=/private/var/containers/Bundle/Application/124F0A70-2EFF-40C7-B2F9-D71B571C9E11/Juice.app/Grape-X64/build/wine-ios/programs/win32u.dll/i386-windows/win32u.dll machine=0000 status=c0000135
[JuiceHybrid] open name=/private/var/containers/Bundle/Application/124F0A70-2EFF-40C7-B2F9-D71B571C9E11/Juice.app/Grape-X64/runtime/lib/wine/i386-windows/win32u.dll machine=0000 status=00000000
[JuiceWine] host-page expanding executable section .text: section=0x7ae21000 mapping=0x7ae20000 size=81920
[JuiceWine] anonymous PE executable section .text at 0x7ae20000 size=81920
[JuiceHybrid] map name=/private/var/containers/Bundle/Application/124F0A70-2EFF-40C7-B2F9-D71B571C9E11/Juice.app/Grape-X64/runtime/lib/wine/i386-windows/win32u.dll status=00000000 module=0x7ae20000 size=39000
[JuiceHybrid] open name=/private/var/containers/Bundle/Application/124F0A70-2EFF-40C7-B2F9-D71B571C9E11/Juice.app/Grape-X64/build/wine-ios/dlls/shell32/i386-windows/shell32.dll machine=0000 status=c0000135
[JuiceHybrid] open name=/private/var/containers/Bundle/Application/124F0A70-2EFF-40C7-B2F9-D71B571C9E11/Juice.app/Grape-X64/build/wine-ios/programs/shell32.dll/i386-windows/shell32.dll machine=0000 status=c0000135
[JuiceHybrid] open name=/private/var/containers/Bundle/Application/124F0A70-2EFF-40C7-B2F9-D71B571C9E11/Juice.app/Grape-X64/runtime/lib/wine/i386-windows/shell32.dll machine=0000 status=00000000
[JuiceWine] host-page expanding executable section .text: section=0x7a321000 mapping=0x7a320000 size=475136
[JuiceWine] anonymous PE executable section .text at 0x7a320000 size=475136
[JuiceHybrid] map name=/private/var/containers/Bundle/Application/124F0A70-2EFF-40C7-B2F9-D71B571C9E11/Juice.app/Grape-X64/runtime/lib/wine/i386-windows/shell32.dll status=00000000 module=0x7a320000 size=ae2000
[JuiceHybrid] open name=/private/var/containers/Bundle/Application/124F0A70-2EFF-40C7-B2F9-D71B571C9E11/Juice.app/Grape-X64/build/wine-ios/dlls/shlwapi/i386-windows/shlwapi.dll machine=0000 status=c0000135
[JuiceHybrid] open name=/private/var/containers/Bundle/Application/124F0A70-2EFF-40C7-B2F9-D71B571C9E11/Juice.app/Grape-X64/build/wine-ios/programs/shlwapi.dll/i386-windows/shlwapi.dll machine=0000 status=c0000135
[JuiceHybrid] open name=/private/var/containers/Bundle/Application/124F0A70-2EFF-40C7-B2F9-D71B571C9E11/Juice.app/Grape-X64/runtime/lib/wine/i386-windows/shlwapi.dll machine=0000 status=00000000
[JuiceWine] host-page expanding executable section .text: section=0x7a261000 mapping=0x7a260000 size=114688
[JuiceWine] anonymous PE executable section .text at 0x7a260000 size=114688
[JuiceHybrid] map name=/private/var/containers/Bundle/Application/124F0A70-2EFF-40C7-B2F9-D71B571C9E11/Juice.app/Grape-X64/runtime/lib/wine/i386-windows/shlwapi.dll status=00000000 module=0x7a260000 size=a7000
[JuiceHybrid] open name=/private/var/containers/Bundle/Application/124F0A70-2EFF-40C7-B2F9-D71B571C9E11/Juice.app/Grape-X64/build/wine-ios/dlls/shcore/i386-windows/shcore.dll machine=0000 status=c0000135
[JuiceHybrid] open name=/private/var/containers/Bundle/Application/124F0A70-2EFF-40C7-B2F9-D71B571C9E11/Juice.app/Grape-X64/build/wine-ios/programs/shcore.dll/i386-windows/shcore.dll machine=0000 status=c0000135
[JuiceHybrid] open name=/private/var/containers/Bundle/Application/124F0A70-2EFF-40C7-B2F9-D71B571C9E11/Juice.app/Grape-X64/runtime/lib/wine/i386-windows/shcore.dll machine=0000 status=00000000
[JuiceWine] host-page expanding executable section .text: section=0x7a221000 mapping=0x7a220000 size=49152
[JuiceWine] anonymous PE executable section .text at 0x7a220000 size=49152
[JuiceHybrid] map name=/private/var/containers/Bundle/Application/124F0A70-2EFF-40C7-B2F9-D71B571C9E11/Juice.app/Grape-X64/runtime/lib/wine/i386-windows/shcore.dll status=00000000 module=0x7a220000 size=2f000
[JuiceHybrid] open name=/private/var/containers/Bundle/Application/124F0A70-2EFF-40C7-B2F9-D71B571C9E11/Juice.app/Grape-X64/build/wine-ios/dlls/ole32/i386-windows/ole32.dll machine=0000 status=c0000135
[JuiceHybrid] open name=/private/var/containers/Bundle/Application/124F0A70-2EFF-40C7-B2F9-D71B571C9E11/Juice.app/Grape-X64/build/wine-ios/programs/ole32.dll/i386-windows/ole32.dll machine=0000 status=c0000135
[JuiceHybrid] open name=/private/var/containers/Bundle/Application/124F0A70-2EFF-40C7-B2F9-D71B571C9E11/Juice.app/Grape-X64/runtime/lib/wine/i386-windows/ole32.dll machine=0000 status=00000000
[JuiceWine] host-page expanding executable section .text: section=0x79fd1000 mapping=0x79fd0000 size=311296
[JuiceWine] anonymous PE executable section .text at 0x79fd0000 size=311296
[JuiceHybrid] map name=/private/var/containers/Bundle/Application/124F0A70-2EFF-40C7-B2F9-D71B571C9E11/Juice.app/Grape-X64/runtime/lib/wine/i386-windows/ole32.dll status=00000000 module=0x79fd0000 size=235000
[JuiceHybrid] open name=/private/var/containers/Bundle/Application/124F0A70-2EFF-40C7-B2F9-D71B571C9E11/Juice.app/Grape-X64/build/wine-ios/dlls/combase/i386-windows/combase.dll machine=0000 status=c0000135
[JuiceHybrid] open name=/private/var/containers/Bundle/Application/124F0A70-2EFF-40C7-B2F9-D71B571C9E11/Juice.app/Grape-X64/build/wine-ios/programs/combase.dll/i386-windows/combase.dll machine=0000 status=c0000135
[JuiceHybrid] open name=/private/var/containers/Bundle/Application/124F0A70-2EFF-40C7-B2F9-D71B571C9E11/Juice.app/Grape-X64/runtime/lib/wine/i386-windows/combase.dll machine=0000 status=00000000
[JuiceWine] host-page expanding executable section .text: section=0x79ec1000 mapping=0x79ec0000 size=163840
[JuiceWine] anonymous PE executable section .text at 0x79ec0000 size=163840
[JuiceHybrid] map name=/private/var/containers/Bundle/Application/124F0A70-2EFF-40C7-B2F9-D71B571C9E11/Juice.app/Grape-X64/runtime/lib/wine/i386-windows/combase.dll status=00000000 module=0x79ec0000 size=f6000
[JuiceHybrid] open name=/private/var/containers/Bundle/Application/124F0A70-2EFF-40C7-B2F9-D71B571C9E11/Juice.app/Grape-X64/build/wine-ios/dlls/rpcrt4/i386-windows/rpcrt4.dll machine=0000 status=c0000135
[JuiceHybrid] open name=/private/var/containers/Bundle/Application/124F0A70-2EFF-40C7-B2F9-D71B571C9E11/Juice.app/Grape-X64/build/wine-ios/programs/rpcrt4.dll/i386-windows/rpcrt4.dll machine=0000 status=c0000135
[JuiceHybrid] open name=/private/var/containers/Bundle/Application/124F0A70-2EFF-40C7-B2F9-D71B571C9E11/Juice.app/Grape-X64/runtime/lib/wine/i386-windows/rpcrt4.dll machine=0000 status=00000000
[JuiceWine] host-page expanding executable section .text: section=0x79d31000 mapping=0x79d30000 size=294912
[JuiceWine] anonymous PE executable section .text at 0x79d30000 size=294912
[JuiceHybrid] map name=/private/var/containers/Bundle/Application/124F0A70-2EFF-40C7-B2F9-D71B571C9E11/Juice.app/Grape-X64/runtime/lib/wine/i386-windows/rpcrt4.dll status=00000000 module=0x79d30000 size=17b000
[JuiceHybrid] open name=/private/var/containers/Bundle/Application/124F0A70-2EFF-40C7-B2F9-D71B571C9E11/Juice.app/Grape-X64/build/wine-ios/dlls/cryptbase/i386-windows/cryptbase.dll machine=0000 status=c0000135
[JuiceHybrid] open name=/private/var/containers/Bundle/Application/124F0A70-2EFF-40C7-B2F9-D71B571C9E11/Juice.app/Grape-X64/build/wine-ios/programs/cryptbase.dll/i386-windows/cryptbase.dll machine=0000 status=c0000135
[JuiceHybrid] open name=/private/var/containers/Bundle/Application/124F0A70-2EFF-40C7-B2F9-D71B571C9E11/Juice.app/Grape-X64/runtime/lib/wine/i386-windows/cryptbase.dll machine=0000 status=00000000
[JuiceWine] host-page expanding executable section .text: section=0x79d01000 mapping=0x79d00000 size=16384
[JuiceWine] anonymous PE executable section .text at 0x79d00000 size=16384
[JuiceHybrid] map name=/private/var/containers/Bundle/Application/124F0A70-2EFF-40C7-B2F9-D71B571C9E11/Juice.app/Grape-X64/runtime/lib/wine/i386-windows/cryptbase.dll status=00000000 module=0x79d00000 size=18000
[JuiceHybrid] open name=/private/var/containers/Bundle/Application/124F0A70-2EFF-40C7-B2F9-D71B571C9E11/Juice.app/Grape-X64/build/wine-ios/dlls/coml2/i386-windows/coml2.dll machine=0000 status=c0000135
[JuiceHybrid] open name=/private/var/containers/Bundle/Application/124F0A70-2EFF-40C7-B2F9-D71B571C9E11/Juice.app/Grape-X64/build/wine-ios/programs/coml2.dll/i386-windows/coml2.dll machine=0000 status=c0000135
[JuiceHybrid] open name=/private/var/containers/Bundle/Application/124F0A70-2EFF-40C7-B2F9-D71B571C9E11/Juice.app/Grape-X64/runtime/lib/wine/i386-windows/coml2.dll machine=0000 status=00000000
[JuiceWine] host-page expanding executable section .text: section=0x79ca1000 mapping=0x79ca0000 size=16384
[JuiceWine] anonymous PE executable section .text at 0x79ca0000 size=16384
[JuiceHybrid] map name=/private/var/containers/Bundle/Application/124F0A70-2EFF-40C7-B2F9-D71B571C9E11/Juice.app/Grape-X64/runtime/lib/wine/i386-windows/coml2.dll status=00000000 module=0x79ca0000 size=43000
[JuiceHybrid] open name=/private/var/containers/Bundle/Application/124F0A70-2EFF-40C7-B2F9-D71B571C9E11/Juice.app/Grape-X64/build/wine-ios/dlls/oleaut32/i386-windows/oleaut32.dll machine=0000 status=c0000135
[JuiceHybrid] open name=/private/var/containers/Bundle/Application/124F0A70-2EFF-40C7-B2F9-D71B571C9E11/Juice.app/Grape-X64/build/wine-ios/programs/oleaut32.dll/i386-windows/oleaut32.dll machine=0000 status=c0000135
[JuiceHybrid] open name=/private/var/containers/Bundle/Application/124F0A70-2EFF-40C7-B2F9-D71B571C9E11/Juice.app/Grape-X64/runtime/lib/wine/i386-windows/oleaut32.dll machine=0000 status=00000000
[JuiceWine] host-page expanding executable section .text: section=0x79a91000 mapping=0x79a90000 size=344064
[JuiceWine] anonymous PE executable section .text at 0x79a90000 size=344064
[JuiceHybrid] map name=/private/var/containers/Bundle/Application/124F0A70-2EFF-40C7-B2F9-D71B571C9E11/Juice.app/Grape-X64/runtime/lib/wine/i386-windows/oleaut32.dll status=00000000 module=0x79a90000 size=1f8000
[JuiceHybrid] open name=/private/var/containers/Bundle/Application/124F0A70-2EFF-40C7-B2F9-D71B571C9E11/Juice.app/Grape-X64/build/wine-ios/dlls/comctl32/i386-windows/comctl32.dll machine=0000 status=c0000135
[JuiceHybrid] open name=/private/var/containers/Bundle/Application/124F0A70-2EFF-40C7-B2F9-D71B571C9E11/Juice.app/Grape-X64/build/wine-ios/programs/comctl32.dll/i386-windows/comctl32.dll machine=0000 status=c0000135
[JuiceHybrid] open name=/private/var/containers/Bundle/Application/124F0A70-2EFF-40C7-B2F9-D71B571C9E11/Juice.app/Grape-X64/runtime/lib/wine/i386-windows/comctl32.dll machine=0000 status=00000000
[JuiceWine] host-page expanding executable section .text: section=0x79811000 mapping=0x79810000 size=491520
[JuiceWine] anonymous PE executable section .text at 0x79810000 size=491520
[JuiceHybrid] map name=/private/var/containers/Bundle/Application/124F0A70-2EFF-40C7-B2F9-D71B571C9E11/Juice.app/Grape-X64/runtime/lib/wine/i386-windows/comctl32.dll status=00000000 module=0x79810000 size=267000
[JuiceHybrid] open name=/private/var/containers/Bundle/Application/124F0A70-2EFF-40C7-B2F9-D71B571C9E11/Juice.app/Grape-X64/build/wine-ios/dlls/psapi/i386-windows/psapi.dll machine=0000 status=c0000135
[JuiceHybrid] open name=/private/var/containers/Bundle/Application/124F0A70-2EFF-40C7-B2F9-D71B571C9E11/Juice.app/Grape-X64/build/wine-ios/programs/psapi.dll/i386-windows/psapi.dll machine=0000 status=c0000135
[JuiceHybrid] open name=/private/var/containers/Bundle/Application/124F0A70-2EFF-40C7-B2F9-D71B571C9E11/Juice.app/Grape-X64/runtime/lib/wine/i386-windows/psapi.dll machine=0000 status=00000000
[JuiceWine] host-page expanding executable section .text: section=0x797f1000 mapping=0x797f0000 size=16384
[JuiceWine] anonymous PE executable section .text at 0x797f0000 size=16384
[JuiceHybrid] map name=/private/var/containers/Bundle/Application/124F0A70-2EFF-40C7-B2F9-D71B571C9E11/Juice.app/Grape-X64/runtime/lib/wine/i386-windows/psapi.dll status=00000000 module=0x797f0000 size=c000
[JuiceHybrid] open name=/private/var/containers/Bundle/Application/124F0A70-2EFF-40C7-B2F9-D71B571C9E11/Juice.app/Grape-X64/build/wine-ios/dlls/version/i386-windows/version.dll machine=0000 status=c0000135
[JuiceHybrid] open name=/private/var/containers/Bundle/Application/124F0A70-2EFF-40C7-B2F9-D71B571C9E11/Juice.app/Grape-X64/build/wine-ios/programs/version.dll/i386-windows/version.dll machine=0000 status=c0000135
[JuiceHybrid] open name=/private/var/containers/Bundle/Application/124F0A70-2EFF-40C7-B2F9-D71B571C9E11/Juice.app/Grape-X64/runtime/lib/wine/i386-windows/version.dll machine=0000 status=00000000
[JuiceWine] host-page expanding executable section .text: section=0x797c1000 mapping=0x797c0000 size=16384
[JuiceWine] anonymous PE executable section .text at 0x797c0000 size=16384
[JuiceHybrid] map name=/private/var/containers/Bundle/Application/124F0A70-2EFF-40C7-B2F9-D71B571C9E11/Juice.app/Grape-X64/runtime/lib/wine/i386-windows/version.dll status=00000000 module=0x797c0000 size=12000
[JuiceHybrid] open name=/private/var/containers/Bundle/Application/124F0A70-2EFF-40C7-B2F9-D71B571C9E11/Juice.app/Grape-X64/build/wine-ios/dlls/crypt32/i386-windows/crypt32.dll machine=0000 status=c0000135
[JuiceHybrid] open name=/private/var/containers/Bundle/Application/124F0A70-2EFF-40C7-B2F9-D71B571C9E11/Juice.app/Grape-X64/build/wine-ios/programs/crypt32.dll/i386-windows/crypt32.dll machine=0000 status=c0000135
[JuiceHybrid] open name=/private/var/containers/Bundle/Application/124F0A70-2EFF-40C7-B2F9-D71B571C9E11/Juice.app/Grape-X64/runtime/lib/wine/i386-windows/crypt32.dll machine=0000 status=00000000
[JuiceWine] host-page expanding executable section .text: section=0x795c1000 mapping=0x795c0000 size=360448
[JuiceWine] anonymous PE executable section .text at 0x795c0000 size=360448
[JuiceHybrid] map name=/private/var/containers/Bundle/Application/124F0A70-2EFF-40C7-B2F9-D71B571C9E11/Juice.app/Grape-X64/runtime/lib/wine/i386-windows/crypt32.dll status=00000000 module=0x795c0000 size=1ed000
[JuiceHybrid] open name=/private/var/containers/Bundle/Application/124F0A70-2EFF-40C7-B2F9-D71B571C9E11/Juice.app/Grape-X64/build/wine-ios/dlls/bcrypt/i386-windows/bcrypt.dll machine=0000 status=c0000135
[JuiceHybrid] open name=/private/var/containers/Bundle/Application/124F0A70-2EFF-40C7-B2F9-D71B571C9E11/Juice.app/Grape-X64/build/wine-ios/programs/bcrypt.dll/i386-windows/bcrypt.dll machine=0000 status=c0000135
[JuiceHybrid] open name=/private/var/containers/Bundle/Application/124F0A70-2EFF-40C7-B2F9-D71B571C9E11/Juice.app/Grape-X64/runtime/lib/wine/i386-windows/bcrypt.dll machine=0000 status=00000000
[JuiceWine] host-page expanding executable section .text: section=0x79461000 mapping=0x79460000 size=278528
[JuiceWine] anonymous PE executable section .text at 0x79460000 size=278528
[JuiceHybrid] map name=/private/var/containers/Bundle/Application/124F0A70-2EFF-40C7-B2F9-D71B571C9E11/Juice.app/Grape-X64/runtime/lib/wine/i386-windows/bcrypt.dll status=00000000 module=0x79460000 size=14d000
[JuiceHybrid] open name=/private/var/containers/Bundle/Application/124F0A70-2EFF-40C7-B2F9-D71B571C9E11/Juice.app/Grape-X64/build/wine-ios/dlls/ncrypt/i386-windows/ncrypt.dll machine=0000 status=c0000135
[JuiceHybrid] open name=/private/var/containers/Bundle/Application/124F0A70-2EFF-40C7-B2F9-D71B571C9E11/Juice.app/Grape-X64/build/wine-ios/programs/ncrypt.dll/i386-windows/ncrypt.dll machine=0000 status=c0000135
[JuiceHybrid] open name=/private/var/containers/Bundle/Application/124F0A70-2EFF-40C7-B2F9-D71B571C9E11/Juice.app/Grape-X64/runtime/lib/wine/i386-windows/ncrypt.dll machine=0000 status=00000000
[JuiceWine] host-page expanding executable section .text: section=0x79431000 mapping=0x79430000 size=32768
[JuiceWine] anonymous PE executable section .text at 0x79430000 size=32768
[JuiceHybrid] map name=/private/var/containers/Bundle/Application/124F0A70-2EFF-40C7-B2F9-D71B571C9E11/Juice.app/Grape-X64/runtime/lib/wine/i386-windows/ncrypt.dll status=00000000 module=0x79430000 size=1a000
[JuiceHybrid] open name=/private/var/containers/Bundle/Application/124F0A70-2EFF-40C7-B2F9-D71B571C9E11/Juice.app/Grape-X64/build/wine-ios/dlls/ws2_32/i386-windows/ws2_32.dll machine=0000 status=c0000135
[JuiceHybrid] open name=/private/var/containers/Bundle/Application/124F0A70-2EFF-40C7-B2F9-D71B571C9E11/Juice.app/Grape-X64/build/wine-ios/programs/ws2_32.dll/i386-windows/ws2_32.dll machine=0000 status=c0000135
[JuiceHybrid] open name=/private/var/containers/Bundle/Application/124F0A70-2EFF-40C7-B2F9-D71B571C9E11/Juice.app/Grape-X64/runtime/lib/wine/i386-windows/ws2_32.dll machine=0000 status=00000000
[JuiceWine] host-page expanding executable section .text: section=0x793b1000 mapping=0x793b0000 size=81920
[JuiceWine] anonymous PE executable section .text at 0x793b0000 size=81920
[JuiceHybrid] map name=/private/var/containers/Bundle/Application/124F0A70-2EFF-40C7-B2F9-D71B571C9E11/Juice.app/Grape-X64/runtime/lib/wine/i386-windows/ws2_32.dll status=00000000 module=0x793b0000 size=63000
[JuiceHybrid] open name=/private/var/containers/Bundle/Application/124F0A70-2EFF-40C7-B2F9-D71B571C9E11/Juice.app/Grape-X64/build/wine-ios/dlls/wsock32/i386-windows/wsock32.dll machine=0000 status=c0000135
[JuiceHybrid] open name=/private/var/containers/Bundle/Application/124F0A70-2EFF-40C7-B2F9-D71B571C9E11/Juice.app/Grape-X64/build/wine-ios/programs/wsock32.dll/i386-windows/wsock32.dll machine=0000 status=c0000135
[JuiceHybrid] open name=/private/var/containers/Bundle/Application/124F0A70-2EFF-40C7-B2F9-D71B571C9E11/Juice.app/Grape-X64/runtime/lib/wine/i386-windows/wsock32.dll machine=0000 status=00000000
[JuiceWine] host-page expanding executable section .text: section=0x79381000 mapping=0x79380000 size=16384
[JuiceWine] anonymous PE executable section .text at 0x79380000 size=16384
[JuiceHybrid] map name=/private/var/containers/Bundle/Application/124F0A70-2EFF-40C7-B2F9-D71B571C9E11/Juice.app/Grape-X64/runtime/lib/wine/i386-windows/wsock32.dll status=00000000 module=0x79380000 size=1b000
[JuiceHybrid] open name=/private/var/containers/Bundle/Application/124F0A70-2EFF-40C7-B2F9-D71B571C9E11/Juice.app/Grape-X64/build/wine-ios/dlls/iphlpapi/i386-windows/iphlpapi.dll machine=0000 status=c0000135
[JuiceHybrid] open name=/private/var/containers/Bundle/Application/124F0A70-2EFF-40C7-B2F9-D71B571C9E11/Juice.app/Grape-X64/build/wine-ios/programs/iphlpapi.dll/i386-windows/iphlpapi.dll machine=0000 status=c0000135
[JuiceHybrid] open name=/private/var/containers/Bundle/Application/124F0A70-2EFF-40C7-B2F9-D71B571C9E11/Juice.app/Grape-X64/runtime/lib/wine/i386-windows/iphlpapi.dll machine=0000 status=00000000
[JuiceWine] host-page expanding executable section .text: section=0x792f1000 mapping=0x792f0000 size=65536
[JuiceWine] anonymous PE executable section .text at 0x792f0000 size=65536
[JuiceHybrid] map name=/private/var/containers/Bundle/Application/124F0A70-2EFF-40C7-B2F9-D71B571C9E11/Juice.app/Grape-X64/runtime/lib/wine/i386-windows/iphlpapi.dll status=00000000 module=0x792f0000 size=71000
[JuiceHybrid] open name=/private/var/containers/Bundle/Application/124F0A70-2EFF-40C7-B2F9-D71B571C9E11/Juice.app/Grape-X64/build/wine-ios/dlls/dnsapi/i386-windows/dnsapi.dll machine=0000 status=c0000135
[JuiceHybrid] open name=/private/var/containers/Bundle/Application/124F0A70-2EFF-40C7-B2F9-D71B571C9E11/Juice.app/Grape-X64/build/wine-ios/programs/dnsapi.dll/i386-windows/dnsapi.dll machine=0000 status=c0000135
[JuiceHybrid] open name=/private/var/containers/Bundle/Application/124F0A70-2EFF-40C7-B2F9-D71B571C9E11/Juice.app/Grape-X64/runtime/lib/wine/i386-windows/dnsapi.dll machine=0000 status=00000000
[JuiceWine] host-page expanding executable section .text: section=0x792a1000 mapping=0x792a0000 size=49152
[JuiceWine] anonymous PE executable section .text at 0x792a0000 size=49152
[JuiceHybrid] map name=/private/var/containers/Bundle/Application/124F0A70-2EFF-40C7-B2F9-D71B571C9E11/Juice.app/Grape-X64/runtime/lib/wine/i386-windows/dnsapi.dll status=00000000 module=0x792a0000 size=31000
[JuiceHybrid] open name=/private/var/containers/Bundle/Application/124F0A70-2EFF-40C7-B2F9-D71B571C9E11/Juice.app/Grape-X64/build/wine-ios/dlls/nsi/i386-windows/nsi.dll machine=0000 status=c0000135
[JuiceHybrid] open name=/private/var/containers/Bundle/Application/124F0A70-2EFF-40C7-B2F9-D71B571C9E11/Juice.app/Grape-X64/build/wine-ios/programs/nsi.dll/i386-windows/nsi.dll machine=0000 status=c0000135
[JuiceHybrid] open name=/private/var/containers/Bundle/Application/124F0A70-2EFF-40C7-B2F9-D71B571C9E11/Juice.app/Grape-X64/runtime/lib/wine/i386-windows/nsi.dll machine=0000 status=00000000
[JuiceWine] host-page expanding executable section .text: section=0x79271000 mapping=0x79270000 size=16384
[JuiceWine] anonymous PE executable section .text at 0x79270000 size=16384
[JuiceHybrid] map name=/private/var/containers/Bundle/Application/124F0A70-2EFF-40C7-B2F9-D71B571C9E11/Juice.app/Grape-X64/runtime/lib/wine/i386-windows/nsi.dll status=00000000 module=0x79270000 size=16000
[JuiceHybrid] open name=/private/var/containers/Bundle/Application/124F0A70-2EFF-40C7-B2F9-D71B571C9E11/Juice.app/Grape-X64/build/wine-ios/dlls/mswsock/i386-windows/mswsock.dll machine=0000 status=c0000135
[JuiceHybrid] open name=/private/var/containers/Bundle/Application/124F0A70-2EFF-40C7-B2F9-D71B571C9E11/Juice.app/Grape-X64/build/wine-ios/programs/mswsock.dll/i386-windows/mswsock.dll machine=0000 status=c0000135
[JuiceHybrid] open name=/private/var/containers/Bundle/Application/124F0A70-2EFF-40C7-B2F9-D71B571C9E11/Juice.app/Grape-X64/runtime/lib/wine/i386-windows/mswsock.dll machine=0000 status=00000000
[JuiceWine] host-page expanding executable section .text: section=0x79251000 mapping=0x79250000 size=16384
[JuiceWine] anonymous PE executable section .text at 0x79250000 size=16384
[JuiceHybrid] map name=/private/var/containers/Bundle/Application/124F0A70-2EFF-40C7-B2F9-D71B571C9E11/Juice.app/Grape-X64/runtime/lib/wine/i386-windows/mswsock.dll status=00000000 module=0x79250000 size=10000
[JuiceHybrid] open name=/private/var/containers/Bundle/Application/124F0A70-2EFF-40C7-B2F9-D71B571C9E11/Juice.app/Grape-X64/build/wine-ios/dlls/imm32/i386-windows/imm32.dll machine=0000 status=c0000135
[JuiceHybrid] open name=/private/var/containers/Bundle/Application/124F0A70-2EFF-40C7-B2F9-D71B571C9E11/Juice.app/Grape-X64/build/wine-ios/programs/imm32.dll/i386-windows/imm32.dll machine=0000 status=c0000135
[JuiceHybrid] open name=/private/var/containers/Bundle/Application/124F0A70-2EFF-40C7-B2F9-D71B571C9E11/Juice.app/Grape-X64/runtime/lib/wine/i386-windows/imm32.dll machine=0000 status=00000000
[JuiceWine] host-page expanding executable section .text: section=0x791f1000 mapping=0x791f0000 size=65536
[JuiceWine] anonymous PE executable section .text at 0x791f0000 size=65536
[JuiceHybrid] map name=/private/var/containers/Bundle/Application/124F0A70-2EFF-40C7-B2F9-D71B571C9E11/Juice.app/Grape-X64/runtime/lib/wine/i386-windows/imm32.dll status=00000000 module=0x791f0000 size=4d000
[JuiceWine] redirected KUSER_SHARED_DATA fault addr=0x7ffe03d8 pc=0x2cd4d4044 to 0x17ffe0000
[JuiceWine] redirected KUSER_SHARED_DATA fault addr=0x7ffe03dc pc=0x2cd4d4060 to 0x17ffe0000
[JuiceWine parent] bundle libraries path=/private/var/containers/Bundle/Application/124F0A70-2EFF-40C7-B2F9-D71B571C9E11/Juice.app/Libraries:/private/var/containers/Bundle/Application/124F0A70-2EFF-40C7-B2F9-D71B571C9E11/Juice.app/Libraries:/var/jb/usr/lib
[JuiceWine parent] launching /private/var/containers/Bundle/Application/124F0A70-2EFF-40C7-B2F9-D71B571C9E11/Juice.app/Grape-X64/build/wine-ios/loader/wine
[JuiceWine parent] child PID=90516
[JuiceWine] iOS low-VA release start=0x10000 end=0x100000000 status=0 OK
JUICE_LOWVA_HOLELIST_OK old_reuse=0 new_reuse=1 allocator=entry-list
JUICE_LOWVA_HELPER_BEGIN path=/private/var/containers/Bundle/Application/124F0A70-2EFF-40C7-B2F9-D71B571C9E11/Juice.app/Grape-X64/tools/juice-lowva-helper target_pid=90516 root_persona=1
JUICE_LOWVA_KERNEL_MIN_OK pid=90516 task=0xffffffdff27851d0 map=0xffffffdc0a91d6c0 old=0x100e30000 new=0x10000 max=0x2d8000000 already=0
JUICE_LOWVA_ATOMIC_RESERVE_OK start=0x10000 end=0x80000000 size=0x7fff0000
JUICE_LOWVA_WIN32_2G_RESERVE_OK start=0x10000 end=0x80000000
JUICE_LOWVA_HELPER_OK target_pid=90516
JUICE_LOWVA_KERNEL_PROBE_OK address=0x20000 size=0x4000
JUICE_LOWVA_READY target_pid=90516
[JuiceLowVA] MAP_FIXED enabled start=0x10000 size=0x7fff0000 prot=0 failures=0
[JuiceWine] PT_TRACE_ME succeeded; csflags=0x3280780d CS_DEBUGGED=YES
[JuiceWine] requesting controlled tracer detach
[JuiceWine parent] child stopped pid=90516 signal=17 (Suspended (signal): 17)
[JuiceWine parent] PT_DETACH pid=90516 result=0
[JuiceWine parent] child now running untraced
[JuiceWine] resumed after tracer detach; csflags=0x3280780d CS_DEBUGGED=YES
[JuiceHybrid] open name=/private/var/containers/Bundle/Application/124F0A70-2EFF-40C7-B2F9-D71B571C9E11/Juice.app/Grape-X64/build/wine-ios/dlls/explorer.exe/aarch64-windows/explorer.exe machine=aa64 status=c0000135
[JuiceHybrid] open name=/private/var/containers/Bundle/Application/124F0A70-2EFF-40C7-B2F9-D71B571C9E11/Juice.app/Grape-X64/build/wine-ios/programs/explorer/aarch64-windows/explorer.exe machine=aa64 status=c0000135
[JuiceHybrid] open name=/private/var/containers/Bundle/Application/124F0A70-2EFF-40C7-B2F9-D71B571C9E11/Juice.app/Grape-X64/runtime/lib/wine/aarch64-windows/explorer.exe machine=aa64 status=00000000
[JuiceWine] anonymous PE executable section .text at 0x140010000 size=65536
[JuiceHybrid] map name=/private/var/containers/Bundle/Application/124F0A70-2EFF-40C7-B2F9-D71B571C9E11/Juice.app/Grape-X64/runtime/lib/wine/aarch64-windows/explorer.exe status=00000000 module=0x140000000 size=110000
[JuiceStage] loading Windows ntdll; transfer=0x14001d65c teb=0x7fff8000 peb=0x7fffc000
[JuiceHybrid] open name=/private/var/containers/Bundle/Application/124F0A70-2EFF-40C7-B2F9-D71B571C9E11/Juice.app/Grape-X64/build/wine-ios/dlls/ntdll/aarch64-windows/ntdll.dll machine=aa64 status=00000000
[JuiceWine] anonymous PE executable section .text at 0x2d7960000 size=983040
[JuiceWine] anonymous PE executable section .hexpthk at 0x2d7a50000 size=65536
[JuiceHybrid] map name=/private/var/containers/Bundle/Application/124F0A70-2EFF-40C7-B2F9-D71B571C9E11/Juice.app/Grape-X64/build/wine-ios/dlls/ntdll/aarch64-windows/ntdll.dll status=40000003 module=0x2d7950000 size=6b0000
[JuiceStage] load_ntdll returned; transfer=0x14001d65c
[JuiceStage] load_wow64_ntdll returned
[JuiceStage] calling load_apiset_dll
[JuiceStage] load_apiset_dll returned; stack_base=0x120000 stack_limit=0x28000
[JuiceStage] calling server_init_process_done
[JuiceStage] server_init_process_done entered
[JuiceStage] calling signal_init_process; teb=0x7fff8000
[JuiceStage] signal_init_process returned
[JuiceStage] init_teb_data returned; syscall_frame=0x10010fcd0 stack_base=0x120000 stack_limit=0x28000
[JuiceStage] init_process_done server call returned; status=00000000 suspend=1 transfer=0x14001d65c teb=0x7fff8000 peb=0x7fffc000
[JuiceStage] calling signal_start_thread
[JuiceStage] init_syscall_frame entered; entry=0x14001d65c arg=0x7fffc000 teb=0x7fff8000 data=0x100000000 frame=0x10010fcd0 stack_base=0x120000 stack_limit=0x28000
[JuiceStage] calling signal_set_full_context; ctx=0x11fc70 target_pc=0x2d79b92a0 target_sp=0x120000 target_x18=0x7fff8000 LdrInitializeThunk=0x2d79b92c0 RtlUserThreadStart=0x2d79b92a0
[JuiceStage] signal_set_full_context returned; status=00000000 frame_pc=0x2d79b92a0 frame_sp=0x120000 frame_x18=0x7fff8000 restore=00400007
[JuiceStage] init_syscall_frame complete; dispatcher_pc=0x2d79b92c0 user_sp=0x11fc70 x16=0x2d79b92c0 x17=0x11fc70 x18=0x7fff8000 restore=00400007
[JuiceHybrid] open name=/private/var/containers/Bundle/Application/124F0A70-2EFF-40C7-B2F9-D71B571C9E11/Juice.app/Grape-X64/build/wine-ios/dlls/kernel32/aarch64-windows/kernel32.dll machine=0000 status=c0000135
[JuiceHybrid] open name=/private/var/containers/Bundle/Application/124F0A70-2EFF-40C7-B2F9-D71B571C9E11/Juice.app/Grape-X64/build/wine-ios/programs/kernel32.dll/aarch64-windows/kernel32.dll machine=0000 status=c0000135
[JuiceHybrid] open name=/private/var/containers/Bundle/Application/124F0A70-2EFF-40C7-B2F9-D71B571C9E11/Juice.app/Grape-X64/runtime/lib/wine/aarch64-windows/kernel32.dll machine=0000 status=00000000
[JuiceWine] anonymous PE executable section .text at 0x2d7610000 size=393216
[JuiceWine] anonymous PE executable section .hexpthk at 0x2d7670000 size=65536
[JuiceHybrid] map name=/private/var/containers/Bundle/Application/124F0A70-2EFF-40C7-B2F9-D71B571C9E11/Juice.app/Grape-X64/runtime/lib/wine/aarch64-windows/kernel32.dll status=40000003 module=0x2d7600000 size=350000
[JuiceHybrid] open name=/private/var/containers/Bundle/Application/124F0A70-2EFF-40C7-B2F9-D71B571C9E11/Juice.app/Grape-X64/build/wine-ios/dlls/kernelbase/aarch64-windows/kernelbase.dll machine=0000 status=c0000135
[JuiceHybrid] open name=/private/var/containers/Bundle/Application/124F0A70-2EFF-40C7-B2F9-D71B571C9E11/Juice.app/Grape-X64/build/wine-ios/programs/kernelbase.dll/aarch64-windows/kernelbase.dll machine=0000 status=c0000135
[JuiceHybrid] open name=/private/var/containers/Bundle/Application/124F0A70-2EFF-40C7-B2F9-D71B571C9E11/Juice.app/Grape-X64/runtime/lib/wine/aarch64-windows/kernelbase.dll machine=0000 status=00000000
[JuiceWine] anonymous PE executable section .text at 0x2d6ee0000 size=983040
[JuiceWine] anonymous PE executable section .hexpthk at 0x2d6fd0000 size=65536
[JuiceHybrid] map name=/private/var/containers/Bundle/Application/124F0A70-2EFF-40C7-B2F9-D71B571C9E11/Juice.app/Grape-X64/runtime/lib/wine/aarch64-windows/kernelbase.dll status=40000003 module=0x2d6ed0000 size=730000
[JuiceHybrid] open name=/private/var/containers/Bundle/Application/124F0A70-2EFF-40C7-B2F9-D71B571C9E11/Juice.app/Grape-X64/build/wine-ios/dlls/rpcrt4/aarch64-windows/rpcrt4.dll machine=0000 status=c0000135
[JuiceHybrid] open name=/private/var/containers/Bundle/Application/124F0A70-2EFF-40C7-B2F9-D71B571C9E11/Juice.app/Grape-X64/build/wine-ios/programs/rpcrt4.dll/aarch64-windows/rpcrt4.dll machine=0000 status=c0000135
[JuiceHybrid] open name=/private/var/containers/Bundle/Application/124F0A70-2EFF-40C7-B2F9-D71B571C9E11/Juice.app/Grape-X64/runtime/lib/wine/aarch64-windows/rpcrt4.dll machine=0000 status=00000000
[JuiceWine] anonymous PE executable section .text at 0x2d6a80000 size=655360
[JuiceWine] anonymous PE executable section .hexpthk at 0x2d6b20000 size=65536
[JuiceHybrid] map name=/private/var/containers/Bundle/Application/124F0A70-2EFF-40C7-B2F9-D71B571C9E11/Juice.app/Grape-X64/runtime/lib/wine/aarch64-windows/rpcrt4.dll status=40000003 module=0x2d6a70000 size=460000
[JuiceHybrid] open name=/private/var/containers/Bundle/Application/124F0A70-2EFF-40C7-B2F9-D71B571C9E11/Juice.app/Grape-X64/build/wine-ios/dlls/advapi32/aarch64-windows/advapi32.dll machine=0000 status=c0000135
[JuiceHybrid] open name=/private/var/containers/Bundle/Application/124F0A70-2EFF-40C7-B2F9-D71B571C9E11/Juice.app/Grape-X64/build/wine-ios/programs/advapi32.dll/aarch64-windows/advapi32.dll machine=0000 status=c0000135
[JuiceHybrid] open name=/private/var/containers/Bundle/Application/124F0A70-2EFF-40C7-B2F9-D71B571C9E11/Juice.app/Grape-X64/runtime/lib/wine/aarch64-windows/advapi32.dll machine=0000 status=00000000
[JuiceWine] anonymous PE executable section .text at 0x2d6810000 size=327680
[JuiceWine] anonymous PE executable section .hexpthk at 0x2d6860000 size=65536
[JuiceHybrid] map name=/private/var/containers/Bundle/Application/124F0A70-2EFF-40C7-B2F9-D71B571C9E11/Juice.app/Grape-X64/runtime/lib/wine/aarch64-windows/advapi32.dll status=40000003 module=0x2d6800000 size=270000
[JuiceHybrid] open name=/private/var/containers/Bundle/Application/124F0A70-2EFF-40C7-B2F9-D71B571C9E11/Juice.app/Grape-X64/build/wine-ios/dlls/sechost/aarch64-windows/sechost.dll machine=0000 status=c0000135
[JuiceHybrid] open name=/private/var/containers/Bundle/Application/124F0A70-2EFF-40C7-B2F9-D71B571C9E11/Juice.app/Grape-X64/build/wine-ios/programs/sechost.dll/aarch64-windows/sechost.dll machine=0000 status=c0000135
[JuiceHybrid] open name=/private/var/containers/Bundle/Application/124F0A70-2EFF-40C7-B2F9-D71B571C9E11/Juice.app/Grape-X64/runtime/lib/wine/aarch64-windows/sechost.dll machine=0000 status=00000000
[JuiceWine] anonymous PE executable section .text at 0x2d66c0000 size=131072
[JuiceWine] anonymous PE executable section .hexpthk at 0x2d66e0000 size=65536
[JuiceHybrid] map name=/private/var/containers/Bundle/Application/124F0A70-2EFF-40C7-B2F9-D71B571C9E11/Juice.app/Grape-X64/runtime/lib/wine/aarch64-windows/sechost.dll status=40000003 module=0x2d66b0000 size=150000
[JuiceHybrid] open name=/private/var/containers/Bundle/Application/124F0A70-2EFF-40C7-B2F9-D71B571C9E11/Juice.app/Grape-X64/build/wine-ios/dlls/ucrtbase/aarch64-windows/ucrtbase.dll machine=0000 status=c0000135
[JuiceHybrid] open name=/private/var/containers/Bundle/Application/124F0A70-2EFF-40C7-B2F9-D71B571C9E11/Juice.app/Grape-X64/build/wine-ios/programs/ucrtbase.dll/aarch64-windows/ucrtbase.dll machine=0000 status=c0000135
[JuiceHybrid] open name=/private/var/containers/Bundle/Application/124F0A70-2EFF-40C7-B2F9-D71B571C9E11/Juice.app/Grape-X64/runtime/lib/wine/aarch64-windows/ucrtbase.dll machine=0000 status=00000000
[JuiceWine] anonymous PE executable section .text at 0x2d6010000 size=1245184
[JuiceWine] anonymous PE executable section .hexpthk at 0x2d6140000 size=65536
[JuiceHybrid] map name=/private/var/containers/Bundle/Application/124F0A70-2EFF-40C7-B2F9-D71B571C9E11/Juice.app/Grape-X64/runtime/lib/wine/aarch64-windows/ucrtbase.dll status=40000003 module=0x2d6000000 size=6b0000
[JuiceHybrid] open name=/private/var/containers/Bundle/Application/124F0A70-2EFF-40C7-B2F9-D71B571C9E11/Juice.app/Grape-X64/build/wine-ios/dlls/msvcrt/aarch64-windows/msvcrt.dll machine=0000 status=c0000135
[JuiceHybrid] open name=/private/var/containers/Bundle/Application/124F0A70-2EFF-40C7-B2F9-D71B571C9E11/Juice.app/Grape-X64/build/wine-ios/programs/msvcrt.dll/aarch64-windows/msvcrt.dll machine=0000 status=c0000135
[JuiceHybrid] open name=/private/var/containers/Bundle/Application/124F0A70-2EFF-40C7-B2F9-D71B571C9E11/Juice.app/Grape-X64/runtime/lib/wine/aarch64-windows/msvcrt.dll machine=0000 status=00000000
[JuiceWine] anonymous PE executable section .text at 0x2d5a50000 size=983040
[JuiceWine] anonymous PE executable section .hexpthk at 0x2d5b40000 size=65536
[JuiceHybrid] map name=/private/var/containers/Bundle/Application/124F0A70-2EFF-40C7-B2F9-D71B571C9E11/Juice.app/Grape-X64/runtime/lib/wine/aarch64-windows/msvcrt.dll status=40000003 module=0x2d5a40000 size=5c0000
[JuiceHybrid] open name=/private/var/containers/Bundle/Application/124F0A70-2EFF-40C7-B2F9-D71B571C9E11/Juice.app/Grape-X64/build/wine-ios/dlls/cryptbase/aarch64-windows/cryptbase.dll machine=0000 status=c0000135
[JuiceHybrid] open name=/private/var/containers/Bundle/Application/124F0A70-2EFF-40C7-B2F9-D71B571C9E11/Juice.app/Grape-X64/build/wine-ios/programs/cryptbase.dll/aarch64-windows/cryptbase.dll machine=0000 status=c0000135
[JuiceHybrid] open name=/private/var/containers/Bundle/Application/124F0A70-2EFF-40C7-B2F9-D71B571C9E11/Juice.app/Grape-X64/runtime/lib/wine/aarch64-windows/cryptbase.dll machine=0000 status=00000000
[JuiceWine] anonymous PE executable section .text at 0x2d5970000 size=65536
[JuiceWine] anonymous PE executable section .hexpthk at 0x2d5980000 size=65536
[JuiceHybrid] map name=/private/var/containers/Bundle/Application/124F0A70-2EFF-40C7-B2F9-D71B571C9E11/Juice.app/Grape-X64/runtime/lib/wine/aarch64-windows/cryptbase.dll status=40000003 module=0x2d5960000 size=e0000
[JuiceHybrid] open name=/private/var/containers/Bundle/Application/124F0A70-2EFF-40C7-B2F9-D71B571C9E11/Juice.app/Grape-X64/build/wine-ios/dlls/user32/aarch64-windows/user32.dll machine=0000 status=c0000135
[JuiceHybrid] open name=/private/var/containers/Bundle/Application/124F0A70-2EFF-40C7-B2F9-D71B571C9E11/Juice.app/Grape-X64/build/wine-ios/programs/user32.dll/aarch64-windows/user32.dll machine=0000 status=c0000135
[JuiceHybrid] open name=/private/var/containers/Bundle/Application/124F0A70-2EFF-40C7-B2F9-D71B571C9E11/Juice.app/Grape-X64/runtime/lib/wine/aarch64-windows/user32.dll machine=0000 status=00000000
[JuiceWine] anonymous PE executable section .text at 0x2d5070000 size=1179648
[JuiceWine] anonymous PE executable section .hexpthk at 0x2d5190000 size=65536
[JuiceHybrid] map name=/private/var/containers/Bundle/Application/124F0A70-2EFF-40C7-B2F9-D71B571C9E11/Juice.app/Grape-X64/runtime/lib/wine/aarch64-windows/user32.dll status=40000003 module=0x2d5060000 size=900000
[JuiceHybrid] open name=/private/var/containers/Bundle/Application/124F0A70-2EFF-40C7-B2F9-D71B571C9E11/Juice.app/Grape-X64/build/wine-ios/dlls/gdi32/aarch64-windows/gdi32.dll machine=0000 status=c0000135
[JuiceHybrid] open name=/private/var/containers/Bundle/Application/124F0A70-2EFF-40C7-B2F9-D71B571C9E11/Juice.app/Grape-X64/build/wine-ios/programs/gdi32.dll/aarch64-windows/gdi32.dll machine=0000 status=c0000135
[JuiceHybrid] open name=/private/var/containers/Bundle/Application/124F0A70-2EFF-40C7-B2F9-D71B571C9E11/Juice.app/Grape-X64/runtime/lib/wine/aarch64-windows/gdi32.dll machine=0000 status=00000000
[JuiceWine] anonymous PE executable section .text at 0x2d4be0000 size=655360
[JuiceWine] anonymous PE executable section .hexpthk at 0x2d4c80000 size=65536
[JuiceHybrid] map name=/private/var/containers/Bundle/Application/124F0A70-2EFF-40C7-B2F9-D71B571C9E11/Juice.app/Grape-X64/runtime/lib/wine/aarch64-windows/gdi32.dll status=40000003 module=0x2d4bd0000 size=490000
[JuiceHybrid] open name=/private/var/containers/Bundle/Application/124F0A70-2EFF-40C7-B2F9-D71B571C9E11/Juice.app/Grape-X64/build/wine-ios/dlls/win32u/aarch64-windows/win32u.dll machine=0000 status=c0000135
[JuiceHybrid] open name=/private/var/containers/Bundle/Application/124F0A70-2EFF-40C7-B2F9-D71B571C9E11/Juice.app/Grape-X64/build/wine-ios/programs/win32u.dll/aarch64-windows/win32u.dll machine=0000 status=c0000135
[JuiceHybrid] open name=/private/var/containers/Bundle/Application/124F0A70-2EFF-40C7-B2F9-D71B571C9E11/Juice.app/Grape-X64/runtime/lib/wine/aarch64-windows/win32u.dll machine=0000 status=00000000
[JuiceWine] anonymous PE executable section .text at 0x2d4ab0000 size=262144
[JuiceWine] anonymous PE executable section .hexpthk at 0x2d4af0000 size=65536
[JuiceHybrid] map name=/private/var/containers/Bundle/Application/124F0A70-2EFF-40C7-B2F9-D71B571C9E11/Juice.app/Grape-X64/runtime/lib/wine/aarch64-windows/win32u.dll status=40000003 module=0x2d4aa0000 size=130000
[JuiceHybrid] open name=/private/var/containers/Bundle/Application/124F0A70-2EFF-40C7-B2F9-D71B571C9E11/Juice.app/Grape-X64/build/wine-ios/dlls/imm32/aarch64-windows/imm32.dll machine=0000 status=c0000135
[JuiceHybrid] open name=/private/var/containers/Bundle/Application/124F0A70-2EFF-40C7-B2F9-D71B571C9E11/Juice.app/Grape-X64/build/wine-ios/programs/imm32.dll/aarch64-windows/imm32.dll machine=0000 status=c0000135
[JuiceHybrid] open name=/private/var/containers/Bundle/Application/124F0A70-2EFF-40C7-B2F9-D71B571C9E11/Juice.app/Grape-X64/runtime/lib/wine/aarch64-windows/imm32.dll machine=0000 status=00000000
[JuiceWine] anonymous PE executable section .text at 0x2d4940000 size=196608
[JuiceWine] anonymous PE executable section .hexpthk at 0x2d4970000 size=65536
[JuiceHybrid] map name=/private/var/containers/Bundle/Application/124F0A70-2EFF-40C7-B2F9-D71B571C9E11/Juice.app/Grape-X64/runtime/lib/wine/aarch64-windows/imm32.dll status=40000003 module=0x2d4930000 size=170000
[JuiceX18] broad #1 pc=0x140010a68 fault=0x30 instr=f9401a48 x8=0x0 x16=0x2d798c2d8 x17=0x11fde0 x18=0x0 teb=0x7fff8000
[JuiceHybrid] open name=/private/var/containers/Bundle/Application/124F0A70-2EFF-40C7-B2F9-D71B571C9E11/Juice.app/Grape-X64/build/wine-ios/dlls/wineios.drv/aarch64-windows/wineios.drv machine=0000 status=c0000135
[JuiceHybrid] open name=/private/var/containers/Bundle/Application/124F0A70-2EFF-40C7-B2F9-D71B571C9E11/Juice.app/Grape-X64/build/wine-ios/programs/wineios.drv/aarch64-windows/wineios.drv machine=0000 status=c0000135
[JuiceHybrid] open name=/private/var/containers/Bundle/Application/124F0A70-2EFF-40C7-B2F9-D71B571C9E11/Juice.app/Grape-X64/runtime/lib/wine/aarch64-windows/wineios.drv machine=0000 status=00000000
[JuiceWine] anonymous PE executable section .text at 0x2d4850000 size=65536
[JuiceWine] anonymous PE executable section .hexpthk at 0x2d4860000 size=65536
[JuiceHybrid] map name=/private/var/containers/Bundle/Application/124F0A70-2EFF-40C7-B2F9-D71B571C9E11/Juice.app/Grape-X64/runtime/lib/wine/aarch64-windows/wineios.drv status=40000003 module=0x2d4840000 size=f0000
[JuiceInput] display socket disabled: JUICE_IOS_SOCKET is unset
[JuiceDriver] ios init set driver create=0x808c0e78 client_surface=0x808c19fc size=1216
[JuiceDriver] install prev=0x8143d3a8 lazy=0x8143d3a8 null=0x81469f10 candidate=0x8000f000 create=0x808c0e78 installed=1
[JuiceCreate] ex=00000000 class=0x11ef10 version=0x0 name=0x11eef0 style=86000000 x=0 y=0 cx=0 cy=0 parent=0x0 menu=0x0 classinst=0x0 params=0x11f240 flags=00000000 inst=0x0 classptr=0x8001 ansi=0
JUICE_MOLTENVK_DRIVER_READY version=48 handle=0x1f5fe0
[mvk-info] MoltenVK version 1.4.2, supporting Vulkan version 1.4.357.
	The following 152 Vulkan extensions are supported:
	VK_KHR_16bit_storage v1
	VK_KHR_8bit_storage v1
	VK_KHR_bind_memory2 v1
	VK_KHR_buffer_device_address v1
	VK_KHR_calibrated_timestamps v1
	VK_KHR_copy_commands2 v1
	VK_KHR_create_renderpass2 v1
	VK_KHR_dedicated_allocation v3
	VK_KHR_deferred_host_operations v4
	VK_KHR_depth_stencil_resolve v1
	VK_KHR_descriptor_update_template v1
	VK_KHR_device_group v4
	VK_KHR_device_group_creation v1
	VK_KHR_driver_properties v1
	VK_KHR_dynamic_rendering v1
	VK_KHR_dynamic_rendering_local_read v1
	VK_KHR_external_fence v1
	VK_KHR_external_fence_capabilities v1
	VK_KHR_external_memory v1
	VK_KHR_external_memory_capabilities v1
	VK_KHR_external_semaphore v1
	VK_KHR_external_semaphore_capabilities v1
	VK_KHR_format_feature_flags2 v2
	VK_KHR_fragment_shader_barycentric v1
	VK_KHR_get_memory_requirements2 v1
	VK_KHR_get_physical_device_properties2 v2
	VK_KHR_get_surface_capabilities2 v1
	VK_KHR_global_priority v1
	VK_KHR_image_format_list v1
	VK_KHR_imageless_framebuffer v1
	VK_KHR_incremental_present v2
	VK_KHR_index_type_uint8 v1
	VK_KHR_line_rasterization v1
	VK_KHR_load_store_op_none v1
	VK_KHR_maintenance1 v2
	VK_KHR_maintenance2 v1
	VK_KHR_maintenance3 v1
	VK_KHR_maintenance4 v2
	VK_KHR_maintenance5 v1
	VK_KHR_maintenance6 v1
	VK_KHR_maintenance7 v1
	VK_KHR_maintenance8 v1
	VK_KHR_maintenance9 v1
	VK_KHR_map_memory2 v1
	VK_KHR_multiview v1
	VK_KHR_portability_subset v1
	VK_KHR_present_id v1
	VK_KHR_present_id2 v1
	VK_KHR_present_wait v1
	VK_KHR_present_wait2 v1
	VK_KHR_push_descriptor v2
	VK_KHR_relaxed_block_layout v1
	VK_KHR_robustness2 v1
	VK_KHR_sampler_mirror_clamp_to_edge v3
	VK_KHR_sampler_ycbcr_conversion v14
	VK_KHR_separate_depth_stencil_layouts v1
	VK_KHR_shader_draw_parameters v1
	VK_KHR_shader_expect_assume v1
	VK_KHR_shader_float_controls v4
	VK_KHR_shader_float_controls2 v1
	VK_KHR_shader_float16_int8 v1
	VK_KHR_shader_fma v1
	VK_KHR_shader_integer_dot_product v1
	VK_KHR_shader_maximal_reconvergence v1
	VK_KHR_shader_non_semantic_info v1
	VK_KHR_shader_quad_control v1
	VK_KHR_shader_relaxed_extended_instruction v1
	VK_KHR_shader_subgroup_extended_types v1
	VK_KHR_shader_subgroup_rotate v2
	VK_KHR_shader_subgroup_uniform_control_flow v1
	VK_KHR_shader_terminate_invocation v1
	VK_KHR_spirv_1_4 v1
	VK_KHR_storage_buffer_storage_class v1
	VK_KHR_surface v25
	VK_KHR_surface_maintenance1 v1
	VK_KHR_surface_protected_capabilities v1
	VK_KHR_swapchain v70
	VK_KHR_swapchain_maintenance1 v1
	VK_KHR_swapchain_mutable_format v1
	VK_KHR_synchronization2 v1
	VK_KHR_timeline_semaphore v2
	VK_KHR_uniform_buffer_standard_layout v1
	VK_KHR_variable_pointers v1
	VK_KHR_vertex_attribute_divisor v1
	VK_KHR_vulkan_memory_model v3
	VK_KHR_zero_initialize_workgroup_memory v1
	VK_EXT_4444_formats v1
	VK_EXT_buffer_device_address v2
	VK_EXT_calibrated_timestamps v2
	VK_EXT_debug_marker v4
	VK_EXT_debug_report v10
	VK_EXT_debug_utils v2
	VK_EXT_depth_clip_control v1
	VK_EXT_descriptor_indexing v2
	VK_EXT_extended_dynamic_state v1
	VK_EXT_extended_dynamic_state2 v1
	VK_EXT_extended_dynamic_state3 v2
	VK_EXT_external_memory_host v1
	VK_EXT_external_memory_metal v1
	VK_EXT_fragment_shader_interlock v1
	VK_EXT_global_priority v2
	VK_EXT_global_priority_query v1
	VK_EXT_headless_surface v1
	VK_EXT_host_image_copy v1
	VK_EXT_host_query_reset v1
	VK_EXT_image_2d_view_of_3d v1
	VK_EXT_image_robustness v1
	VK_EXT_index_type_uint8 v1
	VK_EXT_inline_uniform_block v1
	VK_EXT_layer_settings v2
	VK_EXT_legacy_dithering v2
	VK_EXT_line_rasterization v1
	VK_EXT_load_store_op_none v1
	VK_EXT_memory_budget v1
	VK_EXT_metal_objects v2
	VK_EXT_metal_surface v1
	VK_EXT_non_seamless_cube_map v1
	VK_EXT_pipeline_creation_cache_control v3
	VK_EXT_pipeline_creation_feedback v1
	VK_EXT_pipeline_robustness v1
	VK_EXT_post_depth_coverage v1
	VK_EXT_primitive_topology_list_restart v1
	VK_EXT_private_data v1
	VK_EXT_provoking_vertex v1
	VK_EXT_robustness2 v1
	VK_EXT_sample_locations v1
	VK_EXT_scalar_block_layout v1
	VK_EXT_separate_stencil_usage v1
	VK_EXT_shader_atomic_float v1
	VK_EXT_shader_demote_to_helper_invocation v1
	VK_EXT_shader_stencil_export v1
	VK_EXT_shader_subgroup_ballot v1
	VK_EXT_shader_subgroup_vote v1
	VK_EXT_shader_viewport_index_layer v1
	VK_EXT_subgroup_size_control v2
	VK_EXT_surface_maintenance1 v1
	VK_EXT_swapchain_colorspace v5
	VK_EXT_swapchain_maintenance1 v1
	VK_EXT_texel_buffer_alignment v1
	VK_EXT_texture_compression_astc_hdr v1
	VK_EXT_tooling_info v1
	VK_EXT_vertex_attribute_divisor v3
	VK_AMD_gpu_shader_half_float v2
	VK_AMD_negative_viewport_height v1
	VK_AMD_shader_image_load_store_lod v1
	VK_AMD_shader_trinary_minmax v1
	VK_GOOGLE_display_timing v1
	VK_IMG_format_pvrtc v1
	VK_INTEL_shader_integer_functions2 v1
	VK_MVK_ios_surface v3
	VK_MVK_moltenvk v37
	VK_NV_fragment_shader_barycentric v1
[mvk-error] VK_ERROR_INCOMPATIBLE_DRIVER: Vulkan is not supported on this device. MoltenVK requires Metal, which is not available on this device.
[mvk-info] Created VkInstance for Vulkan version 1.0.357, as requested by app, with the following 3 Vulkan extensions enabled:
	VK_KHR_external_fence_capabilities v1
	VK_KHR_external_semaphore_capabilities v1
	VK_KHR_get_physical_device_properties2 v2
[mvk-info] Destroying VkInstance for Vulkan version 1.0.357 with 3 Vulkan extensions enabled.
[JuiceHybrid] open name=/private/var/containers/Bundle/Application/124F0A70-2EFF-40C7-B2F9-D71B571C9E11/Juice.app/Grape-X64/build/wine-ios/dlls/uxtheme/aarch64-windows/uxtheme.dll machine=0000 status=c0000135
[JuiceHybrid] open name=/private/var/containers/Bundle/Application/124F0A70-2EFF-40C7-B2F9-D71B571C9E11/Juice.app/Grape-X64/build/wine-ios/programs/uxtheme.dll/aarch64-windows/uxtheme.dll machine=0000 status=c0000135
[JuiceHybrid] open name=/private/var/containers/Bundle/Application/124F0A70-2EFF-40C7-B2F9-D71B571C9E11/Juice.app/Grape-X64/runtime/lib/wine/aarch64-windows/uxtheme.dll machine=0000 status=00000000
[JuiceWine] anonymous PE executable section .text at 0x2d4680000 size=196608
[JuiceWine] anonymous PE executable section .hexpthk at 0x2d46b0000 size=65536
[JuiceHybrid] map name=/private/var/containers/Bundle/Application/124F0A70-2EFF-40C7-B2F9-D71B571C9E11/Juice.app/Grape-X64/runtime/lib/wine/aarch64-windows/uxtheme.dll status=40000003 module=0x2d4670000 size=1d0000
[JuiceRect] input hwnd=0x10020 dpi=96/1 raw=96/1 win=0,0,0,0 client=0,0,0,0 visible=0,0,0,0
[JuiceRect] mapped hwnd=0x10020 win=0,0,0,0 client=0,0,0,0 visible=0,0,0,0
[JuiceGeom] changed hwnd=0x10020 flags=3c ptr=0x10010f620 window=0,0,0,0 client=0,0,0,0 visible=0,0,0,0 surface=0x8144c4f0 shown=0
[JuiceRect] input hwnd=0x10020 dpi=96/1 raw=96/1 win=0,0,0,0 client=0,0,0,0 visible=0,0,0,0
[JuiceRect] mapped hwnd=0x10020 win=0,0,0,0 client=0,0,0,0 visible=0,0,0,0
[JuiceGeom] changed hwnd=0x10020 flags=18 ptr=0x10010f620 window=0,0,0,0 client=0,0,0,0 visible=0,0,0,0 surface=0x8144c4f0 shown=0
[JuiceDriver] create-enter hwnd=0x10020
[JuiceDriver] create-success hwnd=0x10020
[JuiceCreate] ex=00000000 class=0x11ef10 version=0x0 name=0x11eef0 style=86000000 x=0 y=0 cx=100 cy=100 parent=0x0 menu=0x0 classinst=0x0 params=0x0 flags=00000000 inst=0x0 classptr=0x140020ca0 ansi=0
[JuiceRect] input hwnd=0x10028 dpi=96/1 raw=96/1 win=0,0,100,100 client=0,0,100,100 visible=0,0,100,100
[JuiceRect] mapped hwnd=0x10028 win=0,0,100,100 client=0,0,100,100 visible=0,0,100,100
[JuiceGeom] changed hwnd=0x10028 flags=3c ptr=0x10010f620 window=0,0,100,100 client=0,0,100,100 visible=0,0,100,100 surface=0x8144c4f0 shown=0
[JuiceRect] input hwnd=0x10028 dpi=96/1 raw=96/1 win=0,0,100,100 client=0,0,100,100 visible=0,0,100,100
[JuiceRect] mapped hwnd=0x10028 win=0,0,100,100 client=0,0,100,100 visible=0,0,100,100
[JuiceGeom] changed hwnd=0x10028 flags=18 ptr=0x10010f620 window=0,0,100,100 client=0,0,100,100 visible=0,0,100,100 surface=0x8144c4f0 shown=0
[JuiceDriver] create-enter hwnd=0x10028
[JuiceDriver] create-success hwnd=0x10028
[JuiceGeom] surface hwnd=0x10020 rect=0,0,1024,768 size=1024x768 previous=0x8144c4f0
[JuiceRect] input hwnd=0x10020 dpi=96/1 raw=96/1 win=0,0,1024,768 client=0,0,1024,768 visible=0,0,1024,768
[JuiceRect] mapped hwnd=0x10020 win=0,0,1024,768 client=0,0,1024,768 visible=0,0,1024,768
[JuiceGeom] changed hwnd=0x10020 flags=8000116a ptr=0x10010f820 window=0,0,1024,768 client=0,0,1024,768 visible=0,0,1024,768 surface=0x101115300 shown=1
[JuiceStage] init_syscall_frame entered; entry=0x1400126e8 arg=0x0 teb=0x7fff4000 data=0x100110000 frame=0x10021fb00 stack_base=0xca0000 stack_limit=0xba8000
[JuiceStage] calling signal_set_full_context; ctx=0xc9fc70 target_pc=0x2d79b92a0 target_sp=0xca0000 target_x18=0x7fff4000 LdrInitializeThunk=0x2d79b92c0 RtlUserThreadStart=0x2d79b92a0
[JuiceStage] signal_set_full_context returned; status=00000000 frame_pc=0x2d79b92a0 frame_sp=0xca0000 frame_x18=0x7fff4000 restore=00400007
[JuiceStage] init_syscall_frame complete; dispatcher_pc=0x2d79b92c0 user_sp=0xc9fc70 x16=0x2d79b92c0 x17=0xc9fc70 x18=0x7fff4000 restore=00400007
[JuiceCreate] ex=00000000 class=0xc9fa70 version=0x0 name=0xc9fa50 style=00000000 x=0 y=0 cx=0 cy=0 parent=0xfffffffffffffffd menu=0x0 classinst=0x0 params=0x0 flags=00000000 inst=0x0 classptr=0x140020500 ansi=0
[JuiceStage] init_syscall_frame entered; entry=0x140012cc8 arg=0x0 teb=0x7fff0000 data=0x100220000 frame=0x10032fb00 stack_base=0xda0000 stack_limit=0xca8000
[JuiceStage] calling signal_set_full_context; ctx=0xd9fc70 target_pc=0x2d79b92a0 target_sp=0xda0000 target_x18=0x7fff0000 LdrInitializeThunk=0x2d79b92c0 RtlUserThreadStart=0x2d79b92a0
[JuiceStage] signal_set_full_context returned; status=00000000 frame_pc=0x2d79b92a0 frame_sp=0xda0000 frame_x18=0x7fff0000 restore=00400007
[JuiceStage] init_syscall_frame complete; dispatcher_pc=0x2d79b92c0 user_sp=0xd9fc70 x16=0x2d79b92c0 x17=0xd9fc70 x18=0x7fff0000 restore=00400007
[JuiceCreate] ex=00000000 class=0x11ee90 version=0x0 name=0x11ee70 style=00000000 x=0 y=0 cx=0 cy=0 parent=0xfffffffffffffffd menu=0x0 classinst=0x0 params=0x0 flags=00000000 inst=0x0 classptr=0x140020140 ansi=0
[JuiceCreate] ex=00000000 class=0xd9fc10 version=0x0 name=0xd9fbf0 style=00000000 x=0 y=0 cx=0 cy=0 parent=0xfffffffffffffffd menu=0x0 classinst=0x0 params=0x0 flags=00000000 inst=0x0 classptr=0x140021320 ansi=0
[JuiceMonitor] callee hwnd=0x10032 hmon=0x1 info=0x10010f720 monitor=0,0,1024,768 work=0,0,1024,768 flags=00000001
[JuiceMinMax] hwnd=0x10032 min=112,27 maxtrack=1036,780 max=106,106 pos=-3,-3
[JuiceRect] input hwnd=0x10032 dpi=96/1 raw=96/1 win=0,0,112,27 client=0,0,112,27 visible=0,0,112,27
[JuiceRect] mapped hwnd=0x10032 win=0,0,112,27 client=0,0,112,27 visible=0,0,112,27
[JuiceMonitor] callee hwnd=0x1002e hmon=0x1 info=0x10021f550 monitor=0,0,1024,768 work=0,0,1024,768 flags=00000001
[JuiceMinMax] hwnd=0x1002e min=112,27 maxtrack=1036,780 max=106,106 pos=-3,-3
[JuiceGeom] changed hwnd=0x10032 flags=14 ptr=0x10010f620 window=0,0,112,27 client=0,0,112,27 visible=0,0,112,27 surface=0x0 shown=0
[JuiceRect] input hwnd=0x1002e dpi=96/1 raw=96/1 win=0,0,112,27 client=0,0,112,27 visible=0,0,112,27
[JuiceMonitor] callee hwnd=0x10034 hmon=0x1 info=0x10032f550 monitor=0,0,1024,768 work=0,0,1024,768 flags=00000001
[JuiceRect] mapped hwnd=0x1002e win=0,0,112,27 client=0,0,112,27 visible=0,0,112,27
[JuiceMinMax] hwnd=0x10034 min=112,27 maxtrack=1036,780 max=106,106 pos=-3,-3
[JuiceGeom] changed hwnd=0x1002e flags=14 ptr=0x10021f450 window=0,0,112,27 client=0,0,112,27 visible=0,0,112,27 surface=0x0 shown=0
[JuiceCreate] failed hwnd=0x1002e stage=wm-nccreate
[JuiceRect] input hwnd=0x10032 dpi=96/1 raw=96/1 win=0,0,112,27 client=3,22,109,24 visible=0,0,112,27
[JuiceRect] input hwnd=0x10034 dpi=96/1 raw=96/1 win=0,0,112,27 client=0,0,112,27 visible=0,0,112,27
[JuiceRect] mapped hwnd=0x10032 win=0,0,112,27 client=3,22,109,24 visible=0,0,112,27
[JuiceRect] mapped hwnd=0x10034 win=0,0,112,27 client=0,0,112,27 visible=0,0,112,27
[JuiceGeom] changed hwnd=0x10032 flags=10 ptr=0x10010f620 window=0,0,112,27 client=3,22,109,24 visible=0,0,112,27 surface=0x0 shown=0
[JuiceDriver] create-enter hwnd=0x10032
[JuiceDriver] create-success hwnd=0x10032
[JuiceGeom] changed hwnd=0x10034 flags=14 ptr=0x10032f450 window=0,0,112,27 client=0,0,112,27 visible=0,0,112,27 surface=0x0 shown=0
[JuiceRect] input hwnd=0x10034 dpi=96/1 raw=96/1 win=0,0,112,27 client=3,22,109,24 visible=0,0,112,27
[JuiceRect] mapped hwnd=0x10034 win=0,0,112,27 client=3,22,109,24 visible=0,0,112,27
[JuiceGeom] changed hwnd=0x10034 flags=10 ptr=0x10032f450 window=0,0,112,27 client=3,22,109,24 visible=0,0,112,27 surface=0x0 shown=0
[JuiceDriver] create-enter hwnd=0x10034
[JuiceDriver] create-success hwnd=0x10034
[JuiceCreate] ex=00000000 class=0x11ee80 version=0x0 name=0x11ee60 style=00c80000 x=-2147483648 y=-2147483648 cx=166 cy=45 parent=0x0 menu=0x0 classinst=0x0 params=0x0 flags=00000000 inst=0x0 classptr=0x140026398 ansi=0
[JuiceMonitor] callee hwnd=0x0 hmon=0x1 info=0x10010fa00 monitor=0,0,1024,768 work=0,0,1024,768 flags=00000001
[JuiceMonitor] caller hwnd=0x0 monitor=0,0,1024,768 work=0,0,1024,768 flags=00000001
[JuiceMonitor] callee hwnd=0x1003a hmon=0x1 info=0x10010f720 monitor=0,0,1024,768 work=0,0,1024,768 flags=00000001
[JuiceMinMax] hwnd=0x1003a min=112,27 maxtrack=1036,780 max=1030,774 pos=-3,-3
[JuiceRect] input hwnd=0x1003a dpi=96/1 raw=96/1 win=0,0,166,45 client=0,0,166,45 visible=0,0,166,45
[JuiceRect] mapped hwnd=0x1003a win=0,0,166,45 client=0,0,166,45 visible=0,0,166,45
[JuiceGeom] changed hwnd=0x1003a flags=3c ptr=0x10010f620 window=0,0,166,45 client=0,0,166,45 visible=0,0,166,45 surface=0x8144c4f0 shown=0
[JuiceCreate] ex=00000000 class=0x10010f590 version=0x0 name=0x10010f580 style=8c000000 x=0 y=0 cx=1 cy=1 parent=0x0 menu=0x0 classinst=0x0 params=0x0 flags=00000000 inst=0x0 classptr=0x0 ansi=0
[JuiceRect] input hwnd=0x1003e dpi=96/1 raw=96/1 win=0,0,1,1 client=0,0,1,1 visible=0,0,1,1
[JuiceRect] mapped hwnd=0x1003e win=0,0,1,1 client=0,0,1,1 visible=0,0,1,1
[JuiceGeom] changed hwnd=0x1003e flags=3c ptr=0x10010eed0 window=0,0,1,1 client=0,0,1,1 visible=0,0,1,1 surface=0x8144c4f0 shown=0
[JuiceRect] input hwnd=0x1003e dpi=96/1 raw=96/1 win=0,0,1,1 client=0,0,1,1 visible=0,0,1,1
[JuiceRect] mapped hwnd=0x1003e win=0,0,1,1 client=0,0,1,1 visible=0,0,1,1
[JuiceGeom] changed hwnd=0x1003e flags=18 ptr=0x10010eed0 window=0,0,1,1 client=0,0,1,1 visible=0,0,1,1 surface=0x8144c4f0 shown=0
[JuiceDriver] create-enter hwnd=0x1003e
[JuiceDriver] create-success hwnd=0x1003e
[JuiceRect] input hwnd=0x1003a dpi=96/1 raw=96/1 win=0,0,166,45 client=3,22,163,42 visible=0,0,166,45
[JuiceRect] mapped hwnd=0x1003a win=0,0,166,45 client=3,22,163,42 visible=0,0,166,45
[JuiceGeom] changed hwnd=0x1003a flags=18 ptr=0x10010f620 window=0,0,166,45 client=3,22,163,42 visible=0,0,166,45 surface=0x8144c4f0 shown=0
[JuiceDriver] create-enter hwnd=0x1003a
[JuiceDriver] create-success hwnd=0x1003a
[JuiceHybrid] open name=/private/var/containers/Bundle/Application/124F0A70-2EFF-40C7-B2F9-D71B571C9E11/Juice.app/Grape-X64/build/wine-ios/dlls/shell32/aarch64-windows/shell32.dll machine=0000 status=c0000135
[JuiceHybrid] open name=/private/var/containers/Bundle/Application/124F0A70-2EFF-40C7-B2F9-D71B571C9E11/Juice.app/Grape-X64/build/wine-ios/programs/shell32.dll/aarch64-windows/shell32.dll machine=0000 status=c0000135
[JuiceHybrid] open name=/private/var/containers/Bundle/Application/124F0A70-2EFF-40C7-B2F9-D71B571C9E11/Juice.app/Grape-X64/runtime/lib/wine/aarch64-windows/shell32.dll machine=0000 status=00000000
[JuiceWine] anonymous PE executable section .text at 0x2d3690000 size=1048576
[JuiceWine] anonymous PE executable section .hexpthk at 0x2d3790000 size=65536
[JuiceHybrid] map name=/private/var/containers/Bundle/Application/124F0A70-2EFF-40C7-B2F9-D71B571C9E11/Juice.app/Grape-X64/runtime/lib/wine/aarch64-windows/shell32.dll status=40000003 module=0x2d3680000 size=1000000
[JuiceHybrid] open name=/private/var/containers/Bundle/Application/124F0A70-2EFF-40C7-B2F9-D71B571C9E11/Juice.app/Grape-X64/build/wine-ios/dlls/shlwapi/aarch64-windows/shlwapi.dll machine=0000 status=c0000135
[JuiceHybrid] open name=/private/var/containers/Bundle/Application/124F0A70-2EFF-40C7-B2F9-D71B571C9E11/Juice.app/Grape-X64/build/wine-ios/programs/shlwapi.dll/aarch64-windows/shlwapi.dll machine=0000 status=c0000135
[JuiceHybrid] open name=/private/var/containers/Bundle/Application/124F0A70-2EFF-40C7-B2F9-D71B571C9E11/Juice.app/Grape-X64/runtime/lib/wine/aarch64-windows/shlwapi.dll machine=0000 status=00000000
[JuiceWine] anonymous PE executable section .text at 0x2d3450000 size=262144
[JuiceWine] anonymous PE executable section .hexpthk at 0x2d3490000 size=65536
[JuiceHybrid] map name=/private/var/containers/Bundle/Application/124F0A70-2EFF-40C7-B2F9-D71B571C9E11/Juice.app/Grape-X64/runtime/lib/wine/aarch64-windows/shlwapi.dll status=40000003 module=0x2d3440000 size=240000
[JuiceHybrid] open name=/private/var/containers/Bundle/Application/124F0A70-2EFF-40C7-B2F9-D71B571C9E11/Juice.app/Grape-X64/build/wine-ios/dlls/shcore/aarch64-windows/shcore.dll machine=0000 status=c0000135
[JuiceHybrid] open name=/private/var/containers/Bundle/Application/124F0A70-2EFF-40C7-B2F9-D71B571C9E11/Juice.app/Grape-X64/build/wine-ios/programs/shcore.dll/aarch64-windows/shcore.dll machine=0000 status=c0000135
[JuiceHybrid] open name=/private/var/containers/Bundle/Application/124F0A70-2EFF-40C7-B2F9-D71B571C9E11/Juice.app/Grape-X64/runtime/lib/wine/aarch64-windows/shcore.dll machine=0000 status=00000000
[JuiceWine] anonymous PE executable section .text at 0x2d4740000 size=131072
[JuiceWine] anonymous PE executable section .hexpthk at 0x2d4760000 size=65536
[JuiceHybrid] map name=/private/var/containers/Bundle/Application/124F0A70-2EFF-40C7-B2F9-D71B571C9E11/Juice.app/Grape-X64/runtime/lib/wine/aarch64-windows/shcore.dll status=40000003 module=0x2d4730000 size=110000
[JuiceCreate] ex=00000000 class=0x11ee30 version=0x0 name=0x11ee10 style=80000000 x=0 y=0 cx=0 cy=0 parent=0x0 menu=0x0 classinst=0x0 params=0x0 flags=00000000 inst=0x0 classptr=0x2d51a84f0 ansi=0
[JuiceRect] input hwnd=0x10040 dpi=96/1 raw=96/1 win=0,0,0,0 client=0,0,0,0 visible=0,0,0,0
[JuiceRect] mapped hwnd=0x10040 win=0,0,0,0 client=0,0,0,0 visible=0,0,0,0
[JuiceGeom] changed hwnd=0x10040 flags=3c ptr=0x10010f620 window=0,0,0,0 client=0,0,0,0 visible=0,0,0,0 surface=0x8144c4f0 shown=0
[JuiceRect] input hwnd=0x10040 dpi=96/1 raw=96/1 win=0,0,0,0 client=0,0,0,0 visible=0,0,0,0
[JuiceRect] mapped hwnd=0x10040 win=0,0,0,0 client=0,0,0,0 visible=0,0,0,0
[JuiceGeom] changed hwnd=0x10040 flags=18 ptr=0x10010f620 window=0,0,0,0 client=0,0,0,0 visible=0,0,0,0 surface=0x8144c4f0 shown=0
[JuiceDriver] create-enter hwnd=0x10040
[JuiceDriver] create-success hwnd=0x10040
[JuiceCreate] ex=00000000 class=0x11ee30 version=0x0 name=0x11ee10 style=80000000 x=0 y=0 cx=0 cy=0 parent=0x0 menu=0x0 classinst=0x0 params=0x0 flags=00000000 inst=0x0 classptr=0x2d51a9248 ansi=0
[JuiceRect] input hwnd=0x10042 dpi=96/1 raw=96/1 win=0,0,0,0 client=0,0,0,0 visible=0,0,0,0
[JuiceRect] mapped hwnd=0x10042 win=0,0,0,0 client=0,0,0,0 visible=0,0,0,0
[JuiceGeom] changed hwnd=0x10042 flags=3c ptr=0x10010f620 window=0,0,0,0 client=0,0,0,0 visible=0,0,0,0 surface=0x8144c4f0 shown=0
[JuiceRect] input hwnd=0x10042 dpi=96/1 raw=96/1 win=0,0,0,0 client=0,0,0,0 visible=0,0,0,0
[JuiceRect] mapped hwnd=0x10042 win=0,0,0,0 client=0,0,0,0 visible=0,0,0,0
[JuiceGeom] changed hwnd=0x10042 flags=18 ptr=0x10010f620 window=0,0,0,0 client=0,0,0,0 visible=0,0,0,0 surface=0x8144c4f0 shown=0
[JuiceDriver] create-enter hwnd=0x10042
[JuiceDriver] create-success hwnd=0x10042
[JuiceCreate] ex=00000000 class=0x11ee30 version=0x0 name=0x11ee10 style=80000000 x=0 y=0 cx=0 cy=0 parent=0x0 menu=0x0 classinst=0x0 params=0x0 flags=00000000 inst=0x0 classptr=0x2d51a9248 ansi=0
[JuiceRect] input hwnd=0x10044 dpi=96/1 raw=96/1 win=0,0,0,0 client=0,0,0,0 visible=0,0,0,0
[JuiceRect] mapped hwnd=0x10044 win=0,0,0,0 client=0,0,0,0 visible=0,0,0,0
[JuiceGeom] changed hwnd=0x10044 flags=3c ptr=0x10010f620 window=0,0,0,0 client=0,0,0,0 visible=0,0,0,0 surface=0x8144c4f0 shown=0
[JuiceRect] input hwnd=0x10044 dpi=96/1 raw=96/1 win=0,0,0,0 client=0,0,0,0 visible=0,0,0,0
[JuiceRect] mapped hwnd=0x10044 win=0,0,0,0 client=0,0,0,0 visible=0,0,0,0
[JuiceGeom] changed hwnd=0x10044 flags=18 ptr=0x10010f620 window=0,0,0,0 client=0,0,0,0 visible=0,0,0,0 surface=0x8144c4f0 shown=0
[JuiceDriver] create-enter hwnd=0x10044
[JuiceDriver] create-success hwnd=0x10044
[JuiceCreate] ex=00000000 class=0x11ee60 version=0x0 name=0x11ee40 style=80000000 x=0 y=0 cx=0 cy=0 parent=0x0 menu=0x0 classinst=0x0 params=0x0 flags=00000000 inst=0x0 classptr=0x2d51a9248 ansi=0
[JuiceRect] input hwnd=0x10046 dpi=96/1 raw=96/1 win=0,0,0,0 client=0,0,0,0 visible=0,0,0,0
[JuiceRect] mapped hwnd=0x10046 win=0,0,0,0 client=0,0,0,0 visible=0,0,0,0
[JuiceGeom] changed hwnd=0x10046 flags=3c ptr=0x10010f620 window=0,0,0,0 client=0,0,0,0 visible=0,0,0,0 surface=0x8144c4f0 shown=0
[JuiceRect] input hwnd=0x10046 dpi=96/1 raw=96/1 win=0,0,0,0 client=0,0,0,0 visible=0,0,0,0
[JuiceRect] mapped hwnd=0x10046 win=0,0,0,0 client=0,0,0,0 visible=0,0,0,0
[JuiceGeom] changed hwnd=0x10046 flags=18 ptr=0x10010f620 window=0,0,0,0 client=0,0,0,0 visible=0,0,0,0 surface=0x8144c4f0 shown=0
[JuiceDriver] create-enter hwnd=0x10046
[JuiceDriver] create-success hwnd=0x10046
[JuiceHybrid] open name=/private/var/containers/Bundle/Application/124F0A70-2EFF-40C7-B2F9-D71B571C9E11/Juice.app/Grape-X64/build/wine-ios/dlls/ole32/aarch64-windows/ole32.dll machine=0000 status=c0000135
[JuiceHybrid] open name=/private/var/containers/Bundle/Application/124F0A70-2EFF-40C7-B2F9-D71B571C9E11/Juice.app/Grape-X64/build/wine-ios/programs/ole32.dll/aarch64-windows/ole32.dll machine=0000 status=c0000135
[JuiceHybrid] open name=/private/var/containers/Bundle/Application/124F0A70-2EFF-40C7-B2F9-D71B571C9E11/Juice.app/Grape-X64/runtime/lib/wine/aarch64-windows/ole32.dll machine=0000 status=00000000
[JuiceWine] anonymous PE executable section .text at 0x2d2e20000 size=720896
[JuiceWine] anonymous PE executable section .hexpthk at 0x2d2ed0000 size=65536
[JuiceHybrid] map name=/private/var/containers/Bundle/Application/124F0A70-2EFF-40C7-B2F9-D71B571C9E11/Juice.app/Grape-X64/runtime/lib/wine/aarch64-windows/ole32.dll status=40000003 module=0x2d2e10000 size=630000
[JuiceHybrid] open name=/private/var/containers/Bundle/Application/124F0A70-2EFF-40C7-B2F9-D71B571C9E11/Juice.app/Grape-X64/build/wine-ios/dlls/combase/aarch64-windows/combase.dll machine=0000 status=c0000135
[JuiceHybrid] open name=/private/var/containers/Bundle/Application/124F0A70-2EFF-40C7-B2F9-D71B571C9E11/Juice.app/Grape-X64/build/wine-ios/programs/combase.dll/aarch64-windows/combase.dll machine=0000 status=c0000135
[JuiceHybrid] open name=/private/var/containers/Bundle/Application/124F0A70-2EFF-40C7-B2F9-D71B571C9E11/Juice.app/Grape-X64/runtime/lib/wine/aarch64-windows/combase.dll machine=0000 status=00000000
[JuiceWine] anonymous PE executable section .text at 0x2d2b20000 size=393216
[JuiceWine] anonymous PE executable section .hexpthk at 0x2d2b80000 size=65536
[JuiceHybrid] map name=/private/var/containers/Bundle/Application/124F0A70-2EFF-40C7-B2F9-D71B571C9E11/Juice.app/Grape-X64/runtime/lib/wine/aarch64-windows/combase.dll status=40000003 module=0x2d2b10000 size=300000
[JuiceHybrid] open name=/private/var/containers/Bundle/Application/124F0A70-2EFF-40C7-B2F9-D71B571C9E11/Juice.app/Grape-X64/build/wine-ios/dlls/coml2/aarch64-windows/coml2.dll machine=0000 status=c0000135
[JuiceHybrid] open name=/private/var/containers/Bundle/Application/124F0A70-2EFF-40C7-B2F9-D71B571C9E11/Juice.app/Grape-X64/build/wine-ios/programs/coml2.dll/aarch64-windows/coml2.dll machine=0000 status=c0000135
[JuiceHybrid] open name=/private/var/containers/Bundle/Application/124F0A70-2EFF-40C7-B2F9-D71B571C9E11/Juice.app/Grape-X64/runtime/lib/wine/aarch64-windows/coml2.dll machine=0000 status=00000000
[JuiceWine] anonymous PE executable section .text at 0x2d29f0000 size=65536
[JuiceWine] anonymous PE executable section .hexpthk at 0x2d2a00000 size=65536
[JuiceHybrid] map name=/private/var/containers/Bundle/Application/124F0A70-2EFF-40C7-B2F9-D71B571C9E11/Juice.app/Grape-X64/runtime/lib/wine/aarch64-windows/coml2.dll status=40000003 module=0x2d29e0000 size=130000
[JuiceCreate] ex=00000000 class=0x11ee80 version=0x0 name=0x11ee60 style=00000000 x=0 y=0 cx=0 cy=0 parent=0xfffffffffffffffd menu=0x0 classinst=0x2d2b10000 params=0x0 flags=00000000 inst=0x2d2b10000 classptr=0x2d2b93868 ansi=0
[JuiceMonitor] callee hwnd=0x10048 hmon=0x1 info=0x10010f720 monitor=0,0,1024,768 work=0,0,1024,768 flags=00000001
[JuiceMinMax] hwnd=0x10048 min=112,27 maxtrack=1036,780 max=106,106 pos=-3,-3
[JuiceRect] input hwnd=0x10048 dpi=96/1 raw=96/1 win=0,0,112,27 client=0,0,112,27 visible=0,0,112,27
[JuiceRect] mapped hwnd=0x10048 win=0,0,112,27 client=0,0,112,27 visible=0,0,112,27
[JuiceGeom] changed hwnd=0x10048 flags=14 ptr=0x10010f620 window=0,0,112,27 client=0,0,112,27 visible=0,0,112,27 surface=0x0 shown=0
[JuiceRect] input hwnd=0x10048 dpi=96/1 raw=96/1 win=0,0,112,27 client=3,22,109,24 visible=0,0,112,27
[JuiceRect] mapped hwnd=0x10048 win=0,0,112,27 client=3,22,109,24 visible=0,0,112,27
[JuiceGeom] changed hwnd=0x10048 flags=10 ptr=0x10010f620 window=0,0,112,27 client=3,22,109,24 visible=0,0,112,27 surface=0x0 shown=0
[JuiceDriver] create-enter hwnd=0x10048
[JuiceDriver] create-success hwnd=0x10048
[JuiceStage] init_syscall_frame entered; entry=0x2d6ab5380 arg=0xa52460 teb=0x7ffec000 data=0x100330000 frame=0x10043fb00 stack_base=0xf00000 stack_limit=0xe08000
[JuiceStage] calling signal_set_full_context; ctx=0xeffc70 target_pc=0x2d79b92a0 target_sp=0xf00000 target_x18=0x7ffec000 LdrInitializeThunk=0x2d79b92c0 RtlUserThreadStart=0x2d79b92a0
[JuiceStage] signal_set_full_context returned; status=00000000 frame_pc=0x2d79b92a0 frame_sp=0xf00000 frame_x18=0x7ffec000 restore=00400007
[JuiceStage] init_syscall_frame complete; dispatcher_pc=0x2d79b92c0 user_sp=0xeffc70 x16=0x2d79b92c0 x17=0xeffc70 x18=0x7ffec000 restore=00400007
[JuiceGeom] surface hwnd=0x10020 rect=0,0,1024,768 size=1024x768 previous=0x101115300
[JuiceRect] input hwnd=0x10020 dpi=96/1 raw=96/1 win=0,0,1024,768 client=0,0,1024,768 visible=0,0,1024,768
[JuiceRect] mapped hwnd=0x10020 win=0,0,1024,768 client=0,0,1024,768 visible=0,0,1024,768
[JuiceGeom] changed hwnd=0x10020 flags=8000181b ptr=0x10010f750 window=0,0,1024,768 client=0,0,1024,768 visible=0,0,1024,768 surface=0x101115300 shown=1
[JuiceX18] broad #1 pc=0x1045196c0 fault=0x378 instr=f901be41 x8=0x2d727c084 x16=0x1fb288050 x17=0x10010e106 x18=0x0 teb=0x7fff8000
[JuiceHybrid] open name=/private/var/containers/Bundle/Application/124F0A70-2EFF-40C7-B2F9-D71B571C9E11/Juice.app/Grape-X64/build/wine-ios/dlls/wineios.drv/i386-windows/wineios.drv machine=0000 status=c0000135
[JuiceHybrid] open name=/private/var/containers/Bundle/Application/124F0A70-2EFF-40C7-B2F9-D71B571C9E11/Juice.app/Grape-X64/build/wine-ios/programs/wineios.drv/i386-windows/wineios.drv machine=0000 status=c0000135
[JuiceHybrid] open name=/private/var/containers/Bundle/Application/124F0A70-2EFF-40C7-B2F9-D71B571C9E11/Juice.app/Grape-X64/runtime/lib/wine/i386-windows/wineios.drv machine=0000 status=00000000
[JuiceWine] host-page expanding executable section .text: section=0x791d1000 mapping=0x791d0000 size=16384
[JuiceWine] anonymous PE executable section .text at 0x791d0000 size=16384
[JuiceHybrid] map name=/private/var/containers/Bundle/Application/124F0A70-2EFF-40C7-B2F9-D71B571C9E11/Juice.app/Grape-X64/runtime/lib/wine/i386-windows/wineios.drv status=00000000 module=0x791d0000 size=d000
[JuiceInput] display socket disabled: JUICE_IOS_SOCKET is unset
[JuiceDriver] ios init set driver create=0x80838e78 client_surface=0x808399fc size=1216
[JuiceDriver] install prev=0x80c3d3a8 lazy=0x80c3d3a8 null=0x80c69f10 candidate=0x10c80b600 create=0x80838e78 installed=1
[JuiceHybrid] open name=/private/var/containers/Bundle/Application/124F0A70-2EFF-40C7-B2F9-D71B571C9E11/Juice.app/Grape-X64/build/wine-ios/dlls/uxtheme/i386-windows/uxtheme.dll machine=0000 status=c0000135
[JuiceHybrid] open name=/private/var/containers/Bundle/Application/124F0A70-2EFF-40C7-B2F9-D71B571C9E11/Juice.app/Grape-X64/build/wine-ios/programs/uxtheme.dll/i386-windows/uxtheme.dll machine=0000 status=c0000135
[JuiceHybrid] open name=/private/var/containers/Bundle/Application/124F0A70-2EFF-40C7-B2F9-D71B571C9E11/Juice.app/Grape-X64/runtime/lib/wine/i386-windows/uxtheme.dll machine=0000 status=00000000
[JuiceWine] host-page expanding executable section .text: section=0x79151000 mapping=0x79150000 size=81920
[JuiceWine] anonymous PE executable section .text at 0x79150000 size=81920
[JuiceHybrid] map name=/private/var/containers/Bundle/Application/124F0A70-2EFF-40C7-B2F9-D71B571C9E11/Juice.app/Grape-X64/runtime/lib/wine/i386-windows/uxtheme.dll status=00000000 module=0x79150000 size=6c000
[JuiceStage] native segv #1; signal=10 code=1 pc=0x2ca0cc094 lr=0x2ca0cc094 sp=0x10020f130 x8=0x10000 x16=0x2d727c084 x17=0x10020efe0 x18=0x7fff8000 addr=0x2ca0cc094 esr=0000000082000007 ec=20 teb=0x7fff8000 frame=0x10010fcd0
[JuiceStage] native regs x0=0x0 x1=0x4 x2=0x120a8 x3=0x7fff8000 x4=0x10010ee70 x5=0x10010f2d0 x6=0x10010f2dc x7=0x12fea0 x9=0x2d7818380 x10=0x10000 x11=0xffffffff x12=0x0 x13=0x0 x14=0x0 x15=0x0
[JuiceFEX] execute fault pc=0x2ca0cc094 addr=0x2ca0cc094 state_rip=0x7ae30e1c state_rsp=0x12f848 x8=0x10000 x9=0x2d7818380 x19=0x10020f350 x20=0x10000 x21=0x7b5bd361 x22=0x1 x23=0x31 x24=0x2d7ab2000 x25=0x2cc71fbf0 x26=0x12f860 x27=0x12f854 x28=0x118001140 base=0x2cc620000 entry=0x0/0x0
[JuiceFEX] recovered retired JIT target host=0x2ca0cc094 guest=0x7ae30e1c checkpoint_rsp=0x12f848 dispatcher=0x2d7240034
[JuiceCreate] ex=00000000 class=0x10020ee60 version=0x0 name=0x10020ee40 style=00ca0000 x=-2147483648 y=0 cx=400 cy=129 parent=0x0 menu=0x0 classinst=0x400000 params=0x0 flags=00000000 inst=0x400000 classptr=0x6e7d94 ansi=0
[JuiceMonitor] callee hwnd=0x0 hmon=0x1 info=0x10010fa00 monitor=0,0,1024,768 work=0,0,1024,768 flags=00000001
[JuiceMonitor] caller hwnd=0x0 monitor=0,0,1024,768 work=0,0,1024,768 flags=00000001
[JuiceMonitor] callee hwnd=0x10052 hmon=0x1 info=0x10010f720 monitor=0,0,1024,768 work=0,0,1024,768 flags=00000001
[JuiceMinMax] hwnd=0x10052 min=112,27 maxtrack=1036,780 max=1030,774 pos=-3,-3
[JuiceRect] input hwnd=0x10052 dpi=0/0 raw=96/1 win=0,0,400,129 client=0,0,400,129 visible=0,0,400,129
[JuiceRect] mapped hwnd=0x10052 win=0,0,400,129 client=0,0,400,129 visible=0,0,400,129
[JuiceGeom] changed hwnd=0x10052 flags=3c ptr=0x10010f620 window=0,0,400,129 client=0,0,400,129 visible=0,0,400,129 surface=0x80c4c4f0 shown=0
[JuiceCreate] ex=00000000 class=0x10010f590 version=0x0 name=0x10010f580 style=8c000000 x=0 y=0 cx=1 cy=1 parent=0x0 menu=0x0 classinst=0x0 params=0x0 flags=00000000 inst=0x0 classptr=0x0 ansi=0
[JuiceRect] input hwnd=0x1005a dpi=0/0 raw=96/1 win=0,0,1,1 client=0,0,1,1 visible=0,0,1,1
[JuiceRect] mapped hwnd=0x1005a win=0,0,1,1 client=0,0,1,1 visible=0,0,1,1
[JuiceGeom] changed hwnd=0x1005a flags=3c ptr=0x10010eed0 window=0,0,1,1 client=0,0,1,1 visible=0,0,1,1 surface=0x80c4c4f0 shown=0
[JuiceRect] input hwnd=0x1005a dpi=0/0 raw=96/1 win=0,0,1,1 client=0,0,1,1 visible=0,0,1,1
[JuiceRect] mapped hwnd=0x1005a win=0,0,1,1 client=0,0,1,1 visible=0,0,1,1
[JuiceGeom] changed hwnd=0x1005a flags=18 ptr=0x10010eed0 window=0,0,1,1 client=0,0,1,1 visible=0,0,1,1 surface=0x80c4c4f0 shown=0
[JuiceDriver] create-enter hwnd=0x1005a
[JuiceDriver] create-success hwnd=0x1005a
[JuiceRect] input hwnd=0x10052 dpi=0/0 raw=96/1 win=0,0,400,129 client=3,22,397,126 visible=0,0,400,129
[JuiceRect] mapped hwnd=0x10052 win=0,0,400,129 client=3,22,397,126 visible=0,0,400,129
[JuiceGeom] changed hwnd=0x10052 flags=18 ptr=0x10010f620 window=0,0,400,129 client=3,22,397,126 visible=0,0,400,129 surface=0x80c4c4f0 shown=0
[JuiceDriver] create-enter hwnd=0x10052
[JuiceDriver] create-success hwnd=0x10052
[JuiceCreate] ex=00000020 class=0x10020ee60 version=0x0 name=0x10020ee40 style=50000000 x=15 y=15 cx=365 cy=25 parent=0x10052 menu=0x0 classinst=0x400000 params=0x0 flags=00000000 inst=0x400000 classptr=0x6e7e74 ansi=0
[JuiceRect] input hwnd=0x1005c dpi=0/0 raw=96/1 win=15,15,380,40 client=15,15,380,40 visible=15,15,380,40
[JuiceRect] mapped hwnd=0x1005c win=15,15,380,40 client=15,15,380,40 visible=15,15,380,40
[JuiceGeom] changed hwnd=0x1005c flags=14 ptr=0x10010f620 window=15,15,380,40 client=15,15,380,40 visible=15,15,380,40 surface=0x0 shown=0
[JuiceRect] input hwnd=0x1005c dpi=0/0 raw=96/1 win=15,15,380,40 client=15,15,380,40 visible=15,15,380,40
[JuiceRect] mapped hwnd=0x1005c win=15,15,380,40 client=15,15,380,40 visible=15,15,380,40
[JuiceGeom] changed hwnd=0x1005c flags=10 ptr=0x10010f620 window=15,15,380,40 client=15,15,380,40 visible=15,15,380,40 surface=0x0 shown=0
[JuiceDriver] create-enter hwnd=0x1005c
[JuiceDriver] create-success hwnd=0x1005c
[JuiceRect] input hwnd=0x1005c dpi=0/0 raw=96/1 win=15,15,380,40 client=15,15,380,40 visible=15,15,380,40
[JuiceRect] mapped hwnd=0x1005c win=15,15,380,40 client=15,15,380,40 visible=15,15,380,40
[JuiceGeom] changed hwnd=0x1005c flags=181f ptr=0x10010f3f0 window=15,15,380,40 client=15,15,380,40 visible=15,15,380,40 surface=0x0 shown=0
[JuiceRect] input hwnd=0x10052 dpi=0/0 raw=96/1 win=0,0,400,129 client=3,22,397,126 visible=0,0,400,129
[JuiceRect] mapped hwnd=0x10052 win=0,0,400,129 client=3,22,397,126 visible=0,0,400,129
[JuiceGeom] changed hwnd=0x10052 flags=181f ptr=0x10010f590 window=0,0,400,129 client=3,22,397,126 visible=0,0,400,129 surface=0x80c4c4f0 shown=0
[JuiceCreate] ex=00000000 class=0x10020ee60 version=0x0 name=0x10020ee40 style=50000000 x=305 y=64 cx=75 cy=25 parent=0x10052 menu=0x0 classinst=0x400000 params=0x0 flags=00000000 inst=0x400000 classptr=0x6e7e84 ansi=0
[JuiceRect] input hwnd=0x1005e dpi=0/0 raw=96/1 win=305,64,380,89 client=305,64,380,89 visible=305,64,380,89
[JuiceRect] mapped hwnd=0x1005e win=305,64,380,89 client=305,64,380,89 visible=305,64,380,89
[JuiceGeom] changed hwnd=0x1005e flags=14 ptr=0x10010f620 window=305,64,380,89 client=305,64,380,89 visible=305,64,380,89 surface=0x0 shown=0
[JuiceRect] input hwnd=0x1005e dpi=0/0 raw=96/1 win=305,64,380,89 client=305,64,380,89 visible=305,64,380,89
[JuiceRect] mapped hwnd=0x1005e win=305,64,380,89 client=305,64,380,89 visible=305,64,380,89
[JuiceGeom] changed hwnd=0x1005e flags=10 ptr=0x10010f620 window=305,64,380,89 client=305,64,380,89 visible=305,64,380,89 surface=0x0 shown=0
[JuiceDriver] create-enter hwnd=0x1005e
[JuiceDriver] create-success hwnd=0x1005e
[JuiceRect] input hwnd=0x1005e dpi=0/0 raw=96/1 win=305,64,380,89 client=305,64,380,89 visible=305,64,380,89
[JuiceRect] mapped hwnd=0x1005e win=305,64,380,89 client=305,64,380,89 visible=305,64,380,89
[JuiceGeom] changed hwnd=0x1005e flags=181f ptr=0x10010f3f0 window=305,64,380,89 client=305,64,380,89 visible=305,64,380,89 surface=0x0 shown=0
[JuiceRect] input hwnd=0x10052 dpi=0/0 raw=96/1 win=0,0,400,129 client=3,22,397,126 visible=0,0,400,129
[JuiceRect] mapped hwnd=0x10052 win=0,0,400,129 client=3,22,397,126 visible=0,0,400,129
[JuiceGeom] changed hwnd=0x10052 flags=181f ptr=0x10010f590 window=0,0,400,129 client=3,22,397,126 visible=0,0,400,129 surface=0x80c4c4f0 shown=0
[JuiceCreate] ex=00000000 class=0x10020ee60 version=0x0 name=0x10020ee40 style=50000000 x=15 y=40 cx=365 cy=14 parent=0x10052 menu=0x0 classinst=0x400000 params=0x0 flags=00000000 inst=0x400000 classptr=0x6e7e94 ansi=0
[JuiceRect] input hwnd=0x10060 dpi=0/0 raw=96/1 win=15,40,380,54 client=15,40,380,54 visible=15,40,380,54
[JuiceRect] mapped hwnd=0x10060 win=15,40,380,54 client=15,40,380,54 visible=15,40,380,54
[JuiceGeom] changed hwnd=0x10060 flags=14 ptr=0x10010f620 window=15,40,380,54 client=15,40,380,54 visible=15,40,380,54 surface=0x0 shown=0
[JuiceRect] input hwnd=0x10060 dpi=0/0 raw=96/1 win=15,40,380,54 client=15,40,380,54 visible=15,40,380,54
[JuiceRect] mapped hwnd=0x10060 win=15,40,380,54 client=15,40,380,54 visible=15,40,380,54
[JuiceGeom] changed hwnd=0x10060 flags=10 ptr=0x10010f620 window=15,40,380,54 client=15,40,380,54 visible=15,40,380,54 surface=0x0 shown=0
[JuiceRect] input hwnd=0x10060 dpi=0/0 raw=96/1 win=15,40,380,54 client=16,41,379,53 visible=15,40,380,54
[JuiceRect] mapped hwnd=0x10060 win=15,40,380,54 client=16,41,379,53 visible=15,40,380,54
[JuiceGeom] changed hwnd=0x10060 flags=3f ptr=0x10010e830 window=15,40,380,54 client=16,41,379,53 visible=15,40,380,54 surface=0x0 shown=0
[JuiceDriver] create-enter hwnd=0x10060
[JuiceDriver] create-success hwnd=0x10060
[JuiceRect] input hwnd=0x10060 dpi=0/0 raw=96/1 win=15,40,380,54 client=16,41,379,53 visible=15,40,380,54
[JuiceRect] mapped hwnd=0x10060 win=15,40,380,54 client=16,41,379,53 visible=15,40,380,54
[JuiceGeom] changed hwnd=0x10060 flags=181f ptr=0x10010f3f0 window=15,40,380,54 client=16,41,379,53 visible=15,40,380,54 surface=0x0 shown=0
[JuiceRect] input hwnd=0x10052 dpi=0/0 raw=96/1 win=0,0,400,129 client=3,22,397,126 visible=0,0,400,129
[JuiceRect] mapped hwnd=0x10052 win=0,0,400,129 client=3,22,397,126 visible=0,0,400,129
[JuiceGeom] changed hwnd=0x10052 flags=181f ptr=0x10010f590 window=0,0,400,129 client=3,22,397,126 visible=0,0,400,129 surface=0x80c4c4f0 shown=0
[JuiceCreate] ex=00000020 class=0x10020ee60 version=0x0 name=0x10020ee40 style=50000000 x=15 y=64 cx=270 cy=25 parent=0x10052 menu=0x0 classinst=0x400000 params=0x0 flags=00000000 inst=0x400000 classptr=0x6e7e74 ansi=0
[JuiceRect] input hwnd=0x10062 dpi=0/0 raw=96/1 win=15,64,285,89 client=15,64,285,89 visible=15,64,285,89
[JuiceRect] mapped hwnd=0x10062 win=15,64,285,89 client=15,64,285,89 visible=15,64,285,89
[JuiceGeom] changed hwnd=0x10062 flags=14 ptr=0x10010f620 window=15,64,285,89 client=15,64,285,89 visible=15,64,285,89 surface=0x0 shown=0
[JuiceRect] input hwnd=0x10062 dpi=0/0 raw=96/1 win=15,64,285,89 client=15,64,285,89 visible=15,64,285,89
[JuiceRect] mapped hwnd=0x10062 win=15,64,285,89 client=15,64,285,89 visible=15,64,285,89
[JuiceGeom] changed hwnd=0x10062 flags=10 ptr=0x10010f620 window=15,64,285,89 client=15,64,285,89 visible=15,64,285,89 surface=0x0 shown=0
[JuiceDriver] create-enter hwnd=0x10062
[JuiceDriver] create-success hwnd=0x10062
[JuiceRect] input hwnd=0x10062 dpi=0/0 raw=96/1 win=15,64,285,89 client=15,64,285,89 visible=15,64,285,89
[JuiceRect] mapped hwnd=0x10062 win=15,64,285,89 client=15,64,285,89 visible=15,64,285,89
[JuiceGeom] changed hwnd=0x10062 flags=181f ptr=0x10010f3f0 window=15,64,285,89 client=15,64,285,89 visible=15,64,285,89 surface=0x0 shown=0
[JuiceRect] input hwnd=0x10052 dpi=0/0 raw=96/1 win=0,0,400,129 client=3,22,397,126 visible=0,0,400,129
[JuiceRect] mapped hwnd=0x10052 win=0,0,400,129 client=3,22,397,126 visible=0,0,400,129
[JuiceGeom] changed hwnd=0x10052 flags=181f ptr=0x10010f590 window=0,0,400,129 client=3,22,397,126 visible=0,0,400,129 surface=0x80c4c4f0 shown=0
[JuiceStage] init_syscall_frame entered; entry=0x53cee0 arg=0xf44928 teb=0x7fff4000 data=0x100240000 frame=0x10034fb00 stack_base=0x10044fd20 stack_limit=0x100358000
[JuiceStage] calling signal_set_full_context; ctx=0x10044f990 target_pc=0x2d79b92a0 target_sp=0x10044fd20 target_x18=0x7fff4000 LdrInitializeThunk=0x2d79b92c0 RtlUserThreadStart=0x2d79b92a0
[JuiceStage] signal_set_full_context returned; status=00000000 frame_pc=0x2d79b92a0 frame_sp=0x10044fd20 frame_x18=0x7fff4000 restore=00400007
[JuiceStage] init_syscall_frame complete; dispatcher_pc=0x2d79b92c0 user_sp=0x10044f990 x16=0x2d79b92c0 x17=0x10044f990 x18=0x7fff4000 restore=00400007
[JuiceWine] redirected KUSER_SHARED_DATA fault addr=0x7ffe0320 pc=0x2c8a64028 to 0x17ffe0000
[JuiceHybrid] open name=/private/var/containers/Bundle/Application/124F0A70-2EFF-40C7-B2F9-D71B571C9E11/Juice.app/Grape-X64/build/wine-ios/dlls/winhttp/i386-windows/winhttp.dll machine=0000 status=c0000135
[JuiceHybrid] open name=/private/var/containers/Bundle/Application/124F0A70-2EFF-40C7-B2F9-D71B571C9E11/Juice.app/Grape-X64/build/wine-ios/programs/winhttp.dll/i386-windows/winhttp.dll machine=0000 status=c0000135
[JuiceHybrid] open name=/private/var/containers/Bundle/Application/124F0A70-2EFF-40C7-B2F9-D71B571C9E11/Juice.app/Grape-X64/runtime/lib/wine/i386-windows/winhttp.dll machine=0000 status=00000000
[JuiceWine] host-page expanding executable section .text: section=0x7fe91000 mapping=0x7fe90000 size=131072
[JuiceWine] anonymous PE executable section .text at 0x7fe90000 size=131072
[JuiceHybrid] map name=/private/var/containers/Bundle/Application/124F0A70-2EFF-40C7-B2F9-D71B571C9E11/Juice.app/Grape-X64/runtime/lib/wine/i386-windows/winhttp.dll status=40000003 module=0x7fe90000 size=d2000
[JuiceHybrid] open name=/private/var/containers/Bundle/Application/124F0A70-2EFF-40C7-B2F9-D71B571C9E11/Juice.app/Grape-X64/build/wine-ios/dlls/jsproxy/i386-windows/jsproxy.dll machine=0000 status=c0000135
[JuiceHybrid] open name=/private/var/containers/Bundle/Application/124F0A70-2EFF-40C7-B2F9-D71B571C9E11/Juice.app/Grape-X64/build/wine-ios/programs/jsproxy.dll/i386-windows/jsproxy.dll machine=0000 status=c0000135
[JuiceHybrid] open name=/private/var/containers/Bundle/Application/124F0A70-2EFF-40C7-B2F9-D71B571C9E11/Juice.app/Grape-X64/runtime/lib/wine/i386-windows/jsproxy.dll machine=0000 status=00000000
[JuiceWine] host-page expanding executable section .text: section=0x79081000 mapping=0x79080000 size=16384
[JuiceWine] anonymous PE executable section .text at 0x79080000 size=16384
[JuiceHybrid] map name=/private/var/containers/Bundle/Application/124F0A70-2EFF-40C7-B2F9-D71B571C9E11/Juice.app/Grape-X64/runtime/lib/wine/i386-windows/jsproxy.dll status=00000000 module=0x79080000 size=42000
[JuiceStage] init_syscall_frame entered; entry=0x53cee0 arg=0xf44b88 teb=0x7fff0000 data=0x100460000 frame=0x10056fb00 stack_base=0x10066fd20 stack_limit=0x100578000
[JuiceStage] calling signal_set_full_context; ctx=0x10066f990 target_pc=0x2d79b92a0 target_sp=0x10066fd20 target_x18=0x7fff0000 LdrInitializeThunk=0x2d79b92c0 RtlUserThreadStart=0x2d79b92a0
[JuiceStage] signal_set_full_context returned; status=00000000 frame_pc=0x2d79b92a0 frame_sp=0x10066fd20 frame_x18=0x7fff0000 restore=00400007
[JuiceStage] init_syscall_frame complete; dispatcher_pc=0x2d79b92c0 user_sp=0x10066f990 x16=0x2d79b92c0 x17=0x10066f990 x18=0x7fff0000 restore=00400007
[JuiceWine] redirected KUSER_SHARED_DATA fault addr=0x7ffe0320 pc=0x2ab434028 to 0x17ffe0000
[JuiceStage] init_syscall_frame entered; entry=0x7bdea470 arg=0xf53598 teb=0x7ffec000 data=0x100680000 frame=0x10078fb00 stack_base=0x10088fd20 stack_limit=0x100798000
[JuiceStage] calling signal_set_full_context; ctx=0x10088f990 target_pc=0x2d79b92a0 target_sp=0x10088fd20 target_x18=0x7ffec000 LdrInitializeThunk=0x2d79b92c0 RtlUserThreadStart=0x2d79b92a0
[JuiceStage] signal_set_full_context returned; status=00000000 frame_pc=0x2d79b92a0 frame_sp=0x10088fd20 frame_x18=0x7ffec000 restore=00400007
[JuiceStage] init_syscall_frame complete; dispatcher_pc=0x2d79b92c0 user_sp=0x10088f990 x16=0x2d79b92c0 x17=0x10088f990 x18=0x7ffec000 restore=00400007
[JuiceWine] redirected KUSER_SHARED_DATA fault addr=0x7ffe0320 pc=0x2ab434028 to 0x17ffe0000
[JuiceWine] redirected KUSER_SHARED_DATA fault addr=0x7ffe0320 pc=0x2ab434028 to 0x17ffe0000
[JuiceWine] redirected KUSER_SHARED_DATA fault addr=0x7ffe0320 pc=0x2ab434028 to 0x17ffe0000
[JuiceGeom] surface hwnd=0x10052 rect=0,0,512,256 size=512x256 previous=0x80c4c4f0
[JuiceRect] input hwnd=0x10052 dpi=0/0 raw=96/1 win=312,319,712,448 client=315,341,709,445 visible=312,319,712,448
[JuiceRect] mapped hwnd=0x10052 win=312,319,712,448 client=315,341,709,445 visible=312,319,712,448
[JuiceGeom] changed hwnd=0x10052 flags=4965 ptr=0x10010f820 window=312,319,712,448 client=315,341,709,445 visible=312,319,712,448 surface=0x10bd56130 shown=1
[JuiceCreate] ex=00000000 class=0x10020cbc0 version=0x0 name=0x10020cba0 style=00000000 x=0 y=0 cx=0 cy=0 parent=0xfffffffffffffffd menu=0x0 classinst=0x79ec0000 params=0x0 flags=00000000 inst=0x79ec0000 classptr=0x79ee7598 ansi=0
[JuiceMonitor] callee hwnd=0x10064 hmon=0x1 info=0x10010d8e0 monitor=0,0,1024,768 work=0,0,1024,768 flags=00000001
[JuiceMinMax] hwnd=0x10064 min=112,27 maxtrack=1036,780 max=106,106 pos=-3,-3
[JuiceRect] input hwnd=0x10064 dpi=0/0 raw=96/1 win=0,0,112,27 client=0,0,112,27 visible=0,0,112,27
[JuiceRect] mapped hwnd=0x10064 win=0,0,112,27 client=0,0,112,27 visible=0,0,112,27
[JuiceGeom] changed hwnd=0x10064 flags=14 ptr=0x10010d7e0 window=0,0,112,27 client=0,0,112,27 visible=0,0,112,27 surface=0x0 shown=0
[JuiceRect] input hwnd=0x10064 dpi=0/0 raw=96/1 win=0,0,112,27 client=3,22,109,24 visible=0,0,112,27
[JuiceRect] mapped hwnd=0x10064 win=0,0,112,27 client=3,22,109,24 visible=0,0,112,27
[JuiceGeom] changed hwnd=0x10064 flags=10 ptr=0x10010d7e0 window=0,0,112,27 client=3,22,109,24 visible=0,0,112,27 surface=0x0 shown=0
[JuiceDriver] create-enter hwnd=0x10064
[JuiceDriver] create-success hwnd=0x10064
[JuiceCreate] ex=00000080 class=0x10020b860 version=0x0 name=0x10020b840 style=80000000 x=0 y=0 cx=1 cy=1 parent=0x1005a menu=0x0 classinst=0x791f0000 params=0x0 flags=00000000 inst=0x791f0000 classptr=0xfa5bb8 ansi=0
[JuiceRect] input hwnd=0x1006a dpi=0/0 raw=96/1 win=0,0,1,1 client=0,0,1,1 visible=0,0,1,1
[JuiceRect] mapped hwnd=0x1006a win=0,0,1,1 client=0,0,1,1 visible=0,0,1,1
[JuiceGeom] changed hwnd=0x1006a flags=3c ptr=0x10010cab0 window=0,0,1,1 client=0,0,1,1 visible=0,0,1,1 surface=0x80c4c4f0 shown=0
[JuiceRect] input hwnd=0x1006a dpi=0/0 raw=96/1 win=0,0,1,1 client=0,0,1,1 visible=0,0,1,1
[JuiceRect] mapped hwnd=0x1006a win=0,0,1,1 client=0,0,1,1 visible=0,0,1,1
[JuiceGeom] changed hwnd=0x1006a flags=18 ptr=0x10010cab0 window=0,0,1,1 client=0,0,1,1 visible=0,0,1,1 surface=0x80c4c4f0 shown=0
[JuiceDriver] create-enter hwnd=0x1006a
[JuiceDriver] create-success hwnd=0x1006a
[JuiceRect] input hwnd=0x1006a dpi=0/0 raw=96/1 win=0,0,1,1 client=0,0,1,1 visible=0,0,1,1
[JuiceRect] mapped hwnd=0x1006a win=0,0,1,1 client=0,0,1,1 visible=0,0,1,1
[JuiceGeom] changed hwnd=0x1006a flags=181b ptr=0x10010ccb0 window=0,0,1,1 client=0,0,1,1 visible=0,0,1,1 surface=0x80c4c4f0 shown=0
[JuiceMonitor] callee hwnd=0x10052 hmon=0x1 info=0x10010f630 monitor=0,0,1024,768 work=0,0,1024,768 flags=00000001
[JuiceHybrid] open name=/private/var/containers/Bundle/Application/124F0A70-2EFF-40C7-B2F9-D71B571C9E11/Juice.app/Grape-X64/build/wine-ios/dlls/rsaenh/i386-windows/rsaenh.dll machine=0000 status=c0000135
[JuiceHybrid] open name=/private/var/containers/Bundle/Application/124F0A70-2EFF-40C7-B2F9-D71B571C9E11/Juice.app/Grape-X64/build/wine-ios/programs/rsaenh.dll/i386-windows/rsaenh.dll machine=0000 status=c0000135
[JuiceHybrid] open name=/private/var/containers/Bundle/Application/124F0A70-2EFF-40C7-B2F9-D71B571C9E11/Juice.app/Grape-X64/runtime/lib/wine/i386-windows/rsaenh.dll machine=0000 status=00000000
[JuiceWine] host-page expanding executable section .text: section=0x78f71000 mapping=0x78f70000 size=229376
[JuiceWine] anonymous PE executable section .text at 0x78f70000 size=229376
[JuiceHybrid] map name=/private/var/containers/Bundle/Application/124F0A70-2EFF-40C7-B2F9-D71B571C9E11/Juice.app/Grape-X64/runtime/lib/wine/i386-windows/rsaenh.dll status=00000000 module=0x78f70000 size=fe000
[JuiceWine] redirected KUSER_SHARED_DATA fault addr=0x7ffe03d8 pc=0x2ad148044 to 0x17ffe0000
[JuiceWine] redirected KUSER_SHARED_DATA fault addr=0x7ffe03dc pc=0x2ad148060 to 0x17ffe0000
[JuiceHybrid] open name=/private/var/containers/Bundle/Application/124F0A70-2EFF-40C7-B2F9-D71B571C9E11/Juice.app/Grape-X64/build/wine-ios/dlls/rsaenh/i386-windows/rsaenh.dll machine=0000 status=c0000135
[JuiceHybrid] open name=/private/var/containers/Bundle/Application/124F0A70-2EFF-40C7-B2F9-D71B571C9E11/Juice.app/Grape-X64/build/wine-ios/programs/rsaenh.dll/i386-windows/rsaenh.dll machine=0000 status=c0000135
[JuiceHybrid] open name=/private/var/containers/Bundle/Application/124F0A70-2EFF-40C7-B2F9-D71B571C9E11/Juice.app/Grape-X64/runtime/lib/wine/i386-windows/rsaenh.dll machine=0000 status=00000000
[JuiceWine] host-page expanding executable section .text: section=0x7fd91000 mapping=0x7fd90000 size=229376
[JuiceWine] anonymous PE executable section .text at 0x7fd90000 size=229376
[JuiceHybrid] map name=/private/var/containers/Bundle/Application/124F0A70-2EFF-40C7-B2F9-D71B571C9E11/Juice.app/Grape-X64/runtime/lib/wine/i386-windows/rsaenh.dll status=40000003 module=0x7fd90000 size=fe000
[JuiceWine] redirected KUSER_SHARED_DATA fault addr=0x7ffe03d8 pc=0x2ad148044 to 0x17ffe0000
[JuiceWine] redirected KUSER_SHARED_DATA fault addr=0x7ffe03dc pc=0x2ad148060 to 0x17ffe0000
[JuiceHybrid] open name=/private/var/containers/Bundle/Application/124F0A70-2EFF-40C7-B2F9-D71B571C9E11/Juice.app/Grape-X64/build/wine-ios/dlls/cryptnet/i386-windows/cryptnet.dll machine=0000 status=c0000135
[JuiceHybrid] open name=/private/var/containers/Bundle/Application/124F0A70-2EFF-40C7-B2F9-D71B571C9E11/Juice.app/Grape-X64/build/wine-ios/programs/cryptnet.dll/i386-windows/cryptnet.dll machine=0000 status=c0000135
[JuiceHybrid] open name=/private/var/containers/Bundle/Application/124F0A70-2EFF-40C7-B2F9-D71B571C9E11/Juice.app/Grape-X64/runtime/lib/wine/i386-windows/cryptnet.dll machine=0000 status=00000000
[JuiceWine] host-page expanding executable section .text: section=0x78f31000 mapping=0x78f30000 size=32768
[JuiceWine] anonymous PE executable section .text at 0x78f30000 size=32768
[JuiceHybrid] map name=/private/var/containers/Bundle/Application/124F0A70-2EFF-40C7-B2F9-D71B571C9E11/Juice.app/Grape-X64/runtime/lib/wine/i386-windows/cryptnet.dll status=00000000 module=0x78f30000 size=2c000
[JuiceHybrid] open name=/private/var/containers/Bundle/Application/124F0A70-2EFF-40C7-B2F9-D71B571C9E11/Juice.app/Grape-X64/build/wine-ios/dlls/cryptnet/i386-windows/cryptnet.dll machine=0000 status=c0000135
[JuiceHybrid] open name=/private/var/containers/Bundle/Application/124F0A70-2EFF-40C7-B2F9-D71B571C9E11/Juice.app/Grape-X64/build/wine-ios/programs/cryptnet.dll/i386-windows/cryptnet.dll machine=0000 status=c0000135
[JuiceHybrid] open name=/private/var/containers/Bundle/Application/124F0A70-2EFF-40C7-B2F9-D71B571C9E11/Juice.app/Grape-X64/runtime/lib/wine/i386-windows/cryptnet.dll machine=0000 status=00000000
[JuiceWine] host-page expanding executable section .text: section=0x7fd61000 mapping=0x7fd60000 size=32768
[JuiceWine] anonymous PE executable section .text at 0x7fd60000 size=32768
[JuiceHybrid] map name=/private/var/containers/Bundle/Application/124F0A70-2EFF-40C7-B2F9-D71B571C9E11/Juice.app/Grape-X64/runtime/lib/wine/i386-windows/cryptnet.dll status=40000003 module=0x7fd60000 size=2c000
[JuiceHybrid] open name=/private/var/containers/Bundle/Application/124F0A70-2EFF-40C7-B2F9-D71B571C9E11/Juice.app/Grape-X64/build/wine-ios/dlls/cryptnet/i386-windows/cryptnet.dll machine=0000 status=c0000135
[JuiceHybrid] open name=/private/var/containers/Bundle/Application/124F0A70-2EFF-40C7-B2F9-D71B571C9E11/Juice.app/Grape-X64/build/wine-ios/programs/cryptnet.dll/i386-windows/cryptnet.dll machine=0000 status=c0000135
[JuiceHybrid] open name=/private/var/containers/Bundle/Application/124F0A70-2EFF-40C7-B2F9-D71B571C9E11/Juice.app/Grape-X64/runtime/lib/wine/i386-windows/cryptnet.dll machine=0000 status=00000000
[JuiceVM] preserved live native mapping candidate=0x7fd60000-0x7fd8c000 cursor=0x7fd68000 region=0x7fd8c000-0x7fd90000 prot=0 status=0
[JuiceWine] host-page expanding executable section .text: section=0xfffc1000 mapping=0xfffc0000 size=32768
[JuiceWine] anonymous PE executable section .text at 0xfffc0000 size=32768
[JuiceHybrid] map name=/private/var/containers/Bundle/Application/124F0A70-2EFF-40C7-B2F9-D71B571C9E11/Juice.app/Grape-X64/runtime/lib/wine/i386-windows/cryptnet.dll status=40000003 module=0xfffc0000 size=2c000
[JuiceWine] redirected KUSER_SHARED_DATA fault addr=0x7ffe0324 pc=0x2ae278028 to 0x17ffe0000
[JuiceWine] redirected KUSER_SHARED_DATA fault addr=0x7ffe0320 pc=0x2ae278048 to 0x17ffe0000
[JuiceWine] redirected KUSER_SHARED_DATA fault addr=0x7ffe0328 pc=0x2ae278068 to 0x17ffe0000
[JuiceWine] redirected KUSER_SHARED_DATA fault addr=0x7ffe0324 pc=0x2ae278028 to 0x17ffe0000
[JuiceWine] redirected KUSER_SHARED_DATA fault addr=0x7ffe0320 pc=0x2ae278048 to 0x17ffe0000
[JuiceWine] redirected KUSER_SHARED_DATA fault addr=0x7ffe0328 pc=0x2ae278068 to 0x17ffe0000
[JuiceStage] init_syscall_frame entered; entry=0x53cee0 arg=0xfa16f0 teb=0x7ffe8000 data=0x1008a0000 frame=0x1009afb00 stack_base=0x100aafd20 stack_limit=0x1009b8000
[JuiceStage] calling signal_set_full_context; ctx=0x100aaf990 target_pc=0x2d79b92a0 target_sp=0x100aafd20 target_x18=0x7ffe8000 LdrInitializeThunk=0x2d79b92c0 RtlUserThreadStart=0x2d79b92a0
[JuiceStage] signal_set_full_context returned; status=00000000 frame_pc=0x2d79b92a0 frame_sp=0x100aafd20 frame_x18=0x7ffe8000 restore=00400007
[JuiceStage] init_syscall_frame complete; dispatcher_pc=0x2d79b92c0 user_sp=0x100aaf990 x16=0x2d79b92c0 x17=0x100aaf990 x18=0x7ffe8000 restore=00400007
[JuiceStage] init_syscall_frame entered; entry=0x53cee0 arg=0xfa1710 teb=0x7ffe4000 data=0x100ac0000 frame=0x100bcfb00 stack_base=0x100ccfd20 stack_limit=0x100bd8000
[JuiceStage] calling signal_set_full_context; ctx=0x100ccf990 target_pc=0x2d79b92a0 target_sp=0x100ccfd20 target_x18=0x7ffe4000 LdrInitializeThunk=0x2d79b92c0 RtlUserThreadStart=0x2d79b92a0
[JuiceStage] signal_set_full_context returned; status=00000000 frame_pc=0x2d79b92a0 frame_sp=0x100ccfd20 frame_x18=0x7ffe4000 restore=00400007
[JuiceStage] init_syscall_frame complete; dispatcher_pc=0x2d79b92c0 user_sp=0x100ccf990 x16=0x2d79b92c0 x17=0x100ccf990 x18=0x7ffe4000 restore=00400007
[JuiceWine parent] child exited with 0
[JuiceWine parent] child exited with 1
